id,dataset,type,group,repetitions,direct_mean_http_ms,one_token_mean_http_ms,json_mean_http_ms,one_token_minus_direct_ms,json_minus_direct_ms,all_conditions_valid
jcola:in_domain_valid:1030,JCoLA,noul,jcola-source:e45f968c75385ee71faa38d90da149ccba6521d731d8d9d40639604d159a8d9b,1,274.7781672514975,285.48754192888737,492.38745868206024,10.70937467738986,217.60929143056273,True
jcola:in_domain_valid:1032,JCoLA,noul,jcola-source:e45f968c75385ee71faa38d90da149ccba6521d731d8d9d40639604d159a8d9b,1,291.88929218798876,285.8772915787995,489.2442496493459,-6.012000609189272,197.35495746135712,True
jcola:in_domain_valid:1070,JCoLA,noul,jcola-source:e45f968c75385ee71faa38d90da149ccba6521d731d8d9d40639604d159a8d9b,1,309.3102499842644,296.7568337917328,566.2874588742852,-12.553416192531586,256.97720889002085,True
jcola:in_domain_valid:1175,JCoLA,noul,jcola-source:e45f968c75385ee71faa38d90da149ccba6521d731d8d9d40639604d159a8d9b,1,327.94320909306407,333.0767909064889,476.0619169101119,5.133581813424826,148.11870781704783,True
jcola:in_domain_valid:1435,JCoLA,noul,jcola-source:e45f968c75385ee71faa38d90da149ccba6521d731d8d9d40639604d159a8d9b,1,283.20212475955486,282.5573752634227,493.74774983152747,-0.6447494961321354,210.5456250719726,True
jcola:in_domain_valid:1460,JCoLA,noul,jcola-source:e45f968c75385ee71faa38d90da149ccba6521d731d8d9d40639604d159a8d9b,1,287.26120898500085,280.3714578039944,502.6708338409662,-6.889751181006432,215.40962485596538,True
jcola:in_domain_valid:1578,JCoLA,noul,jcola-source:e45f968c75385ee71faa38d90da149ccba6521d731d8d9d40639604d159a8d9b,1,256.9512496702373,268.84729182347655,487.5737917609513,11.89604215323925,230.62254209071398,True
jcola:in_domain_valid:1887,JCoLA,noul,jcola-source:e45f968c75385ee71faa38d90da149ccba6521d731d8d9d40639604d159a8d9b,1,200.3873330540955,199.7251668944955,380.81729086115956,-0.6621661596000195,180.42995780706406,True
jcola:in_domain_valid:1931,JCoLA,noul,jcola-source:e45f968c75385ee71faa38d90da149ccba6521d731d8d9d40639604d159a8d9b,1,281.5662920475006,307.8702921047807,547.8234998881817,26.304000057280064,266.2572078406811,True
jcola:in_domain_valid:1985,JCoLA,noul,jcola-source:e45f968c75385ee71faa38d90da149ccba6521d731d8d9d40639604d159a8d9b,1,268.82770797237754,260.73612459003925,486.7888749577105,-8.091583382338285,217.96116698533297,True
jcola:in_domain_valid:20,JCoLA,noul,jcola-source:b88f0588ee915942ae5d6fc8fb598a628c713f7e919068f3a2942bffa988785b,1,274.20704206451774,278.7494999356568,494.47979172691703,4.5424578711390495,220.2727496623993,True
jcola:in_domain_valid:2025,JCoLA,noul,jcola-source:e45f968c75385ee71faa38d90da149ccba6521d731d8d9d40639604d159a8d9b,1,312.86841724067926,283.1857497803867,550.2167078666389,-29.682667460292578,237.34829062595963,True
jcola:in_domain_valid:2227,JCoLA,noul,jcola-source:ed3c8ed3e8d256ce28f826651c12e8326031caf535a4749944e675b6eb4063c5,1,243.454999756068,244.99483406543732,450.5822090432048,1.5398343093693256,207.1272092871368,True
jcola:in_domain_valid:2253,JCoLA,noul,jcola-source:ed3c8ed3e8d256ce28f826651c12e8326031caf535a4749944e675b6eb4063c5,1,321.9279581680894,303.98333398625255,542.9883748292923,-17.944624181836843,221.0604166612029,True
jcola:in_domain_valid:2273,JCoLA,noul,jcola-source:ed3c8ed3e8d256ce28f826651c12e8326031caf535a4749944e675b6eb4063c5,1,252.6028328575194,280.4302079603076,377.97274999320507,27.82737510278821,125.36991713568568,True
jcola:in_domain_valid:2281,JCoLA,noul,jcola-source:ed3c8ed3e8d256ce28f826651c12e8326031caf535a4749944e675b6eb4063c5,1,273.15766690298915,279.87308287993073,493.9824161119759,6.7154159769415855,220.82474920898676,True
jcola:in_domain_valid:2295,JCoLA,noul,jcola-source:ed3c8ed3e8d256ce28f826651c12e8326031caf535a4749944e675b6eb4063c5,1,286.64108319208026,292.34612500295043,512.5687089748681,5.705041810870171,225.9276257827878,True
jcola:in_domain_valid:2353,JCoLA,noul,jcola-source:ed3c8ed3e8d256ce28f826651c12e8326031caf535a4749944e675b6eb4063c5,1,309.7496656700969,295.27308279648423,538.6899998411536,-14.476582873612642,228.94033417105675,True
jcola:in_domain_valid:2356,JCoLA,noul,jcola-source:ed3c8ed3e8d256ce28f826651c12e8326031caf535a4749944e675b6eb4063c5,1,270.2759578824043,282.5900409370661,506.30837492644787,12.31408305466175,236.03241704404354,True
jcola:in_domain_valid:2654,JCoLA,noul,jcola-source:ed3c8ed3e8d256ce28f826651c12e8326031caf535a4749944e675b6eb4063c5,1,275.12095775455236,269.93791712448,406.9387917406857,-5.183040630072355,131.81783398613334,True
jcola:in_domain_valid:2658,JCoLA,noul,jcola-source:ed3c8ed3e8d256ce28f826651c12e8326031caf535a4749944e675b6eb4063c5,1,295.3795832581818,301.85087490826845,525.2543748356402,6.471291650086641,229.87479157745838,True
jcola:in_domain_valid:2739,JCoLA,noul,jcola-source:ed3c8ed3e8d256ce28f826651c12e8326031caf535a4749944e675b6eb4063c5,1,294.6100840345025,291.28495790064335,506.29987521097064,-3.3251261338591576,211.68979117646813,True
jcola:in_domain_valid:2827,JCoLA,noul,jcola-source:ed3c8ed3e8d256ce28f826651c12e8326031caf535a4749944e675b6eb4063c5,1,281.7517500370741,272.0109997317195,504.7382917255163,-9.740750305354595,222.98654168844223,True
jcola:in_domain_valid:2902,JCoLA,noul,jcola-source:ed3c8ed3e8d256ce28f826651c12e8326031caf535a4749944e675b6eb4063c5,1,288.075250107795,282.03954081982374,518.8601249828935,-6.035709287971258,230.78487487509847,True
jcola:in_domain_valid:2992,JCoLA,noul,jcola-source:ed3c8ed3e8d256ce28f826651c12e8326031caf535a4749944e675b6eb4063c5,1,272.6882086135447,277.93524973094463,501.16958329454064,5.247041117399931,228.48137468099594,True
jcola:in_domain_valid:3022,JCoLA,noul,jcola-source:ed3c8ed3e8d256ce28f826651c12e8326031caf535a4749944e675b6eb4063c5,1,279.6864155679941,299.3556670844555,521.5549166314304,19.669251516461372,241.86850106343627,True
jcola:in_domain_valid:3037,JCoLA,noul,jcola-source:ed3c8ed3e8d256ce28f826651c12e8326031caf535a4749944e675b6eb4063c5,1,287.92016580700874,287.4615420587361,502.9668752104044,-0.4586237482726574,215.04670940339565,True
jcola:in_domain_valid:313,JCoLA,noul,jcola-source:e45f968c75385ee71faa38d90da149ccba6521d731d8d9d40639604d159a8d9b,1,283.286583609879,281.6444579511881,490.29687512665987,-1.6421256586909294,207.01029151678085,True
jcola:in_domain_valid:3291,JCoLA,noul,jcola-source:ed3c8ed3e8d256ce28f826651c12e8326031caf535a4749944e675b6eb4063c5,1,275.46154242008924,280.4357917048037,505.2657499909401,4.97424928471446,229.80420757085085,True
jcola:in_domain_valid:3319,JCoLA,noul,jcola-source:ed3c8ed3e8d256ce28f826651c12e8326031caf535a4749944e675b6eb4063c5,1,289.3992909230292,295.65045796334743,512.8342090174556,6.251167040318251,223.4349180944264,True
jcola:in_domain_valid:3426,JCoLA,noul,jcola-source:ed3c8ed3e8d256ce28f826651c12e8326031caf535a4749944e675b6eb4063c5,1,287.755542434752,293.90266677364707,515.3643330559134,6.1471243388950825,227.60879062116146,True
jcola:in_domain_valid:3430,JCoLA,noul,jcola-source:ed3c8ed3e8d256ce28f826651c12e8326031caf535a4749944e675b6eb4063c5,1,318.6869160272181,326.32545894011855,572.3048751242459,7.638542912900448,253.61795909702778,True
jcola:in_domain_valid:3690,JCoLA,noul,jcola-source:1cede1504c70f4527df77dda30c3732285f6c5544bcb90be98e583d518c33e2e,1,200.5852498114109,201.2482089921832,317.32466677203774,0.6629591807723045,116.73941696062684,True
jcola:in_domain_valid:3824,JCoLA,noul,jcola-source:1cede1504c70f4527df77dda30c3732285f6c5544bcb90be98e583d518c33e2e,1,305.8305839076638,297.5554163567722,444.86720906570554,-8.275167550891638,139.03662515804172,True
jcola:in_domain_valid:3835,JCoLA,noul,jcola-source:1cede1504c70f4527df77dda30c3732285f6c5544bcb90be98e583d518c33e2e,1,274.11608304828405,279.6757919713855,497.19487503170967,5.559708923101425,223.07879198342562,True
jcola:in_domain_valid:3843,JCoLA,noul,jcola-source:1cede1504c70f4527df77dda30c3732285f6c5544bcb90be98e583d518c33e2e,1,305.76870776712894,289.64683413505554,427.53629107028246,-16.121873632073402,121.76758330315351,True
jcola:in_domain_valid:3847,JCoLA,noul,jcola-source:1cede1504c70f4527df77dda30c3732285f6c5544bcb90be98e583d518c33e2e,1,268.77679117023945,277.3543340153992,496.04958295822144,8.577542845159769,227.272791787982,True
jcola:in_domain_valid:3879,JCoLA,noul,jcola-source:1cede1504c70f4527df77dda30c3732285f6c5544bcb90be98e583d518c33e2e,1,290.3024172410369,315.6882910989225,540.5309158377349,25.3858738578856,250.22849859669805,True
jcola:in_domain_valid:3919,JCoLA,noul,jcola-source:1cede1504c70f4527df77dda30c3732285f6c5544bcb90be98e583d518c33e2e,1,284.9840000271797,268.99829087778926,532.4627091176808,-15.985709149390459,247.47870909050107,True
jcola:in_domain_valid:4010,JCoLA,noul,jcola-source:5d0c39052f6a801a1425bbaee9fdf44b15fe7411e9355d8d2ad8c9d9b25f8a67,1,216.08254173770547,212.2979578562081,412.65879198908806,-3.784583881497383,196.5762502513826,True
jcola:in_domain_valid:4025,JCoLA,noul,jcola-source:5d0c39052f6a801a1425bbaee9fdf44b15fe7411e9355d8d2ad8c9d9b25f8a67,1,280.325582716614,278.28904101625085,410.94612469896674,-2.036541700363159,130.62054198235273,True
jcola:in_domain_valid:4028,JCoLA,noul,jcola-source:5d0c39052f6a801a1425bbaee9fdf44b15fe7411e9355d8d2ad8c9d9b25f8a67,1,300.0389588996768,302.0431250333786,445.3920000232756,2.0041661337018013,145.3530411235988,True
jcola:in_domain_valid:4034,JCoLA,noul,jcola-source:5d0c39052f6a801a1425bbaee9fdf44b15fe7411e9355d8d2ad8c9d9b25f8a67,1,280.61695769429207,282.278667204082,411.0610829666257,1.6617095097899437,130.44412527233362,True
jcola:in_domain_valid:42,JCoLA,noul,jcola-source:b88f0588ee915942ae5d6fc8fb598a628c713f7e919068f3a2942bffa988785b,1,289.5796252414584,305.91800017282367,532.9771251417696,16.33837493136525,243.39749990031123,True
jcola:in_domain_valid:4269,JCoLA,noul,jcola-source:5d0c39052f6a801a1425bbaee9fdf44b15fe7411e9355d8d2ad8c9d9b25f8a67,1,281.2823327258229,290.01079220324755,565.1852497830987,8.728459477424622,283.9029170572758,True
jcola:in_domain_valid:4344,JCoLA,noul,jcola-source:5d0c39052f6a801a1425bbaee9fdf44b15fe7411e9355d8d2ad8c9d9b25f8a67,1,296.1756670847535,300.437374971807,533.7669998407364,4.26170788705349,237.59133275598288,True
jcola:in_domain_valid:450,JCoLA,noul,jcola-source:e45f968c75385ee71faa38d90da149ccba6521d731d8d9d40639604d159a8d9b,1,282.7152921818197,288.2061670534313,517.5629579462111,5.490874871611595,234.84766576439142,True
jcola:in_domain_valid:4644,JCoLA,noul,jcola-source:5d0c39052f6a801a1425bbaee9fdf44b15fe7411e9355d8d2ad8c9d9b25f8a67,1,349.5950410142541,340.5977077782154,604.8675421625376,-8.997333236038685,255.27250114828348,True
jcola:in_domain_valid:4729,JCoLA,noul,jcola-source:ab4aad86cbc23c2a81968e16cd71adcd9023a0c673b34f6cb73420a5d99e5cea,1,272.8829998522997,263.53766676038504,510.90041594579816,-9.345333091914654,238.01741609349847,True
jcola:in_domain_valid:4740,JCoLA,noul,jcola-source:ab4aad86cbc23c2a81968e16cd71adcd9023a0c673b34f6cb73420a5d99e5cea,1,263.6362495832145,282.3208752088249,520.1863339170814,18.68462562561035,256.55008433386683,True
jcola:in_domain_valid:4743,JCoLA,noul,jcola-source:ab4aad86cbc23c2a81968e16cd71adcd9023a0c673b34f6cb73420a5d99e5cea,1,290.9093336202204,285.47533322125673,526.0379170067608,-5.43400039896369,235.1285833865404,True
jcola:in_domain_valid:4847,JCoLA,noul,jcola-source:ab4aad86cbc23c2a81968e16cd71adcd9023a0c673b34f6cb73420a5d99e5cea,1,315.0874590501189,302.02020797878504,560.9298329800367,-13.067251071333885,245.8423739299178,True
jcola:in_domain_valid:4862,JCoLA,noul,jcola-source:ab4aad86cbc23c2a81968e16cd71adcd9023a0c673b34f6cb73420a5d99e5cea,1,283.6029161699116,290.03600031137466,509.0075000189245,6.433084141463041,225.40458384901285,True
jcola:in_domain_valid:5302,JCoLA,noul,jcola-source:ed9018c37a0c5b2d851275eb41432c655e73af85f8eb32f8a1f2fd666dd382cf,1,275.56512504816055,283.6000001989305,410.54487507790327,8.034875150769949,134.97975002974272,True
jcola:in_domain_valid:5349,JCoLA,noul,jcola-source:ed9018c37a0c5b2d851275eb41432c655e73af85f8eb32f8a1f2fd666dd382cf,1,281.88945911824703,277.7437078766525,410.5713330209255,-4.145751241594553,128.6818739026785,True
jcola:in_domain_valid:5373,JCoLA,noul,jcola-source:ed9018c37a0c5b2d851275eb41432c655e73af85f8eb32f8a1f2fd666dd382cf,1,273.4304158948362,271.95208286866546,487.4597918242216,-1.4783330261707306,214.02937592938542,True
jcola:in_domain_valid:5493,JCoLA,noul,jcola-source:ed9018c37a0c5b2d851275eb41432c655e73af85f8eb32f8a1f2fd666dd382cf,1,327.30129128322005,313.78133269026875,577.2651671431959,-13.519958592951298,249.96387585997581,True
jcola:in_domain_valid:5515,JCoLA,noul,jcola-source:ed9018c37a0c5b2d851275eb41432c655e73af85f8eb32f8a1f2fd666dd382cf,1,298.7930839881301,309.2646673321724,541.7362079024315,10.471583344042301,242.9431239143014,True
jcola:in_domain_valid:5677,JCoLA,noul,jcola-source:ed9018c37a0c5b2d851275eb41432c655e73af85f8eb32f8a1f2fd666dd382cf,1,298.09333430603147,319.33804182335734,562.4448331072927,21.244707517325878,264.3514988012612,True
jcola:in_domain_valid:5685,JCoLA,noul,jcola-source:ed9018c37a0c5b2d851275eb41432c655e73af85f8eb32f8a1f2fd666dd382cf,1,268.3580839075148,282.00904186815023,499.80087485164404,13.650957960635424,231.44279094412923,True
jcola:in_domain_valid:5741,JCoLA,noul,jcola-source:ed9018c37a0c5b2d851275eb41432c655e73af85f8eb32f8a1f2fd666dd382cf,1,275.7444581948221,285.0909582339227,491.75095837563276,9.346500039100647,216.0065001808107,True
jcola:in_domain_valid:5836,JCoLA,noul,jcola-source:ed9018c37a0c5b2d851275eb41432c655e73af85f8eb32f8a1f2fd666dd382cf,1,315.6261253170669,321.11962512135506,543.074750341475,5.493499804288149,227.4486250244081,True
jcola:in_domain_valid:584,JCoLA,noul,jcola-source:e45f968c75385ee71faa38d90da149ccba6521d731d8d9d40639604d159a8d9b,1,210.43816581368446,223.0497905984521,429.7398328781128,12.611624784767628,219.30166706442833,True
jcola:in_domain_valid:5860,JCoLA,noul,jcola-source:ed9018c37a0c5b2d851275eb41432c655e73af85f8eb32f8a1f2fd666dd382cf,1,300.92354072257876,307.9052921384573,527.9050003737211,6.981751415878534,226.98145965114236,True
jcola:in_domain_valid:6016,JCoLA,noul,jcola-source:ed9018c37a0c5b2d851275eb41432c655e73af85f8eb32f8a1f2fd666dd382cf,1,275.0362502411008,265.607041772455,487.53129225224257,-9.429208468645811,212.49504201114178,True
jcola:in_domain_valid:6427,JCoLA,noul,jcola-source:ed9018c37a0c5b2d851275eb41432c655e73af85f8eb32f8a1f2fd666dd382cf,1,289.56895880401134,283.48445799201727,416.7133751325309,-6.084500811994076,127.14441632851958,True
jcola:in_domain_valid:646,JCoLA,noul,jcola-source:e45f968c75385ee71faa38d90da149ccba6521d731d8d9d40639604d159a8d9b,1,281.99179098010063,293.1612082757056,424.98704232275486,11.169417295604944,142.99525134265423,True
jcola:in_domain_valid:6504,JCoLA,noul,jcola-source:ed9018c37a0c5b2d851275eb41432c655e73af85f8eb32f8a1f2fd666dd382cf,1,206.48954203352332,218.61604182049632,413.2415000349283,12.126499786973,206.751958001405,True
jcola:in_domain_valid:6834,JCoLA,noul,jcola-source:ed9018c37a0c5b2d851275eb41432c655e73af85f8eb32f8a1f2fd666dd382cf,1,224.56858400255442,224.4290830567479,440.16470899805427,-0.1395009458065033,215.59612499549985,True
jcola:in_domain_valid:6875,JCoLA,noul,jcola-source:ed9018c37a0c5b2d851275eb41432c655e73af85f8eb32f8a1f2fd666dd382cf,1,278.8224588148296,281.640165951103,504.37474995851517,2.817707136273384,225.55229114368558,True
jcola:in_domain_valid:6974,JCoLA,noul,jcola-source:ed9018c37a0c5b2d851275eb41432c655e73af85f8eb32f8a1f2fd666dd382cf,1,275.99975001066923,264.62266594171524,478.79758290946484,-11.377084068953991,202.7978328987956,True
jcola:in_domain_valid:7018,JCoLA,noul,jcola-source:ed9018c37a0c5b2d851275eb41432c655e73af85f8eb32f8a1f2fd666dd382cf,1,258.24954081326723,273.62158335745335,481.06024973094463,15.372042544186115,222.8107089176774,True
jcola:in_domain_valid:7084,JCoLA,noul,jcola-source:ed9018c37a0c5b2d851275eb41432c655e73af85f8eb32f8a1f2fd666dd382cf,1,209.37112485989928,226.21037485077977,423.8857082091272,16.83924999088049,214.5145833492279,True
jcola:in_domain_valid:7088,JCoLA,noul,jcola-source:ed9018c37a0c5b2d851275eb41432c655e73af85f8eb32f8a1f2fd666dd382cf,1,285.8605827204883,283.06866716593504,420.37825006991625,-2.7919155545532703,134.51766734942794,True
jcola:in_domain_valid:7163,JCoLA,noul,jcola-source:ed9018c37a0c5b2d851275eb41432c655e73af85f8eb32f8a1f2fd666dd382cf,1,288.5968745686114,283.0147501081228,513.0264582112432,-5.582124460488558,224.42958364263177,True
jcola:in_domain_valid:7193,JCoLA,noul,jcola-source:ed9018c37a0c5b2d851275eb41432c655e73af85f8eb32f8a1f2fd666dd382cf,1,276.0954168625176,272.94412488117814,403.56775000691414,-3.1512919813394547,127.47233314439654,True
jcola:in_domain_valid:7197,JCoLA,noul,jcola-source:ed9018c37a0c5b2d851275eb41432c655e73af85f8eb32f8a1f2fd666dd382cf,1,263.47750006243587,275.3148330375552,506.29612524062395,11.837332975119352,242.81862517818809,True
jcola:in_domain_valid:7204,JCoLA,noul,jcola-source:ed9018c37a0c5b2d851275eb41432c655e73af85f8eb32f8a1f2fd666dd382cf,1,266.7104173451662,258.6118751205504,477.7655419893563,-8.098542224615812,211.05512464419007,True
jcola:in_domain_valid:721,JCoLA,noul,jcola-source:e45f968c75385ee71faa38d90da149ccba6521d731d8d9d40639604d159a8d9b,1,288.18354196846485,273.2771667651832,490.20158406347036,-14.906375203281641,202.0180420950055,True
jcola:in_domain_valid:727,JCoLA,noul,jcola-source:e45f968c75385ee71faa38d90da149ccba6521d731d8d9d40639604d159a8d9b,1,301.274917088449,284.3046667985618,524.769457988441,-16.97025028988719,223.494540899992,True
jcola:in_domain_valid:7272,JCoLA,noul,jcola-source:ed9018c37a0c5b2d851275eb41432c655e73af85f8eb32f8a1f2fd666dd382cf,1,194.5330840535462,194.34949988499284,375.57350005954504,-0.18358416855335236,181.04041600599885,True
jcola:in_domain_valid:7468,JCoLA,noul,jcola-source:ed9018c37a0c5b2d851275eb41432c655e73af85f8eb32f8a1f2fd666dd382cf,1,294.77516608312726,287.4619998037815,524.7075408697128,-7.313166279345751,229.93237478658557,True
jcola:in_domain_valid:7501,JCoLA,noul,jcola-source:7bfef724caec36e305d771aed445498713e01453271886f1519e8a702a190ca4,1,282.5525840744376,269.4547502323985,492.20041558146477,-13.097833842039108,209.64783150702715,True
jcola:in_domain_valid:7588,JCoLA,noul,jcola-source:7bfef724caec36e305d771aed445498713e01453271886f1519e8a702a190ca4,1,293.9807497896254,293.1365421973169,425.74733309447765,-0.8442075923085213,131.76658330485225,True
jcola:in_domain_valid:7635,JCoLA,noul,jcola-source:7bfef724caec36e305d771aed445498713e01453271886f1519e8a702a190ca4,1,277.54883328452706,286.79870814085007,506.97149988263845,9.249874856323004,229.4226665981114,True
jcola:in_domain_valid:7645,JCoLA,noul,jcola-source:7bfef724caec36e305d771aed445498713e01453271886f1519e8a702a190ca4,1,284.99516705051064,278.8106673397124,429.8968748189509,-6.1844997107982635,144.90170776844025,True
jcola:in_domain_valid:7757,JCoLA,noul,jcola-source:7bfef724caec36e305d771aed445498713e01453271886f1519e8a702a190ca4,1,283.80862483754754,286.91770834848285,418.0830833502114,3.1090835109353065,134.27445851266384,True
jcola:in_domain_valid:7803,JCoLA,noul,jcola-source:7bfef724caec36e305d771aed445498713e01453271886f1519e8a702a190ca4,1,273.2697078026831,268.46516598016024,400.6185829639435,-4.804541822522879,127.34887516126037,True
jcola:in_domain_valid:7846,JCoLA,noul,jcola-source:7bfef724caec36e305d771aed445498713e01453271886f1519e8a702a190ca4,1,262.05566618591547,270.07183292880654,387.3660829849541,8.016166742891073,125.31041679903865,True
jcola:in_domain_valid:7890,JCoLA,noul,jcola-source:06bff9fef3e147878a0e63370f8303363959deceebaf2bc172b965029cd714e4,1,294.28933281451464,304.48587518185377,539.5541246980429,10.196542367339134,245.26479188352823,True
jcola:in_domain_valid:7898,JCoLA,noul,jcola-source:06bff9fef3e147878a0e63370f8303363959deceebaf2bc172b965029cd714e4,1,294.2217499949038,300.14016665518284,528.3506247214973,5.918416660279036,234.1288747265935,True
jcola:in_domain_valid:795,JCoLA,noul,jcola-source:e45f968c75385ee71faa38d90da149ccba6521d731d8d9d40639604d159a8d9b,1,281.46733390167356,275.07191617041826,495.0556247495115,-6.395417731255293,213.58829084783792,True
jcola:in_domain_valid:8076,JCoLA,noul,jcola-source:06bff9fef3e147878a0e63370f8303363959deceebaf2bc172b965029cd714e4,1,275.16933297738433,282.41258300840855,521.2641661055386,7.243250031024218,246.09483312815428,True
jcola:in_domain_valid:8159,JCoLA,noul,jcola-source:06bff9fef3e147878a0e63370f8303363959deceebaf2bc172b965029cd714e4,1,280.2130407653749,288.8827910646796,502.9861251823604,8.669750299304724,222.7730844169855,True
jcola:in_domain_valid:8232,JCoLA,noul,jcola-source:06bff9fef3e147878a0e63370f8303363959deceebaf2bc172b965029cd714e4,1,283.5446251556277,299.6983751654625,499.8017498292029,16.153750009834766,216.25712467357516,True
jcola:in_domain_valid:8341,JCoLA,noul,jcola-source:06bff9fef3e147878a0e63370f8303363959deceebaf2bc172b965029cd714e4,1,287.05675015226007,274.92725010961294,508.4175830706954,-12.129500042647123,221.36083291843534,True
jcola:in_domain_valid:8388,JCoLA,noul,jcola-source:06bff9fef3e147878a0e63370f8303363959deceebaf2bc172b965029cd714e4,1,288.7444170191884,285.650541074574,512.2685832902789,-3.0938759446144104,223.5241662710905,True
jcola:in_domain_valid:8563,JCoLA,noul,jcola-source:d0595cef02e125e2e7204aefc0c86ad9c28e7d6141700981f89916cb91b1f9a5,1,272.8670001961291,295.37999955937266,514.0038337558508,22.51299936324358,241.1368335597217,True
jcola:in_domain_valid:8584,JCoLA,noul,jcola-source:d0595cef02e125e2e7204aefc0c86ad9c28e7d6141700981f89916cb91b1f9a5,1,274.8711253516376,255.36266714334488,406.36937506496906,-19.508458208292723,131.49824971333146,True
jcola:in_domain_valid:940,JCoLA,noul,jcola-source:e45f968c75385ee71faa38d90da149ccba6521d731d8d9d40639604d159a8d9b,1,288.51912496611476,280.48720862716436,531.5317078493536,-8.031916338950396,243.0125828832388,True
jcola:out_of_domain_valid:10003,JCoLA,noul,jcola-source:74509f7a8c7682d0da0e2cacf75231fc81b87366ae6b756289312f04164327f9,1,272.10266701877117,277.7454168535769,492.34670819714665,5.642749834805727,220.24404117837548,True
jcola:out_of_domain_valid:8651,JCoLA,noul,jcola-source:b21598c9429c03ab4d3f35fed79afad9645f33c1dd9eb020f38508a65333ea9f,1,264.9716245941818,285.49795830622315,485.76399963349104,20.526333712041378,220.79237503930926,True
jcola:out_of_domain_valid:8667,JCoLA,noul,jcola-source:b21598c9429c03ab4d3f35fed79afad9645f33c1dd9eb020f38508a65333ea9f,1,279.7004170715809,284.3244159594178,500.1204162836075,4.623998887836933,220.4199992120266,True
jcola:out_of_domain_valid:8720,JCoLA,noul,jcola-source:d4b97620585242dd99110003bf6d08b9ebc79cf570607187331af5170399f0a3,1,299.59520790725946,308.76091588288546,529.850292019546,9.165707975625992,230.25508411228657,True
jcola:out_of_domain_valid:8733,JCoLA,noul,jcola-source:d4b97620585242dd99110003bf6d08b9ebc79cf570607187331af5170399f0a3,1,267.2372502274811,263.80212511867285,398.78362510353327,-3.435125108808279,131.54637487605214,True
jcola:out_of_domain_valid:8736,JCoLA,noul,jcola-source:d4b97620585242dd99110003bf6d08b9ebc79cf570607187331af5170399f0a3,1,284.02441600337625,283.32741698250175,438.87787498533726,-0.6969990208745003,154.853458981961,True
jcola:out_of_domain_valid:8744,JCoLA,noul,jcola-source:d4b97620585242dd99110003bf6d08b9ebc79cf570607187331af5170399f0a3,1,300.1587498001754,294.8042908683419,547.4234167486429,-5.354458931833506,247.2646669484675,True
jcola:out_of_domain_valid:8746,JCoLA,noul,jcola-source:507066c585132657a8e5d117f6b49f2777651cbf61f99581e7648e485b3e875d,1,339.2876251600683,328.1156253069639,597.1262906678021,-11.171999853104353,257.8386655077338,True
jcola:out_of_domain_valid:8767,JCoLA,noul,jcola-source:f3fe0c19eaf77df9c5d0912cd21051b23a3a16a66d50ffa5e696782bc29f1b0e,1,291.2491671741009,277.58854208514094,510.0827501155436,-13.660625088959932,218.83358294144273,True
jcola:out_of_domain_valid:8771,JCoLA,noul,jcola-source:f3fe0c19eaf77df9c5d0912cd21051b23a3a16a66d50ffa5e696782bc29f1b0e,1,208.17558420822024,208.89870915561914,415.51104187965393,0.723124947398901,207.3354576714337,True
jcola:out_of_domain_valid:8795,JCoLA,noul,jcola-source:d9d39745f599ed68ee2ea2e52bd9e78fc29a991b89af8ac6b284744f0bacbfdb,1,281.76800021901727,275.90841706842184,503.2784170471132,-5.859583150595427,221.5104168280959,True
jcola:out_of_domain_valid:8803,JCoLA,noul,jcola-source:d9d39745f599ed68ee2ea2e52bd9e78fc29a991b89af8ac6b284744f0bacbfdb,1,207.10104098543525,209.97833320870996,336.97150042280555,2.877292223274708,129.8704594373703,True
jcola:out_of_domain_valid:8805,JCoLA,noul,jcola-source:d9d39745f599ed68ee2ea2e52bd9e78fc29a991b89af8ac6b284744f0bacbfdb,1,289.24308298155665,296.1302502080798,516.1792919971049,6.887167226523161,226.93620901554823,True
jcola:out_of_domain_valid:8841,JCoLA,noul,jcola-source:d9d39745f599ed68ee2ea2e52bd9e78fc29a991b89af8ac6b284744f0bacbfdb,1,271.63166692480445,254.03041671961546,491.3417920470238,-17.60125020518899,219.71012512221932,True
jcola:out_of_domain_valid:8848,JCoLA,noul,jcola-source:d9d39745f599ed68ee2ea2e52bd9e78fc29a991b89af8ac6b284744f0bacbfdb,1,295.48858432099223,307.0760830305517,449.7529580257833,11.58749870955944,154.26437370479107,True
jcola:out_of_domain_valid:8871,JCoLA,noul,jcola-source:d9d39745f599ed68ee2ea2e52bd9e78fc29a991b89af8ac6b284744f0bacbfdb,1,275.6147077307105,285.68512480705976,502.05304101109505,10.070417076349258,226.43833328038454,True
jcola:out_of_domain_valid:8874,JCoLA,noul,jcola-source:d9d39745f599ed68ee2ea2e52bd9e78fc29a991b89af8ac6b284744f0bacbfdb,1,201.48704200983047,206.37495862320065,413.4782920591533,4.88791661337018,211.99125004932284,True
jcola:out_of_domain_valid:8892,JCoLA,noul,jcola-source:d9d39745f599ed68ee2ea2e52bd9e78fc29a991b89af8ac6b284744f0bacbfdb,1,287.4617502093315,267.2128747217357,496.0406660102308,-20.248875487595797,208.57891580089927,True
jcola:out_of_domain_valid:8906,JCoLA,noul,jcola-source:d9d39745f599ed68ee2ea2e52bd9e78fc29a991b89af8ac6b284744f0bacbfdb,1,281.2959155999124,283.5332499817014,501.2277918867767,2.237334381788969,219.93187628686428,True
jcola:out_of_domain_valid:8911,JCoLA,noul,jcola-source:d9d39745f599ed68ee2ea2e52bd9e78fc29a991b89af8ac6b284744f0bacbfdb,1,286.8712907657027,280.968917068094,410.28850013390183,-5.902373697608709,123.41720936819911,True
jcola:out_of_domain_valid:8933,JCoLA,noul,jcola-source:d9d39745f599ed68ee2ea2e52bd9e78fc29a991b89af8ac6b284744f0bacbfdb,1,202.60625006631017,211.9508753530681,413.37879188358784,9.344625286757946,210.77254181727767,True
jcola:out_of_domain_valid:8934,JCoLA,noul,jcola-source:d9d39745f599ed68ee2ea2e52bd9e78fc29a991b89af8ac6b284744f0bacbfdb,1,275.9148748591542,290.12079210951924,511.31725031882524,14.205917250365019,235.40237545967102,True
jcola:out_of_domain_valid:8945,JCoLA,noul,jcola-source:d9d39745f599ed68ee2ea2e52bd9e78fc29a991b89af8ac6b284744f0bacbfdb,1,280.5096246302128,277.2145001217723,492.46475007385015,-3.2951245084404945,211.95512544363737,True
jcola:out_of_domain_valid:8946,JCoLA,noul,jcola-source:d9d39745f599ed68ee2ea2e52bd9e78fc29a991b89af8ac6b284744f0bacbfdb,1,228.4814170561731,234.64570892974734,433.29691607505083,6.164291873574257,204.81549901887774,True
jcola:out_of_domain_valid:8968,JCoLA,noul,jcola-source:d9d39745f599ed68ee2ea2e52bd9e78fc29a991b89af8ac6b284744f0bacbfdb,1,302.98291705548763,304.1149592027068,437.1472499333322,1.132042147219181,134.16433287784457,True
jcola:out_of_domain_valid:8976,JCoLA,noul,jcola-source:d9d39745f599ed68ee2ea2e52bd9e78fc29a991b89af8ac6b284744f0bacbfdb,1,293.2155840098858,288.1044172681868,522.8978330269456,-5.11116674169898,229.6822490170598,True
jcola:out_of_domain_valid:8981,JCoLA,noul,jcola-source:d9d39745f599ed68ee2ea2e52bd9e78fc29a991b89af8ac6b284744f0bacbfdb,1,297.94508311897516,254.36262506991625,522.6180828176439,-43.582458049058914,224.67299969866872,True
jcola:out_of_domain_valid:8988,JCoLA,noul,jcola-source:d9d39745f599ed68ee2ea2e52bd9e78fc29a991b89af8ac6b284744f0bacbfdb,1,261.74250012263656,271.3430831208825,479.3112501502037,9.600582998245955,217.56875002756715,True
jcola:out_of_domain_valid:9001,JCoLA,noul,jcola-source:6d245c8c8ce69ebf682ea48d5dee0ac6b8576c3030689c9cadbafa48b09b8f4f,1,252.86170793697238,270.87166626006365,536.1175001598895,18.00995832309127,283.2557922229171,True
jcola:out_of_domain_valid:9022,JCoLA,noul,jcola-source:6d245c8c8ce69ebf682ea48d5dee0ac6b8576c3030689c9cadbafa48b09b8f4f,1,309.76695800200105,309.26283402368426,530.7955420576036,-0.5041239783167839,221.02858405560255,True
jcola:out_of_domain_valid:9033,JCoLA,noul,jcola-source:98482f49e507a28da2f71bf20a2cf95da3b0d86c54553959a822ca2fbaab8a9a,1,293.2615829631686,283.9574171230197,527.6675838977098,-9.304165840148926,234.40600093454123,True
jcola:out_of_domain_valid:9042,JCoLA,noul,jcola-source:0483f3a58534bd4fb6ead00bac01fa398956f09840120edbe44f2ff8895437e1,1,243.1569998152554,274.62833328172565,528.8478750735521,31.47133346647024,285.6908752582967,True
jcola:out_of_domain_valid:9049,JCoLA,noul,jcola-source:0483f3a58534bd4fb6ead00bac01fa398956f09840120edbe44f2ff8895437e1,1,283.4039996378124,291.43583308905363,516.4133748039603,8.031833451241255,233.00937516614795,True
jcola:out_of_domain_valid:9054,JCoLA,noul,jcola-source:0483f3a58534bd4fb6ead00bac01fa398956f09840120edbe44f2ff8895437e1,1,325.8348749950528,320.0703333131969,552.1990419365466,-5.764541681855917,226.36416694149375,True
jcola:out_of_domain_valid:9059,JCoLA,noul,jcola-source:0483f3a58534bd4fb6ead00bac01fa398956f09840120edbe44f2ff8895437e1,1,293.8837078399956,288.5106671601534,500.639499630779,-5.373040679842234,206.7557917907834,True
jcola:out_of_domain_valid:9071,JCoLA,noul,jcola-source:96b4e551202d50d0b788662ca7b26596aec95012082a0e6842a00e9e78822567,1,231.20137490332127,264.3830827437341,478.12312515452504,33.181707840412855,246.92175025120378,True
jcola:out_of_domain_valid:9081,JCoLA,noul,jcola-source:96b4e551202d50d0b788662ca7b26596aec95012082a0e6842a00e9e78822567,1,269.45416582748294,252.89033399894834,515.8454170450568,-16.563831828534603,246.39125121757388,True
jcola:out_of_domain_valid:9087,JCoLA,noul,jcola-source:aad57ffbfa267a6ec510b9624fe4efa7f9fed2bd5fdd1ad334a426ac941168a9,1,266.06108294799924,282.8188752755523,478.9256667718291,16.757792327553034,212.8645838238299,True
jcola:out_of_domain_valid:9108,JCoLA,noul,jcola-source:9a448a5e43380a82f40350981607e40edef599dd718ca0283ef6f437b39f9f9a,1,262.32920913025737,286.3076669164002,486.03675002232194,23.978457786142826,223.70754089206457,True
jcola:out_of_domain_valid:9129,JCoLA,noul,jcola-source:9a448a5e43380a82f40350981607e40edef599dd718ca0283ef6f437b39f9f9a,1,202.06370810046792,203.4275410696864,394.507915712893,1.3638329692184925,192.4442076124251,True
jcola:out_of_domain_valid:9136,JCoLA,noul,jcola-source:9a448a5e43380a82f40350981607e40edef599dd718ca0283ef6f437b39f9f9a,1,326.9474576227367,315.91541692614555,591.9032082892954,-11.032040696591139,264.95575066655874,True
jcola:out_of_domain_valid:9150,JCoLA,noul,jcola-source:9a448a5e43380a82f40350981607e40edef599dd718ca0283ef6f437b39f9f9a,1,259.71662485972047,240.61162490397692,375.4311674274504,-19.10499995574355,115.71454256772995,True
jcola:out_of_domain_valid:9156,JCoLA,noul,jcola-source:9a448a5e43380a82f40350981607e40edef599dd718ca0283ef6f437b39f9f9a,1,197.4546662531793,195.72391686961055,387.4884587712586,-1.7307493835687637,190.03379251807928,True
jcola:out_of_domain_valid:9189,JCoLA,noul,jcola-source:9a448a5e43380a82f40350981607e40edef599dd718ca0283ef6f437b39f9f9a,1,277.16291695833206,291.8358747847378,415.45291617512703,14.672957826405764,138.28999921679497,True
jcola:out_of_domain_valid:9204,JCoLA,noul,jcola-source:4035faadef2d106d08697e68fb1839d5738245e3bbf33cc9e93fa1bca5a05ca1,1,275.665916968137,284.2122917063534,498.44791600480676,8.5463747382164,222.78199903666973,True
jcola:out_of_domain_valid:9226,JCoLA,noul,jcola-source:71a1404ab44510d9308a29ec30710f0d5056cf48c95efbef2b332988f18d24ac,1,302.5692910887301,308.90029203146696,535.2968750521541,6.331000942736864,232.72758396342397,True
jcola:out_of_domain_valid:9317,JCoLA,noul,jcola-source:b852c80fb067939931620c1d231e04bfd35db6f7a11a382c9ac97c72daa17095,1,294.2856661975384,286.04499995708466,521.3845833204687,-8.24066624045372,227.0989171229303,True
jcola:out_of_domain_valid:9325,JCoLA,noul,jcola-source:b852c80fb067939931620c1d231e04bfd35db6f7a11a382c9ac97c72daa17095,1,217.19849994406104,217.21350029110909,414.7255830466747,0.015000347048044205,197.5270831026137,True
jcola:out_of_domain_valid:9338,JCoLA,noul,jcola-source:63ee82e8989972eee7e04e05a8f844dd6050defee600d7d3beacad36611aeee1,1,288.4257500991225,292.9224157705903,511.6027086041868,4.496665671467781,223.17695850506425,True
jcola:out_of_domain_valid:9342,JCoLA,noul,jcola-source:63ee82e8989972eee7e04e05a8f844dd6050defee600d7d3beacad36611aeee1,1,278.6631672643125,269.206958822906,480.5469997227192,-9.456208441406488,201.8838324584067,True
jcola:out_of_domain_valid:9349,JCoLA,noul,jcola-source:bc3a71a28de304cca9364492785524843795be5f8a5282f2000bcde78449cbbb,1,207.37283304333687,219.3153342232108,406.40954161062837,11.942501179873943,199.0367085672915,True
jcola:out_of_domain_valid:9350,JCoLA,noul,jcola-source:bc3a71a28de304cca9364492785524843795be5f8a5282f2000bcde78449cbbb,1,285.48487508669496,295.16816698014736,521.9951253384352,9.683291893452406,236.51025025174022,True
jcola:out_of_domain_valid:9371,JCoLA,noul,jcola-source:bc3a71a28de304cca9364492785524843795be5f8a5282f2000bcde78449cbbb,1,210.56333323940635,212.1783341281116,337.70620822906494,1.6150008887052536,127.1428749896586,True
jcola:out_of_domain_valid:9373,JCoLA,noul,jcola-source:bc3a71a28de304cca9364492785524843795be5f8a5282f2000bcde78449cbbb,1,287.54274966195226,286.06179216876626,497.47887486591935,-1.480957493185997,209.9361252039671,True
jcola:out_of_domain_valid:9382,JCoLA,noul,jcola-source:bc3a71a28de304cca9364492785524843795be5f8a5282f2000bcde78449cbbb,1,281.2353749759495,276.1818328872323,498.45549976453185,-5.053542088717222,217.22012478858232,True
jcola:out_of_domain_valid:9395,JCoLA,noul,jcola-source:414909974ceef1f677f26e387f3e00d6c5e58160dbc57bbcf7288977a3fc27a2,1,198.55220802128315,196.40849996358156,307.26758297532797,-2.1437080577015877,108.71537495404482,True
jcola:out_of_domain_valid:9419,JCoLA,noul,jcola-source:414909974ceef1f677f26e387f3e00d6c5e58160dbc57bbcf7288977a3fc27a2,1,303.7566249258816,311.2277500331402,536.255749873817,7.471125107258558,232.49912494793534,True
jcola:out_of_domain_valid:9464,JCoLA,noul,jcola-source:414909974ceef1f677f26e387f3e00d6c5e58160dbc57bbcf7288977a3fc27a2,1,259.90287540480494,246.38495780527592,500.1493343152106,-13.517917599529028,240.24645891040564,True
jcola:out_of_domain_valid:9515,JCoLA,noul,jcola-source:472567c6dcf248587d794e446fe2b8638ef4e1b044a97df39a308234e9cb0349,1,281.0782501474023,277.7266250923276,408.7692918255925,-3.3516250550746918,127.69104167819023,True
jcola:out_of_domain_valid:9517,JCoLA,noul,jcola-source:472567c6dcf248587d794e446fe2b8638ef4e1b044a97df39a308234e9cb0349,1,267.2645840793848,277.5802919641137,500.3724996931851,10.315707884728909,233.1079156138003,True
jcola:out_of_domain_valid:9525,JCoLA,noul,jcola-source:472567c6dcf248587d794e446fe2b8638ef4e1b044a97df39a308234e9cb0349,1,280.3906658664346,250.1848340034485,487.7575831487775,-30.205831862986088,207.3669172823429,True
jcola:out_of_domain_valid:9528,JCoLA,noul,jcola-source:472567c6dcf248587d794e446fe2b8638ef4e1b044a97df39a308234e9cb0349,1,287.22604224458337,290.9220829606056,422.69754223525524,3.696040716022253,135.47149999067187,True
jcola:out_of_domain_valid:9536,JCoLA,noul,jcola-source:472567c6dcf248587d794e446fe2b8638ef4e1b044a97df39a308234e9cb0349,1,256.69758301228285,269.1567917354405,383.0615836195648,12.459208723157644,126.36400060728192,True
jcola:out_of_domain_valid:9546,JCoLA,noul,jcola-source:472567c6dcf248587d794e446fe2b8638ef4e1b044a97df39a308234e9cb0349,1,249.40604204311967,243.92137490212917,465.5874581076205,-5.484667140990496,216.1814160645008,True
jcola:out_of_domain_valid:9549,JCoLA,noul,jcola-source:472567c6dcf248587d794e446fe2b8638ef4e1b044a97df39a308234e9cb0349,1,282.2347083128989,270.62666695564985,508.8853337801993,-11.608041357249022,226.65062546730042,True
jcola:out_of_domain_valid:9552,JCoLA,noul,jcola-source:472567c6dcf248587d794e446fe2b8638ef4e1b044a97df39a308234e9cb0349,1,192.39004189148545,192.55587505176663,300.60791689902544,0.16583316028118134,108.21787500753999,True
jcola:out_of_domain_valid:9587,JCoLA,noul,jcola-source:f68d86b6fa50c0441bc0989a7636063cbff8b72d16e5e05ce91a96b1cce90925,1,301.084749866277,290.1057922281325,449.1267087869346,-10.978957638144493,148.04195892065763,True
jcola:out_of_domain_valid:9597,JCoLA,noul,jcola-source:f68d86b6fa50c0441bc0989a7636063cbff8b72d16e5e05ce91a96b1cce90925,1,285.18491704016924,278.9061665534973,409.4653748907149,-6.278750486671925,124.28045785054564,True
jcola:out_of_domain_valid:9612,JCoLA,noul,jcola-source:b85f3ae42da7baf5b4ebc24fd55c6398494d864a3a60426bfeb14205e2e8009e,1,270.5873749218881,278.0257919803262,496.10758293420076,7.438417058438063,225.52020801231265,True
jcola:out_of_domain_valid:9618,JCoLA,noul,jcola-source:b85f3ae42da7baf5b4ebc24fd55c6398494d864a3a60426bfeb14205e2e8009e,1,299.41724985837936,274.3321252055466,461.53762517496943,-25.085124652832747,162.12037531659007,True
jcola:out_of_domain_valid:9636,JCoLA,noul,jcola-source:b85f3ae42da7baf5b4ebc24fd55c6398494d864a3a60426bfeb14205e2e8009e,1,292.78562497347593,285.26129201054573,416.8610000051558,-7.5243329629302025,124.07537503167987,True
jcola:out_of_domain_valid:9638,JCoLA,noul,jcola-source:b85f3ae42da7baf5b4ebc24fd55c6398494d864a3a60426bfeb14205e2e8009e,1,210.47083288431168,211.43999975174665,419.3680831231177,0.9691668674349785,208.897250238806,True
jcola:out_of_domain_valid:9646,JCoLA,noul,jcola-source:b85f3ae42da7baf5b4ebc24fd55c6398494d864a3a60426bfeb14205e2e8009e,1,293.8530002720654,284.8175000399351,514.6735003218055,-9.035500232130289,220.82050004974008,True
jcola:out_of_domain_valid:9651,JCoLA,noul,jcola-source:b85f3ae42da7baf5b4ebc24fd55c6398494d864a3a60426bfeb14205e2e8009e,1,281.5339579246938,278.2350410707295,411.8245840072632,-3.2989168539643288,130.29062608256936,True
jcola:out_of_domain_valid:9652,JCoLA,noul,jcola-source:b85f3ae42da7baf5b4ebc24fd55c6398494d864a3a60426bfeb14205e2e8009e,1,272.18620805069804,276.9619580358267,400.53012501448393,4.775749985128641,128.3439169637859,True
jcola:out_of_domain_valid:9654,JCoLA,noul,jcola-source:b85f3ae42da7baf5b4ebc24fd55c6398494d864a3a60426bfeb14205e2e8009e,1,273.08770921081305,275.79833287745714,488.9947082847357,2.7106236666440964,215.90699907392263,True
jcola:out_of_domain_valid:9661,JCoLA,noul,jcola-source:b85f3ae42da7baf5b4ebc24fd55c6398494d864a3a60426bfeb14205e2e8009e,1,218.73254096135497,219.6306250989437,335.3053340688348,0.8980841375887394,116.57279310747981,True
jcola:out_of_domain_valid:9664,JCoLA,noul,jcola-source:b85f3ae42da7baf5b4ebc24fd55c6398494d864a3a60426bfeb14205e2e8009e,1,289.2885832116008,295.66891584545374,515.500333160162,6.380332633852959,226.2117499485612,True
jcola:out_of_domain_valid:9668,JCoLA,noul,jcola-source:b85f3ae42da7baf5b4ebc24fd55c6398494d864a3a60426bfeb14205e2e8009e,1,274.77954095229506,277.50541595742106,490.73754204437137,2.7258750051259995,215.9580010920763,True
jcola:out_of_domain_valid:9726,JCoLA,noul,jcola-source:586d1d1cb858ed208d3f1d4bd3d810f5ff94bd80d5f89e1c6672bd5fb7df4210,1,276.8135420046747,271.4438331313431,495.84208289161325,-5.369708873331547,219.02854088693857,True
jcola:out_of_domain_valid:9741,JCoLA,noul,jcola-source:586d1d1cb858ed208d3f1d4bd3d810f5ff94bd80d5f89e1c6672bd5fb7df4210,1,278.5614589229226,273.93766725435853,491.31454108282924,-4.623791668564081,212.75308215990663,True
jcola:out_of_domain_valid:9756,JCoLA,noul,jcola-source:586d1d1cb858ed208d3f1d4bd3d810f5ff94bd80d5f89e1c6672bd5fb7df4210,1,281.12545795738697,265.85766626521945,496.5591672807932,-15.26779169216752,215.43370932340622,True
jcola:out_of_domain_valid:9763,JCoLA,noul,jcola-source:586d1d1cb858ed208d3f1d4bd3d810f5ff94bd80d5f89e1c6672bd5fb7df4210,1,272.7142502553761,289.0652916394174,503.88108380138874,16.35104138404131,231.16683354601264,True
jcola:out_of_domain_valid:9776,JCoLA,noul,jcola-source:30c032b2283513f49554fa41fb939efb1720fe0d54fd1dd35bc57482ed7de419,1,317.3876251094043,304.7272088006139,560.3119162842631,-12.660416308790445,242.9242911748588,True
jcola:out_of_domain_valid:9798,JCoLA,noul,jcola-source:30c032b2283513f49554fa41fb939efb1720fe0d54fd1dd35bc57482ed7de419,1,290.50645930692554,286.07633290812373,519.031333271414,-4.430126398801804,228.5248739644885,True
jcola:out_of_domain_valid:9819,JCoLA,noul,jcola-source:3b6a507c1b95d9df8c4ae5d72d67a4dddd21d55a400e821ca5d3d9f71af1d656,1,303.3006670884788,299.07395830377936,433.41091740876436,-4.22670878469944,130.11025032028556,True
jcola:out_of_domain_valid:9833,JCoLA,noul,jcola-source:3b6a507c1b95d9df8c4ae5d72d67a4dddd21d55a400e821ca5d3d9f71af1d656,1,281.42791613936424,283.0124576576054,414.4838750362396,1.584541518241167,133.05595889687538,True
jcola:out_of_domain_valid:9873,JCoLA,noul,jcola-source:3b6a507c1b95d9df8c4ae5d72d67a4dddd21d55a400e821ca5d3d9f71af1d656,1,309.31249959394336,294.34216720983386,541.9887090101838,-14.970332384109497,232.67620941624045,True
jcola:out_of_domain_valid:9886,JCoLA,noul,jcola-source:3b6a507c1b95d9df8c4ae5d72d67a4dddd21d55a400e821ca5d3d9f71af1d656,1,295.14820920303464,284.21995881944895,523.713291157037,-10.928250383585691,228.56508195400238,True
jcola:out_of_domain_valid:9898,JCoLA,noul,jcola-source:3b6a507c1b95d9df8c4ae5d72d67a4dddd21d55a400e821ca5d3d9f71af1d656,1,238.71600022539496,241.91362503916025,444.5744170807302,3.1976248137652874,205.85841685533524,True
jcola:out_of_domain_valid:9900,JCoLA,noul,jcola-source:3b6a507c1b95d9df8c4ae5d72d67a4dddd21d55a400e821ca5d3d9f71af1d656,1,290.41058430448174,263.9922918751836,490.74599985033274,-26.418292429298162,200.335415545851,True
jcola:out_of_domain_valid:9905,JCoLA,noul,jcola-source:3b6a507c1b95d9df8c4ae5d72d67a4dddd21d55a400e821ca5d3d9f71af1d656,1,280.608291272074,285.55658319965005,517.9912499152124,4.948291927576065,237.3829586431384,True
jcola:out_of_domain_valid:9910,JCoLA,noul,jcola-source:3b6a507c1b95d9df8c4ae5d72d67a4dddd21d55a400e821ca5d3d9f71af1d656,1,257.2011253796518,261.9356671348214,476.7006249167025,4.73454175516963,219.49949953705072,True
jcola:out_of_domain_valid:9916,JCoLA,noul,jcola-source:3b6a507c1b95d9df8c4ae5d72d67a4dddd21d55a400e821ca5d3d9f71af1d656,1,279.14233319461346,281.9700422696769,516.4427501149476,2.827709075063467,237.3004169203341,True
jcola:out_of_domain_valid:9918,JCoLA,noul,jcola-source:3b6a507c1b95d9df8c4ae5d72d67a4dddd21d55a400e821ca5d3d9f71af1d656,1,303.02049964666367,322.42904184386134,536.4341661334038,19.408542197197676,233.4136664867401,True
jcola:out_of_domain_valid:9919,JCoLA,noul,jcola-source:3b6a507c1b95d9df8c4ae5d72d67a4dddd21d55a400e821ca5d3d9f71af1d656,1,284.53266620635986,289.1240827739239,498.8319156691432,4.591416567564011,214.29924946278334,True
jcola:out_of_domain_valid:9928,JCoLA,noul,jcola-source:3b6a507c1b95d9df8c4ae5d72d67a4dddd21d55a400e821ca5d3d9f71af1d656,1,273.31520803272724,266.50662487372756,500.17908308655024,-6.8085831589996815,226.863875053823,True
jcola:out_of_domain_valid:9931,JCoLA,noul,jcola-source:3b6a507c1b95d9df8c4ae5d72d67a4dddd21d55a400e821ca5d3d9f71af1d656,1,194.7878752835095,194.7275004349649,383.59537487849593,-0.060374848544597626,188.80749959498644,True
jcola:out_of_domain_valid:9939,JCoLA,noul,jcola-source:3b6a507c1b95d9df8c4ae5d72d67a4dddd21d55a400e821ca5d3d9f71af1d656,1,283.0926668830216,276.10050002112985,399.2631249129772,-6.9921668618917465,116.17045802995563,True
jcola:out_of_domain_valid:9980,JCoLA,noul,jcola-source:74509f7a8c7682d0da0e2cacf75231fc81b87366ae6b756289312f04164327f9,1,266.05416601523757,274.22708412632346,393.68629129603505,8.172918111085892,127.63212528079748,True
jcommonsenseqa:valid:10002,JCommonsenseQA,choice,jcqa-question:64f74a0e596101536188145620b4cfba3abf256678a47b60cebb61202fc7543e,1,197.33083387836814,190.05812518298626,329.2134157381952,-7.27270869538188,131.88258185982704,True
jcommonsenseqa:valid:10003,JCommonsenseQA,choice,jcqa-question:2dbefc7ca51124527a9060bee709267a7c9ad7d52a8f35b295afaf2c6d4df545,1,275.08158329874277,270.2961661852896,457.62941613793373,-4.78541711345315,182.54783283919096,True
jcommonsenseqa:valid:10004,JCommonsenseQA,choice,jcqa-question:11b2c588bf1c60aaf7fc960e0e13e500294d9e08f673076377496ef1042173b4,1,247.6792079396546,250.79883309081197,404.3575841933489,3.119625151157379,156.6783762536943,True
jcommonsenseqa:valid:10006,JCommonsenseQA,choice,jcqa-question:229c30061a6689878fec71170f401373c7a3b09444e526e68f02561a57072ae8,1,378.06070828810334,371.9377499073744,629.0464173071086,-6.12295838072896,250.9857090190053,True
jcommonsenseqa:valid:10016,JCommonsenseQA,choice,jcqa-question:361b4358875afb87a1c99a087729554640cd2625650b29082b7f8beee2b201e0,1,261.06820814311504,268.44412507489324,393.22220813483,7.3759169317781925,132.15399999171495,True
jcommonsenseqa:valid:10019,JCommonsenseQA,choice,jcqa-question:cae9ea68c076c4a27d20024876980e316fd1156a1d6f21384c340214092422c3,1,240.93958362936974,249.82070876285434,386.4774168469012,8.881125133484602,145.53783321753144,True
jcommonsenseqa:valid:10024,JCommonsenseQA,choice,jcqa-question:2a6fac977142d7492140207662ef74d3d707d23d666d8d5d49e1b50a73e781a7,1,244.64837508276105,241.37779185548425,394.81633296236396,-3.270583227276802,150.1679578796029,True
jcommonsenseqa:valid:10027,JCommonsenseQA,choice,jcqa-question:1077cf936afccecc8a56cee6237ae2068f4f15cee0e50fafc5ed3fcbb0a149ab,1,290.05800001323223,284.9853332154453,430.1056251861155,-5.072666797786951,140.04762517288327,True
jcommonsenseqa:valid:10041,JCommonsenseQA,choice,jcqa-question:2ad3790461de36460b2fbdb7ea322fc5385b0b382b4cae9e5dfe5a10f68a88df,1,254.21737506985664,272.0847907476127,402.6118749752641,17.86741567775607,148.39449990540743,True
jcommonsenseqa:valid:10043,JCommonsenseQA,choice,jcqa-question:9bb95d47f7b321bec265abe34864ee04147096937f8f16c60838197f7cb31ae8,1,288.8176250271499,280.906249769032,443.10675002634525,-7.911375258117914,154.28912499919534,True
jcommonsenseqa:valid:10051,JCommonsenseQA,choice,jcqa-question:b796b82098cd779a12acfb0a7d05415a4101e7250b3b81b05d97237d7108659b,1,312.6493343152106,306.7549169063568,458.5077501833439,-5.894417408853769,145.8584158681333,True
jcommonsenseqa:valid:8939,JCommonsenseQA,choice,jcqa-question:13659051bc7a32a42ae86d5e7c989de098d56b443f5c935cfdf83e74bd308937,1,191.190917044878,193.08329187333584,299.6199168264866,1.8923748284578323,108.42899978160858,True
jcommonsenseqa:valid:8940,JCommonsenseQA,choice,jcqa-question:f4b22042ad28e13dbd599349f81f3a97b5dc0ac8acd8dfb456110b31af05b0c3,1,282.9667907208204,268.438708037138,496.5089997276664,-14.528082683682442,213.54220900684595,True
jcommonsenseqa:valid:8947,JCommonsenseQA,choice,jcqa-question:d3c2d15bdaf70d9b658635cad706883ced791c0cfcede8bcc7c1d2bcadf2dbb8,1,283.46099983900785,274.1142497397959,412.57837507873774,-9.346750099211931,129.11737523972988,True
jcommonsenseqa:valid:8959,JCommonsenseQA,choice,jcqa-question:0a477d95147b9b9b05ea83c82c1edfa52103e64cf93d65771d91be1c599403ec,1,266.19416708126664,261.379792355001,396.23895892873406,-4.814374726265669,130.04479184746742,True
jcommonsenseqa:valid:8961,JCommonsenseQA,choice,jcqa-question:de63baa23a41906ef1eb0fdfc0cd81d8b9c654800074393a2e974e68e67db7c3,1,266.5341659449041,274.45387467741966,387.75825034826994,7.9197087325155735,121.22408440336585,True
jcommonsenseqa:valid:8978,JCommonsenseQA,choice,jcqa-question:9f1e5967c97b2b043b257e3e8a2673d00f9177c9ce202d6f48eaecb419b329c6,1,271.6633342206478,264.21150006353855,395.0942079536617,-7.451834157109261,123.43087373301387,True
jcommonsenseqa:valid:8996,JCommonsenseQA,choice,jcqa-question:7ebbb0e70b3feefddc5ceddb0968348f8783006e6edf1404a6a01719be8a0655,1,248.72704222798347,253.47262481227517,402.50929119065404,4.7455825842916965,153.78224896267056,True
jcommonsenseqa:valid:8998,JCommonsenseQA,choice,jcqa-question:24bac3b6b586fdb025989c25c607e9a3910217b5d5398ce8cb48e79284296bec,1,283.1832910887897,279.3892091140151,420.1527088880539,-3.794081974774599,136.9694177992642,True
jcommonsenseqa:valid:9009,JCommonsenseQA,choice,jcqa-question:abb63a7108b98bc5a5ccdeb3f18f5262b848a3d47ce6a3f3ecef3f7826d7b2e4,1,234.95537508279085,244.4870830513537,531.7031252197921,9.531707968562841,296.7477501370013,True
jcommonsenseqa:valid:9011,JCommonsenseQA,choice,jcqa-question:411aaead23cb2abf60b928111724711b17960068fc79feed948d1a298b61929f,1,250.4409160465002,248.2117498293519,402.9045416973531,-2.229166217148304,152.46362565085292,True
jcommonsenseqa:valid:9026,JCommonsenseQA,choice,jcqa-question:c2a55dcb40797d19dce4dcdb13224dd2fa0b3bbee9e34174106d2534b8d5f39c,1,286.73495911061764,293.79887506365776,435.2814997546375,7.063915953040123,148.54654064401984,True
jcommonsenseqa:valid:9031,JCommonsenseQA,choice,jcqa-question:4597e227a16367f8ddd97eee955e4a93949251caae58cbb2b00882a5dce75f42,1,246.15608295425773,251.589166931808,401.2956670485437,5.433083977550268,155.13958409428596,True
jcommonsenseqa:valid:9038,JCommonsenseQA,choice,jcqa-question:f089cfbc7bb23a43f79b33cfe12765f857e678206a53f942d2873758f71ec2bf,1,178.49049996584654,180.58129213750362,391.03166712448,2.0907921716570854,212.54116715863347,True
jcommonsenseqa:valid:9040,JCommonsenseQA,choice,jcqa-question:f48c8c6b295ece44f77e439675c69cd184fa16c924b0074087d69078b1bd1881,1,282.6317921280861,274.54029163345695,512.9543747752905,-8.091500494629145,230.3225826472044,True
jcommonsenseqa:valid:9041,JCommonsenseQA,choice,jcqa-question:bc45134abd436784e619f3e215822ffcb71083fc0f1e582cc5eed450e2fa6fb1,1,300.89104175567627,302.0750000141561,444.8487078770995,1.1839582584798336,143.95766612142324,True
jcommonsenseqa:valid:9043,JCommonsenseQA,choice,jcqa-question:d155e05ac23a46579387f590ffa21e53a038e2dc4a53333dbafb86b26592bb07,1,272.4611246958375,278.7889172323048,551.5930000692606,6.327792536467314,279.1318753734231,True
jcommonsenseqa:valid:9047,JCommonsenseQA,choice,jcqa-question:b9a4d74a21acc940cc6d9c194e4a8a3286f2e03df418daa34af8b17fd1003f1a,1,261.0917501151562,268.8079169020057,483.4480001591146,7.716166786849499,222.35625004395843,True
jcommonsenseqa:valid:9049,JCommonsenseQA,choice,jcqa-question:50883ed743f1ec9ff31cc44e449d54f2be606cdfa80536596ec3553ba3e36fa9,1,261.7808748036623,250.58379117399454,415.04533402621746,-11.197083629667759,153.26445922255516,True
jcommonsenseqa:valid:9054,JCommonsenseQA,choice,jcqa-question:26a974be712f16eb36a804f3988a64dbb5bc7ced41e91eabf48c6c6682215315,1,256.2931249849498,251.56012503430247,417.9649162106216,-4.732999950647354,161.67179122567177,True
jcommonsenseqa:valid:9057,JCommonsenseQA,choice,jcqa-question:8640d641de054d07e083811619066ee061485ee3e4e83808467a36452f0f6890,1,274.9117501080036,288.4631669148803,467.60929096490145,13.55141680687666,192.69754085689783,True
jcommonsenseqa:valid:9059,JCommonsenseQA,choice,jcqa-question:cc8225d7257ffb2a4b089f7f5ac94719f0aed7a05cb086cbd6311ad9be7292da,1,184.19599998742342,184.00679202750325,327.84995902329683,-0.18920795992016792,143.6539590358734,True
jcommonsenseqa:valid:9065,JCommonsenseQA,choice,jcqa-question:4b0a3a1b297418a3e3872a4b21976ab0447b6b21c8c3ef53b634112cce86a3c6,1,252.25579226389527,248.3108746819198,412.1234589256346,-3.94491758197546,159.86766666173935,True
jcommonsenseqa:valid:9066,JCommonsenseQA,choice,jcqa-question:a99c46d08fd1933e03ed0f05a41c028245ca773e82920471e62a56f0dbc990bd,1,276.9649173133075,275.8732498623431,447.7081662043929,-1.0916674509644508,170.7432488910854,True
jcommonsenseqa:valid:9071,JCommonsenseQA,choice,jcqa-question:3bc612bce3d5d5f47730b116b860a4eb6da758e55a187598d98cb8a918aadb9a,1,249.97424986213446,264.63512470945716,408.3714159205556,14.660874847322702,158.39716605842113,True
jcommonsenseqa:valid:9075,JCommonsenseQA,choice,jcqa-question:8a47c84a72dd455b3968777e0b96733d453f5867451092a31e9946267506856b,1,286.5201672539115,294.8917909525335,428.5999168641865,8.371623698621988,142.07974961027503,True
jcommonsenseqa:valid:9080,JCommonsenseQA,choice,jcqa-question:afb2f8e97346e212bf37994e29616f4c9c31f245e14053c217e9b580e8534fcb,1,265.322542283684,254.49424982070923,493.98904107511044,-10.828292462974787,228.66649879142642,True
jcommonsenseqa:valid:9084,JCommonsenseQA,choice,jcqa-question:c5db58b2ab42ab76b3faad2905c9e04a438d2f238d3d77f5bb0a54891da4005f,1,266.0164590924978,254.80570923537016,391.8980420567095,-11.210749857127666,125.8815829642117,True
jcommonsenseqa:valid:9097,JCommonsenseQA,choice,jcqa-question:ab6870fa880ef011fb49a704e92fc1f9af68a131c555b4933c9c1cba2ab5a228,1,247.55912506952882,251.75616703927517,402.1762921474874,4.197041969746351,154.61716707795858,True
jcommonsenseqa:valid:9098,JCommonsenseQA,choice,jcqa-question:c5e96eeef08405422c1f81f7b2490e4ff6d13b244ddf2806557ace75511aa765,1,261.39258313924074,256.7264582030475,422.6452079601586,-4.666124936193228,161.25262482091784,True
jcommonsenseqa:valid:9102,JCommonsenseQA,choice,jcqa-question:7fe9e8ee9abee272a97832f6f27f65d4d9a993a98fb8e6d68d388fc62cc48a57,1,260.07370790466666,250.82874996587634,477.51654172316194,-9.244957938790321,217.44283381849527,True
jcommonsenseqa:valid:9118,JCommonsenseQA,choice,jcqa-question:27552e77147bd597a25b91ccd9d710076a0f9795977b49d9e6b81fc6f501c080,1,252.89254169911146,285.57537496089935,524.8423749580979,32.68283326178789,271.9498332589865,True
jcommonsenseqa:valid:9119,JCommonsenseQA,choice,jcqa-question:311294fc187e34aa140c2a452d0e824ab9d83ae3f952e0f0fdbb5129e2232acf,1,295.9912079386413,285.5822923593223,429.11916598677635,-10.408915579319,133.12795804813504,True
jcommonsenseqa:valid:9120,JCommonsenseQA,choice,jcqa-question:8a3ceb5e16df59017f26594b4884f4130366e46f3978676a39e72f93db522259,1,293.6259997077286,286.81962518021464,432.14383302256465,-6.806374527513981,138.51783331483603,True
jcommonsenseqa:valid:9124,JCommonsenseQA,choice,jcqa-question:7c4b5a000b1be2263f82421c8a6f25eab269661674469824d45838c519ed7326,1,275.6685419008136,262.95883394777775,392.4151249229908,-12.709707953035831,116.74658302217722,True
jcommonsenseqa:valid:9140,JCommonsenseQA,choice,jcqa-question:c9b402debcf6f128be85f9d2446cd4aeff6fb6a7e2df7f171a00d39f5da817c8,1,265.0266671553254,272.66712533310056,394.1981252282858,7.640458177775145,129.17145807296038,True
jcommonsenseqa:valid:9156,JCommonsenseQA,choice,jcqa-question:bfbee82143023302ab547edaf3caa81a7cb64d5e5812bc0e1db1b8c23d6f2fa0,1,214.3457499332726,215.62658343464136,343.06849958375096,1.280833501368761,128.72274965047836,True
jcommonsenseqa:valid:9158,JCommonsenseQA,choice,jcqa-question:b592c4ebfe7a7a8af43ec0349fd525ca5e99744a2983847905bfa209e509abde,1,277.9535832814872,275.9309997782111,409.1780842281878,-2.0225835032761097,131.22450094670057,True
jcommonsenseqa:valid:9171,JCommonsenseQA,choice,jcqa-question:b6c362eb3bb0d432678407112b4266088ab5e7341daa4c02cf143dc75018283e,1,275.42458288371563,264.92970902472734,453.425332903862,-10.494873858988285,178.00075002014637,True
jcommonsenseqa:valid:9177,JCommonsenseQA,choice,jcqa-question:c3627955c7688d9c3ee9cb6c76e058e8dcd4680bbf447f26cb7964e96776fc2e,1,189.07804088667035,190.8021247945726,300.523666664958,1.7240839079022408,111.44562577828765,True
jcommonsenseqa:valid:9178,JCommonsenseQA,choice,jcqa-question:63489499e87070f0ed3d16f8293e6ac26af8614d9f5457c0aaf40de5e6e0648a,1,181.98387511074543,183.19762498140335,304.12358324974775,1.2137498706579208,122.13970813900232,True
jcommonsenseqa:valid:9179,JCommonsenseQA,choice,jcqa-question:78beafcd63d7f8525bad32dc546560ea4e408a576b1adbc30b6dd732b712c110,1,295.6960410811007,284.61625007912517,515.1204173453152,-11.079791001975536,219.42437626421452,True
jcommonsenseqa:valid:9196,JCommonsenseQA,choice,jcqa-question:c59c25d4371d037d5b98d707e5d8a33ee7cfe0fd7ac0eb9b5dae0787e494f9ac,1,310.2911673486233,306.92895827814937,446.088083088398,-3.3622090704739094,135.7969157397747,True
jcommonsenseqa:valid:9198,JCommonsenseQA,choice,jcqa-question:08ca69533cfd55a6394ff7e31f01bcff0fb3f453d4f347c6401a21ec4c0804aa,1,250.0893329270184,256.421625148505,414.660207927227,6.3322922214865685,164.57087500020862,True
jcommonsenseqa:valid:9202,JCommonsenseQA,choice,jcqa-question:892940536b88f83851e1dabe2173e42babdaeb022e2bfef6a18bd27b87a1ea89,1,295.0618751347065,297.7203340269625,478.2998329028487,2.6584588922560215,183.23795776814222,True
jcommonsenseqa:valid:9215,JCommonsenseQA,choice,jcqa-question:37acaf592642463659c84e2f4a818b315b426362ebf61322ebf9a5e40f676d60,1,272.2938749939203,267.21795788034797,397.3524160683155,-5.075917113572359,125.05854107439518,True
jcommonsenseqa:valid:9220,JCommonsenseQA,choice,jcqa-question:91d4a4bd357e0fe22284c36067d4ac949bc6f3671f16574ce567cff84c007437,1,287.151041906327,301.54050001874566,594.9477078393102,14.389458112418652,307.79666593298316,True
jcommonsenseqa:valid:9230,JCommonsenseQA,choice,jcqa-question:9edb132df808dc9ee8137d2de699c34d74f5c8c913d107f05e40aa02d21d1251,1,288.74387498945,282.5786657631397,428.6894160322845,-6.165209226310253,139.94554104283452,True
jcommonsenseqa:valid:9236,JCommonsenseQA,choice,jcqa-question:fa1f1b53176a208808a6780f025773d965add97c22fb68d32080c72035872295,1,265.2740837074816,273.5313340090215,404.2898342013359,8.257250301539898,139.01575049385428,True
jcommonsenseqa:valid:9238,JCommonsenseQA,choice,jcqa-question:779d67bc6667e572591d16b7459cf38cd5c9367e1a9849b2fbd638b80c5c2ca0,1,278.62708317115903,284.3096670694649,415.45508336275816,5.682583898305893,136.82800019159913,True
jcommonsenseqa:valid:9258,JCommonsenseQA,choice,jcqa-question:c653211921c1de8ea3ac981bc22b152151869acfc3dc11aed7d671b902c60cb7,1,279.2430417612195,271.397499833256,494.8217496275902,-7.845541927963495,215.57870786637068,True
jcommonsenseqa:valid:9262,JCommonsenseQA,choice,jcqa-question:a07ce4bf51987325da246eb19410e3c41c0fcbd713f1bb5f11401a398a94d8cd,1,277.1047502756119,272.60045800358057,405.5577917024493,-4.504292272031307,128.45304142683744,True
jcommonsenseqa:valid:9270,JCommonsenseQA,choice,jcqa-question:6006381eba306277e01ebeffcfc9992523044e54b1baf934b2e92c9f817f1feb,1,251.59204099327326,255.60849998146296,410.4703329503536,4.016458988189697,158.87829195708036,True
jcommonsenseqa:valid:9275,JCommonsenseQA,choice,jcqa-question:7437ce02cf8d9706e65c7c70384b9c8b45dc54fb72b2772a87ab343c630642bd,1,249.6692081913352,260.5457501485944,397.92937505990267,10.876541957259178,148.26016686856747,True
jcommonsenseqa:valid:9286,JCommonsenseQA,choice,jcqa-question:26add7fba8c3b2a7bc3db1335ff98f9cc257032926ee98092015181b808dff3f,1,225.78345891088247,230.53504200652242,374.64800011366606,4.751583095639944,148.86454120278358,True
jcommonsenseqa:valid:9291,JCommonsenseQA,choice,jcqa-question:d5c89ea615423bd2253e24a6fa4e9ba0d52ab20be0bea81865794fed47e89d25,1,286.98379173874855,282.12612494826317,508.7565830908716,-4.857666790485382,221.77279135212302,True
jcommonsenseqa:valid:9321,JCommonsenseQA,choice,jcqa-question:3c8d9f9d4350f97b12be4105357def041769a52a7dceb20e276da6e45055b1da,1,309.52304182574153,324.0017918869853,447.8681250475347,14.478750061243773,138.34508322179317,True
jcommonsenseqa:valid:9324,JCommonsenseQA,choice,jcqa-question:283f789488a126a73a8f70a17747501f2c181738440b4a8f266f6d1ca344b3f7,1,248.4397911466658,256.9298748858273,422.8373342193663,8.490083739161491,174.3975430727005,True
jcommonsenseqa:valid:9337,JCommonsenseQA,choice,jcqa-question:28afee9462161147472a38f7036d3193a3828a4bd2ff68cfff5a45a65b4b3d21,1,276.58954076468945,271.4909999631345,492.0565001666546,-5.098540801554918,215.46695940196514,True
jcommonsenseqa:valid:9347,JCommonsenseQA,choice,jcqa-question:76a3153f42f8f5d75b1ffbd336b7fceb1985c4c2247f984aaefacdc255867c5e,1,249.91120770573616,253.70487524196506,442.07004085183144,3.793667536228895,192.15883314609528,True
jcommonsenseqa:valid:9348,JCommonsenseQA,choice,jcqa-question:af0538ed13b8356761b8758ac65bcdc9fa3d9b845a6fdcff9e97c4bedce5743f,1,294.94554083794355,287.4645832926035,442.65566719695926,-7.480957545340061,147.7101263590157,True
jcommonsenseqa:valid:9354,JCommonsenseQA,choice,jcqa-question:a89d6b78729d08bba974dcdcbfb52292c948a257aa8c5e1595c9701acb8fb0ec,1,254.2872498743236,259.8848328925669,421.2360419332981,5.597583018243313,166.9487920589745,True
jcommonsenseqa:valid:9358,JCommonsenseQA,choice,jcqa-question:716656d5a095b294a0c8e6b4fb628257a2c88ebffb6b6cc94d6a2dfd59a8b1ad,1,256.95441709831357,263.9878340996802,393.332582898438,7.033417001366615,136.3781658001244,True
jcommonsenseqa:valid:9363,JCommonsenseQA,choice,jcqa-question:4680c309260ba28a7e37317084a74b0f875ef00a53731724298c2804a8557cef,1,287.5683750025928,286.88487503677607,503.8324580527842,-0.6834999658167362,216.2640830501914,True
jcommonsenseqa:valid:9374,JCommonsenseQA,choice,jcqa-question:0d10c2b7ff1af6947e2c0254b90afdc4cdd0b9cd794949ae9c66d886e5f231ac,1,291.21929220855236,287.4861666932702,406.1757908202708,-3.733125515282154,114.95649861171842,True
jcommonsenseqa:valid:9381,JCommonsenseQA,choice,jcqa-question:37a77e1913a8120a177051715760546f35fd80a0a42337a39a3087a34656ecae,1,207.80883310362697,208.42212485149503,415.0529159232974,0.6132917478680611,207.24408281967044,True
jcommonsenseqa:valid:9388,JCommonsenseQA,choice,jcqa-question:7158d3a5b8fbc681dc83484be41491f9c4b2bcb23d11fe4bf3bcf3ed223e2886,1,270.8569588139653,273.5047908499837,402.7923340909183,2.6478320360183716,131.93537527695298,True
jcommonsenseqa:valid:9393,JCommonsenseQA,choice,jcqa-question:ba7e6b0935ac6b28b2d4f3850b6517ceb6c508a23f48c0eaca94a6a99a22b69d,1,244.1632910631597,249.4285418651998,467.6939998753369,5.2652508020401,223.53070881217718,True
jcommonsenseqa:valid:9396,JCommonsenseQA,choice,jcqa-question:8e6a8c20aa4834021ea81389ecec3b3fcd420c614e8651017b66613c422e0614,1,279.8292082734406,272.27483270689845,401.6807908192277,-7.554375566542149,121.8515825457871,True
jcommonsenseqa:valid:9404,JCommonsenseQA,choice,jcqa-question:a1fa64ad23fa588cba2aa7b34b6c4abcf6671f635397b0951d7b6a7a363721ae,1,301.9976248033345,294.3444577977061,436.2892503850162,-7.653167005628347,134.29162558168173,True
jcommonsenseqa:valid:9405,JCommonsenseQA,choice,jcqa-question:b32289e1760fa1a4094f498fd959f8469d79f91fc37be2738eed201b677a1140,1,245.08558306843042,243.38662531226873,394.4281251169741,-1.6989577561616898,149.3425420485437,True
jcommonsenseqa:valid:9407,JCommonsenseQA,choice,jcqa-question:9ec8506d80601e9cf5227f1a79de2d09d400d1eb01870469077485265ca4d78f,1,310.84716599434614,301.5083749778569,442.4976669251919,-9.338791016489267,131.65050093084574,True
jcommonsenseqa:valid:9409,JCommonsenseQA,choice,jcqa-question:fec012cc7e3402b61f404e2640cbb8a55b7cfb439585d8b34246c098e75dac44,1,298.16854232922196,295.3659580089152,427.84149991348386,-2.802584320306778,129.6729575842619,True
jcommonsenseqa:valid:9411,JCommonsenseQA,choice,jcqa-question:86180454debd3a9ca11f7a0f2370520d2f8c9454a0bc0bfe6ce891d7ee57443a,1,277.6870420202613,282.0590413175523,419.55970879644156,4.37199929729104,141.87266677618027,True
jcommonsenseqa:valid:9413,JCommonsenseQA,choice,jcqa-question:7f9a76d4d468d970c57d6faba864f3e2d57f116208ebe532651b5199a3d0db07,1,266.44858391955495,258.28920770436525,399.15416669100523,-8.159376215189695,132.70558277145028,True
jcommonsenseqa:valid:9419,JCommonsenseQA,choice,jcqa-question:f84e6eff27da22ddad24753f161b03fa82c7f0a8d5fb60ffa05605723ed6728b,1,272.4607498385012,275.0443331897259,408.35979068651795,2.583583351224661,135.89904084801674,True
jcommonsenseqa:valid:9421,JCommonsenseQA,choice,jcqa-question:9340682b81dd540f162fcb2c5c596925376bd3fdfe3d2c12682c821dab4312ef,1,275.1053748652339,263.73104099184275,477.1706252358854,-11.374333873391151,202.06525037065148,True
jcommonsenseqa:valid:9422,JCommonsenseQA,choice,jcqa-question:95df2775b846040c3e05c5ae409cfd314dfd12c78b17a2a5a599444b91d28efc,1,262.106167152524,262.3081668280065,390.8924157731235,0.20199967548251152,128.7862486205995,True
jcommonsenseqa:valid:9426,JCommonsenseQA,choice,jcqa-question:9ecb9cd490f91c763fa297ed6e2ec22d508475c01f20a205884f8ddb7cf32dbb,1,297.5791245698929,301.8855405971408,435.1522079668939,4.306416027247906,137.57308339700103,True
jcommonsenseqa:valid:9433,JCommonsenseQA,choice,jcqa-question:1ee7359e0577be6d1131301585a7e10efc57df7069d54cf6ff95eb57cc7d70c4,1,272.77550008147955,260.61725011095405,427.46679205447435,-12.158249970525503,154.6912919729948,True
jcommonsenseqa:valid:9437,JCommonsenseQA,choice,jcqa-question:e313826069fd683969e3ecfef7927be8745a14fdfba9ac086afec69901b65e75,1,246.8919581733644,250.76704192906618,400.00650007277727,3.8750837557017803,153.11454189941287,True
jcommonsenseqa:valid:9439,JCommonsenseQA,choice,jcqa-question:9aaa6d0058b1fb5d9471b9edda03a9e79a7a4779e3d39ef62fecc54932d29024,1,283.1689170561731,288.04637491703033,420.94362527132034,4.877457860857248,137.77470821514726,True
jcommonsenseqa:valid:9440,JCommonsenseQA,choice,jcqa-question:0d8ad6e7645425425914daa67b751295bba4cb15f4db6f6b33ba0a9b674e66ef,1,275.73850005865097,269.7193748317659,407.59858302772045,-6.01912522688508,131.86008296906948,True
jcommonsenseqa:valid:9447,JCommonsenseQA,choice,jcqa-question:e4222dff2080ed2fad59991c7a564ac85e336f8f82e0d708a51a8a5e539949de,1,226.11250029876828,238.28491615131497,392.4755002371967,12.172415852546692,166.3629999384284,True
jcommonsenseqa:valid:9456,JCommonsenseQA,choice,jcqa-question:36d5c4650691eca35e81e8a006c575c0e7d8e6268ea4ee832c66cab8571ba3a8,1,273.5894578509033,278.38495885953307,447.7490410208702,4.795501008629799,174.15958316996694,True
jcommonsenseqa:valid:9457,JCommonsenseQA,choice,jcqa-question:1c157a561c125e5292128142c11468053d9b14d974d3d7b6962848d164a819be,1,246.66312523186207,246.71716568991542,397.90987502783537,0.05404045805335045,151.2467497959733,True
jcommonsenseqa:valid:9458,JCommonsenseQA,choice,jcqa-question:ee36d40f6e0b3be397c4629264b272d23146a0e301559b9e10728ba42b112b1e,1,278.26329227536917,279.2578339576721,414.1902499832213,0.9945416823029518,135.92695770785213,True
jcommonsenseqa:valid:9461,JCommonsenseQA,choice,jcqa-question:6eb9765309573faf114f673313a6a168870f7a88c9aa5f489a811da4f14f1db7,1,278.06079061701894,280.8579592965543,495.0820002704859,2.797168679535389,217.02120965346694,True
jcommonsenseqa:valid:9465,JCommonsenseQA,choice,jcqa-question:44c938323224034b8a88100dda4bffa7f53460d19f187e96949bce3382d92031,1,265.93370782211423,268.27537501230836,509.27749974653125,2.34166719019413,243.34379192441702,True
jcommonsenseqa:valid:9473,JCommonsenseQA,choice,jcqa-question:ac3f2680c8861b4fbffc571d192544af64b9a838ab04d442c3f35a9f12a98e1e,1,295.03312474116683,283.84083369746804,457.6772078871727,-11.192291043698788,162.64408314600587,True
jcommonsenseqa:valid:9477,JCommonsenseQA,choice,jcqa-question:63e9392fcbc0387cc1dd7f33f9826849a065c557a1ed839ce2e3634821ffe002,1,286.8104581721127,283.1748751923442,432.07633309066296,-3.6355829797685146,145.26587491855025,True
jcommonsenseqa:valid:9481,JCommonsenseQA,choice,jcqa-question:c29ddac67507c6606bb612d8ae0c9604b44adcd9937d2e2f99c2af6e2cee4176,1,289.37562508508563,288.6755419895053,415.199208073318,-0.7000830955803394,125.82358298823237,True
jcommonsenseqa:valid:9489,JCommonsenseQA,choice,jcqa-question:690076b9d06885a234c096f3b79b1273a8f9de10212bf1d69b07943b17ab1cf7,1,293.0028326809406,296.9220411032438,486.80624971166253,3.9192084223031998,193.8034170307219,True
jcommonsenseqa:valid:9490,JCommonsenseQA,choice,jcqa-question:b41d7420bb12ad90f2c48372067f1a65255e88b59dc0e3d05d9ba669a2559564,1,207.49729219824076,204.00458294898272,335.16854187473655,-3.4927092492580414,127.67124967649579,True
jcommonsenseqa:valid:9491,JCommonsenseQA,choice,jcqa-question:d18c3bc3228d662897e98a0bf470d2a2a74dc849c684b9ce271fc8d96ada458a,1,273.8765408284962,285.06637504324317,398.8812081515789,11.189834214746952,125.00466732308269,True
jcommonsenseqa:valid:9499,JCommonsenseQA,choice,jcqa-question:37decfd57c4723a8f08e6f0cfcea32e0db509477b819d00c82ab504370f4d605,1,237.55516670644283,237.04116605222225,384.8830829374492,-0.514000654220581,147.32791623100638,True
jcommonsenseqa:valid:9502,JCommonsenseQA,choice,jcqa-question:b81a1b3312571b202c3e9e37e6c6858fd706d15d7123cfc4f603cee12b04f294,1,269.8254999704659,274.23491701483727,404.61379243060946,4.4094170443713665,134.78829246014357,True
jcommonsenseqa:valid:9510,JCommonsenseQA,choice,jcqa-question:d178871129eb69cb0893593e5dbd5a6481377a30b514040170b59e4f696a2869,1,282.24712470546365,271.9462080858648,413.0998752079904,-10.300916619598866,130.85275050252676,True
jcommonsenseqa:valid:9513,JCommonsenseQA,choice,jcqa-question:8166630310a5084b588c18868466f5db733c851beff2cf8f75e4c9a514bd2e63,1,303.0992499552667,304.47608325630426,434.20254113152623,1.37683330103755,131.10329117625952,True
jcommonsenseqa:valid:9514,JCommonsenseQA,choice,jcqa-question:53b2a6ec06cff337a37ae346ee891c9d4dbe0a9f5c3265c33fb0b19cbfb24de9,1,246.26616667956114,258.6025418713689,405.64683312550187,12.336375191807747,159.38066644594073,True
jcommonsenseqa:valid:9522,JCommonsenseQA,choice,jcqa-question:d5d72a44f7990eb56b50560bde8870778aefbc870d44265689cc57f8c239dddc,1,258.42708302661777,260.73941588401794,416.9764155521989,2.312332857400179,158.54933252558112,True
jcommonsenseqa:valid:9528,JCommonsenseQA,choice,jcqa-question:e47289f60c699b5d727bded594d3e7952a95863bdfeceface870981f537d749f,1,269.69104120507836,264.9755422025919,434.67829190194607,-4.715499002486467,164.9872506968677,True
jcommonsenseqa:valid:9534,JCommonsenseQA,choice,jcqa-question:3a603a03f030ddeba7b5ee60579989c8aa749fe45ea8b6dda56d6d0104a3eb56,1,258.88375006616116,252.35420791432261,388.4511669166386,-6.529542151838541,129.56741685047746,True
jcommonsenseqa:valid:9535,JCommonsenseQA,choice,jcqa-question:4720368880c96d864d0167ff2209c9f0a9dd5201fd362f1653c93e6fb36ddd99,1,187.43387470021844,182.5692499987781,330.9713341295719,-4.864624701440334,143.53745942935348,True
jcommonsenseqa:valid:9538,JCommonsenseQA,choice,jcqa-question:655fd9f45514d26e8cdbd5bbf99da124b386e9e48966ec42128c7f58f8a201ea,1,310.77508302405477,320.34862507134676,482.36554162576795,9.573542047291994,171.59045860171318,True
jcommonsenseqa:valid:9540,JCommonsenseQA,choice,jcqa-question:c373407e755520efa60d8b2fb38e49c7685d5cc0dcecdd04221be6b9302db877,1,275.92112496495247,270.0959579087794,398.73975003138185,-5.825167056173086,122.81862506642938,True
jcommonsenseqa:valid:9544,JCommonsenseQA,choice,jcqa-question:15f3d216bd0b09b9acceed1f3a29cf04602b6e299f0a25db6d9124881b7fe241,1,242.678957991302,234.68474997207522,382.69891729578376,-7.9942080192267895,140.01995930448174,True
jcommonsenseqa:valid:9547,JCommonsenseQA,choice,jcqa-question:fb286b30c08a0b65b1022663f8935b1be5ab945ef654409faa3e50b6bc921b7f,1,253.9054579101503,248.2522912323475,408.8805839419365,-5.653166677802801,154.9751260317862,True
jcommonsenseqa:valid:9551,JCommonsenseQA,choice,jcqa-question:d49df5f5330529af15c0856c7e7f699c1a51c7fae7c5a665505591bb12a56ff0,1,268.7187911942601,291.5788749232888,444.6517080068588,22.860083729028702,175.9329168125987,True
jcommonsenseqa:valid:9562,JCommonsenseQA,choice,jcqa-question:d9e65ebf204df3545429b693da054e1459cc256d5d4c6598ec44d2d43ce496bb,1,266.15966623649,269.5888327434659,396.9078753143549,3.429166506975889,130.74820907786489,True
jcommonsenseqa:valid:9567,JCommonsenseQA,choice,jcqa-question:819c68870a711aab0390f587a24e40e7301aafe312475e769e21c70a5d6be697,1,339.14637472480536,323.1110000051558,466.05341602116823,-16.035374719649553,126.90704129636288,True
jcommonsenseqa:valid:9578,JCommonsenseQA,choice,jcqa-question:8334b90c55719facece0915843f3d25dd06df7e22b318a79b5746a2a477a42a7,1,311.31954165175557,294.0269592218101,543.5603330843151,-17.29258242994547,232.2407914325595,True
jcommonsenseqa:valid:9583,JCommonsenseQA,choice,jcqa-question:77e404b2c9f79c3517cbc00e157008d7345863e663fe6eb418f7e943749ca083,1,275.25991620495915,249.378917273134,520.6473330035806,-25.88099893182516,245.38741679862142,True
jcommonsenseqa:valid:9584,JCommonsenseQA,choice,jcqa-question:11f399ceb03f3dfa93a5a18f0aee40c8010fe1e64146eb5bbef925444cf035f8,1,302.45166597887874,294.9737082235515,453.46929179504514,-7.477957755327225,151.0176258161664,True
jcommonsenseqa:valid:9589,JCommonsenseQA,choice,jcqa-question:97f81f62eed24300579b9adb8ffcdf6aa0e2d1cc91b601f009cd1d9a90fc4e1e,1,287.47279196977615,286.96800023317337,425.40966626256704,-0.5047917366027832,137.9368742927909,True
jcommonsenseqa:valid:9595,JCommonsenseQA,choice,jcqa-question:482247020d3170787cf0b7cc715e5af54db4b7f94e8cf3cf890192acb4dcad00,1,241.9092496857047,245.92812499031425,488.06270817294717,4.018875304609537,246.15345848724246,True
jcommonsenseqa:valid:9600,JCommonsenseQA,choice,jcqa-question:5848a48e761de38df8341c31282eddc7334d11a54066b21c1e5e6167f41c0983,1,209.59325041621923,214.03283439576626,413.2715417072177,4.439583979547024,203.67829129099846,True
jcommonsenseqa:valid:9601,JCommonsenseQA,choice,jcqa-question:230d965020875c8286cd19c6dec0a29c7c985e5e0b70ec90a6fccaed3c67d739,1,265.4877919703722,278.57145806774497,398.5646250657737,13.08366609737277,133.07683309540153,True
jcommonsenseqa:valid:9603,JCommonsenseQA,choice,jcqa-question:dba380a1366ebd6d08b94c31acc79dc318eade621a109651cd318f70a132f526,1,272.53845892846584,269.5732908323407,404.1793751530349,-2.965168096125126,131.64091622456908,True
jcommonsenseqa:valid:9606,JCommonsenseQA,choice,jcqa-question:d4e28c15f8aedbfd342035434bcd0f61aa5bfb8a8fa5f7c785858b6dad0ddf99,1,274.2194589227438,263.88912508264184,433.3341671153903,-10.330333840101957,159.1147081926465,True
jcommonsenseqa:valid:9612,JCommonsenseQA,choice,jcqa-question:92ef58e777333391812d542631a88c389b23c70fec8c626dc6a1dbf96b170eab,1,305.4082919843495,298.12687495723367,441.7080827988684,-7.281417027115822,136.29979081451893,True
jcommonsenseqa:valid:9616,JCommonsenseQA,choice,jcqa-question:1a8c24ddccab9a9433ffdb5c6e8b2a00b2c441200c9e3ff00cdf45b1381bbfe8,1,242.87249986082315,246.5881248936057,372.5343751721084,3.7156250327825546,129.66187531128526,True
jcommonsenseqa:valid:9624,JCommonsenseQA,choice,jcqa-question:5f80daa6429ab10fac36876c90973342a38976c24dc9645ce25e8d51f87ac2e1,1,269.119624979794,286.75783332437277,507.29262502864003,17.638208344578743,238.173000048846,True
jcommonsenseqa:valid:9627,JCommonsenseQA,choice,jcqa-question:3f714a36f7cd3956116d27746e0662e61a831daee092579bdc59bd5f2b74835d,1,202.98983296379447,200.4389581270516,338.8357921503484,-2.550874836742878,135.84595918655396,True
jcommonsenseqa:valid:9634,JCommonsenseQA,choice,jcqa-question:2059b3626e94f6fed7b22ccbf9eef28b19871fe003628cf8c884b76918558fc6,1,275.53433272987604,268.3425829745829,404.2582088150084,-7.191749755293131,128.72387608513236,True
jcommonsenseqa:valid:9639,JCommonsenseQA,choice,jcqa-question:dbb93dafdd23c69d1a80081cef0b557bb681bdc685e06884f856ea8a018d2afb,1,284.1866249218583,282.3813329450786,421.9826250337064,-1.8052919767796993,137.79600011184812,True
jcommonsenseqa:valid:9641,JCommonsenseQA,choice,jcqa-question:f6cba1697389a377b174ecd4d9b04a0410341be27913a079a1804c11c8cd1888,1,292.9193750023842,304.6144167892635,447.9609578847885,11.695041786879301,155.04158288240433,True
jcommonsenseqa:valid:9649,JCommonsenseQA,choice,jcqa-question:daf03c5391e37d5a303358331bd0bb3325889f22838ebd511ff999c09ccca00b,1,272.51379238441586,277.9662082903087,414.8747082799673,5.452415905892849,142.36091589555144,True
jcommonsenseqa:valid:9650,JCommonsenseQA,choice,jcqa-question:d1f9d0e67fd27042b7422653cb512dcc8c575da4cc873a9f7a1bcd0252172ba0,1,263.42125004157424,255.96354203298688,489.7574167698622,-7.45770800858736,226.33616672828794,True
jcommonsenseqa:valid:9651,JCommonsenseQA,choice,jcqa-question:1166386260d1ea0f7e294e313e162f72620ff8c2305ec6ea04b8f8e3b52bb9cc,1,218.52608304470778,217.79654221609235,332.2835830040276,-0.729540828615427,113.75749995931983,True
jcommonsenseqa:valid:9655,JCommonsenseQA,choice,jcqa-question:78c476a91e2fd7a23e91aeb6e946b6043b0f2c82c96cd4792081c884427134de,1,239.7681656293571,254.50779171660542,494.3923340179026,14.739626087248325,254.6241683885455,True
jcommonsenseqa:valid:9666,JCommonsenseQA,choice,jcqa-question:b11ff734270fdbaf709e3dd6ffaf359079157ce7f15fa498c48387127c871192,1,255.72700006887317,257.63891683891416,412.5687503255904,1.911916770040989,156.8417502567172,True
jcommonsenseqa:valid:9667,JCommonsenseQA,choice,jcqa-question:9e720c91b71195cd749fbc9d0b35a235049ce4d6eb1bd180417afe168374b95d,1,251.98437506332994,242.87912528961897,381.65458431467414,-9.105249773710966,129.6702092513442,True
jcommonsenseqa:valid:9675,JCommonsenseQA,choice,jcqa-question:b2e7d078154f5818cf610fb85df6b9d264b63fd3d1ae0733142f0b5f91df4aef,1,282.47225005179644,288.9232081361115,462.8212908282876,6.450958084315062,180.34904077649117,True
jcommonsenseqa:valid:9679,JCommonsenseQA,choice,jcqa-question:9f5663e2620deb6f68d512895ff985ac2773cbf06dce402cabc5d8616fec2244,1,200.90808300301433,209.35087511315942,332.28783402591944,8.442792110145092,131.3797510229051,True
jcommonsenseqa:valid:9681,JCommonsenseQA,choice,jcqa-question:03dd105d31c69de4895e5f44e8a07bee9dcad109e9cbb1419b6914a4a03cb094,1,182.67079209908843,184.0392081066966,324.02754109352827,1.3684160076081753,141.35674899443984,True
jcommonsenseqa:valid:9685,JCommonsenseQA,choice,jcqa-question:859250af5a00a9463065a47d2dd0f2fb766671c242e1e5445d34fc79bb1f44f5,1,342.57479198276997,343.13841676339507,490.4778329655528,0.5636247806251049,147.90304098278284,True
jcommonsenseqa:valid:9688,JCommonsenseQA,choice,jcqa-question:e9479703a78268cc90c8835ae6b9a17f4a2ddb80d6cc0e2abe9f75864192eae3,1,293.3437079191208,295.89129192754626,438.2711248472333,2.547584008425474,144.9274169281125,True
jcommonsenseqa:valid:9696,JCommonsenseQA,choice,jcqa-question:158e0953aa0cf62cd65a372c8b0b50cc82310c135c19955d1b41da0427062515,1,263.36033269762993,274.18637508526444,549.0064998157322,10.826042387634516,285.6461671181023,True
jcommonsenseqa:valid:9699,JCommonsenseQA,choice,jcqa-question:414f902d94200c0617ce75b8dc178dc8b6fd37d9ad277d4871a43213a21fe65e,1,268.77091685310006,259.1237919405103,430.693875066936,-9.647124912589788,161.92295821383595,True
jcommonsenseqa:valid:9711,JCommonsenseQA,choice,jcqa-question:0b626d2ff936015bdf25a59c526a6679d3cceb6aac890c7dc6b79fc36f15e326,1,245.52845861762762,241.30408326163888,400.59933299198747,-4.224375355988741,155.07087437435985,True
jcommonsenseqa:valid:9716,JCommonsenseQA,choice,jcqa-question:fd244e7f8a96de1a2782be408ec2da690b93cb8b65e231c3d7784ec53ed2e700,1,181.53649987652898,179.8891662620008,333.1417078152299,-1.6473336145281792,151.60520793870091,True
jcommonsenseqa:valid:9717,JCommonsenseQA,choice,jcqa-question:73a89a12a91734fcca1b257dab024497cfee5519bb3670eb54a67d6ef5149a87,1,276.88633278012276,285.0671671330929,403.1210830435157,8.180834352970123,126.23475026339293,True
jcommonsenseqa:valid:9718,JCommonsenseQA,choice,jcqa-question:1b3e9aa00599e6f3edfb930849ff9fc0f2f0395f70c7e053b453f811092bab6b,1,254.2426660656929,246.5599998831749,404.21054093167186,-7.682666182518005,149.96787486597896,True
jcommonsenseqa:valid:9719,JCommonsenseQA,choice,jcqa-question:7df78adf6148b1eb437091667a0b61267cd364ff2ce5dc44e557b0adebc8949c,1,253.74074978753924,256.76400028169155,383.06570798158646,3.0232504941523075,129.3249581940472,True
jcommonsenseqa:valid:9720,JCommonsenseQA,choice,jcqa-question:e4729a86d057a56e2048830cf5d081c15417967f4ef45a756a18bcea6de8a3f4,1,281.64599975571036,282.5464578345418,457.1720827370882,0.9004580788314342,175.52608298137784,True
jcommonsenseqa:valid:9730,JCommonsenseQA,choice,jcqa-question:b78df0a4be878c0717426467d5c8e23b2b2a42ee8af17cdf6b71c4af8c37d8ae,1,260.0992498919368,257.5262919999659,417.38312505185604,-2.572957891970873,157.28387515991926,True
jcommonsenseqa:valid:9734,JCommonsenseQA,choice,jcqa-question:601b36ec2a7907b928a1ecad03d8385ee503161b1e20b1308144d0ed3202b903,1,248.2827501371503,254.04595816507936,424.9966670759022,5.763208027929068,176.71391693875194,True
jcommonsenseqa:valid:9739,JCommonsenseQA,choice,jcqa-question:c583754318342ac53ef2370bb82ed4dba80446ddf364ff8ea8590f6bcf46d224,1,311.97541719302535,311.3442910835147,448.42829229310155,-0.6311261095106602,136.4528751000762,True
jcommonsenseqa:valid:9749,JCommonsenseQA,choice,jcqa-question:500e5b7ac2beb7b3b0efb2d947f7bd3bb070777ac37222d4955df65a4046c2fa,1,279.69100000336766,278.46625028178096,414.25625002011657,-1.2247497215867043,134.5652500167489,True
jcommonsenseqa:valid:9752,JCommonsenseQA,choice,jcqa-question:da488f7b0d29a8247529f4b06b5e1c5f038248abd19f0311f6673a012f195fe5,1,242.83429188653827,241.82708282023668,480.92420771718025,-1.0072090663015842,238.08991583064198,True
jcommonsenseqa:valid:9756,JCommonsenseQA,choice,jcqa-question:c998073a51cc44f8e124027ea793e316db3743c025ffe7a7bee1633dab71555b,1,248.13170870766044,245.3792500309646,397.2001657821238,-2.7524586766958237,149.06845707446337,True
jcommonsenseqa:valid:9761,JCommonsenseQA,choice,jcqa-question:fae0184b4542d6cd787a363fe720aa0a9565a270e88f3a5b136dec6c7626a876,1,249.77754103019834,267.5031656399369,413.2517077960074,17.72562460973859,163.47416676580906,True
jcommonsenseqa:valid:9774,JCommonsenseQA,choice,jcqa-question:ca4459abedb2998c13b8470a07c9b4622245467a1a3019516445fecd0d45c06e,1,285.62525007873774,285.14695912599564,410.497167147696,-0.47829095274209976,124.87191706895828,True
jcommonsenseqa:valid:9795,JCommonsenseQA,choice,jcqa-question:e85df4b035121db1554a6dc47d6763b82a5fa19241ea76f7bd40e5eda1f42f7b,1,269.3460420705378,277.55295811221004,412.01533330604434,8.20691604167223,142.66929123550653,True
jcommonsenseqa:valid:9798,JCommonsenseQA,choice,jcqa-question:545d8ce90703abda297d8d8992f0d8c532c10d30973cd6204df90aeff416e180,1,288.1829161196947,276.26058366149664,408.5322916507721,-11.92233245819807,120.34937553107738,True
jcommonsenseqa:valid:9803,JCommonsenseQA,choice,jcqa-question:d2a63bd4869126984d7495abf2c9edc29f30e7e5ab0e2b7163fb58167a4444cb,1,249.3761251680553,273.4251250512898,385.87041571736336,24.0489998832345,136.49429054930806,True
jcommonsenseqa:valid:9816,JCommonsenseQA,choice,jcqa-question:c1e02867df5520dd7ef99220dcea0681164e894494509b6c423770d941dd4e0e,1,272.4103326909244,295.74033292010427,446.0754171013832,23.33000022917986,173.6650844104588,True
jcommonsenseqa:valid:9818,JCommonsenseQA,choice,jcqa-question:f35e93d0a04f472b14018afbdb730bd3b59b4426f8da8896e7304864c9a94f46,1,242.77637479826808,235.2576251141727,404.48025008663535,-7.518749684095383,161.70387528836727,True
jcommonsenseqa:valid:9823,JCommonsenseQA,choice,jcqa-question:77388005d726b58b83db3f989da54e41168349f6023b0e12a27ef426e7e35820,1,267.276416067034,273.5079159028828,399.878541007638,6.231499835848808,132.60212494060397,True
jcommonsenseqa:valid:9827,JCommonsenseQA,choice,jcqa-question:e40c9063691c4db26e31235d1050510f28c5f8cdd9db7e255916e2ded7e841d1,1,278.4323748201132,284.1804581694305,418.2173749431968,5.748083349317312,139.7850001230836,True
jcommonsenseqa:valid:9832,JCommonsenseQA,choice,jcqa-question:1e4f40f54345f5185dbac8421e0f056e545efc58dc646b9f8c569db69e652109,1,281.03554202243686,277.6727504096925,445.9781660698354,-3.3627916127443314,164.94262404739857,True
jcommonsenseqa:valid:9833,JCommonsenseQA,choice,jcqa-question:e086eb450833519492c4100142513091ee7b776cc9441f5cb1794f7dc575d089,1,271.38241613283753,270.19862504675984,397.8700418956578,-1.1837910860776901,126.48762576282024,True
jcommonsenseqa:valid:9839,JCommonsenseQA,choice,jcqa-question:fcf93894a09214f5e640caf86474383e2fccacce90f8a510ac07db926bed0c00,1,269.87691689282656,278.2139996998012,413.22349989786744,8.33708280697465,143.34658300504088,True
jcommonsenseqa:valid:9840,JCommonsenseQA,choice,jcqa-question:cb7d1219afd42b560e40d9dccf9e89abf640b656bb584eb5483f5887bd5b9507,1,283.6155002005398,272.13795902207494,437.0254590176046,-11.47754117846489,153.40995881706476,True
jcommonsenseqa:valid:9853,JCommonsenseQA,choice,jcqa-question:42da923ab53f45e0c47daa74d4a0736b62e99246e56e1131b76972d1f27dc2f2,1,251.4513749629259,254.0970416739583,409.66558270156384,2.6456667110323906,158.21420773863792,True
jcommonsenseqa:valid:9863,JCommonsenseQA,choice,jcqa-question:bf4488259d2ddfc64997737c73a7be11382fc552e117ebb57933bef90f8ce8e1,1,247.35591700300574,239.95525017380714,414.8293752223253,-7.400666829198599,167.47345821931958,True
jcommonsenseqa:valid:9867,JCommonsenseQA,choice,jcqa-question:cb2acf96f5b28a1bd0f2cd951fc06d6d7752225859109ff8d3c6e7267dea156e,1,186.22408295050263,186.9979160837829,340.4817502014339,0.7738331332802773,154.25766725093126,True
jcommonsenseqa:valid:9868,JCommonsenseQA,choice,jcqa-question:b2acfdc131f2885ef94ce680c0fff4188cb00bc7e9c357bf17fd4a8ba3322f2a,1,237.17633308842778,242.20945918932557,360.79700011759996,5.033126100897789,123.62066702917218,True
jcommonsenseqa:valid:9872,JCommonsenseQA,choice,jcqa-question:ef95dd53acf2e8e9d9f341cd8a2ede75e1b4c02b9285e752a04bee87a00a833f,1,258.01466684788465,256.1230408027768,413.0972079001367,-1.8916260451078415,155.08254105225205,True
jcommonsenseqa:valid:9892,JCommonsenseQA,choice,jcqa-question:f155fd5ccd2cb928312e6452c6bf1f139ca1b8a5f69f7afac18502dcce93d476,1,272.3807077854872,265.38150012493134,497.03929107636213,-6.9992076605558395,224.65858329087496,True
jcommonsenseqa:valid:9902,JCommonsenseQA,choice,jcqa-question:dcde5a47e3e8dba400ee0e18c025ffe689f0d2ddd6c0a5d82ea351d77ca5e656,1,270.365625154227,264.24258295446634,402.711917180568,-6.123042199760675,132.34629202634096,True
jcommonsenseqa:valid:9904,JCommonsenseQA,choice,jcqa-question:06e1ef7c43a8903c6ab732cccd3ba5886bf4a66598190163cae4a891595b834d,1,246.44504114985466,243.25700011104345,393.7907498329878,-3.188041038811207,147.34570868313313,True
jcommonsenseqa:valid:9910,JCommonsenseQA,choice,jcqa-question:0456456a9cf7901432102b34752c2387de7b108152672e4855d1f9480700c6e3,1,214.45566695183516,216.09095809981227,342.18420926481485,1.6352911479771137,127.7285423129797,True
jcommonsenseqa:valid:9922,JCommonsenseQA,choice,jcqa-question:a9b8ce415df0f69abc416175091dd815f708098be5919e3087940ac325667d70,1,278.9364168420434,275.8497088216245,411.4219583570957,-3.0867080204188824,132.48554151505232,True
jcommonsenseqa:valid:9925,JCommonsenseQA,choice,jcqa-question:752b43b89dcb828044ded4546ba58d9c1717e066cc0c965f226b84bf7e097596,1,261.9920843280852,259.3142078258097,398.25958339497447,-2.677876502275467,136.2674990668893,True
jcommonsenseqa:valid:9927,JCommonsenseQA,choice,jcqa-question:a98f7e4992c3da3c9f4f5817cf95b8526c142afae0becbfe7a438a97d16736fb,1,233.28929115086794,236.4876656793058,383.3165839314461,3.198374528437853,150.02729278057814,True
jcommonsenseqa:valid:9932,JCommonsenseQA,choice,jcqa-question:e024c26d8211dfce6a5946d94139b02c68624749e5d7ba4be0a36b3681621c29,1,261.4528341218829,247.6037498563528,400.601124856621,-13.84908426553011,139.1482907347381,True
jcommonsenseqa:valid:9935,JCommonsenseQA,choice,jcqa-question:9fc93974e1e12ac90ba6c6f650452091cee9fe62c18223ce7ddf83f2567820a5,1,293.16579224541783,288.0631247535348,425.8502908051014,-5.1026674918830395,132.68449855968356,True
jcommonsenseqa:valid:9937,JCommonsenseQA,choice,jcqa-question:c12a615a7237d6fd2b74b11e69523e1e44cedaa83a403d0204077b660abb048b,1,244.48837526142597,250.42829103767872,405.4702911525965,5.939915776252747,160.9819158911705,True
jcommonsenseqa:valid:9938,JCommonsenseQA,choice,jcqa-question:5da0916cec6e951bafe369ceb7c8719c155e76f4c9d1c537f7e29a78e12a0ee1,1,251.81433279067278,237.62383311986923,488.0384998396039,-14.190499670803547,236.22416704893112,True
jcommonsenseqa:valid:9948,JCommonsenseQA,choice,jcqa-question:af5d6111336c3e70d231cd3593e68f31eb02ad32849a92933dc5c0d399f8ce19,1,247.62020912021399,247.91095918044448,400.8466247469187,0.29075006023049355,153.2264156267047,True
jcommonsenseqa:valid:9959,JCommonsenseQA,choice,jcqa-question:899e7967783375e7621db191f1931ae8609729529ac2a67b3287988b17998e26,1,268.0602497421205,274.9467920511961,418.4943330474198,6.886542309075594,150.43408330529928,True
jcommonsenseqa:valid:9965,JCommonsenseQA,choice,jcqa-question:d5bfe5a7c286bfaf91378ad1d614bacaa83c801bb01ece5557472462d91d5ee2,1,268.2567909359932,285.70883302018046,506.8346671760082,17.45204208418727,238.57787624001503,True
jcommonsenseqa:valid:9968,JCommonsenseQA,choice,jcqa-question:7300af0ff6034d38729f719caee087e91d950454e24450bf8a1bc75e15643665,1,305.2992499433458,301.8652079626918,439.10975009202957,-3.4340419806540012,133.8105001486838,True
jcommonsenseqa:valid:9969,JCommonsenseQA,choice,jcqa-question:2e38d68ad7a54d3baf8d15da6316c982f90b6d2b0111c05d7f7361b39eff9e41,1,272.0990004017949,271.34025003761053,404.4791669584811,-0.7587503641843796,132.38016655668616,True
jcommonsenseqa:valid:9971,JCommonsenseQA,choice,jcqa-question:7a473301c9d8ef49e89e84b95d7e3fab72f82402bf0ca9bb6865a8f75ec5b909,1,256.4920410513878,251.89591571688652,424.82745787128806,-4.5961253345012665,168.33541681990027,True
jcommonsenseqa:valid:9975,JCommonsenseQA,choice,jcqa-question:c25dd6a7a241078b087ca9629999cbb1587fc47aaf2a4c9dcbed1b84d0163a50,1,247.35845904797316,262.1491658501327,485.7160416431725,14.790706802159548,238.35758259519935,True
jcommonsenseqa:valid:9980,JCommonsenseQA,choice,jcqa-question:408f30870252fde3ffc055d3ef11239c409288d01add5c45aa9a2e130be6c008,1,243.87799995020032,238.58362482860684,479.75608287379146,-5.294375121593475,235.87808292359114,True
jcommonsenseqa:valid:9990,JCommonsenseQA,choice,jcqa-question:41222da5ae8106274facdea1cd8ecf990a6efbb5eac8aadbd046186cd8e4988a,1,173.84129110723734,175.0261248089373,296.81466706097126,1.1848337016999722,122.97337595373392,True
jsts:valid:10,JSTS,score,caption-component:7b71c8b147ca677c9deab1d78ccb6e2d5eb1ba10fb6e15e270831a84e40db298,1,348.42020785436034,352.91558410972357,532.754875253886,4.495376255363226,184.33466739952564,True
jsts:valid:100,JSTS,score,caption-component:af0d468c5c70a71089ddedeee6e1df28de6b529927a187cca5f773fed6468514,1,423.4308749437332,445.3737079165876,672.367624938488,21.942832972854376,248.9367499947548,True
jsts:valid:1005,JSTS,score,caption-component:8fa05c02887ab3967464c66a5598534b843afcb3b30188adf80beac77b81eecb,1,292.14279213920236,303.1274168752134,461.90141700208187,10.984624736011028,169.75862486287951,True
jsts:valid:1007,JSTS,score,caption-component:ae8a6a1c5898726ab60ea1ef8c32111289c772825d722e777a640c16ab301fb1,1,410.4990423657,396.9247080385685,595.5343339592218,-13.57433432713151,185.03529159352183,True
jsts:valid:1016,JSTS,score,caption-component:04ce1a9394e613e471a2d824483aa2cbdc273a323ead3f83d869267c65b6eedb,1,439.34758426621556,441.87408266589046,629.2058750987053,2.5264983996748924,189.85829083248973,True
jsts:valid:1021,JSTS,score,caption-component:c6f4b498ea69bf5280040dc9c3a8fef22adc970cfaf1c161b9fe8c22794cf772,1,379.787165671587,394.9102093465626,562.1259589679539,15.123043674975634,182.33879329636693,True
jsts:valid:1037,JSTS,score,caption-component:6c16915d3acdc91c6e454d73b5bac2142ab44a0fc938247338badd83c0a9ff38,1,404.6028330922127,406.8026659078896,598.7294157966971,2.1998328156769276,194.12658270448446,True
jsts:valid:1044,JSTS,score,caption-component:eb7a3549d53f19fd3c47117f49dc3b3d3427c43366b290f299942bb72aff6b0c,1,408.04870799183846,422.4798330105841,644.0244587138295,14.43112501874566,235.97575072199106,True
jsts:valid:1045,JSTS,score,caption-component:7b7db969ae6cbefe794cde79829834db66d1133022e37f436132873a331c66a3,1,387.37933384254575,380.9953327290714,574.5981666259468,-6.384001113474369,187.218832783401,True
jsts:valid:1048,JSTS,score,caption-component:97addd0cf548f958fb6a2cb0b531fd22ab36ca13c9e56d91559df211573e317a,1,378.4895418211818,390.7073331065476,572.5967078469694,12.21779128536582,194.1071660257876,True
jsts:valid:1054,JSTS,score,caption-component:9b1af2c7c66bdc7e56f809999c168c0d389add66b18fdd8448bc77973f131c57,1,401.99633315205574,387.35145842656493,576.2898749671876,-14.644874725490808,174.2935418151319,True
jsts:valid:1066,JSTS,score,caption-component:b5350ec14442da317857240e09c454ca53544da2cfcf4bef6e1377cd4cb6cd43,1,397.92358269914985,387.7571248449385,586.7118746973574,-10.16645785421133,188.78829199820757,True
jsts:valid:107,JSTS,score,caption-component:8547a2cdfe918fbd04c82b091c872666eec5ac23ebf8e8d0f41eccf78ad8f165,1,390.7151250168681,403.70466699823737,593.0357910692692,12.989541981369257,202.32066605240107,True
jsts:valid:1071,JSTS,score,caption-component:48347d1bbe497800874e1e6d6abf73d24fec9c794abc546f988947684d590a1a,1,353.12687465921044,368.8024999573827,572.2903748974204,15.675625298172235,219.16350023820996,True
jsts:valid:1080,JSTS,score,caption-component:c7720d64105cbd66df239d5dffe15d6cd6ec9f7950e34478f00d932b0ebcd994,1,396.4588330127299,393.16516602411866,596.1621659807861,-3.2936669886112213,199.7033329680562,True
jsts:valid:1082,JSTS,score,caption-component:208ad2e9c936aac696633ee7e8a000f3f665d971afc6d429798c83d591216040,1,395.98479168489575,388.5842082090676,574.4569166563451,-7.400583475828171,178.47212497144938,True
jsts:valid:1086,JSTS,score,caption-component:f628d07583c92932de9116ee461169b20c38d54023da55af7c303b7f01975207,1,392.9690825752914,378.99158289656043,570.4780421219766,-13.977499678730965,177.50895954668522,True
jsts:valid:1087,JSTS,score,caption-component:f628d07583c92932de9116ee461169b20c38d54023da55af7c303b7f01975207,1,402.11658319458365,412.92420821264386,594.3421670235693,10.807625018060207,192.2255838289857,True
jsts:valid:1098,JSTS,score,caption-component:ceb2340278e68e968b3bc7d8f4b40813e292ce5bc8c086699bc97aec6e3d0feb,1,376.43558345735073,388.8008752837777,575.3319156356156,12.365291826426983,198.89633217826486,True
jsts:valid:1100,JSTS,score,caption-component:41759e32486d0d54c2106a764680d0f30446b9a4a28b97f089c6b8ac78ad01e9,1,385.7086659409106,387.37429212778807,569.263375364244,1.665626186877489,183.5547094233334,True
jsts:valid:1111,JSTS,score,caption-component:1da1484ad5d2e0880c7ef6e5ed635fa29638bcfe6a4bd8c4a91ceb2e4c51fdfe,1,384.9689168855548,353.4997501410544,575.0440000556409,-31.4691667445004,190.07508317008615,True
jsts:valid:1116,JSTS,score,caption-component:2a150ae61c126870618d03d8e0f90e475ac8e3b4a51f127a5c356f0b55ed7904,1,448.85499961674213,434.59695810452104,649.9886247329414,-14.258041512221098,201.13362511619925,True
jsts:valid:1120,JSTS,score,caption-component:aec3967b1bc6ae6a3abedfcf62d52fc99a1d5786611eb395ff4b8adc1c45424f,1,410.2455419488251,374.64291602373123,572.0600001513958,-35.60262592509389,161.81445820257068,True
jsts:valid:1126,JSTS,score,caption-component:5af171f95bc80e8e8ec67563c85940c20df05b54aa49bedc89d0976814d640e1,1,382.4568330310285,363.0968751385808,546.6624172404408,-19.35995789244771,164.20558420941234,True
jsts:valid:1140,JSTS,score,caption-component:034d02bd8393fd0e8c0f37470118853ee71e0d7e2105e095285ac67730165115,1,394.7580410167575,379.13787504658103,582.2738339193165,-15.620165970176458,187.51579290255904,True
jsts:valid:1149,JSTS,score,caption-component:7083abe2839af4eb5d8775affaf65a2547c165c115a97175f9d97728a1f8fd0b,1,396.6482076793909,418.852916918695,571.0199158638716,22.204709239304066,174.37170818448067,True
jsts:valid:115,JSTS,score,caption-component:66e7e6feb794f0139381dcc1814ba6a43aa22b7eead2f55949473ba36183d331,1,387.38224981352687,355.6893328204751,560.6106254272163,-31.692916993051767,173.22837561368942,True
jsts:valid:1151,JSTS,score,caption-component:0c75cd2d66f44ad31566b6c96e73d24bfb84309cb455be24ca59534753139b0f,1,392.344833817333,377.1192501299083,574.3963331915438,-15.22558368742466,182.05149937421083,True
jsts:valid:116,JSTS,score,caption-component:66e7e6feb794f0139381dcc1814ba6a43aa22b7eead2f55949473ba36183d331,1,372.59108293801546,390.3870419599116,556.7654161714017,17.795959021896124,184.17433323338628,True
jsts:valid:1160,JSTS,score,caption-component:ade32fd749cc6bbe807fb54bd2c81de22f727f57bfc7bb429707cc25798ac850,1,394.1507921554148,378.9838748052716,583.0622920766473,-15.166917350143194,188.91149992123246,True
jsts:valid:1167,JSTS,score,caption-component:bf8347a730b3860ffc91c3cde71c1eb8c0dbcc1fc27f7b2f59485ba91d6dac27,1,384.99712478369474,400.26575000956655,591.274541337043,15.268625225871801,206.2774165533483,True
jsts:valid:1174,JSTS,score,caption-component:d572c16e63f98e0dfee4e108b8b9f118ca90f4d5224dac2f81cbfff3d985ad3a,1,376.0809591040015,388.4002920240164,572.2013753838837,12.319332920014858,196.1204162798822,True
jsts:valid:1176,JSTS,score,caption-component:a500d25d51cb75230b6f6542d3417f436141733ad00144d80fd0d200b391204e,1,368.79550013691187,381.7022084258497,564.8747500963509,12.906708288937807,196.07924995943904,True
jsts:valid:1191,JSTS,score,caption-component:4c7e71f5b95ad06c5513b410908ca97a96e990053662abc4403ecf658a9a8338,1,393.1988328695297,372.20924999564886,566.768292337656,-20.989582873880863,173.5694594681263,True
jsts:valid:1206,JSTS,score,caption-component:d6ab574f241a1feba352a543679126374752ddf4ab5dc75379cf0baa2c2676d0,1,356.2159170396626,378.72766703367233,545.3182500787079,22.511749994009733,189.10233303904533,True
jsts:valid:1210,JSTS,score,caption-component:2625f1eb53a0e096ff38b24f44768f5a9d3e3344ff4751804b438efa8fa1b942,1,437.3034997843206,409.94312474504113,630.0513749010861,-27.36037503927946,192.7478751167655,True
jsts:valid:1225,JSTS,score,caption-component:b3997ade0973f4ae60cf860ed1e316a17c5ad5732b364f23f598dbdde9fcdbd9,1,310.9966670162976,320.54208405315876,494.82737528160214,9.545417036861181,183.83070826530457,True
jsts:valid:1226,JSTS,score,caption-component:3c88143ac1640fa7c319fcdf4d4072b9eea714396dc364fb81325268b20d20bd,1,457.65533298254013,428.399917203933,668.5730409808457,-29.25541577860713,210.91770799830556,True
jsts:valid:1231,JSTS,score,caption-component:b6e59da40406e469d321b0d8d51dee9835f7008976c019003b48d7a6ac6b23ff,1,308.2340001128614,299.1541251540184,476.34308272972703,-9.079874958842993,168.10908261686563,True
jsts:valid:1236,JSTS,score,caption-component:08dcc8414257f89e537adcdb203cb2cdda69481f598decfce923e3dd06dac682,1,403.03716622292995,400.7210838608444,585.4121251031756,-2.316082362085581,182.37495888024569,True
jsts:valid:1240,JSTS,score,caption-component:9e38243265a51cff036c274a6cb5ef216d2b14125d5c90330bee80a52df82f34,1,403.9033749140799,381.1185830272734,586.9543342851102,-22.784791886806488,183.05095937103033,True
jsts:valid:1248,JSTS,score,caption-component:ef05e27fdd3bd09277c3a7dbfa3138faf7f7b0a33afef54353642f84a7209d5f,1,396.96524990722537,413.97041687741876,579.8190417699516,17.005166970193386,182.8537918627262,True
jsts:valid:1249,JSTS,score,caption-component:ef05e27fdd3bd09277c3a7dbfa3138faf7f7b0a33afef54353642f84a7209d5f,1,324.5629579760134,316.23687501996756,496.60629080608487,-8.326082956045866,172.04333283007145,True
jsts:valid:1253,JSTS,score,caption-component:0bf69312e2012b2c2f34b0b9aad8c568252fb482a8006d613b57a5ba3990a4a2,1,374.97412506490946,389.377917163074,562.9985830746591,14.403792098164558,188.02445800974965,True
jsts:valid:127,JSTS,score,caption-component:3bc3de9ac073d59148309a7c38e83ccdb1420601f51ef6d0b84aa9e28312a82c,1,276.84058295562863,279.6638337895274,441.16533314809203,2.8232508338987827,164.3247501924634,True
jsts:valid:1272,JSTS,score,caption-component:d06b4cac2226c21f5159cafb23e116aeb750aeba5f404de514e49e132be3cafe,1,351.26408422365785,360.46229116618633,528.464375063777,9.198206942528486,177.20029084011912,True
jsts:valid:1298,JSTS,score,caption-component:85883f5926f630ebeea515b42a1038776f5df3cbe2cc45fa414faa53468c0039,1,411.19762510061264,391.3058745674789,589.0645417384803,-19.891750533133745,177.8669166378677,True
jsts:valid:1314,JSTS,score,caption-component:835407366d8bbec16b47bd03a9e9b887470206453da25ab7a7619008889f95c4,1,430.0140421837568,407.9935001209378,609.2902082018554,-22.020542062819004,179.2761660180986,True
jsts:valid:1315,JSTS,score,caption-component:e10f7f566bed75ed097c95bf620e72a85c3c5be363765107250347bc8b5dfc0d,1,370.5456252209842,410.1311666890979,613.6418748646975,39.58554146811366,243.09624964371324,True
jsts:valid:1318,JSTS,score,caption-component:b5d56f35818d564a9d8e8d1cbec488b7d1d5aedf700f178a6aee8060ec81836d,1,386.9369998574257,401.8638748675585,615.5439577996731,14.92687501013279,228.6069579422474,True
jsts:valid:1325,JSTS,score,caption-component:e71e7853b1d18932a5e174ca88abb769cf16836f11e101251e53aacf6375dda8,1,389.86212480813265,400.61779180541635,580.8322909288108,10.755666997283697,190.9701661206782,True
jsts:valid:1327,JSTS,score,caption-component:eb79095de8cbc1a22303a53f32b4448c014cd2068df2b03a045682e12e8f07dd,1,399.3813330307603,392.813874874264,596.2934158742428,-6.567458156496286,196.9120828434825,True
jsts:valid:1330,JSTS,score,caption-component:9432623f96a4292644769e39bb5e39a93853ed88caa8ac4af353abd4b3a649a9,1,358.2279169932008,394.47420788928866,596.4931668713689,36.246290896087885,238.2652498781681,True
jsts:valid:1337,JSTS,score,caption-component:fcbda698c8c155e7f74744698f2c76a14ddb36146cf39ae5c0cfc12b9a4cf36b,1,401.3066659681499,387.17312505468726,583.3277502097189,-14.133540913462639,182.02108424156904,True
jsts:valid:1352,JSTS,score,caption-component:ce35303f9a7be6d2b5588051ef50553e26c9af5c35bda8b0c29492edc54acd96,1,412.5332497060299,414.0765843912959,570.6511670723557,1.543334685266018,158.11791736632586,True
jsts:valid:1357,JSTS,score,caption-component:21adc08273a1f7826967b5ec5ffbb8f20dde093b985e6e0bd2fb323979af8be7,1,285.5977909639478,280.927374958992,449.4113754481077,-4.670416004955769,163.81358448415995,True
jsts:valid:1359,JSTS,score,caption-component:cb9a8b1fe3e9c84207291fd739e1add170be48d9ecbc9545311144cd7bc56ccb,1,397.6782080717385,390.2190001681447,582.0060838013887,-7.459207903593779,184.32787572965026,True
jsts:valid:1365,JSTS,score,caption-component:507b6c7dd28b8a51f49da19fcd40facf7fb4af8c8f90435d2bc14fb1e6b43612,1,385.8137088827789,443.89991695061326,648.7436667084694,58.08620806783438,262.9299578256905,True
jsts:valid:1366,JSTS,score,caption-component:8ca4d969de3c2f7148dda2cc226a5d036155f6253f7808648a775e52c1958cb9,1,411.5993329323828,392.3441250808537,610.2649164386094,-19.25520785152912,198.66558350622654,True
jsts:valid:1367,JSTS,score,caption-component:6453f3330c703c011e2c6d79fcb362e64e0f5f8d18eca4ba153158368c88d2b3,1,393.2585418224335,411.7051661014557,584.0819580480456,18.446624279022217,190.82341622561216,True
jsts:valid:1376,JSTS,score,caption-component:c8d65b9d922c4b5ab853535639c748b914427df380d91b56e48b87a513f1f897,1,439.50725020840764,411.5072921849787,645.0708326883614,-27.999958023428917,205.56358247995377,True
jsts:valid:1377,JSTS,score,caption-component:a7a2dd4054557709620a5045fe14721991e26a3aa4329c7e468400ed87d7f5fe,1,393.5354999266565,379.5003746636212,581.5180419012904,-14.035125263035297,187.98254197463393,True
jsts:valid:1390,JSTS,score,caption-component:ff40df1050a490992c050a040b91f6679ce7327a7a31768dac02423ac78b82d9,1,385.02758415415883,400.6857080385089,588.0907918326557,15.658123884350061,203.06320767849684,True
jsts:valid:1394,JSTS,score,caption-component:8f4967b76f82db1390aacf38a92921aec017d2b8eae5c5113c0863b19a7cb95c,1,414.5335420034826,403.4473751671612,601.515166927129,-11.086166836321354,186.98162492364645,True
jsts:valid:1396,JSTS,score,caption-component:4c646366953880c097dec6bf6e6e189adcf1d6f901e8da45405b998020928157,1,436.56654143705964,417.0534173026681,613.0226668901742,-19.513124134391546,176.4561254531145,True
jsts:valid:140,JSTS,score,caption-component:a96edc3cee2559c196a12ce0d5cb1c6c3659a33512e425fa044afff33642c628,1,396.99108339846134,392.89274998009205,597.5711666978896,-4.098333418369293,200.58008329942822,True
jsts:valid:1402,JSTS,score,caption-component:9c90e1256a3e151c2e7cecc4a04aa72737e3c7167639af73b734966f6dbf59fa,1,406.0921249911189,408.8788339868188,590.0054168887436,2.7867089956998825,183.91329189762473,True
jsts:valid:1416,JSTS,score,caption-component:4570a033f91078fcd5ef110f01f6e8ec9bf45ede4925c4bf3cc10f3fd40678ec,1,417.586375027895,387.9976659081876,608.2820841111243,-29.588709119707346,190.6957090832293,True
jsts:valid:1422,JSTS,score,caption-component:5c59d1e694134b54e3bf2fbe94c1157ec17c4a25ce87d1ae38683298ad974e61,1,405.61370830982924,397.33329182490706,588.0733327940106,-8.28041648492217,182.4596244841814,True
jsts:valid:1434,JSTS,score,caption-component:d79bc0939f5c00653138f641f189fb26be74dd60e7717d464e24b890e20c4977,1,337.4115829356015,332.3232918046415,515.3862498700619,-5.088291130959988,177.9746669344604,True
jsts:valid:1446,JSTS,score,caption-component:8dd3d1dc4178ece8acd305a7508c9f26b59ffcb841629b6ecb6a704c2f1a0907,1,397.94629206880927,415.38512520492077,603.1030830927193,17.438833136111498,205.15679102391005,True
jsts:valid:145,JSTS,score,caption-component:50d02a61855356d7522bc9a5d31fbbd2dc4323285ffc052a4ff10565b480e3b4,1,362.1127922087908,382.7420827001333,531.0621666722,20.629290491342545,168.94937446340919,True
jsts:valid:1451,JSTS,score,caption-component:000724c2a2b270aa9415734f58cfc6e1038628a00428cdcd3ea0e7d858ca0833,1,383.2310829311609,408.161791972816,566.999000031501,24.930709041655064,183.76791710034013,True
jsts:valid:147,JSTS,score,caption-component:8c1f298f559e89a3424a275ebb4564b469f25d47de546a5fe960a6e5f1a19750,1,429.99954195693135,419.97491708025336,626.3353331014514,-10.02462487667799,196.33579114452004,True
jsts:valid:149,JSTS,score,caption-component:f1c8f2f2b629b9fd4661a2b3d3b427bfc65e2a8ef19ad20430b6c9f9657c6e4b,1,388.4078753180802,410.2243329398334,567.1308748424053,21.816457621753216,178.72299952432513,True
jsts:valid:177,JSTS,score,caption-component:c111e19573b5a08c7707ab83deb8e4701a27947b956c65972a328249f12a9a1d,1,405.8797499164939,425.3139169886708,616.6696674190462,19.434167072176933,210.78991750255227,True
jsts:valid:181,JSTS,score,caption-component:3e9ccf3e4edf2384131eaa6e4f5af9ee81b2825586f8af337c9c7977f0645119,1,409.68875028192997,390.3017910197377,605.3658328019083,-19.38695926219225,195.67708251997828,True
jsts:valid:185,JSTS,score,caption-component:d043d2f3f2fe76a56b23acb4977db2193c3ee126e97e10e7d11ba0d082eba2c2,1,411.1832077614963,394.7240002453327,590.9204999916255,-16.459207516163588,179.73729223012924,True
jsts:valid:188,JSTS,score,caption-component:03df2100c78368913859c430d8900a2e3c7f41fc9baa17405db084e5dd343aa2,1,432.2320003993809,453.6639582365751,653.1516658142209,21.431957837194204,220.91966541483998,True
jsts:valid:191,JSTS,score,caption-component:f8b42432dad46c96f92c3ed359ba01205a7126892431b8c94f787c7686e8bdf4,1,409.93412490934134,397.99887500703335,599.3347908370197,-11.935249902307987,189.40066592767835,True
jsts:valid:197,JSTS,score,caption-component:1065d0ec21d65c1e07efbb3ca9410485b98e78d94d7dbaecc4a08dbfc1d94fe9,1,271.7896671965718,270.09504195302725,431.61729210987687,-1.6946252435445786,159.82762491330504,True
jsts:valid:203,JSTS,score,caption-component:260797ef8f7f440d1d4e52558ee4fce68561166f05ce458fb57a631de1e0881c,1,389.3377920612693,391.9513332657516,600.3838749602437,2.613541204482317,211.04608289897442,True
jsts:valid:204,JSTS,score,caption-component:03b900713120302f90b4b18bba21d7798416d14d70b0ee89fe62f901f841d90f,1,443.8737500458956,432.28220799937844,646.0997499525547,-11.591542046517134,202.22599990665913,True
jsts:valid:205,JSTS,score,caption-component:554e9666978da99919899601e9c006403143aad03a5bb8bc7e6c738912b8a675,1,380.2255839109421,398.348500020802,592.5105828791857,18.122916109859943,212.2849989682436,True
jsts:valid:21,JSTS,score,caption-component:8db32a8d06736fd056a2b13bf14ad6303baac1b65c801f21f8325feeb1c791e6,1,373.8307496532798,393.33283388987184,552.6492078788579,19.502084236592054,178.81845822557807,True
jsts:valid:214,JSTS,score,caption-component:d0ec3e2286e9e751ead5272903fcc2d12ac561f6581f3503f0754a4b4f5c872c,1,399.5115840807557,385.9675829298794,575.664333999157,-13.544001150876284,176.15274991840124,True
jsts:valid:222,JSTS,score,caption-component:bb3cd02481ea16dd201366826560ec22647700299aa1d711b3a4cb380d0d8e81,1,417.37583419308066,399.75770888850093,603.5608337260783,-17.618125304579735,186.1849995329976,True
jsts:valid:229,JSTS,score,caption-component:bba50e1147797262093c6638d5754c14c3206b5711039e43c70612603a7356f4,1,397.0165830105543,389.53354163095355,594.6252499707043,-7.483041379600763,197.60866696015,True
jsts:valid:233,JSTS,score,caption-component:892f04ca56c9914f2309fd85d8772bd3d52a02d36d3e1952fe900c70e3db7552,1,417.0062500052154,432.003874797374,626.5940410085022,14.997624792158604,209.58779100328684,True
jsts:valid:234,JSTS,score,caption-component:5665eadbd76a52d71f83c9117ea3162699870990052adc2acef08413d841c181,1,393.83050007745624,445.0473338365555,664.2577089369297,51.216833759099245,270.42720885947347,True
jsts:valid:250,JSTS,score,caption-component:231920eac76f50117458a3215e5bbf2601b503676ac513752e84772aaaed5f65,1,301.73962470144033,304.67716697603464,493.64149989560246,2.937542274594307,191.90187519416213,True
jsts:valid:254,JSTS,score,caption-component:768aed3fb702205c0cac3cecf091815cc32be86ba10ccfa2d5e5e9f8ed893cfc,1,423.42675011605024,437.63595912605524,636.6354171186686,14.209209010004997,213.2086670026183,True
jsts:valid:267,JSTS,score,caption-component:15c6a78877dbea6fd6de5d7d73f0b31f3da35755aaad3642d8378b018d80301b,1,417.7714171819389,400.59879096224904,584.2295410111547,-17.172626219689846,166.45812382921576,True
jsts:valid:270,JSTS,score,caption-component:b692253f7b00fce8284d19456a16f0cafc1c5c49662270df18bc2e65de794dc0,1,503.0551250092685,436.6909582167864,703.1947090290487,-66.36416679248214,200.13958401978016,True
jsts:valid:276,JSTS,score,caption-component:58ba26a3c3d7265b66e6716eb8aca5144a1bdb26ad17ffbb4c8ef8d395c005e8,1,465.50762513652444,434.1564169153571,687.5742911361158,-31.351208221167326,222.06666599959135,True
jsts:valid:280,JSTS,score,caption-component:453b10a2a57a8f95fe1263543fe4f26a7248eec10492271712de69a2111739d7,1,387.76408415287733,385.4085002094507,575.587207917124,-2.355583943426609,187.8231237642467,True
jsts:valid:29,JSTS,score,caption-component:2f3b0b982927e64c68905255f3b86e4a51e701446c69fefa41d4516b0768ed20,1,301.876749843359,295.5232090316713,472.52708300948143,-6.353540811687708,170.65033316612244,True
jsts:valid:3,JSTS,score,caption-component:85f7b1aafcef92cb1d8e034ad2f449a4cde73817f68c7469be4112623b7c61e7,1,414.6912922151387,407.3329591192305,597.892832942307,-7.358333095908165,183.20154072716832,True
jsts:valid:302,JSTS,score,caption-component:091c00187ac3f8eaf3cb24a1e91a6c49522aa844d35a3770b855831ac65a82e9,1,406.40720818191767,399.49612505733967,587.8129578195512,-6.911083124577999,181.40574963763356,True
jsts:valid:33,JSTS,score,caption-component:e9385a58d9e205e7d294cb3de56188174aa131aa7ac10b6926205ab2b84c4683,1,453.642625361681,440.1763342320919,666.2865001708269,-13.46629112958908,212.64387480914593,True
jsts:valid:337,JSTS,score,caption-component:f4f4006fb81789c826ee7e1d10d160892132fe94d4ef9f611a5dd7ca9be769e8,1,359.6237082965672,376.20016606524587,556.7713752388954,16.576457768678665,197.14766694232821,True
jsts:valid:340,JSTS,score,caption-component:65e80c0f54057ee14dc5972af549bfaa471c0128946289b90224b1964167dbec,1,350.92770820483565,375.42062485590577,584.4515413045883,24.492916651070118,233.52383309975266,True
jsts:valid:348,JSTS,score,caption-component:37fd588e1e165fc5735b6e499182716137620a4920a25443651467faaaa68e65,1,383.8756247423589,368.92508296296,547.1227909438312,-14.950541779398918,163.24716620147228,True
jsts:valid:350,JSTS,score,caption-component:2767ba160a65c7540c5ffefa7c72a0fc6702d062561074324ef010610439c7f8,1,382.7522909268737,385.7833333313465,574.5617090724409,3.031042404472828,191.80941814556718,True
jsts:valid:356,JSTS,score,caption-component:ddd8b13806526fcf7bcbbd2781b5c5a49a6c25f0e3a7aea3ffc36e7d2a988182,1,387.4550419859588,377.6038750074804,570.2176666818559,-9.851166978478432,182.7626246958971,True
jsts:valid:363,JSTS,score,caption-component:0cc476e3b6ff54e75eec0d78c355950264a0f9cf529aa2d0ba46fcb03ce80b89,1,403.5583329387009,386.77370781078935,569.2131659016013,-16.784625127911568,165.6548329629004,True
jsts:valid:364,JSTS,score,caption-component:acbb90b828300d6fecd5ec293c0e4dda6528a100c963106088c8fbf94840779b,1,408.8432500138879,422.63508308678865,612.483583856374,13.791833072900772,203.64033384248614,True
jsts:valid:370,JSTS,score,caption-component:8f9f1549e118820231c000a9653ac5e949c09c2fbed99be7dbcaaf2d0cc35f69,1,414.7253748960793,397.27724995464087,627.3241667076945,-17.448124941438437,212.59879181161523,True
jsts:valid:376,JSTS,score,caption-component:16b4f565750fc6977370aea89e93e2415d958fca874684e72ed4e06193fa2cc5,1,361.9195418432355,380.8680409565568,549.4744582101703,18.948499113321304,187.55491636693478,True
jsts:valid:391,JSTS,score,caption-component:cf4c377801e7a957756d35a49e91bceed052872b4f32c9264d18bca4edf31f71,1,386.1090410500765,404.0476246736944,586.0075000673532,17.938583623617887,199.89845901727676,True
jsts:valid:395,JSTS,score,caption-component:9982457759938dcf6b8c518fd91f383b8aecb0fd83ccc31aa230671197d41714,1,413.6474998667836,395.9792088717222,588.4309578686953,-17.668290995061398,174.78345800191164,True
jsts:valid:399,JSTS,score,caption-component:c542db8dadbb710680af969cfc67f4cbfb517fa916715514edb33c1ee8a3649d,1,406.76933294162154,398.5264580696821,588.3591249585152,-8.24287487193942,181.58979201689363,True
jsts:valid:400,JSTS,score,caption-component:88ed3fd2bb9ddfcdb2c82f82bf54e6f7e94f6a4aabb9070afdae54172e3c8ab2,1,397.05516723915935,386.9495838880539,565.692416857928,-10.105583351105452,168.6372496187687,True
jsts:valid:402,JSTS,score,caption-component:f47268dff4edb35e07d4f7913836801dfeebde4b6dc5740a78202a57273a346c,1,432.3524171486497,442.68441712483764,639.686041045934,10.331999976187944,207.33362389728427,True
jsts:valid:416,JSTS,score,caption-component:0099edc061126cde71ddd497668b0b9d0c8edfd031ca1264d5656d40a42c4cee,1,383.5012917406857,366.0499579273164,557.6528329402208,-17.451333813369274,174.15154119953513,True
jsts:valid:42,JSTS,score,caption-component:ae44955beee0dfdb5da831b67b5a787f828402d56643829468c4df3ce842d1a2,1,373.5683341510594,386.250791605562,568.9311251044273,12.682457454502583,195.36279095336795,True
jsts:valid:438,JSTS,score,caption-component:0a13834731f18b0cc0afa88c5446e7a5ee9b2b97a4f5f7bf91f76abc61369e21,1,382.8684580512345,407.14891720563173,573.6390831880271,24.28045915439725,190.77062513679266,True
jsts:valid:449,JSTS,score,caption-component:8733a444ca71d403fe05182d08bce5c7059c1bdfebd4ae1eae28b4d9f34770a1,1,406.3652912154794,391.7329581454396,593.7257502228022,-14.63233307003975,187.3604590073228,True
jsts:valid:456,JSTS,score,caption-component:98a210ad445ccdbc06737e7261bcc30cdfd3e56a16750dcb1eb67afc07286daf,1,396.4425837621093,404.47287540882826,592.1580828726292,8.030291646718979,195.7154991105199,True
jsts:valid:458,JSTS,score,caption-component:bc41c6a49b866c05a222d60b7408d5b9ebe527a764de6bb76c6dca05418e3616,1,310.8405829407275,310.6545000337064,514.394000172615,-0.18608290702104568,203.55341723188758,True
jsts:valid:475,JSTS,score,caption-component:1aaa01af84d489e83b527668a04b80bd94c68dbaf3bcb83e1cb2658b84186e48,1,381.3477917574346,393.09466583654284,577.2819169797003,11.746874079108238,195.93412522226572,True
jsts:valid:48,JSTS,score,caption-component:a0d15300016b606e4f66eb6039cf9fc36e1325851c99de1a70b3ca1dbd879356,1,414.55237520858645,422.01645905151963,603.5448340699077,7.464083842933178,188.9924588613212,True
jsts:valid:489,JSTS,score,caption-component:12df5d0f9144c315b41632a921a7d75626022e287b6819d40fb7941d62822df7,1,356.87770787626505,339.02658289298415,512.9863331094384,-17.851124983280897,156.10862523317337,True
jsts:valid:500,JSTS,score,caption-component:5c4f7229061274c78ef58608eb88cf3901aff28e6ac907b7a60c99abaa8f7015,1,446.3861659169197,435.01787493005395,642.8302088752389,-11.368290986865759,196.4440429583192,True
jsts:valid:510,JSTS,score,caption-component:21f60cead7a6cc3b54454536b25dbc805771d6dd2335f8e12493cea4de6e4b80,1,406.89879190176725,381.4988750964403,573.5354167409241,-25.39991680532694,166.63662483915687,True
jsts:valid:516,JSTS,score,caption-component:39d9f7f37ed46d737178ef26d6e5d8342ed68de73ad03dca2d7fb065db1145d5,1,302.55833361297846,306.1191248707473,470.47395911067724,3.5607912577688694,167.91562549769878,True
jsts:valid:519,JSTS,score,caption-component:2bdc80c9d9d38ae0ec5c3bdb1946acd6a43b2d6780df78e149d3b07c50dc0aee,1,392.73699978366494,405.05320904776454,581.2438749708235,12.316209264099598,188.50687518715858,True
jsts:valid:520,JSTS,score,caption-component:6bdc206ba237db6c68cd61805b1179447dde8efd9b4464317f6c1532e431fde0,1,399.87233420833945,388.50616570562124,579.3944578617811,-11.36616850271821,179.52212365344167,True
jsts:valid:523,JSTS,score,caption-component:734dc90a6c3b9cb2dcb0f08b8bd51fe6b1738ae3494572120a9550183ed925ca,1,390.85179194808006,402.708750218153,593.1345410645008,11.856958270072937,202.28274911642075,True
jsts:valid:524,JSTS,score,caption-component:734dc90a6c3b9cb2dcb0f08b8bd51fe6b1738ae3494572120a9550183ed925ca,1,313.61600011587143,315.89474994689226,494.4227081723511,2.278749831020832,180.8067080564797,True
jsts:valid:530,JSTS,score,caption-component:fa6bdc9b565f991e7aa661391121e5ef5b9731d41981a1cf333b03eabcdd606d,1,380.79499965533614,406.02250024676323,614.5007503218949,25.227500591427088,233.70575066655874,True
jsts:valid:55,JSTS,score,caption-component:aa7b60f14dcd8a0091735e2a6c279ed6b019b1410ed12a6f6bb4ab22d62f69f5,1,392.7504173479974,386.72170881181955,574.3193342350423,-6.028708536177874,181.5689168870449,True
jsts:valid:554,JSTS,score,caption-component:0a433889989808b7702fdf51b54cc336e0b546dc2a395cd73533ea3a0fc1825a,1,390.6502081081271,414.2687078565359,596.5235000476241,23.618499748408794,205.873291939497,True
jsts:valid:558,JSTS,score,caption-component:6f4e5ed5fecd33d5bb2bebbebf4196b17c94ce5a0aea312f1d1c0fa51d5a9752,1,392.82166585326195,400.91529209166765,582.1321248076856,8.093626238405704,189.31045895442367,True
jsts:valid:56,JSTS,score,caption-component:16d748a50c4635c9578c86b00c6ab9816e1c14d6cb7bf8e1906f17e8defe3da9,1,352.055000141263,378.19683318957686,573.3765410259366,26.141833048313856,221.3215408846736,True
jsts:valid:560,JSTS,score,caption-component:ada9d4a6355c28cb8f3c144d1b3747607b9a984e07965b0ff7991485680c1bd3,1,451.83458318933845,449.7309159487486,648.8316250033677,-2.103667240589857,196.99704181402922,True
jsts:valid:564,JSTS,score,caption-component:f9565e2f90d1e7910b5450c7670713cb971652f78ba7e8d67ec3fc08d3fc4868,1,345.43708292767406,382.5305416248739,578.6881661042571,37.09345869719982,233.25108317658305,True
jsts:valid:566,JSTS,score,caption-component:2b734f0e1c1d37c06dfa8ab4f9a1f2f2c3df0e3781956df3244370e9d5bc0acf,1,387.9464170895517,381.22820807620883,573.3709167689085,-6.718209013342857,185.4244996793568,True
jsts:valid:57,JSTS,score,caption-component:d9cb8bc9060b82eb127341899aa41ed8b302eb64eb98ada562c287802f429e23,1,388.73870810493827,406.8955001421273,602.0259167999029,18.156792037189007,213.28720869496465,True
jsts:valid:580,JSTS,score,caption-component:6a4182d384e8d3edb6dbc757b09dece37e980842af308f1d2eadf0abe642a86c,1,381.5597500652075,383.46762489527464,569.875709246844,1.9078748300671577,188.31595918163657,True
jsts:valid:581,JSTS,score,caption-component:7413faf992fa5418d97cdfd0d933af78713084f5e3b5df0a3fbaeec945428650,1,408.4616666659713,428.3192502334714,598.9565830677748,19.857583567500114,190.4949164018035,True
jsts:valid:589,JSTS,score,caption-component:e97c7f48ea2c7a8667a37e49076e0985ef3dcda5a60963a093bd8990b69d766f,1,369.66504203155637,405.5865830741823,588.7528751045465,35.921541042625904,219.08783307299018,True
jsts:valid:590,JSTS,score,caption-component:8a39902df80f777c38cc731b9f9c2e43fe08e47da53e1dd3f72e562ad60aee0c,1,396.23795822262764,382.577707991004,573.2192499563098,-13.66025023162365,176.98129173368216,True
jsts:valid:592,JSTS,score,caption-component:a6e8a2a4d96301421ba53ebc2c65916c4238bdcfc33d05515ddb17a78139ab5d,1,428.3802919089794,387.91783433407545,618.4467920102179,-40.462457574903965,190.0665001012385,True
jsts:valid:599,JSTS,score,caption-component:4850b7fd1fa8cce1c9fb9bdad844b0e59a01c87ab9fe891fe900dbb2f41beb39,1,276.8311249092221,278.7042921409011,450.1634589396417,1.8731672316789627,173.3323340304196,True
jsts:valid:601,JSTS,score,caption-component:e36f5b4f28a1b51b1a64f666b2794938ae47a076c8b7b1df86c7aee4788190db,1,384.65462485328317,401.9688330590725,584.9729999899864,17.314208205789328,200.31837513670325,True
jsts:valid:619,JSTS,score,caption-component:577d78063b1f11a0098772f921fe86cf92fb0d78e3025db5b187086861c49959,1,416.08270769938827,408.2404999062419,593.9708752557635,-7.842207793146372,177.88816755637527,True
jsts:valid:621,JSTS,score,caption-component:6cf63c64f4c8177acccae1a52e39f7d25ea052efb3f1d956e7dbd689e596c610,1,402.6791672222316,401.7560421489179,601.5454172156751,-0.9231250733137131,198.8662499934435,True
jsts:valid:622,JSTS,score,caption-component:c2bc602eee2550982fa947ff2250385ba16f043a8138b27be091f4a121356469,1,411.6930002346635,399.83591716736555,606.2625837512314,-11.857083067297935,194.56958351656795,True
jsts:valid:64,JSTS,score,caption-component:e7a3b4c6aeff73c176a887c4774379205cb0521a8d2e72eebb6b8827a912362b,1,400.84108291193843,414.0129592269659,602.3619999177754,13.171876315027475,201.52091700583696,True
jsts:valid:647,JSTS,score,caption-component:2d7a23d3bdb256b6fd8e3dfd734291facb3e6b13779eef3707d8991b223c87f3,1,299.2566670291126,293.76433277502656,459.36687476933,-5.492334254086018,160.11020774021745,True
jsts:valid:656,JSTS,score,caption-component:4ae83284470a500c0b8481eaadf78ccf30d539966332acd038c36d0855ecd90b,1,364.2498329281807,410.137833096087,585.8007911592722,45.888000167906284,221.5509582310915,True
jsts:valid:672,JSTS,score,caption-component:cb025b1aea07e0aba93519b6db539e79fc9a6f39a4a3ec1c4f25f87d74fb5ffd,1,362.296124920249,384.4047081656754,550.3829577937722,22.108583245426416,188.08683287352324,True
jsts:valid:677,JSTS,score,caption-component:7983c6d12b1e41812cba43250782dcbb1768d2defc02aeb98c1ca2c722b63503,1,273.75925006344914,271.9898750074208,426.00737512111664,-1.769375056028366,152.2481250576675,True
jsts:valid:681,JSTS,score,caption-component:a9873f5288d035127558e4f6f1ae2c92a00f9c2cb652e752a72cd21ed560bdde,1,403.5142920911312,386.8109998293221,572.3804580047727,-16.70329226180911,168.86616591364145,True
jsts:valid:688,JSTS,score,caption-component:abc57fc02be8e4e20c3a3a99a060156420f425982f3b5eb4c787901456997ba5,1,379.9064587801695,402.3070828989148,569.86283371225,22.400624118745327,189.9563749320805,True
jsts:valid:691,JSTS,score,caption-component:bc8e854d761f85d41ec9f6a690be8650e776ece7653846bb7dacb5ed39c01254,1,413.052209187299,398.93158292397857,610.2135838009417,-14.120626263320446,197.1613746136427,True
jsts:valid:692,JSTS,score,caption-component:b6947add0e062ea9cd536d0149c692f75b93ff24c280f6a56e4aa46e8c5ff94c,1,381.8206670694053,367.15579219162464,566.649875137955,-14.664874877780676,184.82920806854963,True
jsts:valid:702,JSTS,score,caption-component:7b2949571f7e2efc6ae3dd49a4091509ab7c7209c959c66ea04dc8e3677ae996,1,385.021582711488,397.63829205185175,586.0467916354537,12.616709340363741,201.0252089239657,True
jsts:valid:704,JSTS,score,caption-component:afeeab0d8ad218895f8ec5557508dc8745fd48cfd9995c50f68f4beb8b3e6bbd,1,385.20633382722735,399.98108288273215,583.4524999372661,14.774749055504799,198.24616611003876,True
jsts:valid:728,JSTS,score,caption-component:18a84ba0ddae1a47538f0cce44cc814f13074d37126d0e155e600dbc9532eba6,1,395.5789590254426,381.0327919200063,576.2408329173923,-14.546167105436325,180.66187389194965,True
jsts:valid:729,JSTS,score,caption-component:049e10beb91d64a69a8c3376687417166c9e4b407dcdbd5053ecfcc62709d8d3,1,400.972000323236,388.281499966979,632.2497921064496,-12.690500356256962,231.27779178321362,True
jsts:valid:734,JSTS,score,caption-component:602c888b9e767c4e64431fd9fecff3c8ffd3662b7e05679a11de831088310160,1,451.74766704440117,435.46908302232623,684.1854578815401,-16.278584022074938,232.4377908371389,True
jsts:valid:742,JSTS,score,caption-component:296eeb79c800768dcb9a29c6fc60d75bd92dad3de9469ff42a469e20421da338,1,390.3966657817364,349.6923753991723,558.269000146538,-40.70429038256407,167.87233436480165,True
jsts:valid:748,JSTS,score,caption-component:0a4eb4249e58aa5d5011734487109d97deaadd7dd5e96185f24e3d2794454f3d,1,467.8762909024954,476.0845829732716,677.0632499828935,8.208292070776224,209.18695908039808,True
jsts:valid:751,JSTS,score,caption-component:312bc87cb1d0e2953e99bd0be935f288144fc2e8cd8f842444077c024cfca568,1,397.5500422529876,355.4034582339227,593.1608332321048,-42.1465840190649,195.61079097911716,True
jsts:valid:763,JSTS,score,caption-component:3bc3d145db851a6ee52894b644d4f0df72bcc0322c5bc26cd965b263b28a44d5,1,385.86045801639557,368.59375005587935,547.7309171110392,-17.266707960516214,161.8704590946436,True
jsts:valid:768,JSTS,score,caption-component:b8757cea17ba714f50663d8238f9969fe9822e661900c8aa9092064060f6ae27,1,381.08245795592666,390.18966630101204,580.7305830530822,9.107208345085382,199.64812509715557,True
jsts:valid:778,JSTS,score,caption-component:4a10a92507913cd6063b56755e9531fe1e594b820819fed67bc665c27e3623a5,1,392.663958016783,410.8806662261486,605.5161668919027,18.216708209365606,212.8522088751197,True
jsts:valid:78,JSTS,score,caption-component:44925fa50197b2aef7268042dcfee0b10b56699d624e157efc5fd162be0cf039,1,413.34166610613465,425.3819161094725,608.9387498795986,12.04025000333786,195.59708377346396,True
jsts:valid:781,JSTS,score,caption-component:1512dfc64d2cd6eddb56362474600b4676b0904e0774c709b90b93c1f000d89e,1,375.1612501218915,394.75758327171206,564.1932911239564,19.596333149820566,189.03204100206494,True
jsts:valid:789,JSTS,score,caption-component:4253a84b51eb7157a30079d41d37a6d3e4b1775b2a8f0277e20b543b0ad651d5,1,391.7090827599168,406.7774168215692,601.6762498766184,15.068334061652422,209.9671671167016,True
jsts:valid:794,JSTS,score,caption-component:03b9109d8a009ab5a4618a684477fc8f9b2b21c38ca08e00c4270e22a2f68822,1,393.86283280327916,379.8610419034958,577.3297501727939,-14.001790899783373,183.4669173695147,True
jsts:valid:803,JSTS,score,caption-component:0d5335766322010b8b4d1a5651f4048e4ae689ce37c55b485b4d6dc2099e1079,1,432.816999964416,429.43966621533036,613.5399583727121,-3.3773337490856647,180.7229584082961,True
jsts:valid:804,JSTS,score,caption-component:afb5066376d02cc0716422c00d273c9301881da62b9dce35f121fa68a8d94e0d,1,325.92787500470877,325.6674581207335,509.62683418765664,-0.2604168839752674,183.69895918294787,True
jsts:valid:816,JSTS,score,caption-component:db0711898738d79fb503ac202c0d2c23ef364b2aa2399de19c251692b8fd1d40,1,381.69141579419374,392.5223327241838,539.4526673480868,10.830916929990053,157.7612515538931,True
jsts:valid:84,JSTS,score,caption-component:e8cfaa61f7f44e946ed78d5d082b142261cee9b990f48f1f78f091dedbd0236c,1,393.96591717377305,366.6153745725751,562.83999979496,-27.350542601197958,168.87408262118697,True
jsts:valid:843,JSTS,score,caption-component:db8464b04eda8cc08b5bbce22191f0cecfe4f075746a75490b3acff5fe552de2,1,422.0085418783128,404.46824999526143,582.9821252264082,-17.540291883051395,160.97358334809542,True
jsts:valid:852,JSTS,score,caption-component:34e7dcbc7fdc1118fa92809266ecba9f28f16b298e1583de5a9d41b12194c15f,1,375.3277910873294,371.04079220443964,558.9943747036159,-4.286998882889748,183.66658361628652,True
jsts:valid:855,JSTS,score,caption-component:575eeb09b8de86929210d4ae269c7e075acf577b97a34691f7c9cf86ec95c3f9,1,404.0267919190228,413.6672089807689,596.3130830787122,9.64041706174612,192.28629115968943,True
jsts:valid:862,JSTS,score,caption-component:20e328b248dae6be3cf1f4ea04bb6f45bb7d2b7abf8fe1a417132d52d276762d,1,385.0069157779217,383.6895418353379,575.2435000613332,-1.3173739425837994,190.2365842834115,True
jsts:valid:866,JSTS,score,caption-component:e38052cc67cdedb366a345e9dad5d14686effbe7c4e68152483bfb50108aa6ea,1,385.906916577369,393.47083400934935,584.088749717921,7.5639174319803715,198.18183314055204,True
jsts:valid:87,JSTS,score,caption-component:0c52aca23dd7dbe68c4d95a04721ff246657387eb8fd650ed699964d30b3d530,1,393.0157502181828,421.3183340616524,649.1976249963045,28.30258384346962,256.1818747781217,True
jsts:valid:875,JSTS,score,caption-component:a1dd120eecfdaa91d0d8ed8e9f3b51996412b92556220a0fc80b94bce20a3f7b,1,272.59812504053116,272.6703747175634,427.9260840266943,0.07224967703223228,155.32795898616314,True
jsts:valid:877,JSTS,score,caption-component:f99f5905809bd1d3acf0e552d776770cb4b07ee33c18bb7f823a6665c9847bf0,1,400.31395899131894,405.80041566863656,594.1858338192105,5.486456677317619,193.8718748278916,True
jsts:valid:880,JSTS,score,caption-component:7bb105a83445837cc70feec266f29a0e6f62b5b285c7ccb7ee1e8dfd57c74424,1,267.89837470278144,269.7514998726547,423.4879999421537,1.8531251698732376,155.58962523937225,True
jsts:valid:894,JSTS,score,caption-component:4d74e943e6643e17f68a2904cb81352c2c51618919a03be8648632f50665022c,1,397.03487511724234,395.4258328303695,567.7299168892205,-1.6090422868728638,170.69504177197814,True
jsts:valid:897,JSTS,score,caption-component:5e2fcc19038aabefa8b177d096ce1735440165ee14d314655de9304f6428cfd9,1,394.3300829268992,402.49175019562244,581.9681254215539,8.16166726872325,187.63804249465466,True
jsts:valid:917,JSTS,score,caption-component:83eb33b59dd04dd421edb8e37ab234c945bfbc6646993ccba8ec2ba3a1a52163,1,323.2318330556154,328.90820829197764,500.31499983742833,5.676375236362219,177.0831667818129,True
jsts:valid:92,JSTS,score,caption-component:a16a248242dc6e1e17f00a250a2000e8d808facb9388e290876dd5b2f8dbc891,1,359.43450033664703,366.5265003219247,602.9869578778744,7.091999985277653,243.55245754122734,True
jsts:valid:929,JSTS,score,caption-component:3949f029b06e7d9ac066814772870fde1d57f595f7f4f2ed026b4ad8e63a74f6,1,420.96087522804737,425.8875409141183,607.4911667965353,4.926665686070919,186.53029156848788,True
jsts:valid:936,JSTS,score,caption-component:fc27e20102b07555da70a76dd1f9485f33c374898930acccc161d2c49a5d6ceb,1,401.87266608700156,390.1391658000648,593.2668331079185,-11.73350028693676,191.39416702091694,True
jsts:valid:943,JSTS,score,caption-component:8848e72f68c5d9ccfbb07e13ec5318e2f16101ad4c38ab8339b74531407adc6d,1,391.18624990805984,404.5019173063338,600.3132499754429,13.315667398273945,209.12700006738305,True
jsts:valid:954,JSTS,score,caption-component:30232f41b279b6e7a003645481eb03e3476957df3e91bbcf14015f456a64bde3,1,501.0722088627517,508.6581250652671,705.6356249377131,7.585916202515364,204.56341607496142,True
jsts:valid:962,JSTS,score,caption-component:c8a176711ab472e77a274018b096402dc943e69f39633775b51a5e9fb268bb96,1,397.00470864772797,415.94925010576844,576.8889999017119,18.944541458040476,179.88429125398397,True
jsts:valid:969,JSTS,score,caption-component:d531fdf8aa35981b0999dcb2078d33c597397ce505fa8526833396427ba26546,1,391.7540842667222,404.44233315065503,613.3166248910129,12.688248883932829,221.5625406242907,True
jsts:valid:973,JSTS,score,caption-component:bba7358cc84bd6755b1fc4a02bb4d3960ec608fb4f4e56a738cd18c428735183,1,405.6409588083625,394.05687525868416,592.2978753224015,-11.584083549678326,186.65691651403904,True
jsts:valid:976,JSTS,score,caption-component:832f42816dc30328d4746920975375b2efaacc72478dddd2adcfc914105a651f,1,387.82187504693866,383.5609997622669,573.358166962862,-4.2608752846717834,185.53629191592336,True
jsts:valid:980,JSTS,score,caption-component:2b00ed9db06f0a17fbae9194d86a3c7e51c289cf0c6eef077a2ec5108d7305a3,1,383.34474992007017,374.2153747007251,565.9760828129947,-9.129375219345093,182.63133289292455,True
jsts:valid:997,JSTS,score,caption-component:06f23cac3fbd6841b6de57db52310cd5fc4e74192fb193a03b3b3d8526e6b474,1,369.2163326777518,363.57591580599546,572.6979579776525,-5.640416871756315,203.48162529990077,True
manual_v2_choice_002,local_v2,choice,manual:negation,5,214.58111656829715,216.92272499203682,343.1587666273117,2.3416084237396717,128.57765005901456,True
manual_v2_choice_012,local_v2,choice,manual:conjunction,5,280.05177518352866,285.5472834780812,504.91610020399094,5.495508294552565,224.86432502046227,True
manual_v2_choice_032,local_v2,choice,manual:arithmetic,5,269.92503330111504,267.2007665038109,488.3473251014948,-2.7242667973041534,218.42229180037975,True
manual_v2_choice_035,local_v2,choice,manual:extraction,5,300.53481655195355,292.528666742146,422.2204248420894,-8.006149809807539,121.68560829013586,True
manual_v2_choice_043,local_v2,choice,manual:contrast,5,208.14615851268172,211.16589168086648,340.83444150164723,3.0197331681847572,132.6882829889655,True
manual_v2_noul_002,local_v2,noul,manual:negation,5,197.0185418613255,197.86076648160815,322.2976587712765,0.84222462028265,125.27911690995097,True
manual_v2_noul_004,local_v2,noul,manual:insufficient,5,206.3155666925013,211.19530806317925,340.1002999395132,4.879741370677948,133.7847332470119,True
manual_v2_noul_027,local_v2,noul,manual:range,5,197.3609996959567,199.16212493553758,322.500441968441,1.8011252395808697,125.1394422724843,True
manual_v2_noul_031,local_v2,noul,manual:arithmetic,5,201.0518998838961,197.91120812296867,416.50440841913223,-3.1406917609274387,215.45250853523612,True
manual_v2_noul_049,local_v2,noul,manual:contrast,5,198.1377332471311,199.74526651203632,326.92260006442666,1.6075332649052143,128.78486681729555,True
manual_v2_score_005,local_v2,score,manual:sentiment,5,226.01082511246204,227.6392748579383,402.52778297290206,1.6284497454762459,176.51695786044002,True
manual_v2_score_008,local_v2,score,manual:count,5,286.50044202804565,277.1321415901184,467.7382999099791,-9.368300437927246,181.23785788193345,True
manual_v2_score_038,local_v2,score,manual:count,5,219.3129001185298,221.27621630206704,395.13810835778713,1.9633161835372448,175.82520823925734,True
manual_v2_score_047,local_v2,score,manual:meaning,5,220.22094996646047,218.5840000398457,397.2155334427953,-1.6369499266147614,176.9945834763348,True
manual_v2_score_057,local_v2,score,manual:count,5,251.68204149231315,248.0664831586182,423.34600016474724,-3.615558333694935,171.6639586724341,True
v2-gen-choice-01-022,local_v2,choice,generated:問い合わせ経路,5,264.4773919135332,262.3671827837825,386.06414971873164,-2.1102091297507286,121.58675780519843,True
v2-gen-choice-01-035,local_v2,choice,generated:問い合わせ経路,5,298.1852333061397,291.2105580791831,421.91574200987816,-6.974675226956606,123.73050870373845,True
v2-gen-choice-01-036,local_v2,choice,generated:問い合わせ経路,5,326.70666677877307,330.58009184896946,462.9235087893903,3.87342507019639,136.21684201061726,True
v2-gen-choice-02-002,local_v2,choice,generated:条件と優先例外,5,232.17033352702856,230.3536000661552,357.18295024707913,-1.8167334608733654,125.01261672005057,True
v2-gen-choice-02-003,local_v2,choice,generated:条件と優先例外,5,223.83966632187366,226.62441646680236,353.480008430779,2.7847501449286938,129.64034210890532,True
v2-gen-choice-02-024,local_v2,choice,generated:条件と優先例外,5,229.9958335235715,234.55895818769932,362.1992500498891,4.563124664127827,132.2034165263176,True
v2-gen-choice-03-005,local_v2,choice,generated:最終更新,5,290.3738334774971,293.43339167535305,425.05490807816386,3.0595581978559494,134.68107460066676,True
v2-gen-choice-03-006,local_v2,choice,generated:最終更新,5,283.80816681310534,288.2194083184004,419.1839416511357,4.411241505295038,135.37577483803034,True
v2-gen-choice-03-029,local_v2,choice,generated:最終更新,5,285.67869160324335,289.39003329724073,413.27508334070444,3.711341693997383,127.59639173746109,True
v2-gen-choice-04-009,local_v2,choice,generated:参照先の担当,5,371.72724129632115,390.15798354521394,527.8061252087355,18.430742248892784,156.0788839124143,True
v2-gen-choice-04-016,local_v2,choice,generated:参照先の担当,5,373.44174161553383,370.2872335910797,585.1195165887475,-3.154508024454117,211.67777497321367,True
v2-gen-choice-04-038,local_v2,choice,generated:参照先の担当,5,354.6184997074306,357.4946666136384,492.50798327848315,2.8761669062078,137.88948357105255,True
v2-gen-choice-05-001,local_v2,choice,generated:否定条件で選択,5,384.6045918762684,380.77358342707157,518.6570333316922,-3.8310084491968155,134.05244145542383,True
v2-gen-choice-05-012,local_v2,choice,generated:否定条件で選択,5,429.2236004024744,423.1678918004036,560.706574935466,-6.055708602070808,131.48297453299165,True
v2-gen-choice-05-029,local_v2,choice,generated:否定条件で選択,5,253.83389154449105,254.97533353045583,374.18724140152335,1.141441985964775,120.3533498570323,True
v2-gen-choice-06-002,local_v2,choice,generated:時間枠の包含,5,268.54369984939694,264.32370003312826,481.36394983157516,-4.2199998162686825,212.8202499821782,True
v2-gen-choice-06-023,local_v2,choice,generated:時間枠の包含,5,360.2160582318902,376.9125500693917,585.1690995506942,16.696491837501526,224.95304131880403,True
v2-gen-choice-06-039,local_v2,choice,generated:時間枠の包含,5,354.6920166350901,360.05895007401705,582.1421002969146,5.366933438926935,227.45008366182446,True
v2-gen-choice-07-021,local_v2,choice,generated:複数属性の制約,5,382.99317518249154,391.5306835435331,526.0300750844181,8.537508361041546,143.03689990192652,True
v2-gen-choice-07-022,local_v2,choice,generated:複数属性の制約,5,281.0627745464444,279.16833320632577,407.1597750298679,-1.8944413401186466,126.09700048342347,True
v2-gen-choice-07-049,local_v2,choice,generated:複数属性の制約,5,296.99600813910365,290.04309168085456,418.17361656576395,-6.952916458249092,121.1776084266603,True
v2-gen-choice-08-013,local_v2,choice,generated:改訂と例外の優先,5,306.6942999139428,305.9460002928972,443.4801837429404,-0.7482996210455894,136.7858838289976,True
v2-gen-choice-08-036,local_v2,choice,generated:改訂と例外の優先,5,299.3390745483339,293.50003311410546,424.4757586158812,-5.83904143422842,125.13668406754732,True
v2-gen-choice-08-040,local_v2,choice,generated:改訂と例外の優先,5,292.4951331689954,296.6026250272989,425.8623664267361,4.107491858303547,133.36723325774074,True
v2-gen-choice-09-008,local_v2,choice,generated:利用可能集合の差,5,217.18440866097808,219.97911715880036,347.6232087239623,2.7947084978222847,130.43880006298423,True
v2-gen-choice-09-021,local_v2,choice,generated:利用可能集合の差,5,273.0959917418659,275.022741779685,407.57500817999244,1.926750037819147,134.47901643812656,True
v2-gen-choice-09-043,local_v2,choice,generated:利用可能集合の差,5,287.62659169733524,280.8353750035167,415.6286587007344,-6.791216693818569,128.00206700339913,True
v2-gen-choice-10-002,local_v2,choice,generated:不在時の代理,5,380.5738251656294,391.61035008728504,599.2717666551471,11.036524921655655,218.6979414895177,True
v2-gen-choice-10-032,local_v2,choice,generated:不在時の代理,5,341.98853308334947,348.1307749636471,472.50491669401526,6.142241880297661,130.5163836106658,True
v2-gen-choice-10-042,local_v2,choice,generated:不在時の代理,5,340.1044415310025,336.5940417163074,556.1664666980505,-3.51039981469512,216.06202516704798,True
v2-gen-choice-11-008,local_v2,choice,generated:小数量の比較,5,356.99481684714556,380.39215011522174,527.476216852665,23.39733326807618,170.4814000055194,True
v2-gen-choice-11-014,local_v2,choice,generated:小数量の比較,5,379.8093918710947,370.13785000890493,605.0678917206824,-9.67154186218977,225.25849984958768,True
v2-gen-choice-11-040,local_v2,choice,generated:小数量の比較,5,386.6833250038326,389.7270833142102,620.9538586437702,3.043758310377598,234.27053363993764,True
v2-gen-choice-12-013,local_v2,choice,generated:条件付き不足書類,5,274.4739752262831,273.38230004534125,404.40904162824154,-1.0916751809418201,129.93506640195847,True
v2-gen-choice-12-019,local_v2,choice,generated:条件付き不足書類,5,283.24100859463215,281.21104994788766,407.04912450164557,-2.0299586467444897,123.80811590701342,True
v2-gen-choice-12-027,local_v2,choice,generated:条件付き不足書類,5,322.892908193171,300.31751673668623,540.7794749364257,-22.575391456484795,217.88656674325466,True
v2-gen-choice-13-002,local_v2,choice,generated:工程の依存順,5,308.2467667758465,308.54299990460277,456.6964083351195,0.2962331287562847,148.449641559273,True
v2-gen-choice-13-032,local_v2,choice,generated:工程の依存順,5,280.61247477307916,283.0796416848898,412.4527250416577,2.4671669118106365,131.84025026857853,True
v2-gen-choice-13-048,local_v2,choice,generated:工程の依存順,5,332.6022833585739,337.01820811256766,474.6868750080466,4.41592475399375,142.0845916494727,True
v2-gen-choice-14-031,local_v2,choice,generated:二属性照合,5,258.7774916552007,263.6762663722038,387.3173164203763,4.898774717003107,128.53982476517558,True
v2-gen-choice-14-033,local_v2,choice,generated:二属性照合,5,285.84616677835584,283.0941501073539,406.87860008329153,-2.752016671001911,121.0324333049357,True
v2-gen-choice-14-048,local_v2,choice,generated:二属性照合,5,389.3906499259174,397.7675084024668,528.1879000365734,8.376858476549387,138.79725011065602,True
v2-gen-choice-15-003,local_v2,choice,generated:文章内の順序参照,5,271.9837254844606,280.1314833573997,417.1895413659513,8.14775787293911,145.2058158814907,True
v2-gen-choice-15-020,local_v2,choice,generated:文章内の順序参照,5,293.630641605705,292.45973341166973,431.97894152253866,-1.1709081940352917,138.34829991683364,True
v2-gen-choice-15-044,local_v2,choice,generated:文章内の順序参照,5,305.0431165844202,308.3973752334714,465.5743919312954,3.3542586490511894,160.5312753468752,True
v2-gen-noul-01-016,local_v2,noul,generated:事実と否定質問,5,235.3181168437004,239.80694161728024,355.79630844295025,4.488824773579836,120.47819159924984,True
v2-gen-noul-01-021,local_v2,noul,generated:事実と否定質問,5,228.52882528677583,220.39833338931203,353.0398080125451,-8.130491897463799,124.51098272576928,True
v2-gen-noul-01-039,local_v2,noul,generated:事実と否定質問,5,221.89044170081615,224.01455007493496,354.9427001737058,2.124108374118805,133.05225847288966,True
v2-gen-noul-02-018,local_v2,noul,generated:全条件の充足,5,276.2041666544974,275.96652526408434,409.6718334592879,-0.23764139041304588,133.4676668047905,True
v2-gen-noul-02-043,local_v2,noul,generated:全条件の充足,5,265.55656660348177,263.9762165956199,390.0337333790958,-1.5803500078618526,124.47716677561402,True
v2-gen-noul-02-048,local_v2,noul,generated:全条件の充足,5,256.2550166621804,257.60709131136537,376.98491709306836,1.3520746491849422,120.72990043088794,True
v2-gen-noul-03-009,local_v2,noul,generated:いずれかの条件,5,245.70793313905597,245.95542503520846,380.5896579287946,0.24749189615249634,134.88172478973866,True
v2-gen-noul-03-021,local_v2,noul,generated:いずれかの条件,5,272.33346654102206,270.58712504804134,402.6906667277217,-1.7463414929807186,130.35720018669963,True
v2-gen-noul-03-046,local_v2,noul,generated:いずれかの条件,5,266.3272500038147,259.57374162971973,481.8756499327719,-6.753508374094963,215.54839992895722,True
v2-gen-noul-04-007,local_v2,noul,generated:例外の優先,5,262.9738250747323,264.28034976124763,396.29742493852973,1.3065246865153313,133.32359986379743,True
v2-gen-noul-04-018,local_v2,noul,generated:例外の優先,5,230.53671652451158,233.67758337408304,460.33026659861207,3.1408668495714664,229.7935500741005,True
v2-gen-noul-04-023,local_v2,noul,generated:例外の優先,5,262.4792415648699,260.24705842137337,386.3032002002001,-2.2321831434965134,123.8239586353302,True
v2-gen-noul-05-010,local_v2,noul,generated:締切の境界,5,234.82025861740112,233.7225751951337,389.1805335879326,-1.097683422267437,154.36027497053146,True
v2-gen-noul-05-022,local_v2,noul,generated:締切の境界,5,242.3343331553042,241.65818328037858,370.5675834789872,-0.6761498749256134,128.23325032368302,True
v2-gen-noul-05-037,local_v2,noul,generated:締切の境界,5,233.52907495573163,232.68508352339268,380.0147332251072,-0.843991432338953,146.48565826937556,True
v2-gen-noul-06-009,local_v2,noul,generated:更新後の状態,5,286.5646750666201,286.74690006300807,417.11934991180897,0.18222499638795853,130.55467484518886,True
v2-gen-noul-06-014,local_v2,noul,generated:更新後の状態,5,233.43487503007054,232.76186687871814,381.78280014544725,-0.6730081513524055,148.3479251153767,True
v2-gen-noul-06-037,local_v2,noul,generated:更新後の状態,5,266.793408151716,268.1993417441845,483.9116166345775,1.4059335924685001,217.11820848286152,True
v2-gen-noul-07-016,local_v2,noul,generated:識別文字列の完全一致,5,259.24974139779806,253.12609197571874,386.27620013430715,-6.123649422079325,127.02645873650908,True
v2-gen-noul-07-041,local_v2,noul,generated:識別文字列の完全一致,5,234.2090331017971,236.5940916351974,383.15061666071415,2.385058533400297,148.94158355891705,True
v2-gen-noul-07-048,local_v2,noul,generated:識別文字列の完全一致,5,256.23246682807803,251.69270867481828,379.6980496495962,-4.539758153259754,123.46558282151818,True
v2-gen-noul-08-020,local_v2,noul,generated:集合と否定所属,5,288.77194998785853,285.52753310650587,413.76959159970284,-3.244416881352663,124.9976416118443,True
v2-gen-noul-08-029,local_v2,noul,generated:集合と否定所属,5,257.8272335231304,257.04609164968133,472.89659148082137,-0.7811418734490871,215.06935795769095,True
v2-gen-noul-08-047,local_v2,noul,generated:集合と否定所属,5,263.65875815972686,273.10523372143507,395.64406676217914,9.446475561708212,131.98530860245228,True
v2-gen-noul-09-006,local_v2,noul,generated:重複を除いた件数,5,234.09714996814728,238.26516680419445,469.5632252842188,4.1680168360471725,235.4660753160715,True
v2-gen-noul-09-011,local_v2,noul,generated:重複を除いた件数,5,258.2830832339823,257.8201333992183,474.36420852318406,-0.46294983476400375,216.08112528920174,True
v2-gen-noul-09-028,local_v2,noul,generated:重複を除いた件数,5,230.8762333355844,231.11498318612576,379.36636665835977,0.23874985054135323,148.49013332277536,True
v2-gen-noul-10-023,local_v2,noul,generated:条件付き義務,5,252.58033331483603,251.32293328642845,474.55574981868267,-1.2574000284075737,221.97541650384665,True
v2-gen-noul-10-041,local_v2,noul,generated:条件付き義務,5,257.8804166056216,250.64625833183527,468.65797489881516,-7.234158273786306,210.77755829319358,True
v2-gen-noul-10-044,local_v2,noul,generated:条件付き義務,5,229.73765833303332,228.51222474128008,372.90227487683296,-1.2254335917532444,143.16461654379964,True
v2-gen-noul-11-011,local_v2,noul,generated:参照関係の真偽,5,293.03655019029975,295.73648292571306,426.4714249409735,2.699932735413313,133.43487475067377,True
v2-gen-noul-11-016,local_v2,noul,generated:参照関係の真偽,5,269.2894416861236,268.9095917157829,397.6684837602079,-0.37984997034072876,128.37904207408428,True
v2-gen-noul-11-045,local_v2,noul,generated:参照関係の真偽,5,277.40159183740616,274.9632083810866,409.71657475456595,-2.4383834563195705,132.3149829171598,True
v2-gen-noul-12-005,local_v2,noul,generated:記録と主張の照合,5,314.68055872246623,311.2527832388878,440.4668251052499,-3.4277754835784435,125.78626638278365,True
v2-gen-noul-12-006,local_v2,noul,generated:記録と主張の照合,5,293.48910823464394,293.85630022734404,421.4645331725478,0.36719199270009995,127.97542493790388,True
v2-gen-noul-12-036,local_v2,noul,generated:記録と主張の照合,5,310.7994337566197,303.47449192777276,428.65813318639994,-7.3249418288469315,117.85869942978024,True
v2-gen-noul-13-003,local_v2,noul,generated:範囲の開閉境界,5,232.38271698355675,236.37527506798506,350.92145008966327,3.9925580844283104,118.53873310610652,True
v2-gen-noul-13-017,local_v2,noul,generated:範囲の開閉境界,5,219.34484150260687,219.44612488150597,434.3595501035452,0.10128337889909744,215.01470860093832,True
v2-gen-noul-13-036,local_v2,noul,generated:範囲の開閉境界,5,224.67566654086113,224.84467523172498,437.38314993679523,0.16900869086384773,212.7074833959341,True
v2-gen-noul-14-002,local_v2,noul,generated:予定時間の重なり,5,257.0942500606179,264.86518355086446,484.266724716872,7.770933490246534,227.17247465625405,True
v2-gen-noul-14-006,local_v2,noul,generated:予定時間の重なり,5,252.31570852920413,253.3439832739532,467.9805748164654,1.0282747447490692,215.66486628726125,True
v2-gen-noul-14-032,local_v2,noul,generated:予定時間の重なり,5,254.54182475805283,253.53706674650311,460.9780166298151,-1.0047580115497112,206.43619187176228,True
v2-gen-noul-15-023,local_v2,noul,generated:出来事の前後関係,5,224.16494190692902,220.76202454045415,362.73695854470134,-3.402917366474867,138.57201663777232,True
v2-gen-noul-15-035,local_v2,noul,generated:出来事の前後関係,5,260.6716918759048,260.85278345271945,471.95421662181616,0.1810915768146515,211.28252474591136,True
v2-gen-noul-15-036,local_v2,noul,generated:出来事の前後関係,5,267.2475000843406,258.75090854242444,471.1672165431082,-8.496591541916132,203.91971645876765,True
v2-gen-score-01-026,local_v2,score,generated:件数の段階境界,5,308.08790009468794,303.15788350999355,491.0599251277745,-4.9300165846943855,182.97202503308654,True
v2-gen-score-01-042,local_v2,score,generated:件数の段階境界,5,358.68995022028685,351.0288417339325,551.0581671260297,-7.661108486354351,192.36821690574288,True
v2-gen-score-01-050,local_v2,score,generated:件数の段階境界,5,235.19808305427432,239.0750002115965,412.93520852923393,3.8769171573221684,177.7371254749596,True
v2-gen-score-02-004,local_v2,score,generated:記述の満足段階,5,268.4673085808754,268.4637166559696,457.64531632885337,-0.0035919249057769775,189.17800774797797,True
v2-gen-score-02-009,local_v2,score,generated:記述の満足段階,5,243.1310418061912,243.92774160951376,402.8117001056671,0.7966998033225536,159.6806582994759,True
v2-gen-score-02-048,local_v2,score,generated:記述の満足段階,5,281.94657480344176,277.40483321249485,471.379133220762,-4.541741590946913,189.43255841732025,True
v2-gen-score-03-017,local_v2,score,generated:順番に進む工程,5,362.82340036705136,358.57434161007404,548.5391249880195,-4.24905875697732,185.7157246209681,True
v2-gen-score-03-021,local_v2,score,generated:順番に進む工程,5,273.04344987496734,272.51989990472794,450.0818499363959,-0.5235499702394009,177.03840006142855,True
v2-gen-score-03-028,local_v2,score,generated:順番に進む工程,5,275.49746660515666,271.02346681058407,453.0505584552884,-4.473999794572592,177.55309185013175,True
v2-gen-score-04-003,local_v2,score,generated:独立チェックの合計,5,427.3711919784546,346.89516676589847,550.8401000872254,-80.47602521255612,123.46890810877085,True
v2-gen-score-04-029,local_v2,score,generated:独立チェックの合計,5,302.76319151744246,309.6885083243251,491.9530665501952,6.92531680688262,189.18987503275275,True
v2-gen-score-04-046,local_v2,score,generated:独立チェックの合計,5,334.47717502713203,342.10902499035,529.216408636421,7.631849963217974,194.73923360928893,True
v2-gen-score-05-017,local_v2,score,generated:緊急条件の加点,5,306.2201746739447,300.25994973257184,489.38852502033114,-5.960224941372871,183.16835034638643,True
v2-gen-score-05-035,local_v2,score,generated:緊急条件の加点,5,287.39873338490725,294.45965848863125,464.6363999694586,7.060925103724003,177.23766658455133,True
v2-gen-score-05-042,local_v2,score,generated:緊急条件の加点,5,276.8299420364201,269.77851670235395,451.6800834797323,-7.051425334066153,174.85014144331217,True
v2-gen-score-06-027,local_v2,score,generated:約束時刻からの遅れ,5,324.4055082090199,311.3806336186826,509.49294175952673,-13.024874590337276,185.08743355050683,True
v2-gen-score-06-031,local_v2,score,generated:約束時刻からの遅れ,5,262.229766882956,267.7527750842273,445.3694417141378,5.5230082012712955,183.13967483118176,True
v2-gen-score-06-036,local_v2,score,generated:約束時刻からの遅れ,5,326.3742000795901,326.04012498632073,520.6154997460544,-0.33407509326934814,194.24129966646433,True
v2-gen-score-07-002,local_v2,score,generated:証拠の最高到達段階,5,369.621458183974,386.78262531757355,570.829233713448,17.16116713359952,201.20777552947402,True
v2-gen-score-07-004,local_v2,score,generated:証拠の最高到達段階,5,272.29471672326326,272.37305836752057,449.0262249484658,0.07834164425730705,176.73150822520256,True
v2-gen-score-07-049,local_v2,score,generated:証拠の最高到達段階,5,356.5614253282547,349.89159163087606,550.9473917074502,-6.669833697378635,194.38596637919545,True
v2-gen-score-08-004,local_v2,score,generated:要件への一致数,5,263.1729504093528,262.69475808367133,435.11221688240767,-0.478192325681448,171.9392664730549,True
v2-gen-score-08-024,local_v2,score,generated:要件への一致数,5,216.23328309506178,218.2612500153482,393.3220081962645,2.027966920286417,177.08872510120273,True
v2-gen-score-08-042,local_v2,score,generated:要件への一致数,5,311.9107333011925,310.4601662606001,498.27678306028247,-1.450567040592432,186.36604975908995,True
v2-gen-score-09-001,local_v2,score,generated:例外による上限,5,336.4280082285404,333.78158351406455,498.36224988102913,-2.64642471447587,161.9342416524887,True
v2-gen-score-09-036,local_v2,score,generated:例外による上限,5,320.17988339066505,316.2324416451156,480.24014979600906,-3.9474417455494404,160.060266405344,True
v2-gen-score-09-038,local_v2,score,generated:例外による上限,5,266.489050257951,265.0410916656256,449.99045822769403,-1.447958592325449,183.501407969743,True
v2-gen-score-10-007,local_v2,score,generated:不足の段階,5,308.67576664313674,316.38348326087,499.5602583512664,7.70771661773324,190.88449170812964,True
v2-gen-score-10-010,local_v2,score,generated:不足の段階,5,227.30009984225035,235.92793317511678,408.46005845814943,8.62783333286643,181.1599586158991,True
v2-gen-score-10-046,local_v2,score,generated:不足の段階,5,263.2371086627245,263.0402580834925,441.9033247977495,-0.19685057923197746,178.66621613502502,True
v2-gen-score-11-002,local_v2,score,generated:時刻順の評価更新,5,312.64729145914316,318.37654169648886,512.2428583912551,5.7292502373456955,199.59556693211198,True
v2-gen-score-11-038,local_v2,score,generated:時刻順の評価更新,5,235.21916652098298,234.42091681063175,386.5772499702871,-0.7982497103512287,151.3580834493041,True
v2-gen-score-11-046,local_v2,score,generated:時刻順の評価更新,5,280.40617518126965,278.06668309494853,467.3709503374994,-2.3394920863211155,186.96477515622973,True
v2-gen-score-12-010,local_v2,score,generated:目標からの差,5,266.4099336601794,269.31906677782536,449.55439986661077,2.909133117645979,183.1444662064314,True
v2-gen-score-12-013,local_v2,score,generated:目標からの差,5,298.6702084541321,306.54193349182606,488.5888420045376,7.871725037693977,189.9186335504055,True
v2-gen-score-12-027,local_v2,score,generated:目標からの差,5,298.71584977954626,298.9331999793649,478.6678584292531,0.21735019981861115,179.95200864970684,True
v2-gen-score-13-026,local_v2,score,generated:取消しを反映した件数,5,295.23226683959365,296.0132665000856,472.27960815653205,0.7809996604919434,177.0473413169384,True
v2-gen-score-13-042,local_v2,score,generated:取消しを反映した件数,5,484.57634998485446,471.66682481765747,660.8206752687693,-12.909525167196989,176.2443252839148,True
v2-gen-score-13-045,local_v2,score,generated:取消しを反映した件数,5,410.35212501883507,406.88069155439734,593.8182749785483,-3.471433464437723,183.46614995971322,True
v2-gen-score-14-011,local_v2,score,generated:参照表の順序尺度,5,280.6015747599304,282.218349725008,453.21035012602806,1.6167749650776386,172.6087753660977,True
v2-gen-score-14-018,local_v2,score,generated:参照表の順序尺度,5,274.20484963804483,286.8234415538609,447.79312452301383,12.618591915816069,173.588274884969,True
v2-gen-score-14-028,local_v2,score,generated:参照表の順序尺度,5,333.0934920348227,329.2738998308778,516.5018419735134,-3.8195922039449215,183.40834993869066,True
v2-gen-score-15-034,local_v2,score,generated:軽重のある項目,5,355.378133431077,361.3154166378081,534.6301584504545,5.937283206731081,179.25202501937747,True
v2-gen-score-15-045,local_v2,score,generated:軽重のある項目,5,273.8942250609398,277.02404987066984,453.6563331261277,3.129824809730053,179.76210806518793,True
v2-gen-score-15-046,local_v2,score,generated:軽重のある項目,5,264.53489987179637,265.38257505744696,441.60490864887834,0.8476751856505871,177.07000877708197,True
