id,dataset,repetition,both_valid,same_prompt_sha256,same_input_token_sha256,same_candidate_ids,same_candidate_ids_sha256,same_input_token_count,max_logit_abs_difference,logits_within_1e_5,same_label,exact_maximum_tie,label_mismatch_with_tie,label_mismatch_without_tie,candidate_boundary_checked_both
jcola:in_domain_valid:1030,JCoLA,0,True,True,True,True,True,True,0.0,True,True,False,False,False,True
jcola:in_domain_valid:1032,JCoLA,0,True,True,True,True,True,True,0.0,True,True,False,False,False,True
jcola:in_domain_valid:1070,JCoLA,0,True,True,True,True,True,True,0.0,True,True,False,False,False,True
jcola:in_domain_valid:1175,JCoLA,0,True,True,True,True,True,True,0.0,True,True,False,False,False,True
jcola:in_domain_valid:1435,JCoLA,0,True,True,True,True,True,True,0.0,True,True,False,False,False,True
jcola:in_domain_valid:1460,JCoLA,0,True,True,True,True,True,True,0.0,True,True,False,False,False,True
jcola:in_domain_valid:1578,JCoLA,0,True,True,True,True,True,True,0.0,True,True,False,False,False,True
jcola:in_domain_valid:1887,JCoLA,0,True,True,True,True,True,True,0.0,True,True,False,False,False,True
jcola:in_domain_valid:1931,JCoLA,0,True,True,True,True,True,True,0.0,True,True,False,False,False,True
jcola:in_domain_valid:1985,JCoLA,0,True,True,True,True,True,True,0.0,True,True,False,False,False,True
jcola:in_domain_valid:20,JCoLA,0,True,True,True,True,True,True,0.0,True,True,False,False,False,True
jcola:in_domain_valid:2025,JCoLA,0,True,True,True,True,True,True,0.0,True,True,False,False,False,True
jcola:in_domain_valid:2227,JCoLA,0,True,True,True,True,True,True,0.0,True,True,False,False,False,True
jcola:in_domain_valid:2253,JCoLA,0,True,True,True,True,True,True,0.0,True,True,False,False,False,True
jcola:in_domain_valid:2273,JCoLA,0,True,True,True,True,True,True,0.0,True,True,False,False,False,True
jcola:in_domain_valid:2281,JCoLA,0,True,True,True,True,True,True,0.0,True,True,False,False,False,True
jcola:in_domain_valid:2295,JCoLA,0,True,True,True,True,True,True,0.0,True,True,False,False,False,True
jcola:in_domain_valid:2353,JCoLA,0,True,True,True,True,True,True,0.0,True,True,False,False,False,True
jcola:in_domain_valid:2356,JCoLA,0,True,True,True,True,True,True,0.0,True,True,False,False,False,True
jcola:in_domain_valid:2654,JCoLA,0,True,True,True,True,True,True,0.0,True,True,False,False,False,True
jcola:in_domain_valid:2658,JCoLA,0,True,True,True,True,True,True,0.0,True,True,False,False,False,True
jcola:in_domain_valid:2739,JCoLA,0,True,True,True,True,True,True,0.0,True,True,False,False,False,True
jcola:in_domain_valid:2827,JCoLA,0,True,True,True,True,True,True,0.0,True,True,False,False,False,True
jcola:in_domain_valid:2902,JCoLA,0,True,True,True,True,True,True,0.0,True,True,False,False,False,True
jcola:in_domain_valid:2992,JCoLA,0,True,True,True,True,True,True,0.0,True,True,False,False,False,True
jcola:in_domain_valid:3022,JCoLA,0,True,True,True,True,True,True,0.0,True,True,False,False,False,True
jcola:in_domain_valid:3037,JCoLA,0,True,True,True,True,True,True,0.0,True,True,False,False,False,True
jcola:in_domain_valid:313,JCoLA,0,True,True,True,True,True,True,0.0,True,True,False,False,False,True
jcola:in_domain_valid:3291,JCoLA,0,True,True,True,True,True,True,0.0,True,True,False,False,False,True
jcola:in_domain_valid:3319,JCoLA,0,True,True,True,True,True,True,0.0,True,True,False,False,False,True
jcola:in_domain_valid:3426,JCoLA,0,True,True,True,True,True,True,0.0,True,True,False,False,False,True
jcola:in_domain_valid:3430,JCoLA,0,True,True,True,True,True,True,0.0,True,True,False,False,False,True
jcola:in_domain_valid:3690,JCoLA,0,True,True,True,True,True,True,0.0,True,True,False,False,False,True
jcola:in_domain_valid:3824,JCoLA,0,True,True,True,True,True,True,0.0,True,True,False,False,False,True
jcola:in_domain_valid:3835,JCoLA,0,True,True,True,True,True,True,0.0,True,True,False,False,False,True
jcola:in_domain_valid:3843,JCoLA,0,True,True,True,True,True,True,0.0,True,True,False,False,False,True
jcola:in_domain_valid:3847,JCoLA,0,True,True,True,True,True,True,0.0,True,True,False,False,False,True
jcola:in_domain_valid:3879,JCoLA,0,True,True,True,True,True,True,0.0,True,True,False,False,False,True
jcola:in_domain_valid:3919,JCoLA,0,True,True,True,True,True,True,0.0,True,True,False,False,False,True
jcola:in_domain_valid:4010,JCoLA,0,True,True,True,True,True,True,0.0,True,True,False,False,False,True
jcola:in_domain_valid:4025,JCoLA,0,True,True,True,True,True,True,0.0,True,True,False,False,False,True
jcola:in_domain_valid:4028,JCoLA,0,True,True,True,True,True,True,0.0,True,True,False,False,False,True
jcola:in_domain_valid:4034,JCoLA,0,True,True,True,True,True,True,0.0,True,True,False,False,False,True
jcola:in_domain_valid:42,JCoLA,0,True,True,True,True,True,True,0.0,True,True,False,False,False,True
jcola:in_domain_valid:4269,JCoLA,0,True,True,True,True,True,True,0.0,True,True,False,False,False,True
jcola:in_domain_valid:4344,JCoLA,0,True,True,True,True,True,True,0.0,True,True,False,False,False,True
jcola:in_domain_valid:450,JCoLA,0,True,True,True,True,True,True,0.0,True,True,False,False,False,True
jcola:in_domain_valid:4644,JCoLA,0,True,True,True,True,True,True,0.0,True,True,False,False,False,True
jcola:in_domain_valid:4729,JCoLA,0,True,True,True,True,True,True,0.0,True,True,False,False,False,True
jcola:in_domain_valid:4740,JCoLA,0,True,True,True,True,True,True,0.0,True,True,False,False,False,True
jcola:in_domain_valid:4743,JCoLA,0,True,True,True,True,True,True,0.0,True,True,False,False,False,True
jcola:in_domain_valid:4847,JCoLA,0,True,True,True,True,True,True,0.0,True,True,False,False,False,True
jcola:in_domain_valid:4862,JCoLA,0,True,True,True,True,True,True,0.0,True,True,False,False,False,True
jcola:in_domain_valid:5302,JCoLA,0,True,True,True,True,True,True,0.0,True,True,False,False,False,True
jcola:in_domain_valid:5349,JCoLA,0,True,True,True,True,True,True,0.0,True,True,False,False,False,True
jcola:in_domain_valid:5373,JCoLA,0,True,True,True,True,True,True,0.0,True,True,False,False,False,True
jcola:in_domain_valid:5493,JCoLA,0,True,True,True,True,True,True,0.0,True,True,False,False,False,True
jcola:in_domain_valid:5515,JCoLA,0,True,True,True,True,True,True,0.0,True,True,False,False,False,True
jcola:in_domain_valid:5677,JCoLA,0,True,True,True,True,True,True,0.0,True,True,False,False,False,True
jcola:in_domain_valid:5685,JCoLA,0,True,True,True,True,True,True,0.0,True,True,False,False,False,True
jcola:in_domain_valid:5741,JCoLA,0,True,True,True,True,True,True,0.0,True,True,False,False,False,True
jcola:in_domain_valid:5836,JCoLA,0,True,True,True,True,True,True,0.0,True,True,False,False,False,True
jcola:in_domain_valid:584,JCoLA,0,True,True,True,True,True,True,0.0,True,True,False,False,False,True
jcola:in_domain_valid:5860,JCoLA,0,True,True,True,True,True,True,0.0,True,True,False,False,False,True
jcola:in_domain_valid:6016,JCoLA,0,True,True,True,True,True,True,0.0,True,True,False,False,False,True
jcola:in_domain_valid:6427,JCoLA,0,True,True,True,True,True,True,0.0,True,True,False,False,False,True
jcola:in_domain_valid:646,JCoLA,0,True,True,True,True,True,True,0.0,True,True,False,False,False,True
jcola:in_domain_valid:6504,JCoLA,0,True,True,True,True,True,True,0.0,True,True,False,False,False,True
jcola:in_domain_valid:6834,JCoLA,0,True,True,True,True,True,True,0.0,True,True,False,False,False,True
jcola:in_domain_valid:6875,JCoLA,0,True,True,True,True,True,True,0.0,True,True,False,False,False,True
jcola:in_domain_valid:6974,JCoLA,0,True,True,True,True,True,True,0.0,True,True,False,False,False,True
jcola:in_domain_valid:7018,JCoLA,0,True,True,True,True,True,True,0.0,True,True,False,False,False,True
jcola:in_domain_valid:7084,JCoLA,0,True,True,True,True,True,True,0.0,True,True,False,False,False,True
jcola:in_domain_valid:7088,JCoLA,0,True,True,True,True,True,True,0.0,True,True,False,False,False,True
jcola:in_domain_valid:7163,JCoLA,0,True,True,True,True,True,True,0.0,True,True,False,False,False,True
jcola:in_domain_valid:7193,JCoLA,0,True,True,True,True,True,True,0.0,True,True,False,False,False,True
jcola:in_domain_valid:7197,JCoLA,0,True,True,True,True,True,True,0.0,True,True,False,False,False,True
jcola:in_domain_valid:7204,JCoLA,0,True,True,True,True,True,True,0.0,True,True,False,False,False,True
jcola:in_domain_valid:721,JCoLA,0,True,True,True,True,True,True,0.0,True,True,False,False,False,True
jcola:in_domain_valid:727,JCoLA,0,True,True,True,True,True,True,0.0,True,True,False,False,False,True
jcola:in_domain_valid:7272,JCoLA,0,True,True,True,True,True,True,0.0,True,True,False,False,False,True
jcola:in_domain_valid:7468,JCoLA,0,True,True,True,True,True,True,0.0,True,True,False,False,False,True
jcola:in_domain_valid:7501,JCoLA,0,True,True,True,True,True,True,0.0,True,True,False,False,False,True
jcola:in_domain_valid:7588,JCoLA,0,True,True,True,True,True,True,0.0,True,True,False,False,False,True
jcola:in_domain_valid:7635,JCoLA,0,True,True,True,True,True,True,0.0,True,True,False,False,False,True
jcola:in_domain_valid:7645,JCoLA,0,True,True,True,True,True,True,0.0,True,True,False,False,False,True
jcola:in_domain_valid:7757,JCoLA,0,True,True,True,True,True,True,0.0,True,True,False,False,False,True
jcola:in_domain_valid:7803,JCoLA,0,True,True,True,True,True,True,0.0,True,True,False,False,False,True
jcola:in_domain_valid:7846,JCoLA,0,True,True,True,True,True,True,0.0,True,True,False,False,False,True
jcola:in_domain_valid:7890,JCoLA,0,True,True,True,True,True,True,0.0,True,True,False,False,False,True
jcola:in_domain_valid:7898,JCoLA,0,True,True,True,True,True,True,0.0,True,True,False,False,False,True
jcola:in_domain_valid:795,JCoLA,0,True,True,True,True,True,True,0.0,True,True,False,False,False,True
jcola:in_domain_valid:8076,JCoLA,0,True,True,True,True,True,True,0.0,True,True,False,False,False,True
jcola:in_domain_valid:8159,JCoLA,0,True,True,True,True,True,True,0.0,True,True,False,False,False,True
jcola:in_domain_valid:8232,JCoLA,0,True,True,True,True,True,True,0.0,True,True,False,False,False,True
jcola:in_domain_valid:8341,JCoLA,0,True,True,True,True,True,True,0.0,True,True,False,False,False,True
jcola:in_domain_valid:8388,JCoLA,0,True,True,True,True,True,True,0.0,True,True,False,False,False,True
jcola:in_domain_valid:8563,JCoLA,0,True,True,True,True,True,True,0.0,True,True,False,False,False,True
jcola:in_domain_valid:8584,JCoLA,0,True,True,True,True,True,True,0.0,True,True,False,False,False,True
jcola:in_domain_valid:940,JCoLA,0,True,True,True,True,True,True,0.0,True,True,False,False,False,True
jcola:out_of_domain_valid:10003,JCoLA,0,True,True,True,True,True,True,0.0,True,True,False,False,False,True
jcola:out_of_domain_valid:8651,JCoLA,0,True,True,True,True,True,True,0.0,True,True,False,False,False,True
jcola:out_of_domain_valid:8667,JCoLA,0,True,True,True,True,True,True,0.0,True,True,False,False,False,True
jcola:out_of_domain_valid:8720,JCoLA,0,True,True,True,True,True,True,0.0,True,True,False,False,False,True
jcola:out_of_domain_valid:8733,JCoLA,0,True,True,True,True,True,True,0.0,True,True,False,False,False,True
jcola:out_of_domain_valid:8736,JCoLA,0,True,True,True,True,True,True,0.0,True,True,False,False,False,True
jcola:out_of_domain_valid:8744,JCoLA,0,True,True,True,True,True,True,0.0,True,True,False,False,False,True
jcola:out_of_domain_valid:8746,JCoLA,0,True,True,True,True,True,True,0.0,True,True,False,False,False,True
jcola:out_of_domain_valid:8767,JCoLA,0,True,True,True,True,True,True,0.0,True,True,False,False,False,True
jcola:out_of_domain_valid:8771,JCoLA,0,True,True,True,True,True,True,0.0,True,True,False,False,False,True
jcola:out_of_domain_valid:8795,JCoLA,0,True,True,True,True,True,True,0.0,True,True,False,False,False,True
jcola:out_of_domain_valid:8803,JCoLA,0,True,True,True,True,True,True,0.0,True,True,False,False,False,True
jcola:out_of_domain_valid:8805,JCoLA,0,True,True,True,True,True,True,0.0,True,True,False,False,False,True
jcola:out_of_domain_valid:8841,JCoLA,0,True,True,True,True,True,True,0.0,True,True,False,False,False,True
jcola:out_of_domain_valid:8848,JCoLA,0,True,True,True,True,True,True,0.0,True,True,False,False,False,True
jcola:out_of_domain_valid:8871,JCoLA,0,True,True,True,True,True,True,0.0,True,True,False,False,False,True
jcola:out_of_domain_valid:8874,JCoLA,0,True,True,True,True,True,True,0.0,True,True,False,False,False,True
jcola:out_of_domain_valid:8892,JCoLA,0,True,True,True,True,True,True,0.0,True,True,False,False,False,True
jcola:out_of_domain_valid:8906,JCoLA,0,True,True,True,True,True,True,0.0,True,True,False,False,False,True
jcola:out_of_domain_valid:8911,JCoLA,0,True,True,True,True,True,True,0.0,True,True,False,False,False,True
jcola:out_of_domain_valid:8933,JCoLA,0,True,True,True,True,True,True,0.0,True,True,False,False,False,True
jcola:out_of_domain_valid:8934,JCoLA,0,True,True,True,True,True,True,0.0,True,True,False,False,False,True
jcola:out_of_domain_valid:8945,JCoLA,0,True,True,True,True,True,True,0.0,True,True,False,False,False,True
jcola:out_of_domain_valid:8946,JCoLA,0,True,True,True,True,True,True,0.0,True,True,False,False,False,True
jcola:out_of_domain_valid:8968,JCoLA,0,True,True,True,True,True,True,0.0,True,True,False,False,False,True
jcola:out_of_domain_valid:8976,JCoLA,0,True,True,True,True,True,True,0.0,True,True,False,False,False,True
jcola:out_of_domain_valid:8981,JCoLA,0,True,True,True,True,True,True,0.0,True,True,False,False,False,True
jcola:out_of_domain_valid:8988,JCoLA,0,True,True,True,True,True,True,0.0,True,True,False,False,False,True
jcola:out_of_domain_valid:9001,JCoLA,0,True,True,True,True,True,True,0.0,True,True,False,False,False,True
jcola:out_of_domain_valid:9022,JCoLA,0,True,True,True,True,True,True,0.0,True,True,False,False,False,True
jcola:out_of_domain_valid:9033,JCoLA,0,True,True,True,True,True,True,0.0,True,True,False,False,False,True
jcola:out_of_domain_valid:9042,JCoLA,0,True,True,True,True,True,True,0.0,True,True,False,False,False,True
jcola:out_of_domain_valid:9049,JCoLA,0,True,True,True,True,True,True,0.0,True,True,False,False,False,True
jcola:out_of_domain_valid:9054,JCoLA,0,True,True,True,True,True,True,0.0,True,True,False,False,False,True
jcola:out_of_domain_valid:9059,JCoLA,0,True,True,True,True,True,True,0.0,True,True,False,False,False,True
jcola:out_of_domain_valid:9071,JCoLA,0,True,True,True,True,True,True,0.0,True,True,False,False,False,True
jcola:out_of_domain_valid:9081,JCoLA,0,True,True,True,True,True,True,0.0,True,True,False,False,False,True
jcola:out_of_domain_valid:9087,JCoLA,0,True,True,True,True,True,True,0.0,True,True,False,False,False,True
jcola:out_of_domain_valid:9108,JCoLA,0,True,True,True,True,True,True,0.0,True,True,False,False,False,True
jcola:out_of_domain_valid:9129,JCoLA,0,True,True,True,True,True,True,0.0,True,True,False,False,False,True
jcola:out_of_domain_valid:9136,JCoLA,0,True,True,True,True,True,True,0.0,True,True,False,False,False,True
jcola:out_of_domain_valid:9150,JCoLA,0,True,True,True,True,True,True,0.0,True,True,False,False,False,True
jcola:out_of_domain_valid:9156,JCoLA,0,True,True,True,True,True,True,0.0,True,True,False,False,False,True
jcola:out_of_domain_valid:9189,JCoLA,0,True,True,True,True,True,True,0.0,True,True,False,False,False,True
jcola:out_of_domain_valid:9204,JCoLA,0,True,True,True,True,True,True,0.0,True,True,False,False,False,True
jcola:out_of_domain_valid:9226,JCoLA,0,True,True,True,True,True,True,0.0,True,True,False,False,False,True
jcola:out_of_domain_valid:9317,JCoLA,0,True,True,True,True,True,True,0.0,True,True,False,False,False,True
jcola:out_of_domain_valid:9325,JCoLA,0,True,True,True,True,True,True,0.0,True,True,False,False,False,True
jcola:out_of_domain_valid:9338,JCoLA,0,True,True,True,True,True,True,0.0,True,True,False,False,False,True
jcola:out_of_domain_valid:9342,JCoLA,0,True,True,True,True,True,True,0.0,True,True,False,False,False,True
jcola:out_of_domain_valid:9349,JCoLA,0,True,True,True,True,True,True,0.0,True,True,False,False,False,True
jcola:out_of_domain_valid:9350,JCoLA,0,True,True,True,True,True,True,0.0,True,True,False,False,False,True
jcola:out_of_domain_valid:9371,JCoLA,0,True,True,True,True,True,True,0.0,True,True,False,False,False,True
jcola:out_of_domain_valid:9373,JCoLA,0,True,True,True,True,True,True,0.0,True,True,False,False,False,True
jcola:out_of_domain_valid:9382,JCoLA,0,True,True,True,True,True,True,0.0,True,True,False,False,False,True
jcola:out_of_domain_valid:9395,JCoLA,0,True,True,True,True,True,True,0.0,True,True,False,False,False,True
jcola:out_of_domain_valid:9419,JCoLA,0,True,True,True,True,True,True,0.0,True,True,False,False,False,True
jcola:out_of_domain_valid:9464,JCoLA,0,True,True,True,True,True,True,0.0,True,True,False,False,False,True
jcola:out_of_domain_valid:9515,JCoLA,0,True,True,True,True,True,True,0.0,True,True,False,False,False,True
jcola:out_of_domain_valid:9517,JCoLA,0,True,True,True,True,True,True,0.0,True,True,False,False,False,True
jcola:out_of_domain_valid:9525,JCoLA,0,True,True,True,True,True,True,0.0,True,True,False,False,False,True
jcola:out_of_domain_valid:9528,JCoLA,0,True,True,True,True,True,True,0.0,True,True,False,False,False,True
jcola:out_of_domain_valid:9536,JCoLA,0,True,True,True,True,True,True,0.0,True,True,False,False,False,True
jcola:out_of_domain_valid:9546,JCoLA,0,True,True,True,True,True,True,0.0,True,True,False,False,False,True
jcola:out_of_domain_valid:9549,JCoLA,0,True,True,True,True,True,True,0.0,True,True,False,False,False,True
jcola:out_of_domain_valid:9552,JCoLA,0,True,True,True,True,True,True,0.0,True,True,False,False,False,True
jcola:out_of_domain_valid:9587,JCoLA,0,True,True,True,True,True,True,0.0,True,True,False,False,False,True
jcola:out_of_domain_valid:9597,JCoLA,0,True,True,True,True,True,True,0.0,True,True,False,False,False,True
jcola:out_of_domain_valid:9612,JCoLA,0,True,True,True,True,True,True,0.0,True,True,False,False,False,True
jcola:out_of_domain_valid:9618,JCoLA,0,True,True,True,True,True,True,0.0,True,True,False,False,False,True
jcola:out_of_domain_valid:9636,JCoLA,0,True,True,True,True,True,True,0.0,True,True,False,False,False,True
jcola:out_of_domain_valid:9638,JCoLA,0,True,True,True,True,True,True,0.0,True,True,False,False,False,True
jcola:out_of_domain_valid:9646,JCoLA,0,True,True,True,True,True,True,0.0,True,True,False,False,False,True
jcola:out_of_domain_valid:9651,JCoLA,0,True,True,True,True,True,True,0.0,True,True,False,False,False,True
jcola:out_of_domain_valid:9652,JCoLA,0,True,True,True,True,True,True,0.0,True,True,False,False,False,True
jcola:out_of_domain_valid:9654,JCoLA,0,True,True,True,True,True,True,0.0,True,True,False,False,False,True
jcola:out_of_domain_valid:9661,JCoLA,0,True,True,True,True,True,True,0.0,True,True,False,False,False,True
jcola:out_of_domain_valid:9664,JCoLA,0,True,True,True,True,True,True,0.0,True,True,False,False,False,True
jcola:out_of_domain_valid:9668,JCoLA,0,True,True,True,True,True,True,0.0,True,True,False,False,False,True
jcola:out_of_domain_valid:9726,JCoLA,0,True,True,True,True,True,True,0.0,True,True,False,False,False,True
jcola:out_of_domain_valid:9741,JCoLA,0,True,True,True,True,True,True,0.0,True,True,False,False,False,True
jcola:out_of_domain_valid:9756,JCoLA,0,True,True,True,True,True,True,0.0,True,True,False,False,False,True
jcola:out_of_domain_valid:9763,JCoLA,0,True,True,True,True,True,True,0.0,True,True,False,False,False,True
jcola:out_of_domain_valid:9776,JCoLA,0,True,True,True,True,True,True,0.0,True,True,False,False,False,True
jcola:out_of_domain_valid:9798,JCoLA,0,True,True,True,True,True,True,0.0,True,True,False,False,False,True
jcola:out_of_domain_valid:9819,JCoLA,0,True,True,True,True,True,True,0.0,True,True,False,False,False,True
jcola:out_of_domain_valid:9833,JCoLA,0,True,True,True,True,True,True,0.0,True,True,False,False,False,True
jcola:out_of_domain_valid:9873,JCoLA,0,True,True,True,True,True,True,0.0,True,True,False,False,False,True
jcola:out_of_domain_valid:9886,JCoLA,0,True,True,True,True,True,True,0.0,True,True,False,False,False,True
jcola:out_of_domain_valid:9898,JCoLA,0,True,True,True,True,True,True,0.0,True,True,False,False,False,True
jcola:out_of_domain_valid:9900,JCoLA,0,True,True,True,True,True,True,0.0,True,True,False,False,False,True
jcola:out_of_domain_valid:9905,JCoLA,0,True,True,True,True,True,True,0.0,True,True,False,False,False,True
jcola:out_of_domain_valid:9910,JCoLA,0,True,True,True,True,True,True,0.0,True,True,False,False,False,True
jcola:out_of_domain_valid:9916,JCoLA,0,True,True,True,True,True,True,0.0,True,True,False,False,False,True
jcola:out_of_domain_valid:9918,JCoLA,0,True,True,True,True,True,True,0.0,True,True,False,False,False,True
jcola:out_of_domain_valid:9919,JCoLA,0,True,True,True,True,True,True,0.0,True,True,False,False,False,True
jcola:out_of_domain_valid:9928,JCoLA,0,True,True,True,True,True,True,0.0,True,True,False,False,False,True
jcola:out_of_domain_valid:9931,JCoLA,0,True,True,True,True,True,True,0.0,True,True,False,False,False,True
jcola:out_of_domain_valid:9939,JCoLA,0,True,True,True,True,True,True,0.0,True,True,False,False,False,True
jcola:out_of_domain_valid:9980,JCoLA,0,True,True,True,True,True,True,0.0,True,True,False,False,False,True
jcommonsenseqa:valid:10002,JCommonsenseQA,0,True,True,True,True,True,True,0.0,True,True,False,False,False,True
jcommonsenseqa:valid:10003,JCommonsenseQA,0,True,True,True,True,True,True,0.0,True,True,False,False,False,True
jcommonsenseqa:valid:10004,JCommonsenseQA,0,True,True,True,True,True,True,0.0,True,True,False,False,False,True
jcommonsenseqa:valid:10006,JCommonsenseQA,0,True,True,True,True,True,True,0.0,True,True,False,False,False,True
jcommonsenseqa:valid:10016,JCommonsenseQA,0,True,True,True,True,True,True,0.0,True,True,False,False,False,True
jcommonsenseqa:valid:10019,JCommonsenseQA,0,True,True,True,True,True,True,0.0,True,True,False,False,False,True
jcommonsenseqa:valid:10024,JCommonsenseQA,0,True,True,True,True,True,True,0.0,True,True,False,False,False,True
jcommonsenseqa:valid:10027,JCommonsenseQA,0,True,True,True,True,True,True,0.0,True,True,False,False,False,True
jcommonsenseqa:valid:10041,JCommonsenseQA,0,True,True,True,True,True,True,0.0,True,True,False,False,False,True
jcommonsenseqa:valid:10043,JCommonsenseQA,0,True,True,True,True,True,True,0.0,True,True,False,False,False,True
jcommonsenseqa:valid:10051,JCommonsenseQA,0,True,True,True,True,True,True,0.0,True,True,False,False,False,True
jcommonsenseqa:valid:8939,JCommonsenseQA,0,True,True,True,True,True,True,0.0,True,True,False,False,False,True
jcommonsenseqa:valid:8940,JCommonsenseQA,0,True,True,True,True,True,True,0.0,True,True,False,False,False,True
jcommonsenseqa:valid:8947,JCommonsenseQA,0,True,True,True,True,True,True,0.0,True,True,False,False,False,True
jcommonsenseqa:valid:8959,JCommonsenseQA,0,True,True,True,True,True,True,0.0,True,True,False,False,False,True
jcommonsenseqa:valid:8961,JCommonsenseQA,0,True,True,True,True,True,True,0.0,True,True,False,False,False,True
jcommonsenseqa:valid:8978,JCommonsenseQA,0,True,True,True,True,True,True,0.0,True,True,False,False,False,True
jcommonsenseqa:valid:8996,JCommonsenseQA,0,True,True,True,True,True,True,0.0,True,True,False,False,False,True
jcommonsenseqa:valid:8998,JCommonsenseQA,0,True,True,True,True,True,True,0.0,True,True,False,False,False,True
jcommonsenseqa:valid:9009,JCommonsenseQA,0,True,True,True,True,True,True,0.0,True,True,False,False,False,True
jcommonsenseqa:valid:9011,JCommonsenseQA,0,True,True,True,True,True,True,0.0,True,True,False,False,False,True
jcommonsenseqa:valid:9026,JCommonsenseQA,0,True,True,True,True,True,True,0.0,True,True,False,False,False,True
jcommonsenseqa:valid:9031,JCommonsenseQA,0,True,True,True,True,True,True,0.0,True,True,False,False,False,True
jcommonsenseqa:valid:9038,JCommonsenseQA,0,True,True,True,True,True,True,0.0,True,True,False,False,False,True
jcommonsenseqa:valid:9040,JCommonsenseQA,0,True,True,True,True,True,True,0.0,True,True,False,False,False,True
jcommonsenseqa:valid:9041,JCommonsenseQA,0,True,True,True,True,True,True,0.0,True,True,False,False,False,True
jcommonsenseqa:valid:9043,JCommonsenseQA,0,True,True,True,True,True,True,0.0,True,True,False,False,False,True
jcommonsenseqa:valid:9047,JCommonsenseQA,0,True,True,True,True,True,True,0.0,True,True,False,False,False,True
jcommonsenseqa:valid:9049,JCommonsenseQA,0,True,True,True,True,True,True,0.0,True,True,False,False,False,True
jcommonsenseqa:valid:9054,JCommonsenseQA,0,True,True,True,True,True,True,0.0,True,True,False,False,False,True
jcommonsenseqa:valid:9057,JCommonsenseQA,0,True,True,True,True,True,True,0.0,True,True,False,False,False,True
jcommonsenseqa:valid:9059,JCommonsenseQA,0,True,True,True,True,True,True,0.0,True,True,False,False,False,True
jcommonsenseqa:valid:9065,JCommonsenseQA,0,True,True,True,True,True,True,0.0,True,True,False,False,False,True
jcommonsenseqa:valid:9066,JCommonsenseQA,0,True,True,True,True,True,True,0.0,True,True,False,False,False,True
jcommonsenseqa:valid:9071,JCommonsenseQA,0,True,True,True,True,True,True,0.0,True,True,False,False,False,True
jcommonsenseqa:valid:9075,JCommonsenseQA,0,True,True,True,True,True,True,0.0,True,True,False,False,False,True
jcommonsenseqa:valid:9080,JCommonsenseQA,0,True,True,True,True,True,True,0.0,True,True,False,False,False,True
jcommonsenseqa:valid:9084,JCommonsenseQA,0,True,True,True,True,True,True,0.0,True,True,False,False,False,True
jcommonsenseqa:valid:9097,JCommonsenseQA,0,True,True,True,True,True,True,0.0,True,True,False,False,False,True
jcommonsenseqa:valid:9098,JCommonsenseQA,0,True,True,True,True,True,True,0.0,True,True,False,False,False,True
jcommonsenseqa:valid:9102,JCommonsenseQA,0,True,True,True,True,True,True,0.0,True,True,False,False,False,True
jcommonsenseqa:valid:9118,JCommonsenseQA,0,True,True,True,True,True,True,0.0,True,True,False,False,False,True
jcommonsenseqa:valid:9119,JCommonsenseQA,0,True,True,True,True,True,True,0.0,True,True,False,False,False,True
jcommonsenseqa:valid:9120,JCommonsenseQA,0,True,True,True,True,True,True,0.0,True,True,False,False,False,True
jcommonsenseqa:valid:9124,JCommonsenseQA,0,True,True,True,True,True,True,0.0,True,True,False,False,False,True
jcommonsenseqa:valid:9140,JCommonsenseQA,0,True,True,True,True,True,True,0.0,True,True,False,False,False,True
jcommonsenseqa:valid:9156,JCommonsenseQA,0,True,True,True,True,True,True,0.0,True,True,False,False,False,True
jcommonsenseqa:valid:9158,JCommonsenseQA,0,True,True,True,True,True,True,0.0,True,True,False,False,False,True
jcommonsenseqa:valid:9171,JCommonsenseQA,0,True,True,True,True,True,True,0.0,True,True,False,False,False,True
jcommonsenseqa:valid:9177,JCommonsenseQA,0,True,True,True,True,True,True,0.0,True,True,False,False,False,True
jcommonsenseqa:valid:9178,JCommonsenseQA,0,True,True,True,True,True,True,0.0,True,True,False,False,False,True
jcommonsenseqa:valid:9179,JCommonsenseQA,0,True,True,True,True,True,True,0.0,True,True,False,False,False,True
jcommonsenseqa:valid:9196,JCommonsenseQA,0,True,True,True,True,True,True,0.0,True,True,False,False,False,True
jcommonsenseqa:valid:9198,JCommonsenseQA,0,True,True,True,True,True,True,0.0,True,True,False,False,False,True
jcommonsenseqa:valid:9202,JCommonsenseQA,0,True,True,True,True,True,True,0.0,True,True,False,False,False,True
jcommonsenseqa:valid:9215,JCommonsenseQA,0,True,True,True,True,True,True,0.0,True,True,False,False,False,True
jcommonsenseqa:valid:9220,JCommonsenseQA,0,True,True,True,True,True,True,0.0,True,True,False,False,False,True
jcommonsenseqa:valid:9230,JCommonsenseQA,0,True,True,True,True,True,True,0.0,True,True,False,False,False,True
jcommonsenseqa:valid:9236,JCommonsenseQA,0,True,True,True,True,True,True,0.0,True,True,False,False,False,True
jcommonsenseqa:valid:9238,JCommonsenseQA,0,True,True,True,True,True,True,0.0,True,True,False,False,False,True
jcommonsenseqa:valid:9258,JCommonsenseQA,0,True,True,True,True,True,True,0.0,True,True,False,False,False,True
jcommonsenseqa:valid:9262,JCommonsenseQA,0,True,True,True,True,True,True,0.0,True,True,False,False,False,True
jcommonsenseqa:valid:9270,JCommonsenseQA,0,True,True,True,True,True,True,0.0,True,True,False,False,False,True
jcommonsenseqa:valid:9275,JCommonsenseQA,0,True,True,True,True,True,True,0.0,True,True,False,False,False,True
jcommonsenseqa:valid:9286,JCommonsenseQA,0,True,True,True,True,True,True,0.0,True,True,False,False,False,True
jcommonsenseqa:valid:9291,JCommonsenseQA,0,True,True,True,True,True,True,0.0,True,True,False,False,False,True
jcommonsenseqa:valid:9321,JCommonsenseQA,0,True,True,True,True,True,True,0.0,True,True,False,False,False,True
jcommonsenseqa:valid:9324,JCommonsenseQA,0,True,True,True,True,True,True,0.0,True,True,False,False,False,True
jcommonsenseqa:valid:9337,JCommonsenseQA,0,True,True,True,True,True,True,0.0,True,True,False,False,False,True
jcommonsenseqa:valid:9347,JCommonsenseQA,0,True,True,True,True,True,True,0.0,True,True,False,False,False,True
jcommonsenseqa:valid:9348,JCommonsenseQA,0,True,True,True,True,True,True,0.0,True,True,False,False,False,True
jcommonsenseqa:valid:9354,JCommonsenseQA,0,True,True,True,True,True,True,0.0,True,True,False,False,False,True
jcommonsenseqa:valid:9358,JCommonsenseQA,0,True,True,True,True,True,True,0.0,True,True,False,False,False,True
jcommonsenseqa:valid:9363,JCommonsenseQA,0,True,True,True,True,True,True,0.0,True,True,False,False,False,True
jcommonsenseqa:valid:9374,JCommonsenseQA,0,True,True,True,True,True,True,0.0,True,True,False,False,False,True
jcommonsenseqa:valid:9381,JCommonsenseQA,0,True,True,True,True,True,True,0.0,True,True,False,False,False,True
jcommonsenseqa:valid:9388,JCommonsenseQA,0,True,True,True,True,True,True,0.0,True,True,False,False,False,True
jcommonsenseqa:valid:9393,JCommonsenseQA,0,True,True,True,True,True,True,0.0,True,True,False,False,False,True
jcommonsenseqa:valid:9396,JCommonsenseQA,0,True,True,True,True,True,True,0.0,True,True,False,False,False,True
jcommonsenseqa:valid:9404,JCommonsenseQA,0,True,True,True,True,True,True,0.0,True,True,False,False,False,True
jcommonsenseqa:valid:9405,JCommonsenseQA,0,True,True,True,True,True,True,0.0,True,True,False,False,False,True
jcommonsenseqa:valid:9407,JCommonsenseQA,0,True,True,True,True,True,True,0.0,True,True,False,False,False,True
jcommonsenseqa:valid:9409,JCommonsenseQA,0,True,True,True,True,True,True,0.0,True,True,False,False,False,True
jcommonsenseqa:valid:9411,JCommonsenseQA,0,True,True,True,True,True,True,0.0,True,True,False,False,False,True
jcommonsenseqa:valid:9413,JCommonsenseQA,0,True,True,True,True,True,True,0.0,True,True,False,False,False,True
jcommonsenseqa:valid:9419,JCommonsenseQA,0,True,True,True,True,True,True,0.0,True,True,False,False,False,True
jcommonsenseqa:valid:9421,JCommonsenseQA,0,True,True,True,True,True,True,0.0,True,True,False,False,False,True
jcommonsenseqa:valid:9422,JCommonsenseQA,0,True,True,True,True,True,True,0.0,True,True,False,False,False,True
jcommonsenseqa:valid:9426,JCommonsenseQA,0,True,True,True,True,True,True,0.0,True,True,False,False,False,True
jcommonsenseqa:valid:9433,JCommonsenseQA,0,True,True,True,True,True,True,0.0,True,True,False,False,False,True
jcommonsenseqa:valid:9437,JCommonsenseQA,0,True,True,True,True,True,True,0.0,True,True,False,False,False,True
jcommonsenseqa:valid:9439,JCommonsenseQA,0,True,True,True,True,True,True,0.0,True,True,False,False,False,True
jcommonsenseqa:valid:9440,JCommonsenseQA,0,True,True,True,True,True,True,0.0,True,True,False,False,False,True
jcommonsenseqa:valid:9447,JCommonsenseQA,0,True,True,True,True,True,True,0.0,True,True,False,False,False,True
jcommonsenseqa:valid:9456,JCommonsenseQA,0,True,True,True,True,True,True,0.0,True,True,False,False,False,True
jcommonsenseqa:valid:9457,JCommonsenseQA,0,True,True,True,True,True,True,0.0,True,True,False,False,False,True
jcommonsenseqa:valid:9458,JCommonsenseQA,0,True,True,True,True,True,True,0.0,True,True,False,False,False,True
jcommonsenseqa:valid:9461,JCommonsenseQA,0,True,True,True,True,True,True,0.0,True,True,False,False,False,True
jcommonsenseqa:valid:9465,JCommonsenseQA,0,True,True,True,True,True,True,0.0,True,True,False,False,False,True
jcommonsenseqa:valid:9473,JCommonsenseQA,0,True,True,True,True,True,True,0.0,True,True,False,False,False,True
jcommonsenseqa:valid:9477,JCommonsenseQA,0,True,True,True,True,True,True,0.0,True,True,False,False,False,True
jcommonsenseqa:valid:9481,JCommonsenseQA,0,True,True,True,True,True,True,0.0,True,True,False,False,False,True
jcommonsenseqa:valid:9489,JCommonsenseQA,0,True,True,True,True,True,True,0.0,True,True,False,False,False,True
jcommonsenseqa:valid:9490,JCommonsenseQA,0,True,True,True,True,True,True,0.0,True,True,False,False,False,True
jcommonsenseqa:valid:9491,JCommonsenseQA,0,True,True,True,True,True,True,0.0,True,True,False,False,False,True
jcommonsenseqa:valid:9499,JCommonsenseQA,0,True,True,True,True,True,True,0.0,True,True,False,False,False,True
jcommonsenseqa:valid:9502,JCommonsenseQA,0,True,True,True,True,True,True,0.0,True,True,False,False,False,True
jcommonsenseqa:valid:9510,JCommonsenseQA,0,True,True,True,True,True,True,0.0,True,True,False,False,False,True
jcommonsenseqa:valid:9513,JCommonsenseQA,0,True,True,True,True,True,True,0.0,True,True,False,False,False,True
jcommonsenseqa:valid:9514,JCommonsenseQA,0,True,True,True,True,True,True,0.0,True,True,False,False,False,True
jcommonsenseqa:valid:9522,JCommonsenseQA,0,True,True,True,True,True,True,0.0,True,True,False,False,False,True
jcommonsenseqa:valid:9528,JCommonsenseQA,0,True,True,True,True,True,True,0.0,True,True,False,False,False,True
jcommonsenseqa:valid:9534,JCommonsenseQA,0,True,True,True,True,True,True,0.0,True,True,False,False,False,True
jcommonsenseqa:valid:9535,JCommonsenseQA,0,True,True,True,True,True,True,0.0,True,True,False,False,False,True
jcommonsenseqa:valid:9538,JCommonsenseQA,0,True,True,True,True,True,True,0.0,True,True,False,False,False,True
jcommonsenseqa:valid:9540,JCommonsenseQA,0,True,True,True,True,True,True,0.0,True,True,False,False,False,True
jcommonsenseqa:valid:9544,JCommonsenseQA,0,True,True,True,True,True,True,0.0,True,True,False,False,False,True
jcommonsenseqa:valid:9547,JCommonsenseQA,0,True,True,True,True,True,True,0.0,True,True,False,False,False,True
jcommonsenseqa:valid:9551,JCommonsenseQA,0,True,True,True,True,True,True,0.0,True,True,False,False,False,True
jcommonsenseqa:valid:9562,JCommonsenseQA,0,True,True,True,True,True,True,0.0,True,True,False,False,False,True
jcommonsenseqa:valid:9567,JCommonsenseQA,0,True,True,True,True,True,True,0.0,True,True,False,False,False,True
jcommonsenseqa:valid:9578,JCommonsenseQA,0,True,True,True,True,True,True,0.0,True,True,False,False,False,True
jcommonsenseqa:valid:9583,JCommonsenseQA,0,True,True,True,True,True,True,0.0,True,True,False,False,False,True
jcommonsenseqa:valid:9584,JCommonsenseQA,0,True,True,True,True,True,True,0.0,True,True,False,False,False,True
jcommonsenseqa:valid:9589,JCommonsenseQA,0,True,True,True,True,True,True,0.0,True,True,False,False,False,True
jcommonsenseqa:valid:9595,JCommonsenseQA,0,True,True,True,True,True,True,0.0,True,True,False,False,False,True
jcommonsenseqa:valid:9600,JCommonsenseQA,0,True,True,True,True,True,True,0.0,True,True,False,False,False,True
jcommonsenseqa:valid:9601,JCommonsenseQA,0,True,True,True,True,True,True,0.0,True,True,False,False,False,True
jcommonsenseqa:valid:9603,JCommonsenseQA,0,True,True,True,True,True,True,0.0,True,True,False,False,False,True
jcommonsenseqa:valid:9606,JCommonsenseQA,0,True,True,True,True,True,True,0.0,True,True,False,False,False,True
jcommonsenseqa:valid:9612,JCommonsenseQA,0,True,True,True,True,True,True,0.0,True,True,False,False,False,True
jcommonsenseqa:valid:9616,JCommonsenseQA,0,True,True,True,True,True,True,0.0,True,True,False,False,False,True
jcommonsenseqa:valid:9624,JCommonsenseQA,0,True,True,True,True,True,True,0.0,True,True,False,False,False,True
jcommonsenseqa:valid:9627,JCommonsenseQA,0,True,True,True,True,True,True,0.0,True,True,False,False,False,True
jcommonsenseqa:valid:9634,JCommonsenseQA,0,True,True,True,True,True,True,0.0,True,True,False,False,False,True
jcommonsenseqa:valid:9639,JCommonsenseQA,0,True,True,True,True,True,True,0.0,True,True,False,False,False,True
jcommonsenseqa:valid:9641,JCommonsenseQA,0,True,True,True,True,True,True,0.0,True,True,False,False,False,True
jcommonsenseqa:valid:9649,JCommonsenseQA,0,True,True,True,True,True,True,0.0,True,True,False,False,False,True
jcommonsenseqa:valid:9650,JCommonsenseQA,0,True,True,True,True,True,True,0.0,True,True,False,False,False,True
jcommonsenseqa:valid:9651,JCommonsenseQA,0,True,True,True,True,True,True,0.0,True,True,False,False,False,True
jcommonsenseqa:valid:9655,JCommonsenseQA,0,True,True,True,True,True,True,0.0,True,True,False,False,False,True
jcommonsenseqa:valid:9666,JCommonsenseQA,0,True,True,True,True,True,True,0.0,True,True,False,False,False,True
jcommonsenseqa:valid:9667,JCommonsenseQA,0,True,True,True,True,True,True,0.0,True,True,False,False,False,True
jcommonsenseqa:valid:9675,JCommonsenseQA,0,True,True,True,True,True,True,0.0,True,True,False,False,False,True
jcommonsenseqa:valid:9679,JCommonsenseQA,0,True,True,True,True,True,True,0.0,True,True,False,False,False,True
jcommonsenseqa:valid:9681,JCommonsenseQA,0,True,True,True,True,True,True,0.0,True,True,False,False,False,True
jcommonsenseqa:valid:9685,JCommonsenseQA,0,True,True,True,True,True,True,0.0,True,True,False,False,False,True
jcommonsenseqa:valid:9688,JCommonsenseQA,0,True,True,True,True,True,True,0.0,True,True,False,False,False,True
jcommonsenseqa:valid:9696,JCommonsenseQA,0,True,True,True,True,True,True,0.0,True,True,False,False,False,True
jcommonsenseqa:valid:9699,JCommonsenseQA,0,True,True,True,True,True,True,0.0,True,True,False,False,False,True
jcommonsenseqa:valid:9711,JCommonsenseQA,0,True,True,True,True,True,True,0.0,True,True,False,False,False,True
jcommonsenseqa:valid:9716,JCommonsenseQA,0,True,True,True,True,True,True,0.0,True,True,False,False,False,True
jcommonsenseqa:valid:9717,JCommonsenseQA,0,True,True,True,True,True,True,0.0,True,True,False,False,False,True
jcommonsenseqa:valid:9718,JCommonsenseQA,0,True,True,True,True,True,True,0.0,True,True,False,False,False,True
jcommonsenseqa:valid:9719,JCommonsenseQA,0,True,True,True,True,True,True,0.0,True,True,False,False,False,True
jcommonsenseqa:valid:9720,JCommonsenseQA,0,True,True,True,True,True,True,0.0,True,True,False,False,False,True
jcommonsenseqa:valid:9730,JCommonsenseQA,0,True,True,True,True,True,True,0.0,True,True,False,False,False,True
jcommonsenseqa:valid:9734,JCommonsenseQA,0,True,True,True,True,True,True,0.0,True,True,False,False,False,True
jcommonsenseqa:valid:9739,JCommonsenseQA,0,True,True,True,True,True,True,0.0,True,True,False,False,False,True
jcommonsenseqa:valid:9749,JCommonsenseQA,0,True,True,True,True,True,True,0.0,True,True,False,False,False,True
jcommonsenseqa:valid:9752,JCommonsenseQA,0,True,True,True,True,True,True,0.0,True,True,False,False,False,True
jcommonsenseqa:valid:9756,JCommonsenseQA,0,True,True,True,True,True,True,0.0,True,True,False,False,False,True
jcommonsenseqa:valid:9761,JCommonsenseQA,0,True,True,True,True,True,True,0.0,True,True,False,False,False,True
jcommonsenseqa:valid:9774,JCommonsenseQA,0,True,True,True,True,True,True,0.0,True,True,False,False,False,True
jcommonsenseqa:valid:9795,JCommonsenseQA,0,True,True,True,True,True,True,0.0,True,True,False,False,False,True
jcommonsenseqa:valid:9798,JCommonsenseQA,0,True,True,True,True,True,True,0.0,True,True,False,False,False,True
jcommonsenseqa:valid:9803,JCommonsenseQA,0,True,True,True,True,True,True,0.0,True,True,False,False,False,True
jcommonsenseqa:valid:9816,JCommonsenseQA,0,True,True,True,True,True,True,0.0,True,True,False,False,False,True
jcommonsenseqa:valid:9818,JCommonsenseQA,0,True,True,True,True,True,True,0.0,True,True,False,False,False,True
jcommonsenseqa:valid:9823,JCommonsenseQA,0,True,True,True,True,True,True,0.0,True,True,False,False,False,True
jcommonsenseqa:valid:9827,JCommonsenseQA,0,True,True,True,True,True,True,0.0,True,True,False,False,False,True
jcommonsenseqa:valid:9832,JCommonsenseQA,0,True,True,True,True,True,True,0.0,True,True,False,False,False,True
jcommonsenseqa:valid:9833,JCommonsenseQA,0,True,True,True,True,True,True,0.0,True,True,False,False,False,True
jcommonsenseqa:valid:9839,JCommonsenseQA,0,True,True,True,True,True,True,0.0,True,True,False,False,False,True
jcommonsenseqa:valid:9840,JCommonsenseQA,0,True,True,True,True,True,True,0.0,True,True,False,False,False,True
jcommonsenseqa:valid:9853,JCommonsenseQA,0,True,True,True,True,True,True,0.0,True,True,False,False,False,True
jcommonsenseqa:valid:9863,JCommonsenseQA,0,True,True,True,True,True,True,0.0,True,True,False,False,False,True
jcommonsenseqa:valid:9867,JCommonsenseQA,0,True,True,True,True,True,True,0.0,True,True,False,False,False,True
jcommonsenseqa:valid:9868,JCommonsenseQA,0,True,True,True,True,True,True,0.0,True,True,False,False,False,True
jcommonsenseqa:valid:9872,JCommonsenseQA,0,True,True,True,True,True,True,0.0,True,True,False,False,False,True
jcommonsenseqa:valid:9892,JCommonsenseQA,0,True,True,True,True,True,True,0.0,True,True,False,False,False,True
jcommonsenseqa:valid:9902,JCommonsenseQA,0,True,True,True,True,True,True,0.0,True,True,False,False,False,True
jcommonsenseqa:valid:9904,JCommonsenseQA,0,True,True,True,True,True,True,0.0,True,True,False,False,False,True
jcommonsenseqa:valid:9910,JCommonsenseQA,0,True,True,True,True,True,True,0.0,True,True,False,False,False,True
jcommonsenseqa:valid:9922,JCommonsenseQA,0,True,True,True,True,True,True,0.0,True,True,False,False,False,True
jcommonsenseqa:valid:9925,JCommonsenseQA,0,True,True,True,True,True,True,0.0,True,True,False,False,False,True
jcommonsenseqa:valid:9927,JCommonsenseQA,0,True,True,True,True,True,True,0.0,True,True,False,False,False,True
jcommonsenseqa:valid:9932,JCommonsenseQA,0,True,True,True,True,True,True,0.0,True,True,False,False,False,True
jcommonsenseqa:valid:9935,JCommonsenseQA,0,True,True,True,True,True,True,0.0,True,True,False,False,False,True
jcommonsenseqa:valid:9937,JCommonsenseQA,0,True,True,True,True,True,True,0.0,True,True,False,False,False,True
jcommonsenseqa:valid:9938,JCommonsenseQA,0,True,True,True,True,True,True,0.0,True,True,False,False,False,True
jcommonsenseqa:valid:9948,JCommonsenseQA,0,True,True,True,True,True,True,0.0,True,True,False,False,False,True
jcommonsenseqa:valid:9959,JCommonsenseQA,0,True,True,True,True,True,True,0.0,True,True,False,False,False,True
jcommonsenseqa:valid:9965,JCommonsenseQA,0,True,True,True,True,True,True,0.0,True,True,False,False,False,True
jcommonsenseqa:valid:9968,JCommonsenseQA,0,True,True,True,True,True,True,0.0,True,True,False,False,False,True
jcommonsenseqa:valid:9969,JCommonsenseQA,0,True,True,True,True,True,True,0.0,True,True,False,False,False,True
jcommonsenseqa:valid:9971,JCommonsenseQA,0,True,True,True,True,True,True,0.0,True,True,False,False,False,True
jcommonsenseqa:valid:9975,JCommonsenseQA,0,True,True,True,True,True,True,0.0,True,True,False,False,False,True
jcommonsenseqa:valid:9980,JCommonsenseQA,0,True,True,True,True,True,True,0.0,True,True,False,False,False,True
jcommonsenseqa:valid:9990,JCommonsenseQA,0,True,True,True,True,True,True,0.0,True,True,False,False,False,True
jsts:valid:10,JSTS,0,True,True,True,True,True,True,0.0,True,True,False,False,False,True
jsts:valid:100,JSTS,0,True,True,True,True,True,True,0.0,True,True,False,False,False,True
jsts:valid:1005,JSTS,0,True,True,True,True,True,True,0.0,True,True,False,False,False,True
jsts:valid:1007,JSTS,0,True,True,True,True,True,True,0.0,True,True,False,False,False,True
jsts:valid:1016,JSTS,0,True,True,True,True,True,True,0.0,True,True,False,False,False,True
jsts:valid:1021,JSTS,0,True,True,True,True,True,True,0.0,True,True,False,False,False,True
jsts:valid:1037,JSTS,0,True,True,True,True,True,True,0.0,True,True,False,False,False,True
jsts:valid:1044,JSTS,0,True,True,True,True,True,True,0.0,True,True,False,False,False,True
jsts:valid:1045,JSTS,0,True,True,True,True,True,True,0.0,True,True,False,False,False,True
jsts:valid:1048,JSTS,0,True,True,True,True,True,True,0.0,True,True,False,False,False,True
jsts:valid:1054,JSTS,0,True,True,True,True,True,True,0.0,True,True,False,False,False,True
jsts:valid:1066,JSTS,0,True,True,True,True,True,True,0.0,True,True,False,False,False,True
jsts:valid:107,JSTS,0,True,True,True,True,True,True,0.0,True,True,False,False,False,True
jsts:valid:1071,JSTS,0,True,True,True,True,True,True,0.0,True,True,False,False,False,True
jsts:valid:1080,JSTS,0,True,True,True,True,True,True,0.0,True,True,False,False,False,True
jsts:valid:1082,JSTS,0,True,True,True,True,True,True,0.0,True,True,False,False,False,True
jsts:valid:1086,JSTS,0,True,True,True,True,True,True,0.0,True,True,False,False,False,True
jsts:valid:1087,JSTS,0,True,True,True,True,True,True,0.0,True,True,False,False,False,True
jsts:valid:1098,JSTS,0,True,True,True,True,True,True,0.0,True,True,False,False,False,True
jsts:valid:1100,JSTS,0,True,True,True,True,True,True,0.0,True,True,False,False,False,True
jsts:valid:1111,JSTS,0,True,True,True,True,True,True,0.0,True,True,False,False,False,True
jsts:valid:1116,JSTS,0,True,True,True,True,True,True,0.0,True,True,False,False,False,True
jsts:valid:1120,JSTS,0,True,True,True,True,True,True,0.0,True,True,False,False,False,True
jsts:valid:1126,JSTS,0,True,True,True,True,True,True,0.0,True,True,False,False,False,True
jsts:valid:1140,JSTS,0,True,True,True,True,True,True,0.0,True,True,False,False,False,True
jsts:valid:1149,JSTS,0,True,True,True,True,True,True,0.0,True,True,False,False,False,True
jsts:valid:115,JSTS,0,True,True,True,True,True,True,0.0,True,True,False,False,False,True
jsts:valid:1151,JSTS,0,True,True,True,True,True,True,0.0,True,True,False,False,False,True
jsts:valid:116,JSTS,0,True,True,True,True,True,True,0.0,True,True,False,False,False,True
jsts:valid:1160,JSTS,0,True,True,True,True,True,True,0.0,True,True,False,False,False,True
jsts:valid:1167,JSTS,0,True,True,True,True,True,True,0.0,True,True,False,False,False,True
jsts:valid:1174,JSTS,0,True,True,True,True,True,True,0.0,True,True,False,False,False,True
jsts:valid:1176,JSTS,0,True,True,True,True,True,True,0.0,True,True,False,False,False,True
jsts:valid:1191,JSTS,0,True,True,True,True,True,True,0.0,True,True,False,False,False,True
jsts:valid:1206,JSTS,0,True,True,True,True,True,True,0.0,True,True,False,False,False,True
jsts:valid:1210,JSTS,0,True,True,True,True,True,True,0.0,True,True,False,False,False,True
jsts:valid:1225,JSTS,0,True,True,True,True,True,True,0.0,True,True,False,False,False,True
jsts:valid:1226,JSTS,0,True,True,True,True,True,True,0.0,True,True,False,False,False,True
jsts:valid:1231,JSTS,0,True,True,True,True,True,True,0.0,True,True,False,False,False,True
jsts:valid:1236,JSTS,0,True,True,True,True,True,True,0.0,True,True,False,False,False,True
jsts:valid:1240,JSTS,0,True,True,True,True,True,True,0.0,True,True,False,False,False,True
jsts:valid:1248,JSTS,0,True,True,True,True,True,True,0.0,True,True,False,False,False,True
jsts:valid:1249,JSTS,0,True,True,True,True,True,True,0.0,True,True,False,False,False,True
jsts:valid:1253,JSTS,0,True,True,True,True,True,True,0.0,True,True,False,False,False,True
jsts:valid:127,JSTS,0,True,True,True,True,True,True,0.0,True,True,False,False,False,True
jsts:valid:1272,JSTS,0,True,True,True,True,True,True,0.0,True,True,False,False,False,True
jsts:valid:1298,JSTS,0,True,True,True,True,True,True,0.0,True,True,False,False,False,True
jsts:valid:1314,JSTS,0,True,True,True,True,True,True,0.0,True,True,False,False,False,True
jsts:valid:1315,JSTS,0,True,True,True,True,True,True,0.0,True,True,False,False,False,True
jsts:valid:1318,JSTS,0,True,True,True,True,True,True,0.0,True,True,False,False,False,True
jsts:valid:1325,JSTS,0,True,True,True,True,True,True,0.0,True,True,False,False,False,True
jsts:valid:1327,JSTS,0,True,True,True,True,True,True,0.0,True,True,False,False,False,True
jsts:valid:1330,JSTS,0,True,True,True,True,True,True,0.0,True,True,False,False,False,True
jsts:valid:1337,JSTS,0,True,True,True,True,True,True,0.0,True,True,False,False,False,True
jsts:valid:1352,JSTS,0,True,True,True,True,True,True,0.0,True,True,False,False,False,True
jsts:valid:1357,JSTS,0,True,True,True,True,True,True,0.0,True,True,False,False,False,True
jsts:valid:1359,JSTS,0,True,True,True,True,True,True,0.0,True,True,False,False,False,True
jsts:valid:1365,JSTS,0,True,True,True,True,True,True,0.0,True,True,False,False,False,True
jsts:valid:1366,JSTS,0,True,True,True,True,True,True,0.0,True,True,False,False,False,True
jsts:valid:1367,JSTS,0,True,True,True,True,True,True,0.0,True,True,False,False,False,True
jsts:valid:1376,JSTS,0,True,True,True,True,True,True,0.0,True,True,False,False,False,True
jsts:valid:1377,JSTS,0,True,True,True,True,True,True,0.0,True,True,False,False,False,True
jsts:valid:1390,JSTS,0,True,True,True,True,True,True,0.0,True,True,False,False,False,True
jsts:valid:1394,JSTS,0,True,True,True,True,True,True,0.0,True,True,False,False,False,True
jsts:valid:1396,JSTS,0,True,True,True,True,True,True,0.0,True,True,False,False,False,True
jsts:valid:140,JSTS,0,True,True,True,True,True,True,0.0,True,True,False,False,False,True
jsts:valid:1402,JSTS,0,True,True,True,True,True,True,0.0,True,True,False,False,False,True
jsts:valid:1416,JSTS,0,True,True,True,True,True,True,0.0,True,True,False,False,False,True
jsts:valid:1422,JSTS,0,True,True,True,True,True,True,0.0,True,True,False,False,False,True
jsts:valid:1434,JSTS,0,True,True,True,True,True,True,0.0,True,True,False,False,False,True
jsts:valid:1446,JSTS,0,True,True,True,True,True,True,0.0,True,True,False,False,False,True
jsts:valid:145,JSTS,0,True,True,True,True,True,True,0.0,True,True,False,False,False,True
jsts:valid:1451,JSTS,0,True,True,True,True,True,True,0.0,True,True,False,False,False,True
jsts:valid:147,JSTS,0,True,True,True,True,True,True,0.0,True,True,False,False,False,True
jsts:valid:149,JSTS,0,True,True,True,True,True,True,0.0,True,True,False,False,False,True
jsts:valid:177,JSTS,0,True,True,True,True,True,True,0.0,True,True,False,False,False,True
jsts:valid:181,JSTS,0,True,True,True,True,True,True,0.0,True,True,False,False,False,True
jsts:valid:185,JSTS,0,True,True,True,True,True,True,0.0,True,True,False,False,False,True
jsts:valid:188,JSTS,0,True,True,True,True,True,True,0.0,True,True,False,False,False,True
jsts:valid:191,JSTS,0,True,True,True,True,True,True,0.0,True,True,False,False,False,True
jsts:valid:197,JSTS,0,True,True,True,True,True,True,0.0,True,True,False,False,False,True
jsts:valid:203,JSTS,0,True,True,True,True,True,True,0.0,True,True,False,False,False,True
jsts:valid:204,JSTS,0,True,True,True,True,True,True,0.0,True,True,False,False,False,True
jsts:valid:205,JSTS,0,True,True,True,True,True,True,0.0,True,True,False,False,False,True
jsts:valid:21,JSTS,0,True,True,True,True,True,True,0.0,True,True,False,False,False,True
jsts:valid:214,JSTS,0,True,True,True,True,True,True,0.0,True,True,False,False,False,True
jsts:valid:222,JSTS,0,True,True,True,True,True,True,0.0,True,True,False,False,False,True
jsts:valid:229,JSTS,0,True,True,True,True,True,True,0.0,True,True,False,False,False,True
jsts:valid:233,JSTS,0,True,True,True,True,True,True,0.0,True,True,False,False,False,True
jsts:valid:234,JSTS,0,True,True,True,True,True,True,0.0,True,True,False,False,False,True
jsts:valid:250,JSTS,0,True,True,True,True,True,True,0.0,True,True,False,False,False,True
jsts:valid:254,JSTS,0,True,True,True,True,True,True,0.0,True,True,False,False,False,True
jsts:valid:267,JSTS,0,True,True,True,True,True,True,0.0,True,True,False,False,False,True
jsts:valid:270,JSTS,0,True,True,True,True,True,True,0.0,True,True,False,False,False,True
jsts:valid:276,JSTS,0,True,True,True,True,True,True,0.0,True,True,False,False,False,True
jsts:valid:280,JSTS,0,True,True,True,True,True,True,0.0,True,True,False,False,False,True
jsts:valid:29,JSTS,0,True,True,True,True,True,True,0.0,True,True,False,False,False,True
jsts:valid:3,JSTS,0,True,True,True,True,True,True,0.0,True,True,False,False,False,True
jsts:valid:302,JSTS,0,True,True,True,True,True,True,0.0,True,True,False,False,False,True
jsts:valid:33,JSTS,0,True,True,True,True,True,True,0.0,True,True,False,False,False,True
jsts:valid:337,JSTS,0,True,True,True,True,True,True,0.0,True,True,False,False,False,True
jsts:valid:340,JSTS,0,True,True,True,True,True,True,0.0,True,True,False,False,False,True
jsts:valid:348,JSTS,0,True,True,True,True,True,True,0.0,True,True,False,False,False,True
jsts:valid:350,JSTS,0,True,True,True,True,True,True,0.0,True,True,False,False,False,True
jsts:valid:356,JSTS,0,True,True,True,True,True,True,0.0,True,True,False,False,False,True
jsts:valid:363,JSTS,0,True,True,True,True,True,True,0.0,True,True,False,False,False,True
jsts:valid:364,JSTS,0,True,True,True,True,True,True,0.0,True,True,False,False,False,True
jsts:valid:370,JSTS,0,True,True,True,True,True,True,0.0,True,True,False,False,False,True
jsts:valid:376,JSTS,0,True,True,True,True,True,True,0.0,True,True,False,False,False,True
jsts:valid:391,JSTS,0,True,True,True,True,True,True,0.0,True,True,False,False,False,True
jsts:valid:395,JSTS,0,True,True,True,True,True,True,0.0,True,True,False,False,False,True
jsts:valid:399,JSTS,0,True,True,True,True,True,True,0.0,True,True,False,False,False,True
jsts:valid:400,JSTS,0,True,True,True,True,True,True,0.0,True,True,False,False,False,True
jsts:valid:402,JSTS,0,True,True,True,True,True,True,0.0,True,True,False,False,False,True
jsts:valid:416,JSTS,0,True,True,True,True,True,True,0.0,True,True,False,False,False,True
jsts:valid:42,JSTS,0,True,True,True,True,True,True,0.0,True,True,False,False,False,True
jsts:valid:438,JSTS,0,True,True,True,True,True,True,0.0,True,True,False,False,False,True
jsts:valid:449,JSTS,0,True,True,True,True,True,True,0.0,True,True,False,False,False,True
jsts:valid:456,JSTS,0,True,True,True,True,True,True,0.0,True,True,False,False,False,True
jsts:valid:458,JSTS,0,True,True,True,True,True,True,0.0,True,True,False,False,False,True
jsts:valid:475,JSTS,0,True,True,True,True,True,True,0.0,True,True,False,False,False,True
jsts:valid:48,JSTS,0,True,True,True,True,True,True,0.0,True,True,False,False,False,True
jsts:valid:489,JSTS,0,True,True,True,True,True,True,0.0,True,True,False,False,False,True
jsts:valid:500,JSTS,0,True,True,True,True,True,True,0.0,True,True,False,False,False,True
jsts:valid:510,JSTS,0,True,True,True,True,True,True,0.0,True,True,False,False,False,True
jsts:valid:516,JSTS,0,True,True,True,True,True,True,0.0,True,True,False,False,False,True
jsts:valid:519,JSTS,0,True,True,True,True,True,True,0.0,True,True,False,False,False,True
jsts:valid:520,JSTS,0,True,True,True,True,True,True,0.0,True,True,False,False,False,True
jsts:valid:523,JSTS,0,True,True,True,True,True,True,0.0,True,True,False,False,False,True
jsts:valid:524,JSTS,0,True,True,True,True,True,True,0.0,True,True,False,False,False,True
jsts:valid:530,JSTS,0,True,True,True,True,True,True,0.0,True,True,False,False,False,True
jsts:valid:55,JSTS,0,True,True,True,True,True,True,0.0,True,True,False,False,False,True
jsts:valid:554,JSTS,0,True,True,True,True,True,True,0.0,True,True,False,False,False,True
jsts:valid:558,JSTS,0,True,True,True,True,True,True,0.0,True,True,False,False,False,True
jsts:valid:56,JSTS,0,True,True,True,True,True,True,0.0,True,True,False,False,False,True
jsts:valid:560,JSTS,0,True,True,True,True,True,True,0.0,True,True,False,False,False,True
jsts:valid:564,JSTS,0,True,True,True,True,True,True,0.0,True,True,False,False,False,True
jsts:valid:566,JSTS,0,True,True,True,True,True,True,0.0,True,True,False,False,False,True
jsts:valid:57,JSTS,0,True,True,True,True,True,True,0.0,True,True,False,False,False,True
jsts:valid:580,JSTS,0,True,True,True,True,True,True,0.0,True,True,False,False,False,True
jsts:valid:581,JSTS,0,True,True,True,True,True,True,0.0,True,True,False,False,False,True
jsts:valid:589,JSTS,0,True,True,True,True,True,True,0.0,True,True,False,False,False,True
jsts:valid:590,JSTS,0,True,True,True,True,True,True,0.0,True,True,False,False,False,True
jsts:valid:592,JSTS,0,True,True,True,True,True,True,0.0,True,True,False,False,False,True
jsts:valid:599,JSTS,0,True,True,True,True,True,True,0.0,True,True,False,False,False,True
jsts:valid:601,JSTS,0,True,True,True,True,True,True,0.0,True,True,False,False,False,True
jsts:valid:619,JSTS,0,True,True,True,True,True,True,0.0,True,True,False,False,False,True
jsts:valid:621,JSTS,0,True,True,True,True,True,True,0.0,True,True,False,False,False,True
jsts:valid:622,JSTS,0,True,True,True,True,True,True,0.0,True,True,False,False,False,True
jsts:valid:64,JSTS,0,True,True,True,True,True,True,0.0,True,True,False,False,False,True
jsts:valid:647,JSTS,0,True,True,True,True,True,True,0.0,True,True,False,False,False,True
jsts:valid:656,JSTS,0,True,True,True,True,True,True,0.0,True,True,False,False,False,True
jsts:valid:672,JSTS,0,True,True,True,True,True,True,0.0,True,True,False,False,False,True
jsts:valid:677,JSTS,0,True,True,True,True,True,True,0.0,True,True,False,False,False,True
jsts:valid:681,JSTS,0,True,True,True,True,True,True,0.0,True,True,False,False,False,True
jsts:valid:688,JSTS,0,True,True,True,True,True,True,0.0,True,True,False,False,False,True
jsts:valid:691,JSTS,0,True,True,True,True,True,True,0.0,True,True,False,False,False,True
jsts:valid:692,JSTS,0,True,True,True,True,True,True,0.0,True,True,False,False,False,True
jsts:valid:702,JSTS,0,True,True,True,True,True,True,0.0,True,True,False,False,False,True
jsts:valid:704,JSTS,0,True,True,True,True,True,True,0.0,True,True,False,False,False,True
jsts:valid:728,JSTS,0,True,True,True,True,True,True,0.0,True,True,False,False,False,True
jsts:valid:729,JSTS,0,True,True,True,True,True,True,0.0,True,True,False,False,False,True
jsts:valid:734,JSTS,0,True,True,True,True,True,True,0.0,True,True,False,False,False,True
jsts:valid:742,JSTS,0,True,True,True,True,True,True,0.0,True,True,False,False,False,True
jsts:valid:748,JSTS,0,True,True,True,True,True,True,0.0,True,True,False,False,False,True
jsts:valid:751,JSTS,0,True,True,True,True,True,True,0.0,True,True,False,False,False,True
jsts:valid:763,JSTS,0,True,True,True,True,True,True,0.0,True,True,False,False,False,True
jsts:valid:768,JSTS,0,True,True,True,True,True,True,0.0,True,True,False,False,False,True
jsts:valid:778,JSTS,0,True,True,True,True,True,True,0.0,True,True,False,False,False,True
jsts:valid:78,JSTS,0,True,True,True,True,True,True,0.0,True,True,False,False,False,True
jsts:valid:781,JSTS,0,True,True,True,True,True,True,0.0,True,True,False,False,False,True
jsts:valid:789,JSTS,0,True,True,True,True,True,True,0.0,True,True,False,False,False,True
jsts:valid:794,JSTS,0,True,True,True,True,True,True,0.0,True,True,False,False,False,True
jsts:valid:803,JSTS,0,True,True,True,True,True,True,0.0,True,True,False,False,False,True
jsts:valid:804,JSTS,0,True,True,True,True,True,True,0.0,True,True,False,False,False,True
jsts:valid:816,JSTS,0,True,True,True,True,True,True,0.0,True,True,False,False,False,True
jsts:valid:84,JSTS,0,True,True,True,True,True,True,0.0,True,True,False,False,False,True
jsts:valid:843,JSTS,0,True,True,True,True,True,True,0.0,True,True,False,False,False,True
jsts:valid:852,JSTS,0,True,True,True,True,True,True,0.0,True,True,False,False,False,True
jsts:valid:855,JSTS,0,True,True,True,True,True,True,0.0,True,True,False,False,False,True
jsts:valid:862,JSTS,0,True,True,True,True,True,True,0.0,True,True,False,False,False,True
jsts:valid:866,JSTS,0,True,True,True,True,True,True,0.0,True,True,False,False,False,True
jsts:valid:87,JSTS,0,True,True,True,True,True,True,0.0,True,True,False,False,False,True
jsts:valid:875,JSTS,0,True,True,True,True,True,True,0.0,True,True,False,False,False,True
jsts:valid:877,JSTS,0,True,True,True,True,True,True,0.0,True,True,False,False,False,True
jsts:valid:880,JSTS,0,True,True,True,True,True,True,0.0,True,True,False,False,False,True
jsts:valid:894,JSTS,0,True,True,True,True,True,True,0.0,True,True,False,False,False,True
jsts:valid:897,JSTS,0,True,True,True,True,True,True,0.0,True,True,False,False,False,True
jsts:valid:917,JSTS,0,True,True,True,True,True,True,0.0,True,True,False,False,False,True
jsts:valid:92,JSTS,0,True,True,True,True,True,True,0.0,True,True,False,False,False,True
jsts:valid:929,JSTS,0,True,True,True,True,True,True,0.0,True,True,False,False,False,True
jsts:valid:936,JSTS,0,True,True,True,True,True,True,0.0,True,True,False,False,False,True
jsts:valid:943,JSTS,0,True,True,True,True,True,True,0.0,True,True,False,False,False,True
jsts:valid:954,JSTS,0,True,True,True,True,True,True,0.0,True,True,False,False,False,True
jsts:valid:962,JSTS,0,True,True,True,True,True,True,0.0,True,True,False,False,False,True
jsts:valid:969,JSTS,0,True,True,True,True,True,True,0.0,True,True,False,False,False,True
jsts:valid:973,JSTS,0,True,True,True,True,True,True,0.0,True,True,False,False,False,True
jsts:valid:976,JSTS,0,True,True,True,True,True,True,0.0,True,True,False,False,False,True
jsts:valid:980,JSTS,0,True,True,True,True,True,True,0.0,True,True,False,False,False,True
jsts:valid:997,JSTS,0,True,True,True,True,True,True,0.0,True,True,False,False,False,True
manual_v2_choice_002,local_v2,0,True,True,True,True,True,True,0.0,True,True,False,False,False,True
manual_v2_choice_002,local_v2,1,True,True,True,True,True,True,0.0,True,True,False,False,False,True
manual_v2_choice_002,local_v2,2,True,True,True,True,True,True,0.0,True,True,False,False,False,True
manual_v2_choice_002,local_v2,3,True,True,True,True,True,True,0.0,True,True,False,False,False,True
manual_v2_choice_002,local_v2,4,True,True,True,True,True,True,0.0,True,True,False,False,False,True
manual_v2_choice_012,local_v2,0,True,True,True,True,True,True,0.0,True,True,False,False,False,True
manual_v2_choice_012,local_v2,1,True,True,True,True,True,True,0.0,True,True,False,False,False,True
manual_v2_choice_012,local_v2,2,True,True,True,True,True,True,0.0,True,True,False,False,False,True
manual_v2_choice_012,local_v2,3,True,True,True,True,True,True,0.0,True,True,False,False,False,True
manual_v2_choice_012,local_v2,4,True,True,True,True,True,True,0.0,True,True,False,False,False,True
manual_v2_choice_032,local_v2,0,True,True,True,True,True,True,0.0,True,True,False,False,False,True
manual_v2_choice_032,local_v2,1,True,True,True,True,True,True,0.0,True,True,False,False,False,True
manual_v2_choice_032,local_v2,2,True,True,True,True,True,True,0.0,True,True,False,False,False,True
manual_v2_choice_032,local_v2,3,True,True,True,True,True,True,0.0,True,True,False,False,False,True
manual_v2_choice_032,local_v2,4,True,True,True,True,True,True,0.0,True,True,False,False,False,True
manual_v2_choice_035,local_v2,0,True,True,True,True,True,True,0.0,True,True,False,False,False,True
manual_v2_choice_035,local_v2,1,True,True,True,True,True,True,0.0,True,True,False,False,False,True
manual_v2_choice_035,local_v2,2,True,True,True,True,True,True,0.0,True,True,False,False,False,True
manual_v2_choice_035,local_v2,3,True,True,True,True,True,True,0.0,True,True,False,False,False,True
manual_v2_choice_035,local_v2,4,True,True,True,True,True,True,0.0,True,True,False,False,False,True
manual_v2_choice_043,local_v2,0,True,True,True,True,True,True,0.0,True,True,False,False,False,True
manual_v2_choice_043,local_v2,1,True,True,True,True,True,True,0.0,True,True,False,False,False,True
manual_v2_choice_043,local_v2,2,True,True,True,True,True,True,0.0,True,True,False,False,False,True
manual_v2_choice_043,local_v2,3,True,True,True,True,True,True,0.0,True,True,False,False,False,True
manual_v2_choice_043,local_v2,4,True,True,True,True,True,True,0.0,True,True,False,False,False,True
manual_v2_noul_002,local_v2,0,True,True,True,True,True,True,0.0,True,True,False,False,False,True
manual_v2_noul_002,local_v2,1,True,True,True,True,True,True,0.0,True,True,False,False,False,True
manual_v2_noul_002,local_v2,2,True,True,True,True,True,True,0.0,True,True,False,False,False,True
manual_v2_noul_002,local_v2,3,True,True,True,True,True,True,0.0,True,True,False,False,False,True
manual_v2_noul_002,local_v2,4,True,True,True,True,True,True,0.0,True,True,False,False,False,True
manual_v2_noul_004,local_v2,0,True,True,True,True,True,True,0.0,True,True,False,False,False,True
manual_v2_noul_004,local_v2,1,True,True,True,True,True,True,0.0,True,True,False,False,False,True
manual_v2_noul_004,local_v2,2,True,True,True,True,True,True,0.0,True,True,False,False,False,True
manual_v2_noul_004,local_v2,3,True,True,True,True,True,True,0.0,True,True,False,False,False,True
manual_v2_noul_004,local_v2,4,True,True,True,True,True,True,0.0,True,True,False,False,False,True
manual_v2_noul_027,local_v2,0,True,True,True,True,True,True,0.0,True,True,False,False,False,True
manual_v2_noul_027,local_v2,1,True,True,True,True,True,True,0.0,True,True,False,False,False,True
manual_v2_noul_027,local_v2,2,True,True,True,True,True,True,0.0,True,True,False,False,False,True
manual_v2_noul_027,local_v2,3,True,True,True,True,True,True,0.0,True,True,False,False,False,True
manual_v2_noul_027,local_v2,4,True,True,True,True,True,True,0.0,True,True,False,False,False,True
manual_v2_noul_031,local_v2,0,True,True,True,True,True,True,0.0,True,True,False,False,False,True
manual_v2_noul_031,local_v2,1,True,True,True,True,True,True,0.0,True,True,False,False,False,True
manual_v2_noul_031,local_v2,2,True,True,True,True,True,True,0.0,True,True,False,False,False,True
manual_v2_noul_031,local_v2,3,True,True,True,True,True,True,0.0,True,True,False,False,False,True
manual_v2_noul_031,local_v2,4,True,True,True,True,True,True,0.0,True,True,False,False,False,True
manual_v2_noul_049,local_v2,0,True,True,True,True,True,True,0.0,True,True,False,False,False,True
manual_v2_noul_049,local_v2,1,True,True,True,True,True,True,0.0,True,True,False,False,False,True
manual_v2_noul_049,local_v2,2,True,True,True,True,True,True,0.0,True,True,False,False,False,True
manual_v2_noul_049,local_v2,3,True,True,True,True,True,True,0.0,True,True,False,False,False,True
manual_v2_noul_049,local_v2,4,True,True,True,True,True,True,0.0,True,True,False,False,False,True
manual_v2_score_005,local_v2,0,True,True,True,True,True,True,0.0,True,True,False,False,False,True
manual_v2_score_005,local_v2,1,True,True,True,True,True,True,0.0,True,True,False,False,False,True
manual_v2_score_005,local_v2,2,True,True,True,True,True,True,0.0,True,True,False,False,False,True
manual_v2_score_005,local_v2,3,True,True,True,True,True,True,0.0,True,True,False,False,False,True
manual_v2_score_005,local_v2,4,True,True,True,True,True,True,0.0,True,True,False,False,False,True
manual_v2_score_008,local_v2,0,True,True,True,True,True,True,0.0,True,True,False,False,False,True
manual_v2_score_008,local_v2,1,True,True,True,True,True,True,0.0,True,True,False,False,False,True
manual_v2_score_008,local_v2,2,True,True,True,True,True,True,0.0,True,True,False,False,False,True
manual_v2_score_008,local_v2,3,True,True,True,True,True,True,0.0,True,True,False,False,False,True
manual_v2_score_008,local_v2,4,True,True,True,True,True,True,0.0,True,True,False,False,False,True
manual_v2_score_038,local_v2,0,True,True,True,True,True,True,0.0,True,True,False,False,False,True
manual_v2_score_038,local_v2,1,True,True,True,True,True,True,0.0,True,True,False,False,False,True
manual_v2_score_038,local_v2,2,True,True,True,True,True,True,0.0,True,True,False,False,False,True
manual_v2_score_038,local_v2,3,True,True,True,True,True,True,0.0,True,True,False,False,False,True
manual_v2_score_038,local_v2,4,True,True,True,True,True,True,0.0,True,True,False,False,False,True
manual_v2_score_047,local_v2,0,True,True,True,True,True,True,0.0,True,True,False,False,False,True
manual_v2_score_047,local_v2,1,True,True,True,True,True,True,0.0,True,True,False,False,False,True
manual_v2_score_047,local_v2,2,True,True,True,True,True,True,0.0,True,True,False,False,False,True
manual_v2_score_047,local_v2,3,True,True,True,True,True,True,0.0,True,True,False,False,False,True
manual_v2_score_047,local_v2,4,True,True,True,True,True,True,0.0,True,True,False,False,False,True
manual_v2_score_057,local_v2,0,True,True,True,True,True,True,0.0,True,True,False,False,False,True
manual_v2_score_057,local_v2,1,True,True,True,True,True,True,0.0,True,True,False,False,False,True
manual_v2_score_057,local_v2,2,True,True,True,True,True,True,0.0,True,True,False,False,False,True
manual_v2_score_057,local_v2,3,True,True,True,True,True,True,0.0,True,True,False,False,False,True
manual_v2_score_057,local_v2,4,True,True,True,True,True,True,0.0,True,True,False,False,False,True
v2-gen-choice-01-022,local_v2,0,True,True,True,True,True,True,0.0,True,True,False,False,False,True
v2-gen-choice-01-022,local_v2,1,True,True,True,True,True,True,0.0,True,True,False,False,False,True
v2-gen-choice-01-022,local_v2,2,True,True,True,True,True,True,0.0,True,True,False,False,False,True
v2-gen-choice-01-022,local_v2,3,True,True,True,True,True,True,0.0,True,True,False,False,False,True
v2-gen-choice-01-022,local_v2,4,True,True,True,True,True,True,0.0,True,True,False,False,False,True
v2-gen-choice-01-035,local_v2,0,True,True,True,True,True,True,0.0,True,True,False,False,False,True
v2-gen-choice-01-035,local_v2,1,True,True,True,True,True,True,0.0,True,True,False,False,False,True
v2-gen-choice-01-035,local_v2,2,True,True,True,True,True,True,0.0,True,True,False,False,False,True
v2-gen-choice-01-035,local_v2,3,True,True,True,True,True,True,0.0,True,True,False,False,False,True
v2-gen-choice-01-035,local_v2,4,True,True,True,True,True,True,0.0,True,True,False,False,False,True
v2-gen-choice-01-036,local_v2,0,True,True,True,True,True,True,0.0,True,True,False,False,False,True
v2-gen-choice-01-036,local_v2,1,True,True,True,True,True,True,0.0,True,True,False,False,False,True
v2-gen-choice-01-036,local_v2,2,True,True,True,True,True,True,0.0,True,True,False,False,False,True
v2-gen-choice-01-036,local_v2,3,True,True,True,True,True,True,0.0,True,True,False,False,False,True
v2-gen-choice-01-036,local_v2,4,True,True,True,True,True,True,0.0,True,True,False,False,False,True
v2-gen-choice-02-002,local_v2,0,True,True,True,True,True,True,0.0,True,True,False,False,False,True
v2-gen-choice-02-002,local_v2,1,True,True,True,True,True,True,0.0,True,True,False,False,False,True
v2-gen-choice-02-002,local_v2,2,True,True,True,True,True,True,0.0,True,True,False,False,False,True
v2-gen-choice-02-002,local_v2,3,True,True,True,True,True,True,0.0,True,True,False,False,False,True
v2-gen-choice-02-002,local_v2,4,True,True,True,True,True,True,0.0,True,True,False,False,False,True
v2-gen-choice-02-003,local_v2,0,True,True,True,True,True,True,0.0,True,True,False,False,False,True
v2-gen-choice-02-003,local_v2,1,True,True,True,True,True,True,0.0,True,True,False,False,False,True
v2-gen-choice-02-003,local_v2,2,True,True,True,True,True,True,0.0,True,True,False,False,False,True
v2-gen-choice-02-003,local_v2,3,True,True,True,True,True,True,0.0,True,True,False,False,False,True
v2-gen-choice-02-003,local_v2,4,True,True,True,True,True,True,0.0,True,True,False,False,False,True
v2-gen-choice-02-024,local_v2,0,True,True,True,True,True,True,0.0,True,True,False,False,False,True
v2-gen-choice-02-024,local_v2,1,True,True,True,True,True,True,0.0,True,True,False,False,False,True
v2-gen-choice-02-024,local_v2,2,True,True,True,True,True,True,0.0,True,True,False,False,False,True
v2-gen-choice-02-024,local_v2,3,True,True,True,True,True,True,0.0,True,True,False,False,False,True
v2-gen-choice-02-024,local_v2,4,True,True,True,True,True,True,0.0,True,True,False,False,False,True
v2-gen-choice-03-005,local_v2,0,True,True,True,True,True,True,0.0,True,True,False,False,False,True
v2-gen-choice-03-005,local_v2,1,True,True,True,True,True,True,0.0,True,True,False,False,False,True
v2-gen-choice-03-005,local_v2,2,True,True,True,True,True,True,0.0,True,True,False,False,False,True
v2-gen-choice-03-005,local_v2,3,True,True,True,True,True,True,0.0,True,True,False,False,False,True
v2-gen-choice-03-005,local_v2,4,True,True,True,True,True,True,0.0,True,True,False,False,False,True
v2-gen-choice-03-006,local_v2,0,True,True,True,True,True,True,0.0,True,True,False,False,False,True
v2-gen-choice-03-006,local_v2,1,True,True,True,True,True,True,0.0,True,True,False,False,False,True
v2-gen-choice-03-006,local_v2,2,True,True,True,True,True,True,0.0,True,True,False,False,False,True
v2-gen-choice-03-006,local_v2,3,True,True,True,True,True,True,0.0,True,True,False,False,False,True
v2-gen-choice-03-006,local_v2,4,True,True,True,True,True,True,0.0,True,True,False,False,False,True
v2-gen-choice-03-029,local_v2,0,True,True,True,True,True,True,0.0,True,True,False,False,False,True
v2-gen-choice-03-029,local_v2,1,True,True,True,True,True,True,0.0,True,True,False,False,False,True
v2-gen-choice-03-029,local_v2,2,True,True,True,True,True,True,0.0,True,True,False,False,False,True
v2-gen-choice-03-029,local_v2,3,True,True,True,True,True,True,0.0,True,True,False,False,False,True
v2-gen-choice-03-029,local_v2,4,True,True,True,True,True,True,0.0,True,True,False,False,False,True
v2-gen-choice-04-009,local_v2,0,True,True,True,True,True,True,0.0,True,True,False,False,False,True
v2-gen-choice-04-009,local_v2,1,True,True,True,True,True,True,0.0,True,True,False,False,False,True
v2-gen-choice-04-009,local_v2,2,True,True,True,True,True,True,0.0,True,True,False,False,False,True
v2-gen-choice-04-009,local_v2,3,True,True,True,True,True,True,0.0,True,True,False,False,False,True
v2-gen-choice-04-009,local_v2,4,True,True,True,True,True,True,0.0,True,True,False,False,False,True
v2-gen-choice-04-016,local_v2,0,True,True,True,True,True,True,0.0,True,True,False,False,False,True
v2-gen-choice-04-016,local_v2,1,True,True,True,True,True,True,0.0,True,True,False,False,False,True
v2-gen-choice-04-016,local_v2,2,True,True,True,True,True,True,0.0,True,True,False,False,False,True
v2-gen-choice-04-016,local_v2,3,True,True,True,True,True,True,0.0,True,True,False,False,False,True
v2-gen-choice-04-016,local_v2,4,True,True,True,True,True,True,0.0,True,True,False,False,False,True
v2-gen-choice-04-038,local_v2,0,True,True,True,True,True,True,0.0,True,True,False,False,False,True
v2-gen-choice-04-038,local_v2,1,True,True,True,True,True,True,0.0,True,True,False,False,False,True
v2-gen-choice-04-038,local_v2,2,True,True,True,True,True,True,0.0,True,True,False,False,False,True
v2-gen-choice-04-038,local_v2,3,True,True,True,True,True,True,0.0,True,True,False,False,False,True
v2-gen-choice-04-038,local_v2,4,True,True,True,True,True,True,0.0,True,True,False,False,False,True
v2-gen-choice-05-001,local_v2,0,True,True,True,True,True,True,0.0,True,True,False,False,False,True
v2-gen-choice-05-001,local_v2,1,True,True,True,True,True,True,0.0,True,True,False,False,False,True
v2-gen-choice-05-001,local_v2,2,True,True,True,True,True,True,0.0,True,True,False,False,False,True
v2-gen-choice-05-001,local_v2,3,True,True,True,True,True,True,0.0,True,True,False,False,False,True
v2-gen-choice-05-001,local_v2,4,True,True,True,True,True,True,0.0,True,True,False,False,False,True
v2-gen-choice-05-012,local_v2,0,True,True,True,True,True,True,0.0,True,True,False,False,False,True
v2-gen-choice-05-012,local_v2,1,True,True,True,True,True,True,0.0,True,True,False,False,False,True
v2-gen-choice-05-012,local_v2,2,True,True,True,True,True,True,0.0,True,True,False,False,False,True
v2-gen-choice-05-012,local_v2,3,True,True,True,True,True,True,0.0,True,True,False,False,False,True
v2-gen-choice-05-012,local_v2,4,True,True,True,True,True,True,0.0,True,True,False,False,False,True
v2-gen-choice-05-029,local_v2,0,True,True,True,True,True,True,0.0,True,True,False,False,False,True
v2-gen-choice-05-029,local_v2,1,True,True,True,True,True,True,0.0,True,True,False,False,False,True
v2-gen-choice-05-029,local_v2,2,True,True,True,True,True,True,0.0,True,True,False,False,False,True
v2-gen-choice-05-029,local_v2,3,True,True,True,True,True,True,0.0,True,True,False,False,False,True
v2-gen-choice-05-029,local_v2,4,True,True,True,True,True,True,0.0,True,True,False,False,False,True
v2-gen-choice-06-002,local_v2,0,True,True,True,True,True,True,0.0,True,True,False,False,False,True
v2-gen-choice-06-002,local_v2,1,True,True,True,True,True,True,0.0,True,True,False,False,False,True
v2-gen-choice-06-002,local_v2,2,True,True,True,True,True,True,0.0,True,True,False,False,False,True
v2-gen-choice-06-002,local_v2,3,True,True,True,True,True,True,0.0,True,True,False,False,False,True
v2-gen-choice-06-002,local_v2,4,True,True,True,True,True,True,0.0,True,True,False,False,False,True
v2-gen-choice-06-023,local_v2,0,True,True,True,True,True,True,0.0,True,True,False,False,False,True
v2-gen-choice-06-023,local_v2,1,True,True,True,True,True,True,0.0,True,True,False,False,False,True
v2-gen-choice-06-023,local_v2,2,True,True,True,True,True,True,0.0,True,True,False,False,False,True
v2-gen-choice-06-023,local_v2,3,True,True,True,True,True,True,0.0,True,True,False,False,False,True
v2-gen-choice-06-023,local_v2,4,True,True,True,True,True,True,0.0,True,True,False,False,False,True
v2-gen-choice-06-039,local_v2,0,True,True,True,True,True,True,0.0,True,True,False,False,False,True
v2-gen-choice-06-039,local_v2,1,True,True,True,True,True,True,0.0,True,True,False,False,False,True
v2-gen-choice-06-039,local_v2,2,True,True,True,True,True,True,0.0,True,True,False,False,False,True
v2-gen-choice-06-039,local_v2,3,True,True,True,True,True,True,0.0,True,True,False,False,False,True
v2-gen-choice-06-039,local_v2,4,True,True,True,True,True,True,0.0,True,True,False,False,False,True
v2-gen-choice-07-021,local_v2,0,True,True,True,True,True,True,0.0,True,True,False,False,False,True
v2-gen-choice-07-021,local_v2,1,True,True,True,True,True,True,0.0,True,True,False,False,False,True
v2-gen-choice-07-021,local_v2,2,True,True,True,True,True,True,0.0,True,True,False,False,False,True
v2-gen-choice-07-021,local_v2,3,True,True,True,True,True,True,0.0,True,True,False,False,False,True
v2-gen-choice-07-021,local_v2,4,True,True,True,True,True,True,0.0,True,True,False,False,False,True
v2-gen-choice-07-022,local_v2,0,True,True,True,True,True,True,0.0,True,True,False,False,False,True
v2-gen-choice-07-022,local_v2,1,True,True,True,True,True,True,0.0,True,True,False,False,False,True
v2-gen-choice-07-022,local_v2,2,True,True,True,True,True,True,0.0,True,True,False,False,False,True
v2-gen-choice-07-022,local_v2,3,True,True,True,True,True,True,0.0,True,True,False,False,False,True
v2-gen-choice-07-022,local_v2,4,True,True,True,True,True,True,0.0,True,True,False,False,False,True
v2-gen-choice-07-049,local_v2,0,True,True,True,True,True,True,0.0,True,True,False,False,False,True
v2-gen-choice-07-049,local_v2,1,True,True,True,True,True,True,0.0,True,True,False,False,False,True
v2-gen-choice-07-049,local_v2,2,True,True,True,True,True,True,0.0,True,True,False,False,False,True
v2-gen-choice-07-049,local_v2,3,True,True,True,True,True,True,0.0,True,True,False,False,False,True
v2-gen-choice-07-049,local_v2,4,True,True,True,True,True,True,0.0,True,True,False,False,False,True
v2-gen-choice-08-013,local_v2,0,True,True,True,True,True,True,0.0,True,True,False,False,False,True
v2-gen-choice-08-013,local_v2,1,True,True,True,True,True,True,0.0,True,True,False,False,False,True
v2-gen-choice-08-013,local_v2,2,True,True,True,True,True,True,0.0,True,True,False,False,False,True
v2-gen-choice-08-013,local_v2,3,True,True,True,True,True,True,0.0,True,True,False,False,False,True
v2-gen-choice-08-013,local_v2,4,True,True,True,True,True,True,0.0,True,True,False,False,False,True
v2-gen-choice-08-036,local_v2,0,True,True,True,True,True,True,0.0,True,True,False,False,False,True
v2-gen-choice-08-036,local_v2,1,True,True,True,True,True,True,0.0,True,True,False,False,False,True
v2-gen-choice-08-036,local_v2,2,True,True,True,True,True,True,0.0,True,True,False,False,False,True
v2-gen-choice-08-036,local_v2,3,True,True,True,True,True,True,0.0,True,True,False,False,False,True
v2-gen-choice-08-036,local_v2,4,True,True,True,True,True,True,0.0,True,True,False,False,False,True
v2-gen-choice-08-040,local_v2,0,True,True,True,True,True,True,0.0,True,True,False,False,False,True
v2-gen-choice-08-040,local_v2,1,True,True,True,True,True,True,0.0,True,True,False,False,False,True
v2-gen-choice-08-040,local_v2,2,True,True,True,True,True,True,0.0,True,True,False,False,False,True
v2-gen-choice-08-040,local_v2,3,True,True,True,True,True,True,0.0,True,True,False,False,False,True
v2-gen-choice-08-040,local_v2,4,True,True,True,True,True,True,0.0,True,True,False,False,False,True
v2-gen-choice-09-008,local_v2,0,True,True,True,True,True,True,0.0,True,True,False,False,False,True
v2-gen-choice-09-008,local_v2,1,True,True,True,True,True,True,0.0,True,True,False,False,False,True
v2-gen-choice-09-008,local_v2,2,True,True,True,True,True,True,0.0,True,True,False,False,False,True
v2-gen-choice-09-008,local_v2,3,True,True,True,True,True,True,0.0,True,True,False,False,False,True
v2-gen-choice-09-008,local_v2,4,True,True,True,True,True,True,0.0,True,True,False,False,False,True
v2-gen-choice-09-021,local_v2,0,True,True,True,True,True,True,0.0,True,True,False,False,False,True
v2-gen-choice-09-021,local_v2,1,True,True,True,True,True,True,0.0,True,True,False,False,False,True
v2-gen-choice-09-021,local_v2,2,True,True,True,True,True,True,0.0,True,True,False,False,False,True
v2-gen-choice-09-021,local_v2,3,True,True,True,True,True,True,0.0,True,True,False,False,False,True
v2-gen-choice-09-021,local_v2,4,True,True,True,True,True,True,0.0,True,True,False,False,False,True
v2-gen-choice-09-043,local_v2,0,True,True,True,True,True,True,0.0,True,True,False,False,False,True
v2-gen-choice-09-043,local_v2,1,True,True,True,True,True,True,0.0,True,True,False,False,False,True
v2-gen-choice-09-043,local_v2,2,True,True,True,True,True,True,0.0,True,True,False,False,False,True
v2-gen-choice-09-043,local_v2,3,True,True,True,True,True,True,0.0,True,True,False,False,False,True
v2-gen-choice-09-043,local_v2,4,True,True,True,True,True,True,0.0,True,True,False,False,False,True
v2-gen-choice-10-002,local_v2,0,True,True,True,True,True,True,0.0,True,True,False,False,False,True
v2-gen-choice-10-002,local_v2,1,True,True,True,True,True,True,0.0,True,True,False,False,False,True
v2-gen-choice-10-002,local_v2,2,True,True,True,True,True,True,0.0,True,True,False,False,False,True
v2-gen-choice-10-002,local_v2,3,True,True,True,True,True,True,0.0,True,True,False,False,False,True
v2-gen-choice-10-002,local_v2,4,True,True,True,True,True,True,0.0,True,True,False,False,False,True
v2-gen-choice-10-032,local_v2,0,True,True,True,True,True,True,0.0,True,True,False,False,False,True
v2-gen-choice-10-032,local_v2,1,True,True,True,True,True,True,0.0,True,True,False,False,False,True
v2-gen-choice-10-032,local_v2,2,True,True,True,True,True,True,0.0,True,True,False,False,False,True
v2-gen-choice-10-032,local_v2,3,True,True,True,True,True,True,0.0,True,True,False,False,False,True
v2-gen-choice-10-032,local_v2,4,True,True,True,True,True,True,0.0,True,True,False,False,False,True
v2-gen-choice-10-042,local_v2,0,True,True,True,True,True,True,0.0,True,True,False,False,False,True
v2-gen-choice-10-042,local_v2,1,True,True,True,True,True,True,0.0,True,True,False,False,False,True
v2-gen-choice-10-042,local_v2,2,True,True,True,True,True,True,0.0,True,True,False,False,False,True
v2-gen-choice-10-042,local_v2,3,True,True,True,True,True,True,0.0,True,True,False,False,False,True
v2-gen-choice-10-042,local_v2,4,True,True,True,True,True,True,0.0,True,True,False,False,False,True
v2-gen-choice-11-008,local_v2,0,True,True,True,True,True,True,0.0,True,True,False,False,False,True
v2-gen-choice-11-008,local_v2,1,True,True,True,True,True,True,0.0,True,True,False,False,False,True
v2-gen-choice-11-008,local_v2,2,True,True,True,True,True,True,0.0,True,True,False,False,False,True
v2-gen-choice-11-008,local_v2,3,True,True,True,True,True,True,0.0,True,True,False,False,False,True
v2-gen-choice-11-008,local_v2,4,True,True,True,True,True,True,0.0,True,True,False,False,False,True
v2-gen-choice-11-014,local_v2,0,True,True,True,True,True,True,0.0,True,True,False,False,False,True
v2-gen-choice-11-014,local_v2,1,True,True,True,True,True,True,0.0,True,True,False,False,False,True
v2-gen-choice-11-014,local_v2,2,True,True,True,True,True,True,0.0,True,True,False,False,False,True
v2-gen-choice-11-014,local_v2,3,True,True,True,True,True,True,0.0,True,True,False,False,False,True
v2-gen-choice-11-014,local_v2,4,True,True,True,True,True,True,0.0,True,True,False,False,False,True
v2-gen-choice-11-040,local_v2,0,True,True,True,True,True,True,0.0,True,True,False,False,False,True
v2-gen-choice-11-040,local_v2,1,True,True,True,True,True,True,0.0,True,True,False,False,False,True
v2-gen-choice-11-040,local_v2,2,True,True,True,True,True,True,0.0,True,True,False,False,False,True
v2-gen-choice-11-040,local_v2,3,True,True,True,True,True,True,0.0,True,True,False,False,False,True
v2-gen-choice-11-040,local_v2,4,True,True,True,True,True,True,0.0,True,True,False,False,False,True
v2-gen-choice-12-013,local_v2,0,True,True,True,True,True,True,0.0,True,True,False,False,False,True
v2-gen-choice-12-013,local_v2,1,True,True,True,True,True,True,0.0,True,True,False,False,False,True
v2-gen-choice-12-013,local_v2,2,True,True,True,True,True,True,0.0,True,True,False,False,False,True
v2-gen-choice-12-013,local_v2,3,True,True,True,True,True,True,0.0,True,True,False,False,False,True
v2-gen-choice-12-013,local_v2,4,True,True,True,True,True,True,0.0,True,True,False,False,False,True
v2-gen-choice-12-019,local_v2,0,True,True,True,True,True,True,0.0,True,True,False,False,False,True
v2-gen-choice-12-019,local_v2,1,True,True,True,True,True,True,0.0,True,True,False,False,False,True
v2-gen-choice-12-019,local_v2,2,True,True,True,True,True,True,0.0,True,True,False,False,False,True
v2-gen-choice-12-019,local_v2,3,True,True,True,True,True,True,0.0,True,True,False,False,False,True
v2-gen-choice-12-019,local_v2,4,True,True,True,True,True,True,0.0,True,True,False,False,False,True
v2-gen-choice-12-027,local_v2,0,True,True,True,True,True,True,0.0,True,True,False,False,False,True
v2-gen-choice-12-027,local_v2,1,True,True,True,True,True,True,0.0,True,True,False,False,False,True
v2-gen-choice-12-027,local_v2,2,True,True,True,True,True,True,0.0,True,True,False,False,False,True
v2-gen-choice-12-027,local_v2,3,True,True,True,True,True,True,0.0,True,True,False,False,False,True
v2-gen-choice-12-027,local_v2,4,True,True,True,True,True,True,0.0,True,True,False,False,False,True
v2-gen-choice-13-002,local_v2,0,True,True,True,True,True,True,0.0,True,True,False,False,False,True
v2-gen-choice-13-002,local_v2,1,True,True,True,True,True,True,0.0,True,True,False,False,False,True
v2-gen-choice-13-002,local_v2,2,True,True,True,True,True,True,0.0,True,True,False,False,False,True
v2-gen-choice-13-002,local_v2,3,True,True,True,True,True,True,0.0,True,True,False,False,False,True
v2-gen-choice-13-002,local_v2,4,True,True,True,True,True,True,0.0,True,True,False,False,False,True
v2-gen-choice-13-032,local_v2,0,True,True,True,True,True,True,0.0,True,True,False,False,False,True
v2-gen-choice-13-032,local_v2,1,True,True,True,True,True,True,0.0,True,True,False,False,False,True
v2-gen-choice-13-032,local_v2,2,True,True,True,True,True,True,0.0,True,True,False,False,False,True
v2-gen-choice-13-032,local_v2,3,True,True,True,True,True,True,0.0,True,True,False,False,False,True
v2-gen-choice-13-032,local_v2,4,True,True,True,True,True,True,0.0,True,True,False,False,False,True
v2-gen-choice-13-048,local_v2,0,True,True,True,True,True,True,0.0,True,True,False,False,False,True
v2-gen-choice-13-048,local_v2,1,True,True,True,True,True,True,0.0,True,True,False,False,False,True
v2-gen-choice-13-048,local_v2,2,True,True,True,True,True,True,0.0,True,True,False,False,False,True
v2-gen-choice-13-048,local_v2,3,True,True,True,True,True,True,0.0,True,True,False,False,False,True
v2-gen-choice-13-048,local_v2,4,True,True,True,True,True,True,0.0,True,True,False,False,False,True
v2-gen-choice-14-031,local_v2,0,True,True,True,True,True,True,0.0,True,True,False,False,False,True
v2-gen-choice-14-031,local_v2,1,True,True,True,True,True,True,0.0,True,True,False,False,False,True
v2-gen-choice-14-031,local_v2,2,True,True,True,True,True,True,0.0,True,True,False,False,False,True
v2-gen-choice-14-031,local_v2,3,True,True,True,True,True,True,0.0,True,True,False,False,False,True
v2-gen-choice-14-031,local_v2,4,True,True,True,True,True,True,0.0,True,True,False,False,False,True
v2-gen-choice-14-033,local_v2,0,True,True,True,True,True,True,0.0,True,True,False,False,False,True
v2-gen-choice-14-033,local_v2,1,True,True,True,True,True,True,0.0,True,True,False,False,False,True
v2-gen-choice-14-033,local_v2,2,True,True,True,True,True,True,0.0,True,True,False,False,False,True
v2-gen-choice-14-033,local_v2,3,True,True,True,True,True,True,0.0,True,True,False,False,False,True
v2-gen-choice-14-033,local_v2,4,True,True,True,True,True,True,0.0,True,True,False,False,False,True
v2-gen-choice-14-048,local_v2,0,True,True,True,True,True,True,0.0,True,True,False,False,False,True
v2-gen-choice-14-048,local_v2,1,True,True,True,True,True,True,0.0,True,True,False,False,False,True
v2-gen-choice-14-048,local_v2,2,True,True,True,True,True,True,0.0,True,True,False,False,False,True
v2-gen-choice-14-048,local_v2,3,True,True,True,True,True,True,0.0,True,True,False,False,False,True
v2-gen-choice-14-048,local_v2,4,True,True,True,True,True,True,0.0,True,True,False,False,False,True
v2-gen-choice-15-003,local_v2,0,True,True,True,True,True,True,0.0,True,True,False,False,False,True
v2-gen-choice-15-003,local_v2,1,True,True,True,True,True,True,0.0,True,True,False,False,False,True
v2-gen-choice-15-003,local_v2,2,True,True,True,True,True,True,0.0,True,True,False,False,False,True
v2-gen-choice-15-003,local_v2,3,True,True,True,True,True,True,0.0,True,True,False,False,False,True
v2-gen-choice-15-003,local_v2,4,True,True,True,True,True,True,0.0,True,True,False,False,False,True
v2-gen-choice-15-020,local_v2,0,True,True,True,True,True,True,0.0,True,True,False,False,False,True
v2-gen-choice-15-020,local_v2,1,True,True,True,True,True,True,0.0,True,True,False,False,False,True
v2-gen-choice-15-020,local_v2,2,True,True,True,True,True,True,0.0,True,True,False,False,False,True
v2-gen-choice-15-020,local_v2,3,True,True,True,True,True,True,0.0,True,True,False,False,False,True
v2-gen-choice-15-020,local_v2,4,True,True,True,True,True,True,0.0,True,True,False,False,False,True
v2-gen-choice-15-044,local_v2,0,True,True,True,True,True,True,0.0,True,True,False,False,False,True
v2-gen-choice-15-044,local_v2,1,True,True,True,True,True,True,0.0,True,True,False,False,False,True
v2-gen-choice-15-044,local_v2,2,True,True,True,True,True,True,0.0,True,True,False,False,False,True
v2-gen-choice-15-044,local_v2,3,True,True,True,True,True,True,0.0,True,True,False,False,False,True
v2-gen-choice-15-044,local_v2,4,True,True,True,True,True,True,0.0,True,True,False,False,False,True
v2-gen-noul-01-016,local_v2,0,True,True,True,True,True,True,0.0,True,True,False,False,False,True
v2-gen-noul-01-016,local_v2,1,True,True,True,True,True,True,0.0,True,True,False,False,False,True
v2-gen-noul-01-016,local_v2,2,True,True,True,True,True,True,0.0,True,True,False,False,False,True
v2-gen-noul-01-016,local_v2,3,True,True,True,True,True,True,0.0,True,True,False,False,False,True
v2-gen-noul-01-016,local_v2,4,True,True,True,True,True,True,0.0,True,True,False,False,False,True
v2-gen-noul-01-021,local_v2,0,True,True,True,True,True,True,0.0,True,True,False,False,False,True
v2-gen-noul-01-021,local_v2,1,True,True,True,True,True,True,0.0,True,True,False,False,False,True
v2-gen-noul-01-021,local_v2,2,True,True,True,True,True,True,0.0,True,True,False,False,False,True
v2-gen-noul-01-021,local_v2,3,True,True,True,True,True,True,0.0,True,True,False,False,False,True
v2-gen-noul-01-021,local_v2,4,True,True,True,True,True,True,0.0,True,True,False,False,False,True
v2-gen-noul-01-039,local_v2,0,True,True,True,True,True,True,0.0,True,True,False,False,False,True
v2-gen-noul-01-039,local_v2,1,True,True,True,True,True,True,0.0,True,True,False,False,False,True
v2-gen-noul-01-039,local_v2,2,True,True,True,True,True,True,0.0,True,True,False,False,False,True
v2-gen-noul-01-039,local_v2,3,True,True,True,True,True,True,0.0,True,True,False,False,False,True
v2-gen-noul-01-039,local_v2,4,True,True,True,True,True,True,0.0,True,True,False,False,False,True
v2-gen-noul-02-018,local_v2,0,True,True,True,True,True,True,0.0,True,True,False,False,False,True
v2-gen-noul-02-018,local_v2,1,True,True,True,True,True,True,0.0,True,True,False,False,False,True
v2-gen-noul-02-018,local_v2,2,True,True,True,True,True,True,0.0,True,True,False,False,False,True
v2-gen-noul-02-018,local_v2,3,True,True,True,True,True,True,0.0,True,True,False,False,False,True
v2-gen-noul-02-018,local_v2,4,True,True,True,True,True,True,0.0,True,True,False,False,False,True
v2-gen-noul-02-043,local_v2,0,True,True,True,True,True,True,0.0,True,True,False,False,False,True
v2-gen-noul-02-043,local_v2,1,True,True,True,True,True,True,0.0,True,True,False,False,False,True
v2-gen-noul-02-043,local_v2,2,True,True,True,True,True,True,0.0,True,True,False,False,False,True
v2-gen-noul-02-043,local_v2,3,True,True,True,True,True,True,0.0,True,True,False,False,False,True
v2-gen-noul-02-043,local_v2,4,True,True,True,True,True,True,0.0,True,True,False,False,False,True
v2-gen-noul-02-048,local_v2,0,True,True,True,True,True,True,0.0,True,True,False,False,False,True
v2-gen-noul-02-048,local_v2,1,True,True,True,True,True,True,0.0,True,True,False,False,False,True
v2-gen-noul-02-048,local_v2,2,True,True,True,True,True,True,0.0,True,True,False,False,False,True
v2-gen-noul-02-048,local_v2,3,True,True,True,True,True,True,0.0,True,True,False,False,False,True
v2-gen-noul-02-048,local_v2,4,True,True,True,True,True,True,0.0,True,True,False,False,False,True
v2-gen-noul-03-009,local_v2,0,True,True,True,True,True,True,0.0,True,True,False,False,False,True
v2-gen-noul-03-009,local_v2,1,True,True,True,True,True,True,0.0,True,True,False,False,False,True
v2-gen-noul-03-009,local_v2,2,True,True,True,True,True,True,0.0,True,True,False,False,False,True
v2-gen-noul-03-009,local_v2,3,True,True,True,True,True,True,0.0,True,True,False,False,False,True
v2-gen-noul-03-009,local_v2,4,True,True,True,True,True,True,0.0,True,True,False,False,False,True
v2-gen-noul-03-021,local_v2,0,True,True,True,True,True,True,0.0,True,True,False,False,False,True
v2-gen-noul-03-021,local_v2,1,True,True,True,True,True,True,0.0,True,True,False,False,False,True
v2-gen-noul-03-021,local_v2,2,True,True,True,True,True,True,0.0,True,True,False,False,False,True
v2-gen-noul-03-021,local_v2,3,True,True,True,True,True,True,0.0,True,True,False,False,False,True
v2-gen-noul-03-021,local_v2,4,True,True,True,True,True,True,0.0,True,True,False,False,False,True
v2-gen-noul-03-046,local_v2,0,True,True,True,True,True,True,0.0,True,True,False,False,False,True
v2-gen-noul-03-046,local_v2,1,True,True,True,True,True,True,0.0,True,True,False,False,False,True
v2-gen-noul-03-046,local_v2,2,True,True,True,True,True,True,0.0,True,True,False,False,False,True
v2-gen-noul-03-046,local_v2,3,True,True,True,True,True,True,0.0,True,True,False,False,False,True
v2-gen-noul-03-046,local_v2,4,True,True,True,True,True,True,0.0,True,True,False,False,False,True
v2-gen-noul-04-007,local_v2,0,True,True,True,True,True,True,0.0,True,True,False,False,False,True
v2-gen-noul-04-007,local_v2,1,True,True,True,True,True,True,0.0,True,True,False,False,False,True
v2-gen-noul-04-007,local_v2,2,True,True,True,True,True,True,0.0,True,True,False,False,False,True
v2-gen-noul-04-007,local_v2,3,True,True,True,True,True,True,0.0,True,True,False,False,False,True
v2-gen-noul-04-007,local_v2,4,True,True,True,True,True,True,0.0,True,True,False,False,False,True
v2-gen-noul-04-018,local_v2,0,True,True,True,True,True,True,0.0,True,True,False,False,False,True
v2-gen-noul-04-018,local_v2,1,True,True,True,True,True,True,0.0,True,True,False,False,False,True
v2-gen-noul-04-018,local_v2,2,True,True,True,True,True,True,0.0,True,True,False,False,False,True
v2-gen-noul-04-018,local_v2,3,True,True,True,True,True,True,0.0,True,True,False,False,False,True
v2-gen-noul-04-018,local_v2,4,True,True,True,True,True,True,0.0,True,True,False,False,False,True
v2-gen-noul-04-023,local_v2,0,True,True,True,True,True,True,0.0,True,True,False,False,False,True
v2-gen-noul-04-023,local_v2,1,True,True,True,True,True,True,0.0,True,True,False,False,False,True
v2-gen-noul-04-023,local_v2,2,True,True,True,True,True,True,0.0,True,True,False,False,False,True
v2-gen-noul-04-023,local_v2,3,True,True,True,True,True,True,0.0,True,True,False,False,False,True
v2-gen-noul-04-023,local_v2,4,True,True,True,True,True,True,0.0,True,True,False,False,False,True
v2-gen-noul-05-010,local_v2,0,True,True,True,True,True,True,0.0,True,True,False,False,False,True
v2-gen-noul-05-010,local_v2,1,True,True,True,True,True,True,0.0,True,True,False,False,False,True
v2-gen-noul-05-010,local_v2,2,True,True,True,True,True,True,0.0,True,True,False,False,False,True
v2-gen-noul-05-010,local_v2,3,True,True,True,True,True,True,0.0,True,True,False,False,False,True
v2-gen-noul-05-010,local_v2,4,True,True,True,True,True,True,0.0,True,True,False,False,False,True
v2-gen-noul-05-022,local_v2,0,True,True,True,True,True,True,0.0,True,True,False,False,False,True
v2-gen-noul-05-022,local_v2,1,True,True,True,True,True,True,0.0,True,True,False,False,False,True
v2-gen-noul-05-022,local_v2,2,True,True,True,True,True,True,0.0,True,True,False,False,False,True
v2-gen-noul-05-022,local_v2,3,True,True,True,True,True,True,0.0,True,True,False,False,False,True
v2-gen-noul-05-022,local_v2,4,True,True,True,True,True,True,0.0,True,True,False,False,False,True
v2-gen-noul-05-037,local_v2,0,True,True,True,True,True,True,0.0,True,True,False,False,False,True
v2-gen-noul-05-037,local_v2,1,True,True,True,True,True,True,0.0,True,True,False,False,False,True
v2-gen-noul-05-037,local_v2,2,True,True,True,True,True,True,0.0,True,True,False,False,False,True
v2-gen-noul-05-037,local_v2,3,True,True,True,True,True,True,0.0,True,True,False,False,False,True
v2-gen-noul-05-037,local_v2,4,True,True,True,True,True,True,0.0,True,True,False,False,False,True
v2-gen-noul-06-009,local_v2,0,True,True,True,True,True,True,0.0,True,True,False,False,False,True
v2-gen-noul-06-009,local_v2,1,True,True,True,True,True,True,0.0,True,True,False,False,False,True
v2-gen-noul-06-009,local_v2,2,True,True,True,True,True,True,0.0,True,True,False,False,False,True
v2-gen-noul-06-009,local_v2,3,True,True,True,True,True,True,0.0,True,True,False,False,False,True
v2-gen-noul-06-009,local_v2,4,True,True,True,True,True,True,0.0,True,True,False,False,False,True
v2-gen-noul-06-014,local_v2,0,True,True,True,True,True,True,0.0,True,True,False,False,False,True
v2-gen-noul-06-014,local_v2,1,True,True,True,True,True,True,0.0,True,True,False,False,False,True
v2-gen-noul-06-014,local_v2,2,True,True,True,True,True,True,0.0,True,True,False,False,False,True
v2-gen-noul-06-014,local_v2,3,True,True,True,True,True,True,0.0,True,True,False,False,False,True
v2-gen-noul-06-014,local_v2,4,True,True,True,True,True,True,0.0,True,True,False,False,False,True
v2-gen-noul-06-037,local_v2,0,True,True,True,True,True,True,0.0,True,True,False,False,False,True
v2-gen-noul-06-037,local_v2,1,True,True,True,True,True,True,0.0,True,True,False,False,False,True
v2-gen-noul-06-037,local_v2,2,True,True,True,True,True,True,0.0,True,True,False,False,False,True
v2-gen-noul-06-037,local_v2,3,True,True,True,True,True,True,0.0,True,True,False,False,False,True
v2-gen-noul-06-037,local_v2,4,True,True,True,True,True,True,0.0,True,True,False,False,False,True
v2-gen-noul-07-016,local_v2,0,True,True,True,True,True,True,0.0,True,True,False,False,False,True
v2-gen-noul-07-016,local_v2,1,True,True,True,True,True,True,0.0,True,True,False,False,False,True
v2-gen-noul-07-016,local_v2,2,True,True,True,True,True,True,0.0,True,True,False,False,False,True
v2-gen-noul-07-016,local_v2,3,True,True,True,True,True,True,0.0,True,True,False,False,False,True
v2-gen-noul-07-016,local_v2,4,True,True,True,True,True,True,0.0,True,True,False,False,False,True
v2-gen-noul-07-041,local_v2,0,True,True,True,True,True,True,0.0,True,True,False,False,False,True
v2-gen-noul-07-041,local_v2,1,True,True,True,True,True,True,0.0,True,True,False,False,False,True
v2-gen-noul-07-041,local_v2,2,True,True,True,True,True,True,0.0,True,True,False,False,False,True
v2-gen-noul-07-041,local_v2,3,True,True,True,True,True,True,0.0,True,True,False,False,False,True
v2-gen-noul-07-041,local_v2,4,True,True,True,True,True,True,0.0,True,True,False,False,False,True
v2-gen-noul-07-048,local_v2,0,True,True,True,True,True,True,0.0,True,True,False,False,False,True
v2-gen-noul-07-048,local_v2,1,True,True,True,True,True,True,0.0,True,True,False,False,False,True
v2-gen-noul-07-048,local_v2,2,True,True,True,True,True,True,0.0,True,True,False,False,False,True
v2-gen-noul-07-048,local_v2,3,True,True,True,True,True,True,0.0,True,True,False,False,False,True
v2-gen-noul-07-048,local_v2,4,True,True,True,True,True,True,0.0,True,True,False,False,False,True
v2-gen-noul-08-020,local_v2,0,True,True,True,True,True,True,0.0,True,True,False,False,False,True
v2-gen-noul-08-020,local_v2,1,True,True,True,True,True,True,0.0,True,True,False,False,False,True
v2-gen-noul-08-020,local_v2,2,True,True,True,True,True,True,0.0,True,True,False,False,False,True
v2-gen-noul-08-020,local_v2,3,True,True,True,True,True,True,0.0,True,True,False,False,False,True
v2-gen-noul-08-020,local_v2,4,True,True,True,True,True,True,0.0,True,True,False,False,False,True
v2-gen-noul-08-029,local_v2,0,True,True,True,True,True,True,0.0,True,True,False,False,False,True
v2-gen-noul-08-029,local_v2,1,True,True,True,True,True,True,0.0,True,True,False,False,False,True
v2-gen-noul-08-029,local_v2,2,True,True,True,True,True,True,0.0,True,True,False,False,False,True
v2-gen-noul-08-029,local_v2,3,True,True,True,True,True,True,0.0,True,True,False,False,False,True
v2-gen-noul-08-029,local_v2,4,True,True,True,True,True,True,0.0,True,True,False,False,False,True
v2-gen-noul-08-047,local_v2,0,True,True,True,True,True,True,0.0,True,True,False,False,False,True
v2-gen-noul-08-047,local_v2,1,True,True,True,True,True,True,0.0,True,True,False,False,False,True
v2-gen-noul-08-047,local_v2,2,True,True,True,True,True,True,0.0,True,True,False,False,False,True
v2-gen-noul-08-047,local_v2,3,True,True,True,True,True,True,0.0,True,True,False,False,False,True
v2-gen-noul-08-047,local_v2,4,True,True,True,True,True,True,0.0,True,True,False,False,False,True
v2-gen-noul-09-006,local_v2,0,True,True,True,True,True,True,0.0,True,True,False,False,False,True
v2-gen-noul-09-006,local_v2,1,True,True,True,True,True,True,0.0,True,True,False,False,False,True
v2-gen-noul-09-006,local_v2,2,True,True,True,True,True,True,0.0,True,True,False,False,False,True
v2-gen-noul-09-006,local_v2,3,True,True,True,True,True,True,0.0,True,True,False,False,False,True
v2-gen-noul-09-006,local_v2,4,True,True,True,True,True,True,0.0,True,True,False,False,False,True
v2-gen-noul-09-011,local_v2,0,True,True,True,True,True,True,0.0,True,True,False,False,False,True
v2-gen-noul-09-011,local_v2,1,True,True,True,True,True,True,0.0,True,True,False,False,False,True
v2-gen-noul-09-011,local_v2,2,True,True,True,True,True,True,0.0,True,True,False,False,False,True
v2-gen-noul-09-011,local_v2,3,True,True,True,True,True,True,0.0,True,True,False,False,False,True
v2-gen-noul-09-011,local_v2,4,True,True,True,True,True,True,0.0,True,True,False,False,False,True
v2-gen-noul-09-028,local_v2,0,True,True,True,True,True,True,0.0,True,True,False,False,False,True
v2-gen-noul-09-028,local_v2,1,True,True,True,True,True,True,0.0,True,True,False,False,False,True
v2-gen-noul-09-028,local_v2,2,True,True,True,True,True,True,0.0,True,True,False,False,False,True
v2-gen-noul-09-028,local_v2,3,True,True,True,True,True,True,0.0,True,True,False,False,False,True
v2-gen-noul-09-028,local_v2,4,True,True,True,True,True,True,0.0,True,True,False,False,False,True
v2-gen-noul-10-023,local_v2,0,True,True,True,True,True,True,0.0,True,True,False,False,False,True
v2-gen-noul-10-023,local_v2,1,True,True,True,True,True,True,0.0,True,True,False,False,False,True
v2-gen-noul-10-023,local_v2,2,True,True,True,True,True,True,0.0,True,True,False,False,False,True
v2-gen-noul-10-023,local_v2,3,True,True,True,True,True,True,0.0,True,True,False,False,False,True
v2-gen-noul-10-023,local_v2,4,True,True,True,True,True,True,0.0,True,True,False,False,False,True
v2-gen-noul-10-041,local_v2,0,True,True,True,True,True,True,0.0,True,True,False,False,False,True
v2-gen-noul-10-041,local_v2,1,True,True,True,True,True,True,0.0,True,True,False,False,False,True
v2-gen-noul-10-041,local_v2,2,True,True,True,True,True,True,0.0,True,True,False,False,False,True
v2-gen-noul-10-041,local_v2,3,True,True,True,True,True,True,0.0,True,True,False,False,False,True
v2-gen-noul-10-041,local_v2,4,True,True,True,True,True,True,0.0,True,True,False,False,False,True
v2-gen-noul-10-044,local_v2,0,True,True,True,True,True,True,0.0,True,True,False,False,False,True
v2-gen-noul-10-044,local_v2,1,True,True,True,True,True,True,0.0,True,True,False,False,False,True
v2-gen-noul-10-044,local_v2,2,True,True,True,True,True,True,0.0,True,True,False,False,False,True
v2-gen-noul-10-044,local_v2,3,True,True,True,True,True,True,0.0,True,True,False,False,False,True
v2-gen-noul-10-044,local_v2,4,True,True,True,True,True,True,0.0,True,True,False,False,False,True
v2-gen-noul-11-011,local_v2,0,True,True,True,True,True,True,0.0,True,True,False,False,False,True
v2-gen-noul-11-011,local_v2,1,True,True,True,True,True,True,0.0,True,True,False,False,False,True
v2-gen-noul-11-011,local_v2,2,True,True,True,True,True,True,0.0,True,True,False,False,False,True
v2-gen-noul-11-011,local_v2,3,True,True,True,True,True,True,0.0,True,True,False,False,False,True
v2-gen-noul-11-011,local_v2,4,True,True,True,True,True,True,0.0,True,True,False,False,False,True
v2-gen-noul-11-016,local_v2,0,True,True,True,True,True,True,0.0,True,True,False,False,False,True
v2-gen-noul-11-016,local_v2,1,True,True,True,True,True,True,0.0,True,True,False,False,False,True
v2-gen-noul-11-016,local_v2,2,True,True,True,True,True,True,0.0,True,True,False,False,False,True
v2-gen-noul-11-016,local_v2,3,True,True,True,True,True,True,0.0,True,True,False,False,False,True
v2-gen-noul-11-016,local_v2,4,True,True,True,True,True,True,0.0,True,True,False,False,False,True
v2-gen-noul-11-045,local_v2,0,True,True,True,True,True,True,0.0,True,True,False,False,False,True
v2-gen-noul-11-045,local_v2,1,True,True,True,True,True,True,0.0,True,True,False,False,False,True
v2-gen-noul-11-045,local_v2,2,True,True,True,True,True,True,0.0,True,True,False,False,False,True
v2-gen-noul-11-045,local_v2,3,True,True,True,True,True,True,0.0,True,True,False,False,False,True
v2-gen-noul-11-045,local_v2,4,True,True,True,True,True,True,0.0,True,True,False,False,False,True
v2-gen-noul-12-005,local_v2,0,True,True,True,True,True,True,0.0,True,True,False,False,False,True
v2-gen-noul-12-005,local_v2,1,True,True,True,True,True,True,0.0,True,True,False,False,False,True
v2-gen-noul-12-005,local_v2,2,True,True,True,True,True,True,0.0,True,True,False,False,False,True
v2-gen-noul-12-005,local_v2,3,True,True,True,True,True,True,0.0,True,True,False,False,False,True
v2-gen-noul-12-005,local_v2,4,True,True,True,True,True,True,0.0,True,True,False,False,False,True
v2-gen-noul-12-006,local_v2,0,True,True,True,True,True,True,0.0,True,True,False,False,False,True
v2-gen-noul-12-006,local_v2,1,True,True,True,True,True,True,0.0,True,True,False,False,False,True
v2-gen-noul-12-006,local_v2,2,True,True,True,True,True,True,0.0,True,True,False,False,False,True
v2-gen-noul-12-006,local_v2,3,True,True,True,True,True,True,0.0,True,True,False,False,False,True
v2-gen-noul-12-006,local_v2,4,True,True,True,True,True,True,0.0,True,True,False,False,False,True
v2-gen-noul-12-036,local_v2,0,True,True,True,True,True,True,0.0,True,True,False,False,False,True
v2-gen-noul-12-036,local_v2,1,True,True,True,True,True,True,0.0,True,True,False,False,False,True
v2-gen-noul-12-036,local_v2,2,True,True,True,True,True,True,0.0,True,True,False,False,False,True
v2-gen-noul-12-036,local_v2,3,True,True,True,True,True,True,0.0,True,True,False,False,False,True
v2-gen-noul-12-036,local_v2,4,True,True,True,True,True,True,0.0,True,True,False,False,False,True
v2-gen-noul-13-003,local_v2,0,True,True,True,True,True,True,0.0,True,True,False,False,False,True
v2-gen-noul-13-003,local_v2,1,True,True,True,True,True,True,0.0,True,True,False,False,False,True
v2-gen-noul-13-003,local_v2,2,True,True,True,True,True,True,0.0,True,True,False,False,False,True
v2-gen-noul-13-003,local_v2,3,True,True,True,True,True,True,0.0,True,True,False,False,False,True
v2-gen-noul-13-003,local_v2,4,True,True,True,True,True,True,0.0,True,True,False,False,False,True
v2-gen-noul-13-017,local_v2,0,True,True,True,True,True,True,0.0,True,True,False,False,False,True
v2-gen-noul-13-017,local_v2,1,True,True,True,True,True,True,0.0,True,True,False,False,False,True
v2-gen-noul-13-017,local_v2,2,True,True,True,True,True,True,0.0,True,True,False,False,False,True
v2-gen-noul-13-017,local_v2,3,True,True,True,True,True,True,0.0,True,True,False,False,False,True
v2-gen-noul-13-017,local_v2,4,True,True,True,True,True,True,0.0,True,True,False,False,False,True
v2-gen-noul-13-036,local_v2,0,True,True,True,True,True,True,0.0,True,True,False,False,False,True
v2-gen-noul-13-036,local_v2,1,True,True,True,True,True,True,0.0,True,True,False,False,False,True
v2-gen-noul-13-036,local_v2,2,True,True,True,True,True,True,0.0,True,True,False,False,False,True
v2-gen-noul-13-036,local_v2,3,True,True,True,True,True,True,0.0,True,True,False,False,False,True
v2-gen-noul-13-036,local_v2,4,True,True,True,True,True,True,0.0,True,True,False,False,False,True
v2-gen-noul-14-002,local_v2,0,True,True,True,True,True,True,0.0,True,True,False,False,False,True
v2-gen-noul-14-002,local_v2,1,True,True,True,True,True,True,0.0,True,True,False,False,False,True
v2-gen-noul-14-002,local_v2,2,True,True,True,True,True,True,0.0,True,True,False,False,False,True
v2-gen-noul-14-002,local_v2,3,True,True,True,True,True,True,0.0,True,True,False,False,False,True
v2-gen-noul-14-002,local_v2,4,True,True,True,True,True,True,0.0,True,True,False,False,False,True
v2-gen-noul-14-006,local_v2,0,True,True,True,True,True,True,0.0,True,True,False,False,False,True
v2-gen-noul-14-006,local_v2,1,True,True,True,True,True,True,0.0,True,True,False,False,False,True
v2-gen-noul-14-006,local_v2,2,True,True,True,True,True,True,0.0,True,True,False,False,False,True
v2-gen-noul-14-006,local_v2,3,True,True,True,True,True,True,0.0,True,True,False,False,False,True
v2-gen-noul-14-006,local_v2,4,True,True,True,True,True,True,0.0,True,True,False,False,False,True
v2-gen-noul-14-032,local_v2,0,True,True,True,True,True,True,0.0,True,True,False,False,False,True
v2-gen-noul-14-032,local_v2,1,True,True,True,True,True,True,0.0,True,True,False,False,False,True
v2-gen-noul-14-032,local_v2,2,True,True,True,True,True,True,0.0,True,True,False,False,False,True
v2-gen-noul-14-032,local_v2,3,True,True,True,True,True,True,0.0,True,True,False,False,False,True
v2-gen-noul-14-032,local_v2,4,True,True,True,True,True,True,0.0,True,True,False,False,False,True
v2-gen-noul-15-023,local_v2,0,True,True,True,True,True,True,0.0,True,True,False,False,False,True
v2-gen-noul-15-023,local_v2,1,True,True,True,True,True,True,0.0,True,True,False,False,False,True
v2-gen-noul-15-023,local_v2,2,True,True,True,True,True,True,0.0,True,True,False,False,False,True
v2-gen-noul-15-023,local_v2,3,True,True,True,True,True,True,0.0,True,True,False,False,False,True
v2-gen-noul-15-023,local_v2,4,True,True,True,True,True,True,0.0,True,True,False,False,False,True
v2-gen-noul-15-035,local_v2,0,True,True,True,True,True,True,0.0,True,True,False,False,False,True
v2-gen-noul-15-035,local_v2,1,True,True,True,True,True,True,0.0,True,True,False,False,False,True
v2-gen-noul-15-035,local_v2,2,True,True,True,True,True,True,0.0,True,True,False,False,False,True
v2-gen-noul-15-035,local_v2,3,True,True,True,True,True,True,0.0,True,True,False,False,False,True
v2-gen-noul-15-035,local_v2,4,True,True,True,True,True,True,0.0,True,True,False,False,False,True
v2-gen-noul-15-036,local_v2,0,True,True,True,True,True,True,0.0,True,True,False,False,False,True
v2-gen-noul-15-036,local_v2,1,True,True,True,True,True,True,0.0,True,True,False,False,False,True
v2-gen-noul-15-036,local_v2,2,True,True,True,True,True,True,0.0,True,True,False,False,False,True
v2-gen-noul-15-036,local_v2,3,True,True,True,True,True,True,0.0,True,True,False,False,False,True
v2-gen-noul-15-036,local_v2,4,True,True,True,True,True,True,0.0,True,True,False,False,False,True
v2-gen-score-01-026,local_v2,0,True,True,True,True,True,True,0.0,True,True,False,False,False,True
v2-gen-score-01-026,local_v2,1,True,True,True,True,True,True,0.0,True,True,False,False,False,True
v2-gen-score-01-026,local_v2,2,True,True,True,True,True,True,0.0,True,True,False,False,False,True
v2-gen-score-01-026,local_v2,3,True,True,True,True,True,True,0.0,True,True,False,False,False,True
v2-gen-score-01-026,local_v2,4,True,True,True,True,True,True,0.0,True,True,False,False,False,True
v2-gen-score-01-042,local_v2,0,True,True,True,True,True,True,0.0,True,True,False,False,False,True
v2-gen-score-01-042,local_v2,1,True,True,True,True,True,True,0.0,True,True,False,False,False,True
v2-gen-score-01-042,local_v2,2,True,True,True,True,True,True,0.0,True,True,False,False,False,True
v2-gen-score-01-042,local_v2,3,True,True,True,True,True,True,0.0,True,True,False,False,False,True
v2-gen-score-01-042,local_v2,4,True,True,True,True,True,True,0.0,True,True,False,False,False,True
v2-gen-score-01-050,local_v2,0,True,True,True,True,True,True,0.0,True,True,False,False,False,True
v2-gen-score-01-050,local_v2,1,True,True,True,True,True,True,0.0,True,True,False,False,False,True
v2-gen-score-01-050,local_v2,2,True,True,True,True,True,True,0.0,True,True,False,False,False,True
v2-gen-score-01-050,local_v2,3,True,True,True,True,True,True,0.0,True,True,False,False,False,True
v2-gen-score-01-050,local_v2,4,True,True,True,True,True,True,0.0,True,True,False,False,False,True
v2-gen-score-02-004,local_v2,0,True,True,True,True,True,True,0.0,True,True,False,False,False,True
v2-gen-score-02-004,local_v2,1,True,True,True,True,True,True,0.0,True,True,False,False,False,True
v2-gen-score-02-004,local_v2,2,True,True,True,True,True,True,0.0,True,True,False,False,False,True
v2-gen-score-02-004,local_v2,3,True,True,True,True,True,True,0.0,True,True,False,False,False,True
v2-gen-score-02-004,local_v2,4,True,True,True,True,True,True,0.0,True,True,False,False,False,True
v2-gen-score-02-009,local_v2,0,True,True,True,True,True,True,0.0,True,True,False,False,False,True
v2-gen-score-02-009,local_v2,1,True,True,True,True,True,True,0.0,True,True,False,False,False,True
v2-gen-score-02-009,local_v2,2,True,True,True,True,True,True,0.0,True,True,False,False,False,True
v2-gen-score-02-009,local_v2,3,True,True,True,True,True,True,0.0,True,True,False,False,False,True
v2-gen-score-02-009,local_v2,4,True,True,True,True,True,True,0.0,True,True,False,False,False,True
v2-gen-score-02-048,local_v2,0,True,True,True,True,True,True,0.0,True,True,False,False,False,True
v2-gen-score-02-048,local_v2,1,True,True,True,True,True,True,0.0,True,True,False,False,False,True
v2-gen-score-02-048,local_v2,2,True,True,True,True,True,True,0.0,True,True,False,False,False,True
v2-gen-score-02-048,local_v2,3,True,True,True,True,True,True,0.0,True,True,False,False,False,True
v2-gen-score-02-048,local_v2,4,True,True,True,True,True,True,0.0,True,True,False,False,False,True
v2-gen-score-03-017,local_v2,0,True,True,True,True,True,True,0.0,True,True,False,False,False,True
v2-gen-score-03-017,local_v2,1,True,True,True,True,True,True,0.0,True,True,False,False,False,True
v2-gen-score-03-017,local_v2,2,True,True,True,True,True,True,0.0,True,True,False,False,False,True
v2-gen-score-03-017,local_v2,3,True,True,True,True,True,True,0.0,True,True,False,False,False,True
v2-gen-score-03-017,local_v2,4,True,True,True,True,True,True,0.0,True,True,False,False,False,True
v2-gen-score-03-021,local_v2,0,True,True,True,True,True,True,0.0,True,True,False,False,False,True
v2-gen-score-03-021,local_v2,1,True,True,True,True,True,True,0.0,True,True,False,False,False,True
v2-gen-score-03-021,local_v2,2,True,True,True,True,True,True,0.0,True,True,False,False,False,True
v2-gen-score-03-021,local_v2,3,True,True,True,True,True,True,0.0,True,True,False,False,False,True
v2-gen-score-03-021,local_v2,4,True,True,True,True,True,True,0.0,True,True,False,False,False,True
v2-gen-score-03-028,local_v2,0,True,True,True,True,True,True,0.0,True,True,False,False,False,True
v2-gen-score-03-028,local_v2,1,True,True,True,True,True,True,0.0,True,True,False,False,False,True
v2-gen-score-03-028,local_v2,2,True,True,True,True,True,True,0.0,True,True,False,False,False,True
v2-gen-score-03-028,local_v2,3,True,True,True,True,True,True,0.0,True,True,False,False,False,True
v2-gen-score-03-028,local_v2,4,True,True,True,True,True,True,0.0,True,True,False,False,False,True
v2-gen-score-04-003,local_v2,0,True,True,True,True,True,True,0.0,True,True,False,False,False,True
v2-gen-score-04-003,local_v2,1,True,True,True,True,True,True,0.0,True,True,False,False,False,True
v2-gen-score-04-003,local_v2,2,True,True,True,True,True,True,0.0,True,True,False,False,False,True
v2-gen-score-04-003,local_v2,3,True,True,True,True,True,True,0.0,True,True,False,False,False,True
v2-gen-score-04-003,local_v2,4,True,True,True,True,True,True,0.0,True,True,False,False,False,True
v2-gen-score-04-029,local_v2,0,True,True,True,True,True,True,0.0,True,True,False,False,False,True
v2-gen-score-04-029,local_v2,1,True,True,True,True,True,True,0.0,True,True,False,False,False,True
v2-gen-score-04-029,local_v2,2,True,True,True,True,True,True,0.0,True,True,False,False,False,True
v2-gen-score-04-029,local_v2,3,True,True,True,True,True,True,0.0,True,True,False,False,False,True
v2-gen-score-04-029,local_v2,4,True,True,True,True,True,True,0.0,True,True,False,False,False,True
v2-gen-score-04-046,local_v2,0,True,True,True,True,True,True,0.0,True,True,False,False,False,True
v2-gen-score-04-046,local_v2,1,True,True,True,True,True,True,0.0,True,True,False,False,False,True
v2-gen-score-04-046,local_v2,2,True,True,True,True,True,True,0.0,True,True,False,False,False,True
v2-gen-score-04-046,local_v2,3,True,True,True,True,True,True,0.0,True,True,False,False,False,True
v2-gen-score-04-046,local_v2,4,True,True,True,True,True,True,0.0,True,True,False,False,False,True
v2-gen-score-05-017,local_v2,0,True,True,True,True,True,True,0.0,True,True,False,False,False,True
v2-gen-score-05-017,local_v2,1,True,True,True,True,True,True,0.0,True,True,False,False,False,True
v2-gen-score-05-017,local_v2,2,True,True,True,True,True,True,0.0,True,True,False,False,False,True
v2-gen-score-05-017,local_v2,3,True,True,True,True,True,True,0.0,True,True,False,False,False,True
v2-gen-score-05-017,local_v2,4,True,True,True,True,True,True,0.0,True,True,False,False,False,True
v2-gen-score-05-035,local_v2,0,True,True,True,True,True,True,0.0,True,True,False,False,False,True
v2-gen-score-05-035,local_v2,1,True,True,True,True,True,True,0.0,True,True,False,False,False,True
v2-gen-score-05-035,local_v2,2,True,True,True,True,True,True,0.0,True,True,False,False,False,True
v2-gen-score-05-035,local_v2,3,True,True,True,True,True,True,0.0,True,True,False,False,False,True
v2-gen-score-05-035,local_v2,4,True,True,True,True,True,True,0.0,True,True,False,False,False,True
v2-gen-score-05-042,local_v2,0,True,True,True,True,True,True,0.0,True,True,False,False,False,True
v2-gen-score-05-042,local_v2,1,True,True,True,True,True,True,0.0,True,True,False,False,False,True
v2-gen-score-05-042,local_v2,2,True,True,True,True,True,True,0.0,True,True,False,False,False,True
v2-gen-score-05-042,local_v2,3,True,True,True,True,True,True,0.0,True,True,False,False,False,True
v2-gen-score-05-042,local_v2,4,True,True,True,True,True,True,0.0,True,True,False,False,False,True
v2-gen-score-06-027,local_v2,0,True,True,True,True,True,True,0.0,True,True,False,False,False,True
v2-gen-score-06-027,local_v2,1,True,True,True,True,True,True,0.0,True,True,False,False,False,True
v2-gen-score-06-027,local_v2,2,True,True,True,True,True,True,0.0,True,True,False,False,False,True
v2-gen-score-06-027,local_v2,3,True,True,True,True,True,True,0.0,True,True,False,False,False,True
v2-gen-score-06-027,local_v2,4,True,True,True,True,True,True,0.0,True,True,False,False,False,True
v2-gen-score-06-031,local_v2,0,True,True,True,True,True,True,0.0,True,True,False,False,False,True
v2-gen-score-06-031,local_v2,1,True,True,True,True,True,True,0.0,True,True,False,False,False,True
v2-gen-score-06-031,local_v2,2,True,True,True,True,True,True,0.0,True,True,False,False,False,True
v2-gen-score-06-031,local_v2,3,True,True,True,True,True,True,0.0,True,True,False,False,False,True
v2-gen-score-06-031,local_v2,4,True,True,True,True,True,True,0.0,True,True,False,False,False,True
v2-gen-score-06-036,local_v2,0,True,True,True,True,True,True,0.0,True,True,False,False,False,True
v2-gen-score-06-036,local_v2,1,True,True,True,True,True,True,0.0,True,True,False,False,False,True
v2-gen-score-06-036,local_v2,2,True,True,True,True,True,True,0.0,True,True,False,False,False,True
v2-gen-score-06-036,local_v2,3,True,True,True,True,True,True,0.0,True,True,False,False,False,True
v2-gen-score-06-036,local_v2,4,True,True,True,True,True,True,0.0,True,True,False,False,False,True
v2-gen-score-07-002,local_v2,0,True,True,True,True,True,True,0.0,True,True,False,False,False,True
v2-gen-score-07-002,local_v2,1,True,True,True,True,True,True,0.0,True,True,False,False,False,True
v2-gen-score-07-002,local_v2,2,True,True,True,True,True,True,0.0,True,True,False,False,False,True
v2-gen-score-07-002,local_v2,3,True,True,True,True,True,True,0.0,True,True,False,False,False,True
v2-gen-score-07-002,local_v2,4,True,True,True,True,True,True,0.0,True,True,False,False,False,True
v2-gen-score-07-004,local_v2,0,True,True,True,True,True,True,0.0,True,True,False,False,False,True
v2-gen-score-07-004,local_v2,1,True,True,True,True,True,True,0.0,True,True,False,False,False,True
v2-gen-score-07-004,local_v2,2,True,True,True,True,True,True,0.0,True,True,False,False,False,True
v2-gen-score-07-004,local_v2,3,True,True,True,True,True,True,0.0,True,True,False,False,False,True
v2-gen-score-07-004,local_v2,4,True,True,True,True,True,True,0.0,True,True,False,False,False,True
v2-gen-score-07-049,local_v2,0,True,True,True,True,True,True,0.0,True,True,False,False,False,True
v2-gen-score-07-049,local_v2,1,True,True,True,True,True,True,0.0,True,True,False,False,False,True
v2-gen-score-07-049,local_v2,2,True,True,True,True,True,True,0.0,True,True,False,False,False,True
v2-gen-score-07-049,local_v2,3,True,True,True,True,True,True,0.0,True,True,False,False,False,True
v2-gen-score-07-049,local_v2,4,True,True,True,True,True,True,0.0,True,True,False,False,False,True
v2-gen-score-08-004,local_v2,0,True,True,True,True,True,True,0.0,True,True,False,False,False,True
v2-gen-score-08-004,local_v2,1,True,True,True,True,True,True,0.0,True,True,False,False,False,True
v2-gen-score-08-004,local_v2,2,True,True,True,True,True,True,0.0,True,True,False,False,False,True
v2-gen-score-08-004,local_v2,3,True,True,True,True,True,True,0.0,True,True,False,False,False,True
v2-gen-score-08-004,local_v2,4,True,True,True,True,True,True,0.0,True,True,False,False,False,True
v2-gen-score-08-024,local_v2,0,True,True,True,True,True,True,0.0,True,True,False,False,False,True
v2-gen-score-08-024,local_v2,1,True,True,True,True,True,True,0.0,True,True,False,False,False,True
v2-gen-score-08-024,local_v2,2,True,True,True,True,True,True,0.0,True,True,False,False,False,True
v2-gen-score-08-024,local_v2,3,True,True,True,True,True,True,0.0,True,True,False,False,False,True
v2-gen-score-08-024,local_v2,4,True,True,True,True,True,True,0.0,True,True,False,False,False,True
v2-gen-score-08-042,local_v2,0,True,True,True,True,True,True,0.0,True,True,False,False,False,True
v2-gen-score-08-042,local_v2,1,True,True,True,True,True,True,0.0,True,True,False,False,False,True
v2-gen-score-08-042,local_v2,2,True,True,True,True,True,True,0.0,True,True,False,False,False,True
v2-gen-score-08-042,local_v2,3,True,True,True,True,True,True,0.0,True,True,False,False,False,True
v2-gen-score-08-042,local_v2,4,True,True,True,True,True,True,0.0,True,True,False,False,False,True
v2-gen-score-09-001,local_v2,0,True,True,True,True,True,True,0.0,True,True,False,False,False,True
v2-gen-score-09-001,local_v2,1,True,True,True,True,True,True,0.0,True,True,False,False,False,True
v2-gen-score-09-001,local_v2,2,True,True,True,True,True,True,0.0,True,True,False,False,False,True
v2-gen-score-09-001,local_v2,3,True,True,True,True,True,True,0.0,True,True,False,False,False,True
v2-gen-score-09-001,local_v2,4,True,True,True,True,True,True,0.0,True,True,False,False,False,True
v2-gen-score-09-036,local_v2,0,True,True,True,True,True,True,0.0,True,True,False,False,False,True
v2-gen-score-09-036,local_v2,1,True,True,True,True,True,True,0.0,True,True,False,False,False,True
v2-gen-score-09-036,local_v2,2,True,True,True,True,True,True,0.0,True,True,False,False,False,True
v2-gen-score-09-036,local_v2,3,True,True,True,True,True,True,0.0,True,True,False,False,False,True
v2-gen-score-09-036,local_v2,4,True,True,True,True,True,True,0.0,True,True,False,False,False,True
v2-gen-score-09-038,local_v2,0,True,True,True,True,True,True,0.0,True,True,False,False,False,True
v2-gen-score-09-038,local_v2,1,True,True,True,True,True,True,0.0,True,True,False,False,False,True
v2-gen-score-09-038,local_v2,2,True,True,True,True,True,True,0.0,True,True,False,False,False,True
v2-gen-score-09-038,local_v2,3,True,True,True,True,True,True,0.0,True,True,False,False,False,True
v2-gen-score-09-038,local_v2,4,True,True,True,True,True,True,0.0,True,True,False,False,False,True
v2-gen-score-10-007,local_v2,0,True,True,True,True,True,True,0.0,True,True,False,False,False,True
v2-gen-score-10-007,local_v2,1,True,True,True,True,True,True,0.0,True,True,False,False,False,True
v2-gen-score-10-007,local_v2,2,True,True,True,True,True,True,0.0,True,True,False,False,False,True
v2-gen-score-10-007,local_v2,3,True,True,True,True,True,True,0.0,True,True,False,False,False,True
v2-gen-score-10-007,local_v2,4,True,True,True,True,True,True,0.0,True,True,False,False,False,True
v2-gen-score-10-010,local_v2,0,True,True,True,True,True,True,0.0,True,True,False,False,False,True
v2-gen-score-10-010,local_v2,1,True,True,True,True,True,True,0.0,True,True,False,False,False,True
v2-gen-score-10-010,local_v2,2,True,True,True,True,True,True,0.0,True,True,False,False,False,True
v2-gen-score-10-010,local_v2,3,True,True,True,True,True,True,0.0,True,True,False,False,False,True
v2-gen-score-10-010,local_v2,4,True,True,True,True,True,True,0.0,True,True,False,False,False,True
v2-gen-score-10-046,local_v2,0,True,True,True,True,True,True,0.0,True,True,False,False,False,True
v2-gen-score-10-046,local_v2,1,True,True,True,True,True,True,0.0,True,True,False,False,False,True
v2-gen-score-10-046,local_v2,2,True,True,True,True,True,True,0.0,True,True,False,False,False,True
v2-gen-score-10-046,local_v2,3,True,True,True,True,True,True,0.0,True,True,False,False,False,True
v2-gen-score-10-046,local_v2,4,True,True,True,True,True,True,0.0,True,True,False,False,False,True
v2-gen-score-11-002,local_v2,0,True,True,True,True,True,True,0.0,True,True,False,False,False,True
v2-gen-score-11-002,local_v2,1,True,True,True,True,True,True,0.0,True,True,False,False,False,True
v2-gen-score-11-002,local_v2,2,True,True,True,True,True,True,0.0,True,True,False,False,False,True
v2-gen-score-11-002,local_v2,3,True,True,True,True,True,True,0.0,True,True,False,False,False,True
v2-gen-score-11-002,local_v2,4,True,True,True,True,True,True,0.0,True,True,False,False,False,True
v2-gen-score-11-038,local_v2,0,True,True,True,True,True,True,0.0,True,True,False,False,False,True
v2-gen-score-11-038,local_v2,1,True,True,True,True,True,True,0.0,True,True,False,False,False,True
v2-gen-score-11-038,local_v2,2,True,True,True,True,True,True,0.0,True,True,False,False,False,True
v2-gen-score-11-038,local_v2,3,True,True,True,True,True,True,0.0,True,True,False,False,False,True
v2-gen-score-11-038,local_v2,4,True,True,True,True,True,True,0.0,True,True,False,False,False,True
v2-gen-score-11-046,local_v2,0,True,True,True,True,True,True,0.0,True,True,False,False,False,True
v2-gen-score-11-046,local_v2,1,True,True,True,True,True,True,0.0,True,True,False,False,False,True
v2-gen-score-11-046,local_v2,2,True,True,True,True,True,True,0.0,True,True,False,False,False,True
v2-gen-score-11-046,local_v2,3,True,True,True,True,True,True,0.0,True,True,False,False,False,True
v2-gen-score-11-046,local_v2,4,True,True,True,True,True,True,0.0,True,True,False,False,False,True
v2-gen-score-12-010,local_v2,0,True,True,True,True,True,True,0.0,True,True,False,False,False,True
v2-gen-score-12-010,local_v2,1,True,True,True,True,True,True,0.0,True,True,False,False,False,True
v2-gen-score-12-010,local_v2,2,True,True,True,True,True,True,0.0,True,True,False,False,False,True
v2-gen-score-12-010,local_v2,3,True,True,True,True,True,True,0.0,True,True,False,False,False,True
v2-gen-score-12-010,local_v2,4,True,True,True,True,True,True,0.0,True,True,False,False,False,True
v2-gen-score-12-013,local_v2,0,True,True,True,True,True,True,0.0,True,True,False,False,False,True
v2-gen-score-12-013,local_v2,1,True,True,True,True,True,True,0.0,True,True,False,False,False,True
v2-gen-score-12-013,local_v2,2,True,True,True,True,True,True,0.0,True,True,False,False,False,True
v2-gen-score-12-013,local_v2,3,True,True,True,True,True,True,0.0,True,True,False,False,False,True
v2-gen-score-12-013,local_v2,4,True,True,True,True,True,True,0.0,True,True,False,False,False,True
v2-gen-score-12-027,local_v2,0,True,True,True,True,True,True,0.0,True,True,False,False,False,True
v2-gen-score-12-027,local_v2,1,True,True,True,True,True,True,0.0,True,True,False,False,False,True
v2-gen-score-12-027,local_v2,2,True,True,True,True,True,True,0.0,True,True,False,False,False,True
v2-gen-score-12-027,local_v2,3,True,True,True,True,True,True,0.0,True,True,False,False,False,True
v2-gen-score-12-027,local_v2,4,True,True,True,True,True,True,0.0,True,True,False,False,False,True
v2-gen-score-13-026,local_v2,0,True,True,True,True,True,True,0.0,True,True,False,False,False,True
v2-gen-score-13-026,local_v2,1,True,True,True,True,True,True,0.0,True,True,False,False,False,True
v2-gen-score-13-026,local_v2,2,True,True,True,True,True,True,0.0,True,True,False,False,False,True
v2-gen-score-13-026,local_v2,3,True,True,True,True,True,True,0.0,True,True,False,False,False,True
v2-gen-score-13-026,local_v2,4,True,True,True,True,True,True,0.0,True,True,False,False,False,True
v2-gen-score-13-042,local_v2,0,True,True,True,True,True,True,0.0,True,True,False,False,False,True
v2-gen-score-13-042,local_v2,1,True,True,True,True,True,True,0.0,True,True,False,False,False,True
v2-gen-score-13-042,local_v2,2,True,True,True,True,True,True,0.0,True,True,False,False,False,True
v2-gen-score-13-042,local_v2,3,True,True,True,True,True,True,0.0,True,True,False,False,False,True
v2-gen-score-13-042,local_v2,4,True,True,True,True,True,True,0.0,True,True,False,False,False,True
v2-gen-score-13-045,local_v2,0,True,True,True,True,True,True,0.0,True,True,False,False,False,True
v2-gen-score-13-045,local_v2,1,True,True,True,True,True,True,0.0,True,True,False,False,False,True
v2-gen-score-13-045,local_v2,2,True,True,True,True,True,True,0.0,True,True,False,False,False,True
v2-gen-score-13-045,local_v2,3,True,True,True,True,True,True,0.0,True,True,False,False,False,True
v2-gen-score-13-045,local_v2,4,True,True,True,True,True,True,0.0,True,True,False,False,False,True
v2-gen-score-14-011,local_v2,0,True,True,True,True,True,True,0.0,True,True,False,False,False,True
v2-gen-score-14-011,local_v2,1,True,True,True,True,True,True,0.0,True,True,False,False,False,True
v2-gen-score-14-011,local_v2,2,True,True,True,True,True,True,0.0,True,True,False,False,False,True
v2-gen-score-14-011,local_v2,3,True,True,True,True,True,True,0.0,True,True,False,False,False,True
v2-gen-score-14-011,local_v2,4,True,True,True,True,True,True,0.0,True,True,False,False,False,True
v2-gen-score-14-018,local_v2,0,True,True,True,True,True,True,0.0,True,True,False,False,False,True
v2-gen-score-14-018,local_v2,1,True,True,True,True,True,True,0.0,True,True,False,False,False,True
v2-gen-score-14-018,local_v2,2,True,True,True,True,True,True,0.0,True,True,False,False,False,True
v2-gen-score-14-018,local_v2,3,True,True,True,True,True,True,0.0,True,True,False,False,False,True
v2-gen-score-14-018,local_v2,4,True,True,True,True,True,True,0.0,True,True,False,False,False,True
v2-gen-score-14-028,local_v2,0,True,True,True,True,True,True,0.0,True,True,False,False,False,True
v2-gen-score-14-028,local_v2,1,True,True,True,True,True,True,0.0,True,True,False,False,False,True
v2-gen-score-14-028,local_v2,2,True,True,True,True,True,True,0.0,True,True,False,False,False,True
v2-gen-score-14-028,local_v2,3,True,True,True,True,True,True,0.0,True,True,False,False,False,True
v2-gen-score-14-028,local_v2,4,True,True,True,True,True,True,0.0,True,True,False,False,False,True
v2-gen-score-15-034,local_v2,0,True,True,True,True,True,True,0.0,True,True,False,False,False,True
v2-gen-score-15-034,local_v2,1,True,True,True,True,True,True,0.0,True,True,False,False,False,True
v2-gen-score-15-034,local_v2,2,True,True,True,True,True,True,0.0,True,True,False,False,False,True
v2-gen-score-15-034,local_v2,3,True,True,True,True,True,True,0.0,True,True,False,False,False,True
v2-gen-score-15-034,local_v2,4,True,True,True,True,True,True,0.0,True,True,False,False,False,True
v2-gen-score-15-045,local_v2,0,True,True,True,True,True,True,0.0,True,True,False,False,False,True
v2-gen-score-15-045,local_v2,1,True,True,True,True,True,True,0.0,True,True,False,False,False,True
v2-gen-score-15-045,local_v2,2,True,True,True,True,True,True,0.0,True,True,False,False,False,True
v2-gen-score-15-045,local_v2,3,True,True,True,True,True,True,0.0,True,True,False,False,False,True
v2-gen-score-15-045,local_v2,4,True,True,True,True,True,True,0.0,True,True,False,False,False,True
v2-gen-score-15-046,local_v2,0,True,True,True,True,True,True,0.0,True,True,False,False,False,True
v2-gen-score-15-046,local_v2,1,True,True,True,True,True,True,0.0,True,True,False,False,False,True
v2-gen-score-15-046,local_v2,2,True,True,True,True,True,True,0.0,True,True,False,False,False,True
v2-gen-score-15-046,local_v2,3,True,True,True,True,True,True,0.0,True,True,False,False,False,True
v2-gen-score-15-046,local_v2,4,True,True,True,True,True,True,0.0,True,True,False,False,False,True
