id,type,source,family,state,instructions,criteria,label
accept_choice_001,choice,manual,meaning,"""送信した請求書の宛名が別の会社になっていました。正しい社名で作り直してください。""",依頼の中心を選ぶ。,"{""option_0"":""請求書の修正"",""option_1"":""商品の返品""}",option_0
accept_choice_002,choice,manual,negation,"""来月の予約を取り消したいのではなく、同じ日の開始時刻だけ午後に変えたい。""",希望する操作を選ぶ。,"{""option_0"":""予約時刻の変更"",""option_1"":""予約の取消"",""option_2"":""新規予約""}",option_0
accept_choice_003,choice,manual,meaning,"{""配送"":""到着済み"",""箱"":""無傷"",""中身"":""注文した青色ではなく赤色""}",問い合わせの原因を選ぶ。,"{""option_0"":""色違い"",""option_1"":""未着"",""option_2"":""外箱破損"",""option_3"":""数量不足""}",option_0
accept_choice_004,choice,manual,meaning,"""新しいパスワードは設定できたが、届いた認証番号を入力すると期限切れと言われる。""",いま解決すべき問題を選ぶ。,"{""option_0"":""認証番号の期限"",""option_1"":""登録名"",""option_2"":""請求額"",""option_3"":""住所変更"",""option_4"":""解約""}",option_0
accept_choice_005,choice,manual,history,"""先週の一覧には担当が田中とあった。今朝、田中から森への正式な引継ぎが完了した。佐藤は補助である。\n\n補足の運用メモ: 担当者は連絡の取りまとめ、作業の割り振り、最終確認を行う。補助者は資料の整理を手伝うが、主担当の役割は引き受けない。今回の案件は来週火曜日の定例会で扱う予定。会議室は2階の小会議室で、入口横に資料を置く。出席人数はまだ確定していない。古い一覧表は記録として残しているため、最新版の引継ぎ記録を優先する。""",現在の主担当を選ぶ。,"{""option_0"":""森"",""option_1"":""田中"",""option_2"":""佐藤"",""option_3"":""担当なし"",""option_4"":""田中と佐藤"",""option_5"":""不明""}",option_0
accept_choice_006,choice,manual,scope,"{""会議資料"":[""予算案"",""採用案""],""決定"":""予算案だけ承認"",""採用案"":""次回継続""}",まだ判断が終わっていないものを選ぶ。,"{""option_0"":""採用案"",""option_1"":""予算案"",""option_2"":""両方承認済み"",""option_3"":""両方否決"",""option_4"":""会場"",""option_5"":""議長"",""option_6"":""議事録の日付""}",option_0
accept_choice_007,choice,manual,priority,"""入口は北側が工事中、東側は従業員専用。一般客は南側入口を利用するよう案内されている。""",一般客に案内すべき入口はどれか。,"{""option_0"":""南"",""option_1"":""北"",""option_2"":""北東"",""option_3"":""東"",""option_4"":""南東"",""option_5"":""南西"",""option_6"":""西"",""option_7"":""北西""}",option_0
accept_choice_008,choice,manual,insufficient,"""「画面が暗い」という報告のみがある。電源状態や明るさ設定は調べていない。""",機器故障と断定できるか。,"{""option_0"":""故障と断定できる"",""option_1"":""情報が足りない""}",option_1
accept_choice_009,choice,manual,arithmetic,"""1冊240円のノートを3冊買った。支払いは1000円だった。""",おつりを選ぶ。,"{""option_0"":""720円"",""option_1"":""280円"",""option_2"":""760円""}",option_1
accept_choice_010,choice,manual,arithmetic,"{""入庫"":18,""出庫"":7,""開始在庫"":4}",現在の在庫を選ぶ。,"{""option_0"":""11"",""option_1"":""15"",""option_2"":""18"",""option_3"":""29""}",option_1
accept_choice_011,choice,manual,priority,"""対応順は「安全に関わる停止」「作業不能」「見た目の問題」の順。報告は、アイコンのずれ、全員が保存できない障害、資料名の誤字。安全に関わる停止はない。\n\n受付メモ: 各報告には受付時刻と担当候補を付ける。誤字の報告が最も早く届き、保存できない障害は2番目、アイコンのずれは最後に届いた。受付時刻が早いことだけを理由に、定めた対応の優先順位を変えてはいけない。利用者への説明文は3件分とも作成済みである。作業を開始するときは担当者欄を埋め、解決後は確認結果を残す。""",最初に対応する報告を選ぶ。,"{""option_0"":""アイコンのずれ"",""option_1"":""保存できない障害"",""option_2"":""資料名の誤字"",""option_3"":""全部同時"",""option_4"":""対応しない""}",option_1
accept_choice_012,choice,manual,conjunction,"""商品Aは軽いが充電式、Bは重いが乾電池式、Cは軽く乾電池式。購入条件は「軽いこと」と「乾電池式」の両方。""",条件に合う商品を選ぶ。,"{""option_0"":""A"",""option_1"":""C"",""option_2"":""B"",""option_3"":""AとB"",""option_4"":""どれも不可"",""option_5"":""情報不足""}",option_1
accept_choice_013,choice,manual,sequence,"""作業は準備→加工→検査→梱包。加工が終了し、検査はまだ始めていない。""",次に行う工程を選ぶ。,"{""option_0"":""準備"",""option_1"":""検査"",""option_2"":""加工"",""option_3"":""梱包"",""option_4"":""出荷"",""option_5"":""廃棄"",""option_6"":""再注文""}",option_1
accept_choice_014,choice,manual,scope,"{""空席"":{""A"":0,""B"":2,""C"":1},""希望"":""3人が同じ席区画に入れること""}",いま条件を満たす区画を選ぶ。,"{""option_0"":""A"",""option_1"":""満たす区画はない"",""option_2"":""B"",""option_3"":""C"",""option_4"":""AとBを合わせる"",""option_5"":""BとCに分かれる"",""option_6"":""どの区画でもよい"",""option_7"":""予約を取消済み""}",option_1
accept_choice_015,choice,manual,meaning,"""「この案で進めましょう。ただし公開前に画像だけ差し替えてください」""",発言者は案の採用に賛成しているか。,"{""option_0"":""条件付きで賛成"",""option_1"":""案全体に反対""}",option_0
accept_choice_016,choice,manual,meaning,"""「返事が遅れてすみません。今回は日程が合わないため、参加を見送ります」""",参加についての結論を選ぶ。,"{""option_0"":""参加する"",""option_1"":""まだ決めていない"",""option_2"":""参加しない""}",option_2
accept_choice_017,choice,manual,exception,"""店は毎日10時から18時まで受付する。ただし17時以降は予約客だけ受け付ける。現在17時30分で、客に予約はない。""",現在の受付可否を選ぶ。,"{""option_0"":""受付可能"",""option_1"":""営業時間外のため受付不可"",""option_2"":""予約がないため受付不可"",""option_3"":""時間が不明""}",option_2
accept_choice_018,choice,manual,intersection,"""高橋は水曜と金曜、吉田は火曜と金曜、鈴木は月曜と金曜に参加できる。""",3人全員が参加できる曜日を選ぶ。,"{""option_0"":""月曜"",""option_1"":""火曜"",""option_2"":""金曜"",""option_3"":""水曜"",""option_4"":""木曜""}",option_2
accept_choice_019,choice,manual,scope,"{""注文"":[""パン"",""牛乳""],""受領"":[""パン""],""牛乳"":""品切れで未提供""}",受け取っていない注文品を選ぶ。,"{""option_0"":""パン"",""option_1"":""卵"",""option_2"":""牛乳"",""option_3"":""水"",""option_4"":""何もない"",""option_5"":""注文全体が不明""}",option_2
accept_choice_020,choice,manual,distractor,"""案内には「青いカードを持つ人は窓口3へ」とある。利用者のカードは青色で、番号は7。""",案内に従った窓口を選ぶ。,"{""option_0"":""窓口1"",""option_1"":""窓口2"",""option_2"":""窓口3"",""option_3"":""窓口4"",""option_4"":""窓口5"",""option_5"":""窓口6"",""option_6"":""窓口7""}",option_2
accept_choice_021,choice,manual,negation,"""材料は木材。色は銀色に塗装されている。金属製ではない。""",材料による分類を選ぶ。,"{""option_0"":""鉄"",""option_1"":""アルミ"",""option_2"":""木"",""option_3"":""銅"",""option_4"":""ガラス"",""option_5"":""紙"",""option_6"":""布"",""option_7"":""プラスチック""}",option_2
accept_choice_022,choice,manual,history,"""「すぐ直してくれて助かりました。今は問題なく使えます」""",現在も問題が継続しているという報告か。,"{""option_0"":""継続している"",""option_1"":""解決している""}",option_1
accept_choice_023,choice,manual,insufficient,"{""申請"":""提出済み"",""承認"":null,""支払"":""未実施""}",現在の段階を選ぶ。承認の記録がなければ未承認として扱う。,"{""option_0"":""承認待ち"",""option_1"":""支払完了"",""option_2"":""申請前""}",option_0
accept_choice_024,choice,manual,arithmetic,"""各箱に4本入る。13本のびんを全部入れたい。""",必要な箱の最小数を選ぶ。,"{""option_0"":""2箱"",""option_1"":""3箱"",""option_2"":""5箱"",""option_3"":""4箱""}",option_3
accept_choice_025,choice,manual,arithmetic,"""所要時間は移動20分、受付10分。受付を9時に終える必要がある。待ち時間はない。""",出発できる最も遅い時刻を選ぶ。,"{""option_0"":""8時20分"",""option_1"":""8時40分"",""option_2"":""8時50分"",""option_3"":""8時30分"",""option_4"":""9時""}",option_3
accept_choice_026,choice,manual,permission,"""共有資料は閲覧だけ許可されている。編集やダウンロードの許可はない。""",許可された操作を選ぶ。,"{""option_0"":""編集"",""option_1"":""削除"",""option_2"":""ダウンロード"",""option_3"":""閲覧"",""option_4"":""再公開"",""option_5"":""所有者変更""}",option_3
accept_choice_027,choice,manual,meaning,"""表示言語を英語から日本語に変更したい。文字サイズや配色はそのままでよい。""",開くべき設定項目を選ぶ。,"{""option_0"":""通知"",""option_1"":""音量"",""option_2"":""文字サイズ"",""option_3"":""言語"",""option_4"":""配色"",""option_5"":""通信"",""option_6"":""支払""}",option_3
accept_choice_028,choice,manual,extraction,"{""品目"":""シャツ"",""大きさ"":""M"",""色"":""白"",""個数"":2}",注文された色を選ぶ。,"{""option_0"":""赤"",""option_1"":""青"",""option_2"":""黄"",""option_3"":""白"",""option_4"":""緑"",""option_5"":""黒"",""option_6"":""紫"",""option_7"":""橙""}",option_3
accept_choice_029,choice,manual,insufficient,"""検査記録がまだ届いていない。「合格だった」という伝聞もない。""",検査に合格したと判断できるか。,"{""option_0"":""まだ判断できない"",""option_1"":""合格したと判断できる""}",option_0
accept_choice_030,choice,manual,history,"""最初に仮注文し、次に数量を減らし、最後に注文そのものを取り消した。""",現在の注文状態を選ぶ。,"{""option_0"":""有効な仮注文"",""option_1"":""取消済み"",""option_2"":""減数した注文が有効""}",option_1
accept_choice_031,choice,manual,range,"""A便は11時到着、B便は10時40分到着、C便は11時20分到着。10時50分までに到着する便が必要。""",条件に合う便を選ぶ。,"{""option_0"":""B便"",""option_1"":""A便"",""option_2"":""C便"",""option_3"":""どれも合わない""}",option_0
accept_choice_032,choice,manual,negation,"""値引きは会員なら100円、非会員なら0円。購入者は非会員で、商品代は850円。""",支払う商品代を選ぶ。,"{""option_0"":""0円"",""option_1"":""100円"",""option_2"":""750円"",""option_3"":""950円"",""option_4"":""850円""}",option_4
accept_choice_033,choice,manual,sequence,"""当番は赤組→青組→黄組の順で繰り返す。今回が黄組だった。""",次の当番を選ぶ。,"{""option_0"":""青組"",""option_1"":""黄組"",""option_2"":""全組"",""option_3"":""休み"",""option_4"":""赤組"",""option_5"":""順番不明""}",option_4
accept_choice_034,choice,manual,meaning,"""顧客は「値段は納得しているが、届くまで長すぎる」と述べた。""",不満の対象を選ぶ。,"{""option_0"":""価格"",""option_1"":""色"",""option_2"":""サイズ"",""option_3"":""支払方法"",""option_4"":""配送の速さ"",""option_5"":""説明書"",""option_6"":""品ぞろえ""}",option_4
accept_choice_035,choice,manual,extraction,"{""申込先"":""写真講座"",""希望コース"":""夜間"",""欠席日"":""火曜""}",希望するコースを選ぶ。,"{""option_0"":""早朝"",""option_1"":""午前"",""option_2"":""正午"",""option_3"":""午後"",""option_4"":""夜間"",""option_5"":""夕方"",""option_6"":""終日"",""option_7"":""通信""}",option_4
accept_choice_036,choice,manual,history,"""昨日は接続できなかったが、再起動したあとは接続できる。現在も接続は維持されている。""",最新の状態を選ぶ。,"{""option_0"":""接続不可"",""option_1"":""接続可能""}",option_1
accept_choice_037,choice,manual,exception,"""会員は予約できる。会員の同伴者も予約できる。それ以外はできない。花は非会員だが会員の同伴者である。""",花の予約可否を選ぶ。,"{""option_0"":""予約できない"",""option_1"":""条件が不明"",""option_2"":""予約できる""}",option_2
accept_choice_038,choice,manual,meaning,"""添付ファイルを開こうとしたら「形式が対応していません」と表示された。通信は正常で、容量制限にもかかっていない。""",最も直接的な原因を選ぶ。,"{""option_0"":""通信断"",""option_1"":""未対応の形式"",""option_2"":""容量超過"",""option_3"":""パスワード忘れ""}",option_1
accept_choice_039,choice,manual,priority,"""連絡先の希望順はメール、電話、郵送。メールは利用不可、電話は利用可能。""",最初に使う連絡手段を選ぶ。,"{""option_0"":""電話"",""option_1"":""メール"",""option_2"":""郵送"",""option_3"":""訪問"",""option_4"":""連絡をしない""}",option_0
accept_choice_040,choice,manual,history,"""行列の先頭から、井上、林、坂本の順。林が列を離れ、山田が最後尾についた。""",現在の2番目を選ぶ。,"{""option_0"":""井上"",""option_1"":""林"",""option_2"":""山田"",""option_3"":""誰もいない"",""option_4"":""わからない"",""option_5"":""坂本""}",option_5
accept_choice_041,choice,manual,meaning,"""棚1には食器、棚2には文具、棚3には工具を置く。箱には消しゴムが入っている。""",片づけ先を選ぶ。,"{""option_0"":""棚1"",""option_1"":""棚3"",""option_2"":""冷蔵庫"",""option_3"":""玄関"",""option_4"":""流し台"",""option_5"":""棚2"",""option_6"":""返却口""}",option_5
accept_choice_042,choice,manual,conjunction,"""8個の番号札から、奇数であり、5より大きい番号を選ぶ。""",条件に合う番号を選ぶ。,"{""option_0"":""1"",""option_1"":""2"",""option_2"":""3"",""option_3"":""4"",""option_4"":""5"",""option_5"":""7"",""option_6"":""6"",""option_7"":""8""}",option_5
accept_choice_043,choice,manual,contrast,"""「操作は簡単ですが、保存すると毎回落ちます」""",製品が安定して動作していると評価しているか。,"{""option_0"":""安定していない"",""option_1"":""安定している""}",option_0
accept_choice_044,choice,manual,arithmetic,"{""予定数"":5,""実施数"":5,""追加依頼"":0}",作業の進捗を選ぶ。,"{""option_0"":""予定分が完了"",""option_1"":""未着手"",""option_2"":""途中""}",option_0
accept_choice_045,choice,manual,negation,"""利用者は「配送先は変えずに、受取人の名前だけ直してください」と依頼した。""",修正する項目を選ぶ。,"{""option_0"":""住所"",""option_1"":""配送日"",""option_2"":""受取人名"",""option_3"":""商品数""}",option_2
accept_choice_046,choice,manual,temporal,"""日付は1月31日。翌日は2月1日である。予定日は翌日。""",予定の日を選ぶ。,"{""option_0"":""1月30日"",""option_1"":""2月1日"",""option_2"":""1月31日"",""option_3"":""2月2日"",""option_4"":""3月1日""}",option_1
accept_choice_047,choice,manual,arithmetic,"""箱は10kgまで入れられる。すでに6kg入り、追加候補の荷物は5kg。""",追加後の状態を選ぶ。,"{""option_0"":""上限を1kg超える"",""option_1"":""容量内で1kg余る"",""option_2"":""ちょうど上限"",""option_3"":""上限を5kg超える"",""option_4"":""空になる"",""option_5"":""計算不能""}",option_0
accept_choice_048,choice,manual,meaning,"""用紙の提出先は、出張なら総務、備品購入なら購買、休暇なら人事。提出する用紙は休暇届。""",担当窓口を選ぶ。,"{""option_0"":""総務"",""option_1"":""購買"",""option_2"":""営業"",""option_3"":""広報"",""option_4"":""開発"",""option_5"":""受付なし"",""option_6"":""人事""}",option_6
accept_choice_049,choice,manual,comparison,"""荷物の重さは同じ。Aは幅20cm、Bは18cm、Cは24cm。幅が最も小さいものを1つ選ぶ。""",選ぶ荷物を指定する。,"{""option_0"":""A"",""option_1"":""C"",""option_2"":""AとB"",""option_3"":""BとC"",""option_4"":""AとC"",""option_5"":""すべて"",""option_6"":""B"",""option_7"":""選べない""}",option_6
accept_choice_050,choice,manual,scope,"""「会場が変わったら知らせてください」と頼まれた。会場は変わっておらず、開始時刻だけ変わった。""",指定された「会場変更」の通知条件を満たすか。,"{""option_0"":""満たす"",""option_1"":""満たさない""}",option_1
accept_choice_051,choice,manual,arithmetic,"""レシピでは砂糖大さじ2を使う。今回は全材料を半分の量にする。""",砂糖の量を選ぶ。,"{""option_0"":""大さじ2"",""option_1"":""大さじ1"",""option_2"":""大さじ4""}",option_1
accept_choice_052,choice,manual,priority,"""「第一希望の緑がなければ青、それもなければ購入しません」。緑は品切れ、青は在庫あり。""",希望に沿った対応を選ぶ。,"{""option_0"":""緑を購入"",""option_1"":""赤を購入"",""option_2"":""購入しない"",""option_3"":""青を購入""}",option_3
accept_choice_053,choice,manual,extraction,"{""清掃"":""完了"",""鍵の返却"":""未了"",""消灯"":""完了""}",記録に基づいて残作業を選ぶ。,"{""option_0"":""清掃"",""option_1"":""消灯"",""option_2"":""鍵の返却"",""option_3"":""3つとも"",""option_4"":""残作業なし""}",option_2
accept_choice_054,choice,manual,history,"""月曜に依頼が届き、火曜に受領連絡、水曜に修正版を送付、木曜に先方が承認した。""",承認された曜日を選ぶ。,"{""option_0"":""月曜"",""option_1"":""木曜"",""option_2"":""火曜"",""option_3"":""水曜"",""option_4"":""金曜"",""option_5"":""土曜""}",option_1
accept_choice_055,choice,manual,insufficient,"""この会議には議事メモ係が必要。参加者は全員出席予定だが、役割分担はまだ決まっていない。\n\n運営メモ: 会議は45分間を予定している。最初の10分で前回の内容を確認し、その後に議題を話し合う。投影用の画面は準備できており、配布資料もそろっている。主催者は会場の予約を担当したが、それだけで他の役割が自動的に決まるというルールはない。議事メモ係には決定事項を記録してほしいという希望があり、会議の開始前に役割を相談する予定である。""",現在のメモ係を選ぶ。,"{""option_0"":""未決定"",""option_1"":""主催者"",""option_2"":""最年長者"",""option_3"":""最年少者"",""option_4"":""営業担当"",""option_5"":""開発担当"",""option_6"":""全員で確定""}",option_0
accept_choice_056,choice,manual,meaning,"""赤い箱には書籍、青い箱には衣服、白い箱には食器が入っている。探しているものはシャツ。""",探す箱を選ぶ。,"{""option_0"":""赤"",""option_1"":""白"",""option_2"":""黒"",""option_3"":""黄"",""option_4"":""緑"",""option_5"":""紫"",""option_6"":""橙"",""option_7"":""青""}",option_7
accept_choice_057,choice,manual,quotation,"""「二度と使わない」という引用例を資料で紹介した。筆者自身はこのサービスを使い続けると明記している。""",筆者自身の利用方針を選ぶ。,"{""option_0"":""使い続ける"",""option_1"":""利用をやめる""}",option_0
accept_choice_058,choice,manual,boundary,"""利用期間は4月1日から4月30日までで両端を含む。利用日は4月30日。""",利用日は期間に含まれるか。,"{""option_0"":""期間より前"",""option_1"":""期間より後"",""option_2"":""含まれる""}",option_2
accept_choice_059,choice,manual,scope,"""「午前の便は満席ですが、午後の便なら2席取れます」。希望者は2人で、午前へのこだわりはない。""",希望者全員が乗れる案を選ぶ。,"{""option_0"":""午後便"",""option_1"":""午前便"",""option_2"":""どちらでもよい"",""option_3"":""どちらも不可""}",option_0
accept_choice_060,choice,manual,arithmetic,"""4名の投票は案Aが2票、案Bが1票、案Cが1票。同率でない最多票の案を採用する。""",採用案を選ぶ。,"{""option_0"":""案B"",""option_1"":""案C"",""option_2"":""再投票"",""option_3"":""案A"",""option_4"":""全案却下""}",option_3
accept_noul_001,noul,manual,entailment,"""駐輪場には自転車だけを停められる。荷物は自転車である。""",この荷物を駐輪場に停められるか。,"{""false"":""いいえ"",""true"":""はい""}",true
accept_noul_002,noul,manual,negation,"""「申込みは取り消さないでください」と依頼された。""",この依頼は申込みの取消を求めているか。,"{""false"":""いいえ"",""true"":""はい""}",false
accept_noul_003,noul,manual,conjunction,"{""必要書類"":[""申込書"",""写真""],""提出済み"":[""申込書"",""写真""]}",必要書類はすべて提出されているか。,"{""false"":""いいえ"",""true"":""はい""}",true
accept_noul_004,noul,manual,insufficient,"""連絡先の電話番号は記載されていない。""",電話番号が正しいと確認できるか。記録で確認できる場合だけ「はい」。,"{""false"":""いいえ"",""true"":""はい""}",false
accept_noul_005,noul,manual,history,"""朝は停止していたが、昼に再開し、現在は稼働中。""",現在、装置は稼働しているか。,"{""false"":""いいえ"",""true"":""はい""}",true
accept_noul_006,noul,manual,entailment,"""割引対象は青色の札だけ。客が持つ札は赤色。""",この客は割引対象か。,"{""false"":""いいえ"",""true"":""はい""}",false
accept_noul_007,noul,manual,boundary,"""入場は18歳以上。来場者はちょうど18歳。""",年齢条件を満たすか。,"{""false"":""いいえ"",""true"":""はい""}",true
accept_noul_008,noul,manual,boundary,"""箱に入れられるのは5個まで。入れる予定は6個。""",すべてをこの箱に入れても上限内か。,"{""false"":""いいえ"",""true"":""はい""}",false
accept_noul_009,noul,manual,temporal,"{""会議A"":""15:00-15:30"",""会議B"":""15:30-16:00""}",終了時刻と次の開始時刻が同じ場合は重複しない。この2会議に時間の重なりはないか。,"{""false"":""いいえ"",""true"":""はい""}",true
accept_noul_010,noul,manual,scope,"""Aさんは来ると答えた。Bさんの返事はまだない。""",2人とも参加すると確認済みか。,"{""false"":""いいえ"",""true"":""はい""}",false
accept_noul_011,noul,manual,scope,"""「見積額は了承しました。納期は別途相談させてください」""",見積額について了承しているか。,"{""false"":""いいえ"",""true"":""はい""}",true
accept_noul_012,noul,manual,negation,"""「住所ではなく、会社名を直してください」""",住所を変更する依頼か。,"{""false"":""いいえ"",""true"":""はい""}",false
accept_noul_013,noul,manual,arithmetic,"""3袋にそれぞれ4枚のカードが入っている。""",カードは合計12枚あるか。,"{""false"":""いいえ"",""true"":""はい""}",true
accept_noul_014,noul,manual,arithmetic,"{""在庫"":9,""予約数"":10}",予約分をすべて在庫だけで用意できるか。,"{""false"":""いいえ"",""true"":""はい""}",false
accept_noul_015,noul,manual,disjunction,"""青組か赤組なら参加できる。花は赤組。""",花は参加条件を満たすか。,"{""false"":""いいえ"",""true"":""はい""}",true
accept_noul_016,noul,manual,conjunction,"""参加には会員であり、かつ予約済みであることが必要。客は会員だが予約していない。""",客は参加条件を満たすか。,"{""false"":""いいえ"",""true"":""はい""}",false
accept_noul_017,noul,manual,negation,"""包装不要と注文したが、届いた商品は包装されていた。""",注文時の包装の希望と実際の状態は異なるか。,"{""false"":""いいえ"",""true"":""はい""}",true
accept_noul_018,noul,manual,comparison,"""最新版は第3版である。手元にあるのは第2版。""",手元の資料は最新版か。,"{""false"":""いいえ"",""true"":""はい""}",false
accept_noul_019,noul,manual,history,"""元の予約は8日。変更手続きが完了し、今の予約日は10日。\n\n過去の連絡には8日の予定も残っているが、変更前の記録として保管している。場所と開始時刻は変更していない。人数も同じで、持ち物について追加の案内はない。変更手続きは申請だけでなく承認まで完了し、新しい日付の控えも届いた。古い控えを持参する必要はないとのこと。相談窓口は平日の昼に開いているが、今回の変更はすでに完了している。""",現在の予約日は10日か。,"{""false"":""いいえ"",""true"":""はい""}",true
accept_noul_020,noul,manual,exception,"""貸出可能との掲示があるが、対象の品に「貸出中」と個別表示されている。貸出中の品は借りられない。""",対象の品を今すぐ借りられるか。,"{""false"":""いいえ"",""true"":""はい""}",false
accept_noul_021,noul,manual,priority,"""優先条件は「締切が近い案件から」。案件Aの締切は明日、案件Bは来週。""",案件Aを先に処理するのは条件に合うか。,"{""false"":""いいえ"",""true"":""はい""}",true
accept_noul_022,noul,manual,negation,"""雨の場合だけ屋内で開催する。今日は晴れで、雨は降っていない。""",屋内開催にする指定条件を満たすか。,"{""false"":""いいえ"",""true"":""はい""}",false
accept_noul_023,noul,manual,conjunction,"{""検査1"":""合格"",""検査2"":""合格"",""条件"":""両方合格なら出荷可""}",出荷条件を満たすか。,"{""false"":""いいえ"",""true"":""はい""}",true
accept_noul_024,noul,manual,insufficient,"""注文記録には「数量:不明」とある。""",3個注文されたと確認できるか。記録で確認できる場合だけ「はい」。,"{""false"":""いいえ"",""true"":""はい""}",false
accept_noul_025,noul,manual,history,"""「説明書は分かりにくかったけれど、サポートの説明で解決しました」""",最終的に問題は解決したと述べているか。,"{""false"":""いいえ"",""true"":""はい""}",true
accept_noul_026,noul,manual,scope,"""今月の対象は新規利用者のみ。利用者は昨年から継続利用している。""",この利用者は今月の対象か。,"{""false"":""いいえ"",""true"":""はい""}",false
accept_noul_027,noul,manual,range,"""配達予定は6日から8日まで。実際の配達日は7日。""",予定の範囲内に配達されたか。,"{""false"":""いいえ"",""true"":""はい""}",true
accept_noul_028,noul,manual,conjunction,"""作業完了の条件は、保存と送信の両方。保存は終わったが送信は失敗した。""",作業完了の条件を満たしたか。,"{""false"":""いいえ"",""true"":""はい""}",false
accept_noul_029,noul,manual,scope,"""申請者は自身ではなく同僚のアカウントについて相談している。""",相談対象は申請者以外の人のアカウントか。,"{""false"":""いいえ"",""true"":""はい""}",true
accept_noul_030,noul,manual,temporal,"""開館は9時。現在8時45分。臨時の早期開館はない。""",現在、開館時刻を過ぎているか。,"{""false"":""いいえ"",""true"":""はい""}",false
accept_noul_031,noul,manual,arithmetic,"""1回の利用で2枚必要。手元には6枚ある。""",3回分ちょうど利用できるか。,"{""false"":""いいえ"",""true"":""はい""}",true
accept_noul_032,noul,manual,scope,"""配送先は自宅、請求先は事務所と指定された。""",配送先と請求先は同じ場所として指定されているか。,"{""false"":""いいえ"",""true"":""はい""}",false
accept_noul_033,noul,manual,conditional,"""研修は任意参加だが、申し込んだ人は教材を事前に読む。健は申込済み。""",指定に従うなら、健は教材を事前に読む必要があるか。,"{""false"":""いいえ"",""true"":""はい""}",true
accept_noul_034,noul,manual,negation,"""「賛成しないわけではないですが、現時点では承認しません」と言った。""",現時点で承認を与えたか。,"{""false"":""いいえ"",""true"":""はい""}",false
accept_noul_035,noul,manual,disjunction,"""書類は紙でも電子データでも受理する。提出物は電子データ。""",提出形式は受理対象か。,"{""false"":""いいえ"",""true"":""はい""}",true
accept_noul_036,noul,manual,exact_match,"""対象商品の型番はAB-12。届いた品の型番はAB-21。\n\n確認時には外箱の色が似ていることが気になった。しかし型番の比較には色を使わず、記載された文字と数字の並びをそのまま使う。送付状の宛先は正しく、個数も注文通りの1個だった。梱包に大きな傷はなく、説明書は同封されていた。担当者は外観が似た製品を取り違えないよう、型番の各文字を読むことにした。交換処理は、比較結果が出てから別に検討する。""",型番は一致しているか。,"{""false"":""いいえ"",""true"":""はい""}",false
accept_noul_037,noul,manual,extraction,"{""テーブル"":[""皿"",""コップ""],""棚"":[""本""]}",テーブルの上にコップがあるか。,"{""false"":""いいえ"",""true"":""はい""}",true
accept_noul_038,noul,manual,conditional,"""赤いランプが点灯しているときだけ停止操作が必要。現在は緑のランプだけが点灯。""",現在、指定された停止操作の条件が成立しているか。,"{""false"":""いいえ"",""true"":""はい""}",false
accept_noul_039,noul,manual,scope,"""会場変更はまだ提案中だが、時刻変更は決定済み。""",時刻を変更することは決定しているか。,"{""false"":""いいえ"",""true"":""はい""}",true
accept_noul_040,noul,manual,temporal,"""「担当者の確認が取れたら発送する」。現在、確認待ち。""",発送を開始する条件はすでに満たされたか。,"{""false"":""いいえ"",""true"":""はい""}",false
accept_noul_041,noul,manual,boundary,"""1番から5番までの番号を使える。指定された番号は1番。""",指定番号は許可範囲に含まれるか。,"{""false"":""いいえ"",""true"":""はい""}",true
accept_noul_042,noul,manual,scope,"""「全員が参加した」とは書かれていない。「半数だけが参加した」とある。参加予定者は10人。""",参加予定者10人全員が参加したか。,"{""false"":""いいえ"",""true"":""はい""}",false
accept_noul_043,noul,manual,arithmetic,"""費用は基本料金400円と追加100円。合計額に税などの加算はない。""",合計は500円か。,"{""false"":""いいえ"",""true"":""はい""}",true
accept_noul_044,noul,manual,permission,"{""承認者"":""伊藤"",""操作した人"":""山本"",""規則"":""承認者本人だけ操作可""}",山本の操作は規則に合うか。,"{""false"":""いいえ"",""true"":""はい""}",false
accept_noul_045,noul,manual,meaning,"""「午前中に受け取れますか」に対し「はい、10時にお渡しできます」と回答した。""",午前中の受け取りが可能だと回答しているか。,"{""false"":""いいえ"",""true"":""はい""}",true
accept_noul_046,noul,manual,negation,"""月額プランの解約を希望しているが、購入済み商品の返品は求めていない。""",購入済み商品の返品を希望しているか。,"{""false"":""いいえ"",""true"":""はい""}",false
accept_noul_047,noul,manual,sequence,"""先に封を開け、そのあと中身を確認する。封はすでに開いていて、中身は未確認。""",次に中身を確認するのは指定の順序に合うか。,"{""false"":""いいえ"",""true"":""はい""}",true
accept_noul_048,noul,manual,scope,"""荷物AとBは同じ配送先だが、配送日はAが月曜、Bが水曜。""",2つの荷物は同じ日に配送される予定か。,"{""false"":""いいえ"",""true"":""はい""}",false
accept_noul_049,noul,manual,contrast,"""「操作の遅さは我慢できますが、結果が消える点は困ります」""",結果が消えることに不満を述べているか。,"{""false"":""いいえ"",""true"":""はい""}",true
accept_noul_050,noul,manual,insufficient,"""試験は午前と午後の2部。午前の合格だけが記録され、午後の結果はまだ出ていない。\n\n研修の受付はすでに終わっており、教材は全員に配布した。午前と午後では試験内容が異なるため、一方の成績から他方の成績を推定してはいけない。午前の答案は採点と確認が終わっている。午後の答案は担当者が預かっており、まだ採点を始めていない。受験者の自己採点も報告されていない。掲示板には結果を掲載する場所だけが用意されている。""",両方に合格したと確認できるか。記録で確認できる場合だけ「はい」。,"{""false"":""いいえ"",""true"":""はい""}",false
accept_noul_051,noul,manual,history,"{""通知設定"":""停止"",""更新"":""停止から有効へ変更完了""}",更新後、通知は有効か。,"{""false"":""いいえ"",""true"":""はい""}",true
accept_noul_052,noul,manual,negation,"""客は店頭受取を希望している。自宅への配達は頼んでいない。""",自宅配送の依頼か。,"{""false"":""いいえ"",""true"":""はい""}",false
accept_noul_053,noul,manual,disjunction,"""保存先はフォルダXまたはYのどちらでもよい。フォルダYに保存した。""",保存先の指定を満たすか。,"{""false"":""いいえ"",""true"":""はい""}",true
accept_noul_054,noul,manual,exception,"""参加できない日は木曜だけ。開催日は木曜。""",この人は開催日に参加できるか。,"{""false"":""いいえ"",""true"":""はい""}",false
accept_noul_055,noul,manual,history,"""先月の請求は未払いだった。その分も含めて昨日すべて支払った。残額は0円。""",現在、未払いの残額はないか。,"{""false"":""いいえ"",""true"":""はい""}",true
accept_noul_056,noul,manual,arithmetic,"""2人用の机が2台ある。1人1席必要な参加者は5人。""",既存の机だけで全員の席を用意できるか。,"{""false"":""いいえ"",""true"":""はい""}",false
accept_noul_057,noul,manual,history,"""担当者の記録には「4月5日、佐野から石井へ変更済み」とある。今日は4月6日。""",現在の担当者は石井か。,"{""false"":""いいえ"",""true"":""はい""}",true
accept_noul_058,noul,manual,priority,"""重要度が同じときは到着順に処理する。AとBは同じ重要度で、Aが先に到着した。""",BをAより先に処理するのは規則に合うか。,"{""false"":""いいえ"",""true"":""はい""}",false
accept_noul_059,noul,manual,conditional,"""「修正が終わった資料だけ送る」。対象資料の修正は完了済み。""",対象資料は送信条件を満たすか。,"{""false"":""いいえ"",""true"":""はい""}",true
accept_noul_060,noul,manual,boundary,"""重量条件は「2kg未満」。荷物はちょうど2kg。""",重量条件を満たすか。,"{""false"":""いいえ"",""true"":""はい""}",false
accept_score_001,score,manual,sentiment,"""「使いにくくて毎回困る。もう利用したくない」""",発言者の満足度を評価する。,"[""強い不満"",""やや不満"",""中立"",""やや満足"",""強い満足""]",0
accept_score_002,score,manual,sentiment,"""「少し不便なので、やや不満です。強い不満というほどではありません」""",発言者の満足度を評価する。,"[""強い不満"",""やや不満"",""中立"",""やや満足"",""強い満足""]",1
accept_score_003,score,manual,sentiment,"""「良いとも悪いとも思いません。普通です」""",発言者の満足度を評価する。,"[""強い不満"",""やや不満"",""中立"",""やや満足"",""強い満足""]",2
accept_score_004,score,manual,sentiment,"""「だいたい満足です。あと少し説明があればもっと良いです」""",発言者の満足度を評価する。,"[""強い不満"",""やや不満"",""中立"",""やや満足"",""強い満足""]",3
accept_score_005,score,manual,sentiment,"""「期待以上でした。とても満足しています」""",発言者の満足度を評価する。,"[""強い不満"",""やや不満"",""中立"",""やや満足"",""強い満足""]",4
accept_score_006,score,manual,count,"{""完了項目"":[],""全項目"":[""記入"",""確認"",""送信"",""控え保存""]}",完了した項目の個数で評価する。,"[""0個"",""1個"",""2個"",""3個"",""4個""]",0
accept_score_007,score,manual,count,"{""完了項目"":[""記入""],""全項目"":[""記入"",""確認"",""送信"",""控え保存""]}",完了した項目の個数で評価する。,"[""0個"",""1個"",""2個"",""3個"",""4個""]",1
accept_score_008,score,manual,count,"""名札、資料、筆記具、飲料の4品が必要。名札と資料は用意済み。残りは未用意。""",準備できた品数で評価する。,"[""0品"",""1品"",""2品"",""3品"",""4品""]",2
accept_score_009,score,manual,count,"""提出前の確認は宛先、件名、添付、署名の4つ。署名だけ未確認で、ほかは確認済み。""",確認済み項目数で評価する。,"[""0項目"",""1項目"",""2項目"",""3項目"",""4項目""]",3
accept_score_010,score,manual,count,"""朝の点検は窓、机、椅子、照明。4項目とも終わった。\n\n点検は窓、机、椅子、照明の4項目だけを対象とする。廊下や倉庫は別の担当のため今回の項目に含めない。用紙には各項目の横に担当者名と確認時刻を書く欄がある。用紙の写真を共有する作業は後で行うが、その写真共有は点検項目ではない。昼にも再点検をする予定があるが、ここで評価するのはすでに終わった朝の点検である。""",点検済み項目数で評価する。,"[""0項目"",""1項目"",""2項目"",""3項目"",""4項目""]",4
accept_score_011,score,manual,priority,"""重要データが消えて作業が全面停止している。復元を最優先するよう指示されている。""",通常時を0、緊急性が最大のものを4として緊急度を評価する。,"[""対応不要"",""都合のよい時に対応"",""今日中に対応"",""1時間以内に対応"",""今すぐ最優先で対応""]",4
accept_score_012,score,manual,extraction,"""対応期限は今日中と指定されている。直ちに対応する指示はない。""",指定された期限に対応する段階を選ぶ。,"[""対応不要"",""今週中"",""今日中"",""1時間以内"",""直ちに""]",2
accept_score_013,score,manual,temporal,"""この依頼は来週の検討会で扱えばよい。今週は作業不要と決定した。""",対応開始の時期を評価する。,"[""来月以降"",""来週"",""今週"",""今日中"",""直ちに""]",1
accept_score_014,score,manual,negation,"""記録は古いが、内容は現在も正しく、修正不要との確認が取れた。""",修正が必要な度合いを評価する。,"[""修正不要"",""表記だけ修正"",""一部の内容を修正"",""大半を修正"",""全体を書き直し""]",0
accept_score_015,score,manual,meaning,"""文章の意味や事実は正しい。読点を1つ足すだけでよい。""",必要な修正の規模を評価する。,"[""修正不要"",""表記だけ修正"",""一部の内容を修正"",""大半を修正"",""全体を書き直し""]",1
accept_score_016,score,manual,scope,"""10節の説明のうち、誤りがあるのは第3節だけ。他の9節はそのまま使える。""",必要な修正の規模を評価する。,"[""修正不要"",""表記だけ修正"",""一部の内容を修正"",""大半を修正"",""全体を書き直し""]",2
accept_score_017,score,manual,scope,"""10節中8節に内容の誤りがある。残る2節はそのまま使える。""",必要な修正の規模を評価する。,"[""修正不要"",""表記だけ修正"",""一部の内容を修正"",""大半を修正"",""全体を書き直し""]",3
accept_score_018,score,manual,meaning,"""対象製品を取り違えた説明書だった。全項目の内容が該当せず、使える箇所がない。""",必要な修正の規模を評価する。,"[""修正不要"",""表記だけ修正"",""一部の内容を修正"",""大半を修正"",""全体を書き直し""]",4
accept_score_019,score,manual,history,"""発送工程は、受付、梱包、発送、配達完了の順。まだ申込み自体を受け付けていない。""",現在までに到達した段階を評価する。,"[""受付前"",""受付済み"",""梱包済み"",""発送済み"",""配達完了""]",0
accept_score_020,score,manual,history,"""荷物は発送済みだが、まだ配達先に到着していない。\n\n配送履歴には前日の受付完了と今朝の梱包完了が残っている。倉庫からは昼に荷物を出し、配送業者へ引き渡した。現在は配送車で移動中である。配送先にはまだ配達完了の記録がなく、受取人の受領確認もない。過去の工程が履歴にあることは、いまその工程に戻ったという意味ではない。荷物の追跡番号は発行済みで、予定の配達日は翌日になっている。""",現在までに到達した段階を評価する。,"[""受付前"",""受付済み"",""梱包済み"",""発送済み"",""配達完了""]",3
accept_score_021,score,manual,history,"""荷物の配達は終わり、受取人が受領した。""",現在までに到達した段階を評価する。,"[""受付前"",""受付済み"",""梱包済み"",""発送済み"",""配達完了""]",4
accept_score_022,score,manual,history,"""申込みは受け付けた。まだ梱包作業に入っていない。""",現在までに到達した段階を評価する。,"[""受付前"",""受付済み"",""梱包済み"",""発送済み"",""配達完了""]",1
accept_score_023,score,manual,history,"""箱詰めは完了した。集荷待ちで発送はまだ。""",現在までに到達した段階を評価する。,"[""受付前"",""受付済み"",""梱包済み"",""発送済み"",""配達完了""]",2
accept_score_024,score,manual,boundary,"""予算は1000円、見積は1500円。""",予算超過額を評価する。,"[""超過なし"",""1〜100円超過"",""101〜300円超過"",""301〜500円超過"",""501円以上超過""]",3
accept_score_025,score,manual,arithmetic,"""予算は800円、見積は750円。""",予算超過額を評価する。,"[""超過なし"",""1〜100円超過"",""101〜300円超過"",""301〜500円超過"",""501円以上超過""]",0
accept_score_026,score,manual,arithmetic,"""予算は1000円、見積は1050円。""",予算超過額を評価する。,"[""超過なし"",""1〜100円超過"",""101〜300円超過"",""301〜500円超過"",""501円以上超過""]",1
accept_score_027,score,manual,arithmetic,"""予算は1000円、見積は1250円。""",予算超過額を評価する。,"[""超過なし"",""1〜100円超過"",""101〜300円超過"",""301〜500円超過"",""501円以上超過""]",2
accept_score_028,score,manual,arithmetic,"""予算は1000円、見積は1600円。""",予算超過額を評価する。,"[""超過なし"",""1〜100円超過"",""101〜300円超過"",""301〜500円超過"",""501円以上超過""]",4
accept_score_029,score,manual,range,"""会議室には誰もいない。定員は8人。""",利用人数による混雑度を評価する。,"[""0人"",""1〜2人"",""3〜4人"",""5〜6人"",""7〜8人""]",0
accept_score_030,score,manual,boundary,"""定員8人の部屋に6人いる。""",利用人数による混雑度を評価する。,"[""0人"",""1〜2人"",""3〜4人"",""5〜6人"",""7〜8人""]",3
accept_score_031,score,manual,insufficient,"""依頼の内容は理解できた。ただし、締切と提出先は書かれていない。""",「内容、締切、提出先」の3情報がいくつ明記されているか評価する。,"[""0個"",""1個"",""2個"",""3個""]",1
accept_score_032,score,manual,extraction,"{""依頼内容"":""一覧を作る"",""締切"":""明日"",""提出先"":""共有フォルダ""}",「内容、締切、提出先」の3情報がいくつ明記されているか評価する。,"[""0個"",""1個"",""2個"",""3個""]",3
accept_score_033,score,manual,insufficient,"""依頼メモは「お願いします」の一言だけ。内容も期限も提出先も不明。""",「内容、締切、提出先」の3情報がいくつ明記されているか評価する。,"[""0個"",""1個"",""2個"",""3個""]",0
accept_score_034,score,manual,insufficient,"""作業内容は一覧表の作成。提出先は受付。期限の指定はない。""",「内容、締切、提出先」の3情報がいくつ明記されているか評価する。,"[""0個"",""1個"",""2個"",""3個""]",2
accept_score_035,score,manual,history,"""前回は3件の誤りがあった。今回の検査では誤りは0件。""",今回の誤り件数だけで評価する。,"[""0件"",""1件"",""2件"",""3件以上""]",0
accept_score_036,score,manual,count,"""5つの欄のうち、1つだけ未入力。残る4つは正しい。""",未入力の欄の数で評価する。,"[""0欄"",""1欄"",""2欄"",""3欄以上""]",1
accept_score_037,score,manual,count,"""電話とメールの連絡先は欠落。氏名、住所、会社名は記載済み。""",欠落している連絡先の種類数で評価する。,"[""0種類"",""1種類"",""2種類"",""3種類以上""]",2
accept_score_038,score,manual,count,"""不具合は印刷、保存、検索、通知の4機能で確認された。""",不具合がある機能数で評価する。,"[""0機能"",""1機能"",""2機能"",""3機能以上""]",3
accept_score_039,score,manual,meaning,"""「案には反対です。修正してもこの方向には賛成できません」""",提案への賛否を評価する。,"[""明確に反対"",""保留・未決定"",""条件付き賛成"",""無条件に賛成""]",0
accept_score_040,score,manual,insufficient,"""「比較材料が足りないので、賛否は来週決めます」""",提案への賛否を評価する。,"[""明確に反対"",""保留・未決定"",""条件付き賛成"",""無条件に賛成""]",1
accept_score_041,score,manual,conditional,"""「費用を予算内に収めるなら、この案に賛成です」""",提案への賛否を評価する。,"[""明確に反対"",""保留・未決定"",""条件付き賛成"",""無条件に賛成""]",2
accept_score_042,score,manual,meaning,"""「そのまま採用しましょう。追加の条件はありません」""",提案への賛否を評価する。,"[""明確に反対"",""保留・未決定"",""条件付き賛成"",""無条件に賛成""]",3
accept_score_043,score,manual,scope,"""月曜は0件、火曜は2件、水曜は5件の申込みがあった。""",水曜の申込数を段階評価する。,"[""0件"",""1〜2件"",""3〜4件"",""5〜6件"",""7件以上""]",3
accept_score_044,score,manual,boundary,"{""評価対象"":""今回"",""前回の点数"":90,""今回の点数"":20,""補足"":""記録の取り扱い: 前回の点数は比較用に保存した参考情報である。前回と今回の平均、最高点、伸び幅は今回の判定には使わない。点数はどちらも整数で、採点済みの値をそのまま読む。書式には氏名や提出時刻の欄もあるが、点数の区間とは関係しない。対象を間違えないよう、評価対象の欄で指定された回の点数だけを用いる。""}",今回の点数の区間を選ぶ。,"[""0〜19点"",""20〜39点"",""40〜59点"",""60〜79点"",""80〜100点""]",1
accept_score_045,score,manual,range,"""試験の点数は58点だった。""",点数の区間を選ぶ。,"[""0〜19点"",""20〜39点"",""40〜59点"",""60〜79点"",""80〜100点""]",2
accept_score_046,score,manual,boundary,"""点検の点数はちょうど80点。""",点数の区間を選ぶ。,"[""0〜19点"",""20〜39点"",""40〜59点"",""60〜79点"",""80〜100点""]",4
accept_score_047,score,manual,meaning,"""この画面は説明がなくても使えた。支援は一度も必要なかった。""",実際に必要だった支援の程度を評価する。,"[""支援なし"",""ヒント1回"",""複数回のヒント"",""全操作に付き添い""]",0
accept_score_048,score,manual,meaning,"""最初の入力欄だけヒントを1回もらい、残りは自力で終えた。""",実際に必要だった支援の程度を評価する。,"[""支援なし"",""ヒント1回"",""複数回のヒント"",""全操作に付き添い""]",1
accept_score_049,score,manual,scope,"""3か所でヒントをもらったが、そのほかは自分で操作した。""",実際に必要だった支援の程度を評価する。,"[""支援なし"",""ヒント1回"",""複数回のヒント"",""全操作に付き添い""]",2
accept_score_050,score,manual,scope,"""係員が初めから最後まで、すべての操作に付き添う必要があった。""",実際に必要だった支援の程度を評価する。,"[""支援なし"",""ヒント1回"",""複数回のヒント"",""全操作に付き添い""]",3
accept_score_051,score,manual,comparison,"""同じ作業の所要時間が前回の10分から今回は5分になった。""",所要時間の変化を評価する。,"[""短くなった"",""変わらない"",""長くなった""]",0
accept_score_052,score,manual,comparison,"""予定していた作業時間は15分、実際も15分だった。""",実際の時間を予定と比べて評価する。,"[""短い"",""同じ"",""長い""]",1
accept_score_053,score,manual,comparison,"""対応にかかった時間は、前回8分、今回12分。""",今回の時間を前回と比べて評価する。,"[""短い"",""同じ"",""長い""]",2
accept_score_054,score,manual,history,"""予約人数は3人から4人に変更された。""",人数の変化を評価する。,"[""減った"",""変わらない"",""増えた""]",2
accept_score_055,score,manual,count,"""試作品は「見た目、重さ、操作性、耐久性、価格」の5条件すべてを満たした。""",満たした条件数を選ぶ。,"[""0個"",""1個"",""2個"",""3個"",""4個"",""5個""]",5
accept_score_056,score,manual,count,"""チェック対象の5条件のうち、色だけ合格。重さ、長さ、幅、厚さは不合格。""",合格した条件数を選ぶ。,"[""0個"",""1個"",""2個"",""3個"",""4個"",""5個""]",1
accept_score_057,score,manual,count,"""5名の評価は、良い、良い、良い、悪い、悪い。""",「良い」と答えた人数を選ぶ。,"[""0人"",""1人"",""2人"",""3人"",""4人"",""5人""]",3
accept_score_058,score,manual,count,"""項目AからEの5つを確認した。AとBとDとEは適合、Cだけ不適合。""",適合した項目数を選ぶ。,"[""0個"",""1個"",""2個"",""3個"",""4個"",""5個""]",4
accept_score_059,score,manual,meaning,"""屋外の音は聞こえるが、会話の妨げにはならない。""",記述された騒音の程度を評価する。,"[""音が聞こえない"",""聞こえるが会話に支障なし"",""声を張れば会話可能"",""会話できない""]",1
accept_score_060,score,manual,meaning,"""機械の音が大きく、声を張っても相手と会話できない。""",記述された騒音の程度を評価する。,"[""音が聞こえない"",""聞こえるが会話に支障なし"",""声を張れば会話可能"",""会話できない""]",3
gen-noul-03-031,noul,generated,いずれかの条件,"{""いずれか一つ以上必要"":[""紹介状"",""会員証"",""招待券"",""事前予約票""],""所持状況"":{""紹介状"":false,""会員証"":false,""招待券"":false,""事前予約票"":false},""対象"":""渡辺""}",記載された条件で受付を通れますか。,"{""false"":""いいえ。質問の命題は成立しない。"",""true"":""はい。質問の命題が成立する。""}",false
gen-noul-14-014,noul,generated,予定時間の重なり,"""上田さんの予定: 夕凪会議は12時から13時、面談は12時から14時。終了と次の開始が同時刻の場合は重複とは扱いません。""",指定された端点の扱いで予定の重複はありますか。,"{""false"":""いいえ。質問の命題は成立しない。"",""true"":""はい。質問の命題が成立する。""}",true
gen-score-05-033,score,generated,緊急条件の加点,"{""案件"":""水面"",""基本優先度"":0,""締切までの残り時間"":8,""規則"":""残り7時間以内なら1加点、それより長ければ0加点。上限2""}",今回の最終優先段階を求めてください。,"[""最終優先度0"",""最終優先度1"",""最終優先度2""]",0
gen-score-02-029,score,generated,記述の満足段階,"""渡辺さんは水面の体験について「期待を満たしていて、満足した」と回答しました。追加の発言はありません。""",感想に明示された評価を尺度へ対応づけてください。,"[""強い不満"",""どちらでもない"",""満足""]",2
gen-noul-01-038,noul,generated,事実と否定質問,"""松本さんについての確定記録: 契約を更新しています。""",記録上、松本さんは契約を更新していると言えますか。,"{""false"":""いいえ。質問の命題は成立しない。"",""true"":""はい。質問の命題が成立する。""}",true
gen-choice-09-008,choice,generated,利用可能集合の差,"{""利用可能品"":[""ケース"",""カード"",""箱""],""予約済み品"":[""箱"",""カード""]}",利用可能品のうち、予約されていない品を選んでください。,"{""ファイル"":""ファイル"",""付箋"":""付箋"",""箱"":""箱"",""ラベル"":""ラベル"",""ケース"":""ケース"",""カード"":""カード"",""ペン"":""ペン""}",ケース
gen-choice-03-034,choice,generated,最終更新,"""案件「水面」の記録です。11時の更新: 保留。 12時の更新: 受取済み。 14時の更新: 承認。 9時の更新: 未着手。""",時刻が最も新しい更新に基づく状態を答えてください。,"{""承認"":""承認"",""保留"":""保留"",""未着手"":""未着手"",""発送済み"":""発送済み"",""受取済み"":""受取済み""}",承認
gen-noul-06-042,noul,generated,更新後の状態,"""春風の状態記録: 11時には点検中、17時には空席あり、7時には使用可能、18時には受付中、21時には使用可能。時刻が新しい記録が古い記録を上書きします。""",最新の有効な記録から「使用可能」と言えますか。,"{""false"":""いいえ。質問の命題は成立しない。"",""true"":""はい。質問の命題が成立する。""}",true
gen-score-09-049,score,generated,例外による上限,"""検査合格状況: 寸法は合格、表示は合格、記録は合格、動作は合格、包装は合格。合格項目一つにつき1点ですが、要再確認の印があれば上限3点に制限します。今回その印はあります。""",上限制限を適用した最終点を選んでください。,"[""最終点0点"",""最終点1点"",""最終点2点"",""最終点3点"",""最終点4点"",""最終点5点""]",3
gen-score-06-007,score,generated,約束時刻からの遅れ,"{""便"":""白波"",""約束時刻"":6,""実際の到着時刻"":6,""同日"":true,""早着時の遅れ"":0}",約束時刻と到着時刻の差から、遅延段階を選んでください。,"[""遅れが1時間未満"",""遅れが1時間以上、2時間未満"",""遅れが2時間以上、3時間未満"",""遅れが3時間以上、4時間未満"",""遅れが4時間以上、5時間未満"",""遅れが5時間以上""]",0
gen-score-13-012,score,generated,取消しを反映した件数,"""白波の申込み記録: 石田は未受付・取消なし、高橋は受付済み・取消なし、松本は受付済み・取消なし。取消済みの申込みは有効件数から除きます。3件以上は最終段階3にまとめます。""",現在有効な申込みだけを数えて評価してください。,"[""有効申込みが0件"",""有効申込みが1件"",""有効申込みが2件"",""有効申込みが3件以上""]",2
gen-score-01-018,score,generated,件数の段階境界,"""草原で検品で見つかった不備を数えたところ、現在5件でした。処理済みは数に含めていません。""",件数だけを評価尺度に照らして判定してください。,"[""対象件数が2件未満"",""対象件数が2件以上、4件未満"",""対象件数が4件以上、6件未満"",""対象件数が6件以上、8件未満"",""対象件数が8件以上""]",2
gen-score-15-048,score,generated,軽重のある項目,"""この点検の配点: 日付欠落は2点、宛名不備は1点、添付欠落は1点、頁番号欠落は1点。見つかった不備: なし。該当項目の点を合計し、4点以上は段階4にまとめます。""",配点の違いを反映した最終段階を選んでください。,"[""不備点の合計が0点"",""不備点の合計が1点"",""不備点の合計が2点"",""不備点の合計が3点"",""不備点の合計が4点以上""]",0
gen-score-03-023,score,generated,順番に進む工程,"""青空の工程順は報告→実施→受付→準備。先頭から順に進め、完了済みは報告、実施です。着手中の工程は完了に含めません。""",この案件は完了ベースでどの段階まで進みましたか。,"[""完了した工程はまだない"",""先頭から1工程が完了（最後に完了したのは報告）"",""先頭から2工程が完了（最後に完了したのは実施）"",""先頭から3工程が完了（最後に完了したのは受付）"",""先頭から4工程が完了（最後に完了したのは準備）""]",2
gen-noul-02-049,noul,generated,全条件の充足,"{""すべて必要な条件"":[""本人確認"",""事前登録"",""講習受講"",""会費支払い""],""対象"":""中村"",""完了状況"":{""本人確認"":false,""事前登録"":false,""講習受講"":false,""会費支払い"":false}}",規則に照らし、この人の利用資格は成立しますか。,"{""false"":""いいえ。質問の命題は成立しない。"",""true"":""はい。質問の命題が成立する。""}",false
gen-noul-11-031,noul,generated,参照関係の真偽,"""担当表: 春風は佐藤、青空は林、白波は渡辺、木漏れ日は青木、水面は大野。資料の関連先: テープは白波、封筒は青空、ファイルは木漏れ日、クリップは水面、名札は春風。""",名札に関連する案件の担当は佐藤さんですか。,"{""false"":""いいえ。質問の命題は成立しない。"",""true"":""はい。質問の命題が成立する。""}",true
gen-choice-14-029,choice,generated,二属性照合,"{""展示品"":[{""品名"":""ファイル"",""色"":""青"",""素材"":""金属""},{""品名"":""ペン"",""色"":""黒"",""素材"":""ガラス""},{""品名"":""封筒"",""色"":""黒"",""素材"":""紙""},{""品名"":""袋"",""色"":""紫"",""素材"":""布""},{""品名"":""ノート"",""色"":""緑"",""素材"":""布""},{""品名"":""名札"",""色"":""紫"",""素材"":""ガラス""},{""品名"":""用紙"",""色"":""黒"",""素材"":""金属""}],""指定色"":""青"",""指定素材"":""金属""}",二つの指定を同時に満たす展示品はどれですか。,"{""ペン"":""ペン"",""封筒"":""封筒"",""袋"":""袋"",""ノート"":""ノート"",""用紙"":""用紙"",""ファイル"":""ファイル"",""名札"":""名札""}",ファイル
gen-noul-09-020,noul,generated,重複を除いた件数,"""若葉棚で読み取った品名はラベル、ラベル、袋でした。同じ品名の繰り返しは一種類として数えます。""",異なる品名だけ数えると6種類以上ですか。,"{""false"":""いいえ。質問の命題は成立しない。"",""true"":""はい。質問の命題が成立する。""}",false
gen-noul-07-034,noul,generated,識別文字列の完全一致,"{""商品ラベル"":""EF2-D"",""注文票"":""ef2-d"",""照合規則"":""大文字小文字と記号も含む完全一致""}",同一コードとして扱ってよいですか。,"{""false"":""いいえ。質問の命題は成立しない。"",""true"":""はい。質問の命題が成立する。""}",false
gen-score-06-038,score,generated,約束時刻からの遅れ,"{""便"":""青空"",""約束時刻"":11,""実際の到着時刻"":14,""同日"":true,""早着時の遅れ"":0}",遅れの時間に対応する段階を答えてください。,"[""遅れが2時間未満"",""遅れが2時間以上""]",1
gen-noul-07-016,noul,generated,識別文字列の完全一致,"""商品ラベルの管理コードは「PQ1-A」、注文票の管理コードは「pq1-a」です。照合では大文字と小文字、記号の違いも区別します。""",二つの管理コードは完全一致していますか。,"{""false"":""いいえ。質問の命題は成立しない。"",""true"":""はい。質問の命題が成立する。""}",false
gen-choice-02-019,choice,generated,条件と優先例外,"""星空店では会員で購入数が4個以上なら優待扱いです。ただし予約品は購入数や会員資格にかかわらず通常扱いです。今回は5個、非会員、予約品です。""",この購入に適用する扱いを選んでください。,"{""優待"":""優待の扱い"",""通常"":""通常の扱い""}",通常
gen-noul-15-026,noul,generated,出来事の前後関係,"{""担当者"":""青木"",""実施順"":[""検品"",""休憩"",""棚への配置"",""伝票記入"",""引継ぎ"",""電話連絡"",""荷物受取"",""報告""],""各作業の実施回数"":1}",報告は電話連絡より前に行われましたか。,"{""false"":""いいえ。質問の命題は成立しない。"",""true"":""はい。質問の命題が成立する。""}",false
gen-choice-09-009,choice,generated,利用可能集合の差,"{""利用可能品"":[""ファイル"",""封筒""],""予約済み品"":[""付箋"",""封筒""]}",今貸せるのは利用可能かつ未予約の品です。該当するものはどれですか。,"{""封筒"":""封筒"",""付箋"":""付箋"",""ファイル"":""ファイル""}",ファイル
gen-noul-04-018,noul,generated,例外の優先,"{""許可条件"":""会員"",""優先禁止条件"":""未返却品あり"",""対象"":""上田"",""許可条件に該当"":true,""禁止条件に該当"":false}",この人は現在、利用可能ですか。,"{""false"":""いいえ。質問の命題は成立しない。"",""true"":""はい。質問の命題が成立する。""}",true
gen-choice-10-023,choice,generated,不在時の代理,"""担当者: 灯台は遠藤、若葉は木村、草原は加藤、朝露は森、白波は中村。代理者: 遠藤の代理は木村、木村の代理は加藤、加藤の代理は森、森の代理は中村、中村の代理は遠藤。本日の不在者はなし。問い合わせ先の案件は朝露です。代理への振替は一回だけ行い、その先の不在は判定しません。""",この案件を担当本人または指定代理に連絡します。宛先は誰ですか。,"{""加藤"":""加藤さん"",""森"":""森さん"",""木村"":""木村さん"",""遠藤"":""遠藤さん"",""中村"":""中村さん""}",森
gen-score-03-030,score,generated,順番に進む工程,"{""案件"":""夕凪"",""工程順"":[""準備"",""受付"",""審査"",""承認""],""完了済み"":[""準備"",""受付"",""審査""],""着手中は完了に含めない"":true}",工程の完了状況を段階尺度で評価してください。,"[""完了した工程はまだない"",""先頭から1工程が完了（最後に完了したのは準備）"",""先頭から2工程が完了（最後に完了したのは受付）"",""先頭から3工程が完了（最後に完了したのは審査）"",""先頭から4工程が完了（最後に完了したのは承認）""]",3
gen-score-10-048,score,generated,不足の段階,"""若葉申請で必要なものは同意書、添付図、承認書、受領票。届いたものは受領票、承認書、添付図、同意書です。必要一覧にない書類は不足を埋めません。""",必要一覧と届いた一覧を照合し、不足の程度を判定してください。,"[""不足が0種類"",""不足が1種類"",""不足が2種類"",""不足が3種類"",""不足が4種類""]",0
gen-noul-03-050,noul,generated,いずれかの条件,"""春風の受付では事前予約票・招待券・会員証・当日券のうち一つ以上があれば通れます。加藤さん: 事前予約票はあり、招待券はあり、会員証はなし、当日券はあり。""",少なくとも一つの必要条件が成立していますか。,"{""false"":""いいえ。質問の命題は成立しない。"",""true"":""はい。質問の命題が成立する。""}",true
gen-score-10-020,score,generated,不足の段階,"{""申請"":""木漏れ日"",""必要書類"":[""申込書"",""見積書"",""同意書"",""確認票""],""届いた書類"":[""確認票"",""見積書"",""申込書""],""余分な書類で代用できる"":false}",未提出の必要書類はいくつの段階ですか。,"[""不足が0種類"",""不足が1種類"",""不足が2種類"",""不足が3種類"",""不足が4種類""]",1
gen-choice-02-013,choice,generated,条件と優先例外,"""木漏れ日店では会員で購入数が10個以上なら優待扱いです。ただし予約品は購入数や会員資格にかかわらず通常扱いです。今回は9個、会員、通常在庫品です。""",例外も踏まえて、今回の購入区分はどれですか。,"{""優待"":""優待の扱い"",""通常"":""通常の扱い""}",通常
gen-choice-04-045,choice,generated,参照先の担当,"{""案件担当"":{""灯台"":""大野"",""夕凪"":""山田"",""春風"":""松本"",""青空"":""青木""},""資料の所属案件"":{""ケース"":""夕凪"",""用紙"":""灯台"",""ファイル"":""春風"",""袋"":""青空""},""確認資料"":""ケース""}",確認する資料の案件を担当している人を答えてください。,"{""大野"":""大野さん"",""山田"":""山田さん"",""青木"":""青木さん"",""松本"":""松本さん""}",山田
gen-choice-09-004,choice,generated,利用可能集合の差,"{""利用可能品"":[""ケース"",""クリップ"",""冊子"",""封筒""],""予約済み品"":[""ケース"",""封筒"",""名札"",""クリップ""]}",今貸せるのは利用可能かつ未予約の品です。該当するものはどれですか。,"{""ケース"":""ケース"",""名札"":""名札"",""冊子"":""冊子"",""封筒"":""封筒"",""クリップ"":""クリップ""}",冊子
gen-noul-02-026,noul,generated,全条件の充足,"{""すべて必要な条件"":[""事前登録"",""本人確認"",""同意書提出""],""対象"":""石田"",""完了状況"":{""事前登録"":true,""本人確認"":true,""同意書提出"":true}}",不足条件なく利用を許可できますか。,"{""false"":""いいえ。質問の命題は成立しない。"",""true"":""はい。質問の命題が成立する。""}",true
gen-choice-08-029,choice,generated,改訂と例外の優先,"{""通常品ラベルの改訂・古い順"":[""緑"",""茶"",""青""],""優先例外"":""冷蔵品は茶"",""荷物"":""通常品"",""規則"":""後の改訂が前を上書きする""}",今回適用されるラベルを一つ決めてください。,"{""青"":""青ラベル"",""緑"":""緑ラベル"",""茶"":""茶ラベル"",""白"":""白ラベル"",""黒"":""黒ラベル"",""黄"":""黄ラベル"",""紫"":""紫ラベル""}",青
gen-noul-13-027,noul,generated,範囲の開閉境界,"{""下限条件"":""5個以上"",""上限条件"":""10個以下"",""今回の個数"":9,""関係"":""両方を満たすこと""}",今回の個数は適合範囲に入っていますか。,"{""false"":""いいえ。質問の命題は成立しない。"",""true"":""はい。質問の命題が成立する。""}",true
gen-noul-15-048,noul,generated,出来事の前後関係,"""木村さんの作業日誌は実施順に伝票記入→報告→電話連絡→検品→休憩→引継ぎ→荷物受取→棚への配置です。記載した各作業は一回ずつ実施しました。""",『荷物受取が先、引継ぎが後』という順序は正しいですか。,"{""false"":""いいえ。質問の命題は成立しない。"",""true"":""はい。質問の命題が成立する。""}",false
gen-choice-02-014,choice,generated,条件と優先例外,"""朝露店では会員で購入数が7個以上なら優待扱いです。ただし予約品は購入数や会員資格にかかわらず通常扱いです。今回は4個、会員、予約品です。""",例外も踏まえて、今回の購入区分はどれですか。,"{""通常"":""通常の扱い"",""優待"":""優待の扱い""}",通常
gen-noul-11-023,noul,generated,参照関係の真偽,"{""案件担当"":{""春風"":""上田"",""青空"":""高橋""},""資料関連先"":{""テープ"":""春風"",""袋"":""青空""}}",高橋さんは袋が属する案件の担当者と言えますか。,"{""false"":""いいえ。質問の命題は成立しない。"",""true"":""はい。質問の命題が成立する。""}",true
gen-noul-02-039,noul,generated,全条件の充足,"{""すべて必要な条件"":[""会費支払い"",""本人確認"",""講習受講"",""事前登録""],""対象"":""高橋"",""完了状況"":{""会費支払い"":true,""本人確認"":true,""講習受講"":true,""事前登録"":false}}",この人は記載された利用条件をすべて満たしていますか。,"{""false"":""いいえ。質問の命題は成立しない。"",""true"":""はい。質問の命題が成立する。""}",false
gen-score-10-011,score,generated,不足の段階,"{""申請"":""草原"",""必要書類"":[""同意書"",""見積書""],""届いた書類"":[],""余分な書類で代用できる"":false}",必要一覧と届いた一覧を照合し、不足の程度を判定してください。,"[""不足が0種類"",""不足が1種類"",""不足が2種類""]",2
gen-choice-13-026,choice,generated,工程の依存順,"""案件「春風」の工程順は報告→実施→内容確認→承認→準備→受付です。途中の工程を飛ばすことはできません。完了済みは報告、実施、内容確認、承認、準備です。""",この作業を一段進めるときに着手する工程を答えてください。残りがなければ完了です。,"{""受付"":""受付"",""内容確認"":""内容確認"",""完了"":""全工程が完了"",""報告"":""報告"",""準備"":""準備"",""実施"":""実施"",""承認"":""承認""}",受付
gen-noul-11-045,noul,generated,参照関係の真偽,"{""案件担当"":{""山道"":""渡辺"",""朝露"":""上田""},""資料関連先"":{""付箋"":""朝露"",""ラベル"":""山道""}}",ラベルに関連する案件の担当は渡辺さんですか。,"{""false"":""いいえ。質問の命題は成立しない。"",""true"":""はい。質問の命題が成立する。""}",true
gen-noul-04-004,noul,generated,例外の優先,"""規則: 事前承認済みであれば木漏れ日を利用できます。ただし資格取消中なら利用できません。石田さんは事前承認済みに該当、資格取消中に非該当です。""",この人は現在、利用可能ですか。,"{""false"":""いいえ。質問の命題は成立しない。"",""true"":""はい。質問の命題が成立する。""}",true
gen-choice-03-009,choice,generated,最終更新,"{""案件"":""星空"",""更新記録"":[{""時"":9,""状態"":""保留""},{""時"":16,""状態"":""取消""},{""時"":14,""状態"":""保留""}]}",記載順ではなく更新時刻を比べ、最新の状態を選んでください。,"{""取消"":""取消"",""保留"":""保留""}",取消
gen-noul-15-009,noul,generated,出来事の前後関係,"{""担当者"":""高橋"",""実施順"":[""検品"",""荷物受取"",""休憩"",""棚への配置"",""電話連絡"",""引継ぎ"",""伝票記入""],""各作業の実施回数"":1}",『休憩が先、電話連絡が後』という順序は正しいですか。,"{""false"":""いいえ。質問の命題は成立しない。"",""true"":""はい。質問の命題が成立する。""}",true
gen-choice-08-014,choice,generated,改訂と例外の優先,"""通常品の貼付ラベルについて、連絡は古い順に「黒」「茶」「白」でした。後の連絡が前の連絡を上書きします。ただし冷蔵品には連絡履歴に関係なく茶ラベルを貼ります。今回の荷物は通常品です。""",今回適用されるラベルを一つ決めてください。,"{""黒"":""黒ラベル"",""青"":""青ラベル"",""黄"":""黄ラベル"",""茶"":""茶ラベル"",""緑"":""緑ラベル"",""白"":""白ラベル""}",白
gen-score-07-039,score,generated,証拠の最高到達段階,"""この調査固有の証拠段階表: 担当者報告は段階1、一次資料は段階2。青空で得られた証拠はなし。複数ある場合は最大の段階を使い、なければ0です。""",この調査の証拠段階を選んでください。,"[""証拠なしの段階0"",""表に基づく最高証拠段階1"",""表に基づく最高証拠段階2""]",0
gen-score-08-042,score,generated,要件への一致数,"{""注文要件"":{""印字"":""片面のみ"",""色"":""青"",""サイズ"":""中"",""配送"":""郵送"",""包装"":""袋""},""提案品"":{""印字"":""あり"",""色"":""白"",""サイズ"":""中"",""配送"":""店頭"",""包装"":""箱""}}",各属性の完全一致を一点として採点してください。,"[""一致した要件が0項目"",""一致した要件が1項目"",""一致した要件が2項目"",""一致した要件が3項目"",""一致した要件が4項目"",""一致した要件が5項目""]",1
gen-score-11-026,score,generated,時刻順の評価更新,"""灯台の評価更新履歴: 18時に段階1、19時に段階1、20時に段階2、21時に段階2。評価は最新時刻の値だけを採用します。""",履歴の記載順に惑わされず、最新評価を答えてください。,"[""評価段階0"",""評価段階1"",""評価段階2"",""評価段階3""]",2
gen-choice-06-028,choice,generated,時間枠の包含,"{""空き時間"":[{""部屋"":""黒"",""開始"":15,""終了"":17},{""部屋"":""黄"",""開始"":15,""終了"":18},{""部屋"":""青"",""開始"":12,""終了"":16},{""部屋"":""緑"",""開始"":13,""終了"":15},{""部屋"":""紫"",""開始"":13,""終了"":15},{""部屋"":""茶"",""開始"":13,""終了"":15}],""会議開始"":14,""会議終了"":16}",会議開始から終了まで空いている部屋はどれですか。境界時刻が一致していても利用できます。,"{""黒"":""黒室"",""茶"":""茶室"",""黄"":""黄室"",""紫"":""紫室"",""緑"":""緑室"",""青"":""青室""}",青
gen-score-01-006,score,generated,件数の段階境界,"""若葉で検品で見つかった不備を数えたところ、現在0件でした。処理済みは数に含めていません。""",件数だけを評価尺度に照らして判定してください。,"[""対象件数が2件未満"",""対象件数が2件以上、4件未満"",""対象件数が4件以上、6件未満"",""対象件数が6件以上、8件未満"",""対象件数が8件以上、10件未満"",""対象件数が10件以上、12件未満"",""対象件数が12件以上""]",0
gen-score-15-030,score,generated,軽重のある項目,"{""不備ごとの配点"":{""日付欠落"":2,""署名欠落"":1,""頁番号欠落"":1,""添付欠落"":1,""余白不備"":1,""宛名不備"":1,""誤字"":1},""不備あり"":{""日付欠落"":true,""署名欠落"":true,""頁番号欠落"":true,""添付欠落"":false,""余白不備"":false,""宛名不備"":true,""誤字"":true},""上限"":7}",見つかった不備の点数を合計し、上限を適用してください。,"[""不備点の合計が0点"",""不備点の合計が1点"",""不備点の合計が2点"",""不備点の合計が3点"",""不備点の合計が4点"",""不備点の合計が5点"",""不備点の合計が6点"",""不備点の合計が7点以上""]",6
gen-noul-09-039,noul,generated,重複を除いた件数,"{""棚"":""水面"",""読み取り品名"":[""箱"",""ラベル"",""袋"",""カード"",""付箋"",""冊子"",""ペン"",""付箋"",""冊子""],""数え方"":""同一品名の重複を除く""}",品物の種類は5種類以上ありますか。,"{""false"":""いいえ。質問の命題は成立しない。"",""true"":""はい。質問の命題が成立する。""}",true
gen-noul-11-015,noul,generated,参照関係の真偽,"""担当表: 若葉は遠藤、青空は松本、草原は木村、夕凪は中村、春風は高橋、白波は吉田。資料の関連先: シールは若葉、名札は春風、ケースは夕凪、袋は白波、テープは青空、冊子は草原。""",高橋さんは名札が属する案件の担当者と言えますか。,"{""false"":""いいえ。質問の命題は成立しない。"",""true"":""はい。質問の命題が成立する。""}",true
gen-score-06-036,score,generated,約束時刻からの遅れ,"""夕凪便は9時到着の約束でした。実際の到着は同じ日の14時です。早着した場合の遅れは0時間とします。""",約束時刻と到着時刻の差から、遅延段階を選んでください。,"[""遅れが1時間未満"",""遅れが1時間以上、2時間未満"",""遅れが2時間以上、3時間未満"",""遅れが3時間以上、4時間未満"",""遅れが4時間以上、5時間未満"",""遅れが5時間以上、6時間未満"",""遅れが6時間以上""]",5
gen-noul-13-034,noul,generated,範囲の開閉境界,"""星空の受付数は、2個以上、かつ7個未満の場合に限り適合です。今回の数は7個です。""",下限と上限の両方の条件に合いますか。,"{""false"":""いいえ。質問の命題は成立しない。"",""true"":""はい。質問の命題が成立する。""}",false
gen-choice-03-031,choice,generated,最終更新,"""案件「春風」の記録です。15時の更新: 差戻し。 10時の更新: 差戻し。 18時の更新: 差戻し。 11時の更新: 承認。 14時の更新: 承認。""",記載順ではなく更新時刻を比べ、最新の状態を選んでください。,"{""差戻し"":""差戻し"",""承認"":""承認"",""取消"":""取消""}",差戻し
gen-noul-15-003,noul,generated,出来事の前後関係,"""山田さんの作業日誌は実施順に伝票記入→引継ぎ→棚への配置→報告→荷物受取→検品です。記載した各作業は一回ずつ実施しました。""",日誌では引継ぎの方が荷物受取より先ですか。,"{""false"":""いいえ。質問の命題は成立しない。"",""true"":""はい。質問の命題が成立する。""}",true
gen-noul-06-018,noul,generated,更新後の状態,"""灯台の状態記録: 11時には受付中、21時には空席あり、14時には使用可能、9時には受付中、8時には空席あり。時刻が新しい記録が古い記録を上書きします。""",最新の有効な記録から「空席あり」と言えますか。,"{""false"":""いいえ。質問の命題は成立しない。"",""true"":""はい。質問の命題が成立する。""}",true
gen-score-06-016,score,generated,約束時刻からの遅れ,"""山道便は6時到着の約束でした。実際の到着は同じ日の17時です。早着した場合の遅れは0時間とします。""",到着の遅れを段階基準で評価してください。,"[""遅れが2時間未満"",""遅れが2時間以上、4時間未満"",""遅れが4時間以上、6時間未満"",""遅れが6時間以上、8時間未満"",""遅れが8時間以上、10時間未満"",""遅れが10時間以上、12時間未満"",""遅れが12時間以上、14時間未満"",""遅れが14時間以上""]",5
gen-score-07-033,score,generated,証拠の最高到達段階,"""この調査固有の証拠段階表: 監査記録は段階1、第三者確認は段階2、写真記録は段階3。灯台で得られた証拠は監査記録、写真記録、第三者確認。複数ある場合は最大の段階を使い、なければ0です。""",記録済みの証拠から得られる最高段階はどれですか。,"[""証拠なしの段階0"",""表に基づく最高証拠段階1"",""表に基づく最高証拠段階2"",""表に基づく最高証拠段階3""]",3
gen-score-04-035,score,generated,独立チェックの合計,"""青空資料の点検: 題名ありは満たさない、ページ番号ありは満たす、日付ありは満たす。各項目は一つずつ数えます。""",満たしたチェック項目の数を段階として選んでください。,"[""満たした項目が0個"",""満たした項目が1個"",""満たした項目が2個"",""満たした項目が3個""]",2
gen-score-10-024,score,generated,不足の段階,"""若葉申請で必要なものは同意書。届いたものはなしです。必要一覧にない書類は不足を埋めません。""",必要一覧と届いた一覧を照合し、不足の程度を判定してください。,"[""不足が0種類"",""不足が1種類""]",1
gen-choice-10-014,choice,generated,不在時の代理,"{""案件担当"":{""若葉"":""高橋"",""木漏れ日"":""渡辺"",""草原"":""石田"",""灯台"":""大野""},""代理者"":{""高橋"":""渡辺"",""渡辺"":""石田"",""石田"":""大野"",""大野"":""高橋""},""不在者"":[""高橋"",""大野"",""渡辺""],""案件"":""草原"",""ルール"":""担当者が不在なら指定代理に一度だけ振替。代理の在席状況は問わない""}",この案件を担当本人または指定代理に連絡します。宛先は誰ですか。,"{""石田"":""石田さん"",""高橋"":""高橋さん"",""渡辺"":""渡辺さん"",""大野"":""大野さん""}",石田
gen-choice-10-013,choice,generated,不在時の代理,"{""案件担当"":{""水面"":""高橋"",""朝露"":""石田"",""夕凪"":""吉田""},""代理者"":{""高橋"":""石田"",""石田"":""吉田"",""吉田"":""高橋""},""不在者"":[],""案件"":""水面"",""ルール"":""担当者が不在なら指定代理に一度だけ振替。代理の在席状況は問わない""}",本日の規則に従う連絡相手を選んでください。,"{""高橋"":""高橋さん"",""石田"":""石田さん"",""吉田"":""吉田さん""}",高橋
gen-score-03-024,score,generated,順番に進む工程,"{""案件"":""灯台"",""工程順"":[""実施"",""承認"",""報告"",""審査"",""受付""],""完了済み"":[""実施"",""承認"",""報告"",""審査"",""受付""],""着手中は完了に含めない"":true}",工程の完了状況を段階尺度で評価してください。,"[""完了した工程はまだない"",""先頭から1工程が完了（最後に完了したのは実施）"",""先頭から2工程が完了（最後に完了したのは承認）"",""先頭から3工程が完了（最後に完了したのは報告）"",""先頭から4工程が完了（最後に完了したのは審査）"",""先頭から5工程が完了（最後に完了したのは受付）""]",5
gen-choice-08-043,choice,generated,改訂と例外の優先,"""通常品の貼付ラベルについて、連絡は古い順に「赤」「緑」「茶」でした。後の連絡が前の連絡を上書きします。ただし冷蔵品には連絡履歴に関係なく緑ラベルを貼ります。今回の荷物は通常品です。""",この荷物に貼るラベルの色を選んでください。,"{""緑"":""緑ラベル"",""茶"":""茶ラベル"",""赤"":""赤ラベル"",""青"":""青ラベル""}",茶
gen-score-01-044,score,generated,件数の段階境界,"{""案件"":""木漏れ日"",""計数対象"":""未回答の質問"",""件数"":1,""処理済みを除外"":true}",件数だけを評価尺度に照らして判定してください。,"[""対象件数が3件未満"",""対象件数が3件以上、6件未満"",""対象件数が6件以上""]",0
gen-noul-13-017,noul,generated,範囲の開閉境界,"{""下限条件"":""5個より多い"",""上限条件"":""10個以下"",""今回の個数"":8,""関係"":""両方を満たすこと""}",指定された範囲条件を満たしていますか。,"{""false"":""いいえ。質問の命題は成立しない。"",""true"":""はい。質問の命題が成立する。""}",true
gen-score-13-014,score,generated,取消しを反映した件数,"""木漏れ日の申込み記録: 高橋は受付済み・取消なし、青木は未受付・取消なし、吉田は未受付・取消なし、中村は受付済み・取消済み、上田は受付済み・取消なし、遠藤は未受付・取消なし。取消済みの申込みは有効件数から除きます。5件以上は最終段階5にまとめます。""",取消し後に残る有効申込み数を段階として選んでください。,"[""有効申込みが0件"",""有効申込みが1件"",""有効申込みが2件"",""有効申込みが3件"",""有効申込みが4件"",""有効申込みが5件以上""]",2
gen-noul-02-012,noul,generated,全条件の充足,"{""すべて必要な条件"":[""講習受講"",""同意書提出"",""本人確認""],""対象"":""山田"",""完了状況"":{""講習受講"":true,""同意書提出"":true,""本人確認"":true}}",規則に照らし、この人の利用資格は成立しますか。,"{""false"":""いいえ。質問の命題は成立しない。"",""true"":""はい。質問の命題が成立する。""}",true
gen-noul-05-001,noul,generated,締切の境界,"{""受付規則"":""13時より前だけ受け付け、13時ちょうどは無効"",""提出者"":""青木"",""提出時刻"":14}",記録された提出時刻は締切内ですか。,"{""false"":""いいえ。質問の命題は成立しない。"",""true"":""はい。質問の命題が成立する。""}",false
gen-score-06-011,score,generated,約束時刻からの遅れ,"""山道便は5時到着の約束でした。実際の到着は同じ日の6時です。早着した場合の遅れは0時間とします。""",遅れの時間に対応する段階を答えてください。,"[""遅れが1時間未満"",""遅れが1時間以上、2時間未満"",""遅れが2時間以上""]",1
gen-score-09-033,score,generated,例外による上限,"{""検査合格"":{""寸法"":false,""包装"":false,""表示"":true},""要再確認の印あり"":true,""採点規則"":""合格数が点数。ただし印があれば上限1点""}",上限制限を適用した最終点を選んでください。,"[""最終点0点"",""最終点1点"",""最終点2点"",""最終点3点""]",1
gen-score-06-035,score,generated,約束時刻からの遅れ,"{""便"":""草原"",""約束時刻"":10,""実際の到着時刻"":14,""同日"":true,""早着時の遅れ"":0}",到着の遅れを段階基準で評価してください。,"[""遅れが1時間未満"",""遅れが1時間以上、2時間未満"",""遅れが2時間以上、3時間未満"",""遅れが3時間以上、4時間未満"",""遅れが4時間以上、5時間未満"",""遅れが5時間以上""]",4
gen-noul-05-010,noul,generated,締切の境界,"{""受付規則"":""16時ちょうどまで受け付け、同時刻の提出も有効"",""提出者"":""山田"",""提出時刻"":9}",時刻だけを基準に、この提出を有効と判定できますか。,"{""false"":""いいえ。質問の命題は成立しない。"",""true"":""はい。質問の命題が成立する。""}",true
gen-noul-08-036,noul,generated,集合と否定所属,"""灯台の参加者名簿は木村、渡辺、中村、上田です。この名簿は完全で、記載のない人は参加者ではありません。""",『渡辺さんは参加者である』という記述は正しいですか。,"{""false"":""いいえ。質問の命題は成立しない。"",""true"":""はい。質問の命題が成立する。""}",true
gen-noul-14-031,noul,generated,予定時間の重なり,"""松本さんの予定: 灯台会議は8時から12時、面談は5時から8時。終了と次の開始が同時刻の場合は重複とは扱いません。""",指定された端点の扱いで予定の重複はありますか。,"{""false"":""いいえ。質問の命題は成立しない。"",""true"":""はい。質問の命題が成立する。""}",false
gen-choice-11-025,choice,generated,小数量の比較,"{""在庫"":[{""品名"":""テープ"",""総在庫"":3,""予約分"":2},{""品名"":""ケース"",""総在庫"":12,""予約分"":2},{""品名"":""ラベル"",""総在庫"":13,""予約分"":1},{""品名"":""袋"",""総在庫"":12,""予約分"":1},{""品名"":""名札"",""総在庫"":9,""予約分"":5},{""品名"":""冊子"",""総在庫"":13,""予約分"":4},{""品名"":""ファイル"",""総在庫"":7,""予約分"":0}],""自由在庫"":""総在庫から予約分を引く""}",予約分を差し引いた残りが一番少ないのはどれですか。,"{""テープ"":""テープ"",""ラベル"":""ラベル"",""袋"":""袋"",""名札"":""名札"",""ファイル"":""ファイル"",""冊子"":""冊子"",""ケース"":""ケース""}",テープ
gen-noul-13-013,noul,generated,範囲の開閉境界,"{""下限条件"":""1個以上"",""上限条件"":""5個未満"",""今回の個数"":4,""関係"":""両方を満たすこと""}",指定された範囲条件を満たしていますか。,"{""false"":""いいえ。質問の命題は成立しない。"",""true"":""はい。質問の命題が成立する。""}",true
gen-noul-05-025,noul,generated,締切の境界,"{""受付規則"":""11時ちょうどまで受け付け、同時刻の提出も有効"",""提出者"":""中村"",""提出時刻"":14}",記録された提出時刻は締切内ですか。,"{""false"":""いいえ。質問の命題は成立しない。"",""true"":""はい。質問の命題が成立する。""}",false
gen-score-11-021,score,generated,時刻順の評価更新,"""夕凪の評価更新履歴: 20時に段階1、13時に段階1、19時に段階3。評価は最新時刻の値だけを採用します。""",現在採用すべき評価段階を選んでください。,"[""評価段階0"",""評価段階1"",""評価段階2"",""評価段階3"",""評価段階4"",""評価段階5""]",1
gen-noul-15-001,noul,generated,出来事の前後関係,"{""担当者"":""加藤"",""実施順"":[""引継ぎ"",""検品"",""棚への配置"",""伝票記入"",""荷物受取"",""休憩"",""電話連絡"",""報告""],""各作業の実施回数"":1}",引継ぎは棚への配置より前に行われましたか。,"{""false"":""いいえ。質問の命題は成立しない。"",""true"":""はい。質問の命題が成立する。""}",true
gen-score-05-046,score,generated,緊急条件の加点,"{""案件"":""青空"",""基本優先度"":0,""締切までの残り時間"":0,""規則"":""残り8時間以内なら1加点、それより長ければ0加点。上限1""}",締切までの時間による条件を反映した段階を答えてください。,"[""最終優先度0"",""最終優先度1""]",1
gen-score-10-044,score,generated,不足の段階,"""若葉申請で必要なものは添付図、承認書、受領票、同意書、確認票、見積書、申込書。届いたものは案内状、承認書、添付図です。必要一覧にない書類は不足を埋めません。""",必要書類の不足数に対応する段階を選んでください。,"[""不足が0種類"",""不足が1種類"",""不足が2種類"",""不足が3種類"",""不足が4種類"",""不足が5種類"",""不足が6種類"",""不足が7種類""]",5
gen-score-04-045,score,generated,独立チェックの合計,"{""資料"":""草原"",""チェック項目"":{""添付あり"":true,""承認印あり"":true,""宛先あり"":true,""題名あり"":true,""日付あり"":true,""ページ番号あり"":true},""各項目の重み"":1}",合格した項目数に対応する段階を答えてください。,"[""満たした項目が0個"",""満たした項目が1個"",""満たした項目が2個"",""満たした項目が3個"",""満たした項目が4個"",""満たした項目が5個"",""満たした項目が6個""]",6
gen-choice-10-034,choice,generated,不在時の代理,"{""案件担当"":{""山道"":""青木"",""星空"":""石田"",""白波"":""加藤"",""青空"":""森"",""夕凪"":""遠藤"",""草原"":""吉田"",""灯台"":""渡辺"",""水面"":""木村""},""代理者"":{""青木"":""石田"",""石田"":""加藤"",""加藤"":""森"",""森"":""遠藤"",""遠藤"":""吉田"",""吉田"":""渡辺"",""渡辺"":""木村"",""木村"":""青木""},""不在者"":[""石田""],""案件"":""灯台"",""ルール"":""担当者が不在なら指定代理に一度だけ振替。代理の在席状況は問わない""}",本日の規則に従う連絡相手を選んでください。,"{""石田"":""石田さん"",""遠藤"":""遠藤さん"",""青木"":""青木さん"",""渡辺"":""渡辺さん"",""吉田"":""吉田さん"",""木村"":""木村さん"",""加藤"":""加藤さん"",""森"":""森さん""}",渡辺
gen-noul-01-020,noul,generated,事実と否定質問,"{""対象者"":""加藤"",""項目"":""本人確認を完了"",""実施済み"":false}",確定情報だけから、加藤さんが本人確認を完了していないという判断は正しいですか。,"{""false"":""いいえ。質問の命題は成立しない。"",""true"":""はい。質問の命題が成立する。""}",true
gen-score-04-013,score,generated,独立チェックの合計,"""朝露資料の点検: 日付ありは満たす、題名ありは満たす。各項目は一つずつ数えます。""",満たしたチェック項目の数を段階として選んでください。,"[""満たした項目が0個"",""満たした項目が1個"",""満たした項目が2個""]",2
gen-choice-05-037,choice,generated,否定条件で選択,"""検品記録: ノートは封なしで濡れていない、ファイルは封ありで濡れている、箱は封なしで濡れている、テープは封なしで濡れていない、名札は封なしで濡れていない、冊子は封なしで濡れていない、ケースは封ありで濡れていない。""",濡れた品は除外し、封がある品を一つ選んでください。,"{""ケース"":""ケース"",""名札"":""名札"",""ノート"":""ノート"",""冊子"":""冊子"",""テープ"":""テープ"",""箱"":""箱"",""ファイル"":""ファイル""}",ケース
gen-score-01-003,score,generated,件数の段階境界,"""星空で検品で見つかった不備を数えたところ、現在2件でした。処理済みは数に含めていません。""",件数だけを評価尺度に照らして判定してください。,"[""対象件数が3件未満"",""対象件数が3件以上、6件未満"",""対象件数が6件以上、9件未満"",""対象件数が9件以上""]",0
gen-noul-05-046,noul,generated,締切の境界,"{""受付規則"":""15時より前だけ受け付け、15時ちょうどは無効"",""提出者"":""佐藤"",""提出時刻"":14}",時刻だけを基準に、この提出を有効と判定できますか。,"{""false"":""いいえ。質問の命題は成立しない。"",""true"":""はい。質問の命題が成立する。""}",true
gen-choice-04-003,choice,generated,参照先の担当,"{""案件担当"":{""水面"":""松本"",""若葉"":""木村""},""資料の所属案件"":{""ノート"":""水面"",""テープ"":""若葉""},""確認資料"":""ノート""}",確認資料が属する案件の担当者を選んでください。,"{""木村"":""木村さん"",""松本"":""松本さん""}",松本
gen-score-08-001,score,generated,要件への一致数,"{""注文要件"":{""形"":""四角"",""色"":""青"",""素材"":""布"",""サイズ"":""大"",""配送"":""宅配"",""印字"":""片面のみ""},""提案品"":{""形"":""三角"",""色"":""白"",""素材"":""木"",""サイズ"":""中"",""配送"":""店頭"",""印字"":""なし""}}",注文要件と一致している属性の数を段階として選んでください。,"[""一致した要件が0項目"",""一致した要件が1項目"",""一致した要件が2項目"",""一致した要件が3項目"",""一致した要件が4項目"",""一致した要件が5項目"",""一致した要件が6項目""]",0
gen-choice-04-049,choice,generated,参照先の担当,"{""案件担当"":{""春風"":""高橋"",""若葉"":""吉田"",""青空"":""上田"",""朝露"":""中村"",""草原"":""木村"",""白波"":""大野""},""資料の所属案件"":{""テープ"":""朝露"",""冊子"":""春風"",""用紙"":""若葉"",""クリップ"":""草原"",""カード"":""白波"",""付箋"":""青空""},""確認資料"":""付箋""}",確認する資料の案件を担当している人を答えてください。,"{""高橋"":""高橋さん"",""吉田"":""吉田さん"",""木村"":""木村さん"",""中村"":""中村さん"",""上田"":""上田さん"",""大野"":""大野さん""}",上田
gen-score-08-034,score,generated,要件への一致数,"{""注文要件"":{""形"":""四角"",""サイズ"":""中"",""印字"":""なし"",""素材"":""木""},""提案品"":{""形"":""四角"",""サイズ"":""中"",""印字"":""なし"",""素材"":""木""}}",提案品が満たす要件数はいくつの段階ですか。,"[""一致した要件が0項目"",""一致した要件が1項目"",""一致した要件が2項目"",""一致した要件が3項目"",""一致した要件が4項目""]",4
gen-choice-01-001,choice,generated,問い合わせ経路,"{""分類表"":{""店舗"":[""営業時間"",""店内設備"",""店舗の場所""],""配送"":[""届け先変更"",""荷物の遅延"",""追跡番号""],""契約"":[""契約更新"",""プラン変更"",""解約手続き""],""製品"":[""破損"",""初期不良"",""部品交換""],""請求"":[""二重請求"",""領収書"",""返金""]},""本文"":""付属の部品だけ交換してほしいです"",""受付主題"":""部品交換""}",受付分類表を使って、この相談の担当を決めてください。,"{""製品"":""製品の窓口"",""契約"":""契約の窓口"",""配送"":""配送の窓口"",""請求"":""請求の窓口"",""店舗"":""店舗の窓口""}",製品
gen-score-01-014,score,generated,件数の段階境界,"""白波で未処理の連絡を数えたところ、現在3件でした。処理済みは数に含めていません。""",記録された数に対応する段階を選んでください。,"[""対象件数が2件未満"",""対象件数が2件以上、4件未満"",""対象件数が4件以上、6件未満"",""対象件数が6件以上、8件未満"",""対象件数が8件以上、10件未満"",""対象件数が10件以上、12件未満"",""対象件数が12件以上、14件未満"",""対象件数が14件以上""]",1
gen-score-12-007,score,generated,目標からの差,"""木漏れ日の目標数は15個、実績は15個です。多すぎても少なすぎても、目標から何個離れたかで評価します。差が5個以上なら最終段階5にまとめます。""",目標からのずれの段階を選んでください。,"[""目標との差が0個"",""目標との差が1個"",""目標との差が2個"",""目標との差が3個"",""目標との差が4個"",""目標との差が5個以上""]",0
gen-score-06-019,score,generated,約束時刻からの遅れ,"{""便"":""水面"",""約束時刻"":8,""実際の到着時刻"":10,""同日"":true,""早着時の遅れ"":0}",到着の遅れを段階基準で評価してください。,"[""遅れが1時間未満"",""遅れが1時間以上、2時間未満"",""遅れが2時間以上、3時間未満"",""遅れが3時間以上""]",2
gen-score-13-008,score,generated,取消しを反映した件数,"""朝露の申込み記録: 加藤は受付済み・取消なし、山田は未受付・取消なし、吉田は受付済み・取消済み、高橋は未受付・取消なし、青木は未受付・取消なし、大野は未受付・取消なし。取消済みの申込みは有効件数から除きます。6件以上は最終段階6にまとめます。""",受付済みから取消済みを除いた件数はいくつの段階ですか。,"[""有効申込みが0件"",""有効申込みが1件"",""有効申込みが2件"",""有効申込みが3件"",""有効申込みが4件"",""有効申込みが5件"",""有効申込みが6件以上""]",1
gen-score-08-004,score,generated,要件への一致数,"""注文要件: サイズ=中、色=白。提案品: サイズ=中、色=白。""",注文要件と一致している属性の数を段階として選んでください。,"[""一致した要件が0項目"",""一致した要件が1項目"",""一致した要件が2項目""]",2
gen-score-10-001,score,generated,不足の段階,"""夕凪申請で必要なものは申込書、受領票、承認書、確認票、同意書、見積書。届いたものは申込書、承認書、案内状、同意書、受領票、見積書、確認票です。必要一覧にない書類は不足を埋めません。""",必要一覧と届いた一覧を照合し、不足の程度を判定してください。,"[""不足が0種類"",""不足が1種類"",""不足が2種類"",""不足が3種類"",""不足が4種類"",""不足が5種類"",""不足が6種類""]",0
gen-score-06-015,score,generated,約束時刻からの遅れ,"{""便"":""白波"",""約束時刻"":9,""実際の到着時刻"":11,""同日"":true,""早着時の遅れ"":0}",遅れの時間に対応する段階を答えてください。,"[""遅れが1時間未満"",""遅れが1時間以上、2時間未満"",""遅れが2時間以上、3時間未満"",""遅れが3時間以上、4時間未満"",""遅れが4時間以上、5時間未満"",""遅れが5時間以上、6時間未満"",""遅れが6時間以上""]",2
gen-noul-02-048,noul,generated,全条件の充足,"""朝露の利用には本人確認・会費支払い・同意書提出がすべて必要です。上田さん: 本人確認は完了、会費支払いは完了、同意書提出は完了。""",規則に照らし、この人の利用資格は成立しますか。,"{""false"":""いいえ。質問の命題は成立しない。"",""true"":""はい。質問の命題が成立する。""}",true
gen-score-14-032,score,generated,参照表の順序尺度,"""今回の検査用の対応表: 赤印は段階0、茶印は段階1、白印は段階2。若葉の確定検査票には赤印が付いています。色に一般的な良し悪しは仮定しません。""",今回の対応表を使って検査票の段階を選んでください。,"[""表による段階0"",""表による段階1"",""表による段階2""]",0
gen-noul-01-030,noul,generated,事実と否定質問,"""中村さんについての確定記録: 承認を取得していません。""",『中村さんは承認を取得していない』はこの記録と一致しますか。,"{""false"":""いいえ。質問の命題は成立しない。"",""true"":""はい。質問の命題が成立する。""}",true
gen-score-05-029,score,generated,緊急条件の加点,"""水面の基本優先度は1です。締切まで残り3時間以内なら1だけ加点し、それより長ければ加点しません。上限は5です。今回は締切まで1時間です。""",条件付き加点後の優先度を選んでください。,"[""最終優先度0"",""最終優先度1"",""最終優先度2"",""最終優先度3"",""最終優先度4"",""最終優先度5""]",2
gen-choice-10-003,choice,generated,不在時の代理,"{""案件担当"":{""草原"":""遠藤"",""若葉"":""木村"",""朝露"":""林"",""水面"":""石田"",""星空"":""山田"",""夕凪"":""佐藤""},""代理者"":{""遠藤"":""木村"",""木村"":""林"",""林"":""石田"",""石田"":""山田"",""山田"":""佐藤"",""佐藤"":""遠藤""},""不在者"":[""木村"",""佐藤"",""遠藤"",""石田"",""山田""],""案件"":""草原"",""ルール"":""担当者が不在なら指定代理に一度だけ振替。代理の在席状況は問わない""}",一回だけの代理振替を適用した後の宛先を答えてください。,"{""佐藤"":""佐藤さん"",""遠藤"":""遠藤さん"",""木村"":""木村さん"",""林"":""林さん"",""石田"":""石田さん"",""山田"":""山田さん""}",木村
gen-score-13-049,score,generated,取消しを反映した件数,"{""催し"":""白波"",""申込み"":[{""氏名"":""遠藤"",""受付済み"":true,""取消済み"":true},{""氏名"":""高橋"",""受付済み"":true,""取消済み"":true},{""氏名"":""松本"",""受付済み"":true,""取消済み"":true},{""氏名"":""青木"",""受付済み"":false,""取消済み"":false},{""氏名"":""渡辺"",""受付済み"":true,""取消済み"":false}],""まとめ方"":""5件以上は段階5""}",受付済みから取消済みを除いた件数はいくつの段階ですか。,"[""有効申込みが0件"",""有効申込みが1件"",""有効申込みが2件"",""有効申込みが3件"",""有効申込みが4件"",""有効申込みが5件以上""]",1
gen-noul-02-041,noul,generated,全条件の充足,"{""すべて必要な条件"":[""会費支払い"",""同意書提出"",""事前登録""],""対象"":""遠藤"",""完了状況"":{""会費支払い"":false,""同意書提出"":false,""事前登録"":false}}",この人は記載された利用条件をすべて満たしていますか。,"{""false"":""いいえ。質問の命題は成立しない。"",""true"":""はい。質問の命題が成立する。""}",false
gen-noul-11-032,noul,generated,参照関係の真偽,"""担当表: 山道は渡辺、星空は森、青空は中村、灯台は上田。資料の関連先: 箱は星空、カードは青空、シールは灯台、クリップは山道。""",カードに関連する案件の担当は渡辺さんですか。,"{""false"":""いいえ。質問の命題は成立しない。"",""true"":""はい。質問の命題が成立する。""}",false
gen-noul-14-045,noul,generated,予定時間の重なり,"""吉田さんの予定: 青空会議は13時から14時、面談は9時から12時。終了と次の開始が同時刻の場合は重複とは扱いません。""",二つの予定の時間は重なっていますか。,"{""false"":""いいえ。質問の命題は成立しない。"",""true"":""はい。質問の命題が成立する。""}",false
gen-choice-01-004,choice,generated,問い合わせ経路,"{""分類表"":{""請求"":[""二重請求"",""領収書"",""返金""],""配送"":[""届け先変更"",""荷物の遅延"",""追跡番号""],""契約"":[""契約更新"",""プラン変更"",""解約手続き""],""店舗"":[""営業時間"",""店内設備"",""店舗の場所""],""製品"":[""破損"",""初期不良"",""部品交換""]},""本文"":""お店は何時から何時まで開いていますか"",""受付主題"":""営業時間""}",受付分類表を使って、この相談の担当を決めてください。,"{""配送"":""配送の窓口"",""店舗"":""店舗の窓口"",""契約"":""契約の窓口"",""請求"":""請求の窓口"",""製品"":""製品の窓口""}",店舗
gen-noul-14-037,noul,generated,予定時間の重なり,"""森さんの予定: 白波会議は14時から18時、面談は19時から20時。終了と次の開始が同時刻の場合は重複とは扱いません。""",二つの予定の時間は重なっていますか。,"{""false"":""いいえ。質問の命題は成立しない。"",""true"":""はい。質問の命題が成立する。""}",false
gen-score-09-019,score,generated,例外による上限,"""検査合格状況: 付属品は合格、動作は合格、外観は合格。合格項目一つにつき1点ですが、要再確認の印があれば上限2点に制限します。今回その印はありません。""",例外条件を反映した評価段階を答えてください。,"[""最終点0点"",""最終点1点"",""最終点2点"",""最終点3点""]",3
gen-choice-14-010,choice,generated,二属性照合,"""展示品の札: 封筒は紫色・木製、箱は赤色・樹脂製。探しているのは紫色の木製です。""",二つの指定を同時に満たす展示品はどれですか。,"{""封筒"":""封筒"",""箱"":""箱""}",封筒
gen-score-15-028,score,generated,軽重のある項目,"{""不備ごとの配点"":{""宛名不備"":2,""添付欠落"":1,""頁番号欠落"":1,""余白不備"":1,""署名欠落"":1},""不備あり"":{""宛名不備"":false,""添付欠落"":false,""頁番号欠落"":false,""余白不備"":false,""署名欠落"":false},""上限"":5}",配点の違いを反映した最終段階を選んでください。,"[""不備点の合計が0点"",""不備点の合計が1点"",""不備点の合計が2点"",""不備点の合計が3点"",""不備点の合計が4点"",""不備点の合計が5点以上""]",0
gen-noul-04-043,noul,generated,例外の優先,"{""許可条件"":""認定済み"",""優先禁止条件"":""再審査中"",""対象"":""中村"",""許可条件に該当"":false,""禁止条件に該当"":false}",この人は現在、利用可能ですか。,"{""false"":""いいえ。質問の命題は成立しない。"",""true"":""はい。質問の命題が成立する。""}",false
gen-score-11-010,score,generated,時刻順の評価更新,"{""案件"":""水面"",""評価更新"":[{""時刻"":15,""段階"":1},{""時刻"":16,""段階"":0},{""時刻"":11,""段階"":0}],""採用規則"":""最新時刻だけを採用""}",最後に更新された有効な段階はいくつですか。,"[""評価段階0"",""評価段階1""]",0
gen-noul-14-033,noul,generated,予定時間の重なり,"{""対象者"":""加藤"",""会議"":[13,17],""面談"":[18,19],""規則"":""終了時刻と開始時刻が一致するだけなら重複なし""}",二つの予定の時間は重なっていますか。,"{""false"":""いいえ。質問の命題は成立しない。"",""true"":""はい。質問の命題が成立する。""}",false
gen-noul-08-023,noul,generated,集合と否定所属,"{""催し"":""山道"",""完全な参加者名簿"":[""大野"",""青木""],""補足"":""名前のない人は参加者ではない""}",木村さんは参加者であると言えますか。,"{""false"":""いいえ。質問の命題は成立しない。"",""true"":""はい。質問の命題が成立する。""}",false
gen-noul-13-015,noul,generated,範囲の開閉境界,"""灯台の受付数は、5個より多い、かつ13個未満の場合に限り適合です。今回の数は7個です。""",今回の個数は適合範囲に入っていますか。,"{""false"":""いいえ。質問の命題は成立しない。"",""true"":""はい。質問の命題が成立する。""}",true
gen-choice-09-033,choice,generated,利用可能集合の差,"""貸出台帳で利用可能と記録されている品は箱。予約済みの品はなしです。""",今貸せるのは利用可能かつ未予約の品です。該当するものはどれですか。,"{""名札"":""名札"",""クリップ"":""クリップ"",""テープ"":""テープ"",""箱"":""箱"",""冊子"":""冊子"",""用紙"":""用紙""}",箱
gen-noul-10-048,noul,generated,条件付き義務,"{""規則"":""新規申請なら担当者の署名が必要。それ以外では義務なし"",""条件に該当"":true,""必要処置を実施"":true}",この案件は記載された義務のルールに違反していませんか。違反がなければはいです。,"{""false"":""いいえ。質問の命題は成立しない。"",""true"":""はい。質問の命題が成立する。""}",true
gen-score-01-019,score,generated,件数の段階境界,"""山道で確認待ちの申請を数えたところ、現在7件でした。処理済みは数に含めていません。""",件数だけを評価尺度に照らして判定してください。,"[""対象件数が3件未満"",""対象件数が3件以上、6件未満"",""対象件数が6件以上、9件未満"",""対象件数が9件以上、12件未満"",""対象件数が12件以上、15件未満"",""対象件数が15件以上""]",2
gen-score-07-047,score,generated,証拠の最高到達段階,"""この調査固有の証拠段階表: 第三者確認は段階1、口頭メモは段階2、署名済み文書は段階3。木漏れ日で得られた証拠は第三者確認。複数ある場合は最大の段階を使い、なければ0です。""",この調査の証拠段階を選んでください。,"[""証拠なしの段階0"",""表に基づく最高証拠段階1"",""表に基づく最高証拠段階2"",""表に基づく最高証拠段階3""]",1
gen-choice-13-034,choice,generated,工程の依存順,"""案件「灯台」の工程順は準備→内容確認です。途中の工程を飛ばすことはできません。完了済みは準備、内容確認です。""",まだ済んでいない最初の工程は何ですか。存在しない場合は完了です。,"{""準備"":""準備"",""内容確認"":""内容確認"",""完了"":""全工程が完了""}",完了
gen-noul-02-035,noul,generated,全条件の充足,"{""すべて必要な条件"":[""同意書提出"",""本人確認"",""事前登録""],""対象"":""松本"",""完了状況"":{""同意書提出"":false,""本人確認"":false,""事前登録"":false}}",不足条件なく利用を許可できますか。,"{""false"":""いいえ。質問の命題は成立しない。"",""true"":""はい。質問の命題が成立する。""}",false
gen-score-15-045,score,generated,軽重のある項目,"""この点検の配点: 添付欠落は2点、宛名不備は1点。見つかった不備: 宛名不備。該当項目の点を合計し、1点以上は段階1にまとめます。""",配点の違いを反映した最終段階を選んでください。,"[""不備点の合計が0点"",""不備点の合計が1点以上""]",1
gen-choice-06-014,choice,generated,時間枠の包含,"{""空き時間"":[{""部屋"":""白"",""開始"":8,""終了"":9},{""部屋"":""紫"",""開始"":10,""終了"":11},{""部屋"":""茶"",""開始"":8,""終了"":9},{""部屋"":""赤"",""開始"":10,""終了"":12},{""部屋"":""黒"",""開始"":8,""終了"":9},{""部屋"":""緑"",""開始"":8,""終了"":12},{""部屋"":""青"",""開始"":8,""終了"":9}],""会議開始"":9,""会議終了"":10}",会議時間の一部だけでなく全体を含む空き時間を持つ部屋を答えてください。端の一致は可です。,"{""紫"":""紫室"",""茶"":""茶室"",""緑"":""緑室"",""赤"":""赤室"",""白"":""白室"",""青"":""青室"",""黒"":""黒室""}",緑
gen-choice-14-022,choice,generated,二属性照合,"""展示品の札: 箱は青色・ガラス製、封筒は紫色・紙製、カードは白色・紙製、クリップは茶色・紙製、袋は黒色・紙製、ペンは黄色・樹脂製、冊子は青色・木製、付箋は青色・紙製。探しているのは青色の紙製です。""",二つの指定を同時に満たす展示品はどれですか。,"{""袋"":""袋"",""冊子"":""冊子"",""箱"":""箱"",""付箋"":""付箋"",""クリップ"":""クリップ"",""ペン"":""ペン"",""封筒"":""封筒"",""カード"":""カード""}",付箋
gen-noul-11-002,noul,generated,参照関係の真偽,"""担当表: 灯台は渡辺、星空は青木、水面は高橋。資料の関連先: ノートは星空、クリップは水面、カードは灯台。""",渡辺さんはノートが属する案件の担当者と言えますか。,"{""false"":""いいえ。質問の命題は成立しない。"",""true"":""はい。質問の命題が成立する。""}",false
gen-score-03-015,score,generated,順番に進む工程,"{""案件"":""灯台"",""工程順"":[""準備"",""承認"",""調査""],""完了済み"":[],""着手中は完了に含めない"":true}",完了済みの到達段階を選んでください。,"[""完了した工程はまだない"",""先頭から1工程が完了（最後に完了したのは準備）"",""先頭から2工程が完了（最後に完了したのは承認）"",""先頭から3工程が完了（最後に完了したのは調査）""]",0
gen-score-15-019,score,generated,軽重のある項目,"{""不備ごとの配点"":{""添付欠落"":2,""宛名不備"":1,""頁番号欠落"":1},""不備あり"":{""添付欠落"":false,""宛名不備"":false,""頁番号欠落"":true},""上限"":3}",見つかった不備の点数を合計し、上限を適用してください。,"[""不備点の合計が0点"",""不備点の合計が1点"",""不備点の合計が2点"",""不備点の合計が3点以上""]",1
gen-noul-03-041,noul,generated,いずれかの条件,"""草原の受付では当日券・会員証・紹介状のうち一つ以上があれば通れます。林さん: 当日券はなし、会員証はなし、紹介状はなし。""",この人は受付基準を満たしていますか。,"{""false"":""いいえ。質問の命題は成立しない。"",""true"":""はい。質問の命題が成立する。""}",false
gen-score-15-033,score,generated,軽重のある項目,"{""不備ごとの配点"":{""誤字"":2,""余白不備"":1,""日付欠落"":1},""不備あり"":{""誤字"":true,""余白不備"":true,""日付欠落"":false},""上限"":3}",配点の違いを反映した最終段階を選んでください。,"[""不備点の合計が0点"",""不備点の合計が1点"",""不備点の合計が2点"",""不備点の合計が3点以上""]",3
gen-noul-06-044,noul,generated,更新後の状態,"{""対象"":""灯台"",""更新記録"":[{""時刻"":11,""状態"":""空席あり""},{""時刻"":15,""状態"":""点検中""},{""時刻"":9,""状態"":""受付中""},{""時刻"":12,""状態"":""受付中""}],""規則"":""最新時刻の記録が有効""}",現在の状態は「点検中」ですか。,"{""false"":""いいえ。質問の命題は成立しない。"",""true"":""はい。質問の命題が成立する。""}",true
gen-score-04-020,score,generated,独立チェックの合計,"{""資料"":""水面"",""チェック項目"":{""題名あり"":false,""署名あり"":false},""各項目の重み"":1}",条件を満たした項目を一つ一点として集計してください。,"[""満たした項目が0個"",""満たした項目が1個"",""満たした項目が2個""]",0
gen-noul-03-016,noul,generated,いずれかの条件,"""春風の受付では事前予約票・紹介状・会員証・招待券のうち一つ以上があれば通れます。高橋さん: 事前予約票はなし、紹介状はあり、会員証はあり、招待券はあり。""",記載された条件で受付を通れますか。,"{""false"":""いいえ。質問の命題は成立しない。"",""true"":""はい。質問の命題が成立する。""}",true
gen-choice-14-004,choice,generated,二属性照合,"""展示品の札: 用紙は茶色・紙製、封筒は青色・樹脂製、シールは緑色・ガラス製、カードは赤色・金属製、ケースは緑色・金属製、ファイルは紫色・木製、ペンは茶色・金属製。探しているのは茶色の紙製です。""",指定された色と素材の両方が一致する品を選んでください。,"{""ペン"":""ペン"",""シール"":""シール"",""封筒"":""封筒"",""カード"":""カード"",""ケース"":""ケース"",""ファイル"":""ファイル"",""用紙"":""用紙""}",用紙
gen-noul-01-026,noul,generated,事実と否定質問,"""遠藤さんについての確定記録: 予約変更を実施しています。""",『遠藤さんは予約変更を実施している』はこの記録と一致しますか。,"{""false"":""いいえ。質問の命題は成立しない。"",""true"":""はい。質問の命題が成立する。""}",true
gen-choice-14-043,choice,generated,二属性照合,"""展示品の札: ノートは青色・木製、袋は黒色・紙製、テープは白色・樹脂製、箱は茶色・ガラス製。探しているのは白色の樹脂製です。""",二つの指定を同時に満たす展示品はどれですか。,"{""袋"":""袋"",""ノート"":""ノート"",""箱"":""箱"",""テープ"":""テープ""}",テープ
gen-noul-01-014,noul,generated,事実と否定質問,"{""対象者"":""山田"",""項目"":""研修を修了"",""実施済み"":true}",『山田さんは研修を修了している』はこの記録と一致しますか。,"{""false"":""いいえ。質問の命題は成立しない。"",""true"":""はい。質問の命題が成立する。""}",true
gen-choice-02-022,choice,generated,条件と優先例外,"""若葉店では会員で購入数が5個以上なら優待扱いです。ただし予約品は購入数や会員資格にかかわらず通常扱いです。今回は8個、非会員、通常在庫品です。""",この購入に適用する扱いを選んでください。,"{""通常"":""通常の扱い"",""優待"":""優待の扱い""}",通常
gen-score-07-048,score,generated,証拠の最高到達段階,"{""調査"":""若葉"",""この調査の証拠段階"":{""一次資料"":1,""監査記録"":2,""口頭メモ"":3,""担当者報告"":4},""得られた証拠"":[""監査記録"",""一次資料"",""担当者報告"",""口頭メモ""],""集約規則"":""得られた段階の最大。証拠なしは0""}",明示された段階表だけで証拠を評価してください。,"[""証拠なしの段階0"",""表に基づく最高証拠段階1"",""表に基づく最高証拠段階2"",""表に基づく最高証拠段階3"",""表に基づく最高証拠段階4""]",4
gen-score-12-029,score,generated,目標からの差,"{""案件"":""水面"",""目標数"":8,""実績数"":4,""採点"":""差の絶対値。ただし6以上は段階6""}",不足・超過の向きではなく差の大きさで評価してください。,"[""目標との差が0個"",""目標との差が1個"",""目標との差が2個"",""目標との差が3個"",""目標との差が4個"",""目標との差が5個"",""目標との差が6個以上""]",4
gen-noul-10-035,noul,generated,条件付き義務,"{""規則"":""法人向けなら上長の承認が必要。それ以外では義務なし"",""条件に該当"":true,""必要処置を実施"":false}",この案件は記載された義務のルールに違反していませんか。違反がなければはいです。,"{""false"":""いいえ。質問の命題は成立しない。"",""true"":""はい。質問の命題が成立する。""}",false
gen-choice-12-041,choice,generated,条件付き不足書類,"{""確認優先順"":[""同意書"",""申込書"",""見積書""],""代理申請だけに必要"":""見積書"",""代理申請"":true,""提出済み"":[]}",必要な不足書類を先頭から一つだけ案内します。どれですか。必要書類に不足がなければ追加不要です。,"{""同意書"":""同意書"",""見積書"":""見積書"",""申込書"":""申込書"",""追加不要"":""必要書類はすべて提出済み""}",同意書
gen-score-09-029,score,generated,例外による上限,"""検査合格状況: 外観は合格、包装は合格、寸法は合格、付属品は合格、表示は合格、動作は合格。合格項目一つにつき1点ですが、要再確認の印があれば上限4点に制限します。今回その印はあります。""",上限制限を適用した最終点を選んでください。,"[""最終点0点"",""最終点1点"",""最終点2点"",""最終点3点"",""最終点4点"",""最終点5点"",""最終点6点""]",4
gen-noul-10-036,noul,generated,条件付き義務,"{""規則"":""法人向けなら記録票の保存が必要。それ以外では義務なし"",""条件に該当"":false,""必要処置を実施"":false}",この案件は記載された義務のルールに違反していませんか。違反がなければはいです。,"{""false"":""いいえ。質問の命題は成立しない。"",""true"":""はい。質問の命題が成立する。""}",true
gen-choice-12-037,choice,generated,条件付き不足書類,"{""確認優先順"":[""委任状"",""受領票""],""代理申請だけに必要"":""委任状"",""代理申請"":true,""提出済み"":[""委任状"",""受領票""]}",必要な不足書類を先頭から一つだけ案内します。どれですか。必要書類に不足がなければ追加不要です。,"{""追加不要"":""必要書類はすべて提出済み"",""受領票"":""受領票"",""委任状"":""委任状""}",追加不要
gen-noul-03-045,noul,generated,いずれかの条件,"""若葉の受付では紹介状・会員証・事前予約票のうち一つ以上があれば通れます。青木さん: 紹介状はなし、会員証はなし、事前予約票はなし。""",少なくとも一つの必要条件が成立していますか。,"{""false"":""いいえ。質問の命題は成立しない。"",""true"":""はい。質問の命題が成立する。""}",false
gen-noul-14-002,noul,generated,予定時間の重なり,"{""対象者"":""大野"",""会議"":[8,9],""面談"":[8,11],""規則"":""終了時刻と開始時刻が一致するだけなら重複なし""}",指定された端点の扱いで予定の重複はありますか。,"{""false"":""いいえ。質問の命題は成立しない。"",""true"":""はい。質問の命題が成立する。""}",true
gen-score-03-050,score,generated,順番に進む工程,"""青空の工程順は準備→審査→実施。先頭から順に進め、完了済みは準備です。着手中の工程は完了に含めません。""",この案件は完了ベースでどの段階まで進みましたか。,"[""完了した工程はまだない"",""先頭から1工程が完了（最後に完了したのは準備）"",""先頭から2工程が完了（最後に完了したのは審査）"",""先頭から3工程が完了（最後に完了したのは実施）""]",1
gen-noul-06-037,noul,generated,更新後の状態,"""若葉の状態記録: 14時には点検中、12時には点検中、7時には点検中。時刻が新しい記録が古い記録を上書きします。""",最新の有効な記録から「使用可能」と言えますか。,"{""false"":""いいえ。質問の命題は成立しない。"",""true"":""はい。質問の命題が成立する。""}",false
gen-score-13-017,score,generated,取消しを反映した件数,"""星空の申込み記録: 佐藤は受付済み・取消なし、山田は受付済み・取消なし、渡辺は受付済み・取消なし、高橋は受付済み・取消済み。取消済みの申込みは有効件数から除きます。1件以上は最終段階1にまとめます。""",取消し後に残る有効申込み数を段階として選んでください。,"[""有効申込みが0件"",""有効申込みが1件以上""]",1
gen-choice-08-031,choice,generated,改訂と例外の優先,"""通常品の貼付ラベルについて、連絡は古い順に「青」「黒」でした。後の連絡が前の連絡を上書きします。ただし冷蔵品には連絡履歴に関係なく青ラベルを貼ります。今回の荷物は通常品です。""",今回適用されるラベルを一つ決めてください。,"{""青"":""青ラベル"",""黒"":""黒ラベル""}",黒
gen-noul-08-015,noul,generated,集合と否定所属,"""水面の参加者名簿は松本、林、青木、石田、大野、上田です。この名簿は完全で、記載のない人は参加者ではありません。""",名簿に基づき、中村さんが参加者であるという判断に同意できますか。,"{""false"":""いいえ。質問の命題は成立しない。"",""true"":""はい。質問の命題が成立する。""}",false
gen-noul-02-022,noul,generated,全条件の充足,"{""すべて必要な条件"":[""講習受講"",""同意書提出""],""対象"":""大野"",""完了状況"":{""講習受講"":true,""同意書提出"":true}}",規則に照らし、この人の利用資格は成立しますか。,"{""false"":""いいえ。質問の命題は成立しない。"",""true"":""はい。質問の命題が成立する。""}",true
gen-score-14-014,score,generated,参照表の順序尺度,"{""検査対象"":""夕凪"",""今回の対応表"":{""赤"":0,""青"":1,""白"":2,""紫"":3,""緑"":4,""黒"":5},""確定票の印"":""紫""}",一般常識ではなく示された表に従って段階を答えてください。,"[""表による段階0"",""表による段階1"",""表による段階2"",""表による段階3"",""表による段階4"",""表による段階5""]",3
gen-noul-04-041,noul,generated,例外の優先,"{""許可条件"":""招待あり"",""優先禁止条件"":""会費滞納"",""対象"":""松本"",""許可条件に該当"":true,""禁止条件に該当"":true}",禁止例外を先に考慮すると、この利用を認められますか。,"{""false"":""いいえ。質問の命題は成立しない。"",""true"":""はい。質問の命題が成立する。""}",false
gen-score-05-010,score,generated,緊急条件の加点,"{""案件"":""灯台"",""基本優先度"":4,""締切までの残り時間"":2,""規則"":""残り3時間以内なら1加点、それより長ければ0加点。上限7""}",締切までの時間による条件を反映した段階を答えてください。,"[""最終優先度0"",""最終優先度1"",""最終優先度2"",""最終優先度3"",""最終優先度4"",""最終優先度5"",""最終優先度6"",""最終優先度7""]",5
gen-choice-15-028,choice,generated,文章内の順序参照,"""山道会議では、発表者を発表順に「加藤、松本、大野、中村、高橋、林、渡辺、吉田」と紹介しました。同じ人の再登場はありません。""",発表順の先頭から5番目にいる人を答えてください。,"{""林"":""林さん"",""中村"":""中村さん"",""大野"":""大野さん"",""松本"":""松本さん"",""渡辺"":""渡辺さん"",""加藤"":""加藤さん"",""吉田"":""吉田さん"",""高橋"":""高橋さん""}",高橋
gen-noul-01-006,noul,generated,事実と否定質問,"{""対象者"":""高橋"",""項目"":""作業を中断"",""実施済み"":true}",確定情報だけから、高橋さんが作業を中断しているという判断は正しいですか。,"{""false"":""いいえ。質問の命題は成立しない。"",""true"":""はい。質問の命題が成立する。""}",true
gen-score-11-043,score,generated,時刻順の評価更新,"""水面の評価更新履歴: 9時に段階5、13時に段階4、18時に段階6、8時に段階4。評価は最新時刻の値だけを採用します。""",履歴の記載順に惑わされず、最新評価を答えてください。,"[""評価段階0"",""評価段階1"",""評価段階2"",""評価段階3"",""評価段階4"",""評価段階5"",""評価段階6""]",6
gen-score-10-007,score,generated,不足の段階,"{""申請"":""水面"",""必要書類"":[""確認票"",""同意書"",""受領票"",""添付図"",""申込書""],""届いた書類"":[""案内状"",""同意書""],""余分な書類で代用できる"":false}",未提出の必要書類はいくつの段階ですか。,"[""不足が0種類"",""不足が1種類"",""不足が2種類"",""不足が3種類"",""不足が4種類"",""不足が5種類""]",4
gen-choice-05-029,choice,generated,否定条件で選択,"""検品記録: 付箋は封なしで濡れていない、冊子は封なしで濡れている、名札は封ありで濡れていない、クリップは封なしで濡れている、カードは封なしで濡れていない、テープは封なしで濡れていない、袋は封ありで濡れている。""",封があるもので、かつ濡れていない品を選んでください。,"{""クリップ"":""クリップ"",""カード"":""カード"",""テープ"":""テープ"",""冊子"":""冊子"",""名札"":""名札"",""付箋"":""付箋"",""袋"":""袋""}",名札
gen-noul-06-007,noul,generated,更新後の状態,"{""対象"":""草原"",""更新記録"":[{""時刻"":13,""状態"":""満席""},{""時刻"":8,""状態"":""満席""},{""時刻"":20,""状態"":""満席""},{""時刻"":19,""状態"":""空席あり""},{""時刻"":12,""状態"":""空席あり""}],""規則"":""最新時刻の記録が有効""}",最新の有効な記録から「空席あり」と言えますか。,"{""false"":""いいえ。質問の命題は成立しない。"",""true"":""はい。質問の命題が成立する。""}",false
gen-score-02-003,score,generated,記述の満足段階,"{""回答者"":""吉田"",""対象"":""木漏れ日"",""感想原文"":""期待を満たしていて、満足した""}",回答者が表明した満足の程度を分類してください。,"[""強い不満"",""やや不満"",""満足"",""強い満足"",""最高の満足""]",2
gen-choice-06-032,choice,generated,時間枠の包含,"{""空き時間"":[{""部屋"":""白"",""開始"":7,""終了"":11},{""部屋"":""青"",""開始"":10,""終了"":13},{""部屋"":""黄"",""開始"":10,""終了"":14},{""部屋"":""黒"",""開始"":10,""終了"":14},{""部屋"":""緑"",""開始"":8,""終了"":11},{""部屋"":""茶"",""開始"":9,""終了"":13}],""会議開始"":9,""会議終了"":12}",会議開始から終了まで空いている部屋はどれですか。境界時刻が一致していても利用できます。,"{""茶"":""茶室"",""白"":""白室"",""黄"":""黄室"",""青"":""青室"",""黒"":""黒室"",""緑"":""緑室""}",茶
gen-score-15-042,score,generated,軽重のある項目,"""この点検の配点: 誤字は2点、宛名不備は1点、署名欠落は1点、日付欠落は1点、余白不備は1点。見つかった不備: 署名欠落、余白不備。該当項目の点を合計し、5点以上は段階5にまとめます。""",見つかった不備の点数を合計し、上限を適用してください。,"[""不備点の合計が0点"",""不備点の合計が1点"",""不備点の合計が2点"",""不備点の合計が3点"",""不備点の合計が4点"",""不備点の合計が5点以上""]",2
gen-noul-13-045,noul,generated,範囲の開閉境界,"""草原の受付数は、6個以上、かつ10個以下の場合に限り適合です。今回の数は6個です。""",下限と上限の両方の条件に合いますか。,"{""false"":""いいえ。質問の命題は成立しない。"",""true"":""はい。質問の命題が成立する。""}",true
gen-score-15-003,score,generated,軽重のある項目,"{""不備ごとの配点"":{""日付欠落"":2,""添付欠落"":1},""不備あり"":{""日付欠落"":true,""添付欠落"":true},""上限"":1}",見つかった不備の点数を合計し、上限を適用してください。,"[""不備点の合計が0点"",""不備点の合計が1点以上""]",1
gen-score-06-013,score,generated,約束時刻からの遅れ,"""木漏れ日便は8時到着の約束でした。実際の到着は同じ日の13時です。早着した場合の遅れは0時間とします。""",到着の遅れを段階基準で評価してください。,"[""遅れが2時間未満"",""遅れが2時間以上、4時間未満"",""遅れが4時間以上、6時間未満"",""遅れが6時間以上、8時間未満"",""遅れが8時間以上""]",2
gen-noul-15-044,noul,generated,出来事の前後関係,"""渡辺さんの作業日誌は実施順に電話連絡→休憩→荷物受取→伝票記入→検品→引継ぎです。記載した各作業は一回ずつ実施しました。""",日誌では伝票記入の方が電話連絡より先ですか。,"{""false"":""いいえ。質問の命題は成立しない。"",""true"":""はい。質問の命題が成立する。""}",false
gen-noul-10-031,noul,generated,条件付き義務,"""規則: 代理申請のときだけ記録票の保存が必須です。それ以外の場合にはこの義務はなく、実施していても構いません。今回の案件は代理申請に該当で、記録票の保存は未実施です。""",この記録は規則を守っていますか。,"{""false"":""いいえ。質問の命題は成立しない。"",""true"":""はい。質問の命題が成立する。""}",false
gen-noul-04-027,noul,generated,例外の優先,"""規則: 会員であれば灯台を利用できます。ただし再審査中なら利用できません。森さんは会員に該当、再審査中に該当です。""",この人は現在、利用可能ですか。,"{""false"":""いいえ。質問の命題は成立しない。"",""true"":""はい。質問の命題が成立する。""}",false
gen-noul-04-045,noul,generated,例外の優先,"{""許可条件"":""予約済み"",""優先禁止条件"":""登録凍結中"",""対象"":""木村"",""許可条件に該当"":false,""禁止条件に該当"":true}",禁止例外を先に考慮すると、この利用を認められますか。,"{""false"":""いいえ。質問の命題は成立しない。"",""true"":""はい。質問の命題が成立する。""}",false
gen-choice-11-016,choice,generated,小数量の比較,"{""在庫"":[{""品名"":""袋"",""総在庫"":8,""予約分"":4},{""品名"":""ファイル"",""総在庫"":5,""予約分"":3},{""品名"":""カード"",""総在庫"":14,""予約分"":4},{""品名"":""ケース"",""総在庫"":5,""予約分"":0}],""自由在庫"":""総在庫から予約分を引く""}",今使える個数が最も多い品を答えてください。,"{""カード"":""カード"",""ケース"":""ケース"",""ファイル"":""ファイル"",""袋"":""袋""}",カード
gen-score-05-031,score,generated,緊急条件の加点,"{""案件"":""草原"",""基本優先度"":0,""締切までの残り時間"":5,""規則"":""残り3時間以内なら1加点、それより長ければ0加点。上限7""}",条件付き加点後の優先度を選んでください。,"[""最終優先度0"",""最終優先度1"",""最終優先度2"",""最終優先度3"",""最終優先度4"",""最終優先度5"",""最終優先度6"",""最終優先度7""]",0
gen-score-08-039,score,generated,要件への一致数,"{""注文要件"":{""サイズ"":""中"",""印字"":""あり""},""提案品"":{""サイズ"":""中"",""印字"":""なし""}}",注文要件と一致している属性の数を段階として選んでください。,"[""一致した要件が0項目"",""一致した要件が1項目"",""一致した要件が2項目""]",1
gen-noul-12-048,noul,generated,記録と主張の照合,"{""施設"":""夕凪"",""入口ごとの現在の確定記録"":{""北口"":""半分だけ開いている"",""南口"":""完全に開いている"",""東口"":""完全に閉じている"",""西口"":""完全に開いている"",""裏口"":""完全に開いている"",""搬入口"":""完全に閉じている""},""判定資料"":""現在の確定記録のみ""}",いま北口が半分だけ開いているという判断は正しいですか。,"{""false"":""いいえ。質問の命題は成立しない。"",""true"":""はい。質問の命題が成立する。""}",true
gen-noul-07-018,noul,generated,識別文字列の完全一致,"{""商品ラベル"":""JK9-C"",""注文票"":""JK9C"",""照合規則"":""大文字小文字と記号も含む完全一致""}",指定された照合規則で一致と判定できますか。,"{""false"":""いいえ。質問の命題は成立しない。"",""true"":""はい。質問の命題が成立する。""}",false
gen-score-14-042,score,generated,参照表の順序尺度,"""今回の検査用の対応表: 茶印は段階0、青印は段階1、黄印は段階2、黒印は段階3、赤印は段階4、緑印は段階5。夕凪の確定検査票には青印が付いています。色に一般的な良し悪しは仮定しません。""",検査票の印を指定尺度に変換してください。,"[""表による段階0"",""表による段階1"",""表による段階2"",""表による段階3"",""表による段階4"",""表による段階5""]",1
gen-choice-01-046,choice,generated,問い合わせ経路,"{""分類表"":{""配送"":[""届け先変更"",""荷物の遅延"",""追跡番号""],""アカウント"":[""ログイン"",""パスワード"",""退会""],""店舗"":[""営業時間"",""店内設備"",""店舗の場所""],""契約"":[""契約更新"",""プラン変更"",""解約手続き""]},""本文"":""配送状況を見るための追跡番号を教えてください"",""受付主題"":""追跡番号""}",記録された主題を扱う転送先はどこですか。,"{""店舗"":""店舗の窓口"",""配送"":""配送の窓口"",""アカウント"":""アカウントの窓口"",""契約"":""契約の窓口""}",配送
gen-noul-15-031,noul,generated,出来事の前後関係,"{""担当者"":""松本"",""実施順"":[""伝票記入"",""検品"",""棚への配置""],""各作業の実施回数"":1}",伝票記入は検品より前に行われましたか。,"{""false"":""いいえ。質問の命題は成立しない。"",""true"":""はい。質問の命題が成立する。""}",true
gen-noul-11-030,noul,generated,参照関係の真偽,"""担当表: 青空は石田、夕凪は佐藤、星空は青木、山道は高橋、朝露は吉田。資料の関連先: カードは山道、付箋は星空、冊子は夕凪、ノートは青空、シールは朝露。""",青木さんはシールが属する案件の担当者と言えますか。,"{""false"":""いいえ。質問の命題は成立しない。"",""true"":""はい。質問の命題が成立する。""}",false
gen-score-10-043,score,generated,不足の段階,"{""申請"":""星空"",""必要書類"":[""見積書"",""申込書"",""同意書"",""承認書"",""添付図"",""確認票""],""届いた書類"":[""挨拶状""],""余分な書類で代用できる"":false}",必要一覧と届いた一覧を照合し、不足の程度を判定してください。,"[""不足が0種類"",""不足が1種類"",""不足が2種類"",""不足が3種類"",""不足が4種類"",""不足が5種類"",""不足が6種類""]",6
gen-noul-07-026,noul,generated,識別文字列の完全一致,"{""商品ラベル"":""PQ4-C"",""注文票"":""pq4-c"",""照合規則"":""大文字小文字と記号も含む完全一致""}",指定された照合規則で一致と判定できますか。,"{""false"":""いいえ。質問の命題は成立しない。"",""true"":""はい。質問の命題が成立する。""}",false
gen-score-08-016,score,generated,要件への一致数,"{""注文要件"":{""サイズ"":""中"",""配送"":""宅配"",""印字"":""あり"",""形"":""丸"",""素材"":""木"",""包装"":""袋"",""色"":""白""},""提案品"":{""サイズ"":""中"",""配送"":""宅配"",""印字"":""あり"",""形"":""四角"",""素材"":""紙"",""包装"":""なし"",""色"":""赤""}}",注文要件と一致している属性の数を段階として選んでください。,"[""一致した要件が0項目"",""一致した要件が1項目"",""一致した要件が2項目"",""一致した要件が3項目"",""一致した要件が4項目"",""一致した要件が5項目"",""一致した要件が6項目"",""一致した要件が7項目""]",3
gen-choice-10-024,choice,generated,不在時の代理,"{""案件担当"":{""山道"":""山田"",""木漏れ日"":""渡辺"",""若葉"":""大野""},""代理者"":{""山田"":""渡辺"",""渡辺"":""大野"",""大野"":""山田""},""不在者"":[],""案件"":""木漏れ日"",""ルール"":""担当者が不在なら指定代理に一度だけ振替。代理の在席状況は問わない""}",本日の規則に従う連絡相手を選んでください。,"{""大野"":""大野さん"",""山田"":""山田さん"",""渡辺"":""渡辺さん""}",渡辺
gen-noul-05-016,noul,generated,締切の境界,"{""受付規則"":""18時より前だけ受け付け、18時ちょうどは無効"",""提出者"":""加藤"",""提出時刻"":10}",この提出は時間条件を満たしていますか。,"{""false"":""いいえ。質問の命題は成立しない。"",""true"":""はい。質問の命題が成立する。""}",true
gen-noul-06-001,noul,generated,更新後の状態,"{""対象"":""星空"",""更新記録"":[{""時刻"":12,""状態"":""満席""},{""時刻"":19,""状態"":""満席""},{""時刻"":21,""状態"":""空席あり""},{""時刻"":16,""状態"":""満席""}],""規則"":""最新時刻の記録が有効""}",最新の有効な記録から「満席」と言えますか。,"{""false"":""いいえ。質問の命題は成立しない。"",""true"":""はい。質問の命題が成立する。""}",false
gen-choice-06-007,choice,generated,時間枠の包含,"{""空き時間"":[{""部屋"":""黒"",""開始"":15,""終了"":16},{""部屋"":""茶"",""開始"":17,""終了"":19},{""部屋"":""赤"",""開始"":15,""終了"":16},{""部屋"":""黄"",""開始"":17,""終了"":18},{""部屋"":""青"",""開始"":16,""終了"":18},{""部屋"":""紫"",""開始"":15,""終了"":16}],""会議開始"":16,""会議終了"":17}",会議開始から終了まで空いている部屋はどれですか。境界時刻が一致していても利用できます。,"{""茶"":""茶室"",""赤"":""赤室"",""青"":""青室"",""紫"":""紫室"",""黄"":""黄室"",""黒"":""黒室""}",青
gen-score-11-044,score,generated,時刻順の評価更新,"""夕凪の評価更新履歴: 7時に段階3、10時に段階3、13時に段階4、11時に段階0。評価は最新時刻の値だけを採用します。""",現在採用すべき評価段階を選んでください。,"[""評価段階0"",""評価段階1"",""評価段階2"",""評価段階3"",""評価段階4"",""評価段階5"",""評価段階6"",""評価段階7""]",4
gen-noul-08-037,noul,generated,集合と否定所属,"""山道の参加者名簿は森、青木、高橋、石田、林、大野です。この名簿は完全で、記載のない人は参加者ではありません。""",木村さんは参加者であると言えますか。,"{""false"":""いいえ。質問の命題は成立しない。"",""true"":""はい。質問の命題が成立する。""}",false
gen-score-06-031,score,generated,約束時刻からの遅れ,"{""便"":""星空"",""約束時刻"":6,""実際の到着時刻"":6,""同日"":true,""早着時の遅れ"":0}",到着の遅れを段階基準で評価してください。,"[""遅れが1時間未満"",""遅れが1時間以上""]",0
gen-score-05-013,score,generated,緊急条件の加点,"""木漏れ日の基本優先度は2です。締切まで残り5時間以内なら1だけ加点し、それより長ければ加点しません。上限は3です。今回は締切まで11時間です。""",条件付き加点後の優先度を選んでください。,"[""最終優先度0"",""最終優先度1"",""最終優先度2"",""最終優先度3""]",2
gen-choice-01-003,choice,generated,問い合わせ経路,"""受付分類表は次のとおりです。請求窓口: 二重請求・領収書・返金 / アカウント窓口: ログイン・パスワード・退会 / 配送窓口: 届け先変更・荷物の遅延・追跡番号 / 契約窓口: 契約更新・プラン変更・解約手続き / 店舗窓口: 営業時間・店内設備・店舗の場所 / 製品窓口: 破損・初期不良・部品交換。問い合わせ本文:「お店に車いす用の設備はありますか」。受付担当が付けた主題は「店内設備」です。""",記録された主題を扱う転送先はどこですか。,"{""アカウント"":""アカウントの窓口"",""店舗"":""店舗の窓口"",""請求"":""請求の窓口"",""配送"":""配送の窓口"",""製品"":""製品の窓口"",""契約"":""契約の窓口""}",店舗
gen-score-04-026,score,generated,独立チェックの合計,"{""資料"":""青空"",""チェック項目"":{""添付あり"":true},""各項目の重み"":1}",満たしたチェック項目の数を段階として選んでください。,"[""満たした項目が0個"",""満たした項目が1個""]",1
gen-choice-06-030,choice,generated,時間枠の包含,"""部屋の連続利用可能時間: 黄室は15時から19時まで、白室は12時から16時まで、茶室は15時から18時まで、紫室は13時から17時まで、青室は13時から16時まで、赤室は15時から18時まで、黒室は13時から16時まで、緑室は12時から16時まで。会議は14時開始、17時終了です。""",会議開始から終了まで空いている部屋はどれですか。境界時刻が一致していても利用できます。,"{""黒"":""黒室"",""緑"":""緑室"",""青"":""青室"",""赤"":""赤室"",""紫"":""紫室"",""茶"":""茶室"",""黄"":""黄室"",""白"":""白室""}",紫
gen-score-12-004,score,generated,目標からの差,"{""案件"":""山道"",""目標数"":12,""実績数"":12,""採点"":""差の絶対値。ただし2以上は段階2""}",目標からのずれの段階を選んでください。,"[""目標との差が0個"",""目標との差が1個"",""目標との差が2個以上""]",0
gen-noul-03-049,noul,generated,いずれかの条件,"{""いずれか一つ以上必要"":[""当日券"",""招待券"",""会員証""],""所持状況"":{""当日券"":false,""招待券"":false,""会員証"":false},""対象"":""渡辺""}",記載された条件で受付を通れますか。,"{""false"":""いいえ。質問の命題は成立しない。"",""true"":""はい。質問の命題が成立する。""}",false
gen-noul-02-017,noul,generated,全条件の充足,"{""すべて必要な条件"":[""講習受講"",""同意書提出""],""対象"":""中村"",""完了状況"":{""講習受講"":false,""同意書提出"":false}}",規則に照らし、この人の利用資格は成立しますか。,"{""false"":""いいえ。質問の命題は成立しない。"",""true"":""はい。質問の命題が成立する。""}",false
gen-score-11-030,score,generated,時刻順の評価更新,"{""案件"":""白波"",""評価更新"":[{""時刻"":9,""段階"":2},{""時刻"":14,""段階"":3},{""時刻"":20,""段階"":2}],""採用規則"":""最新時刻だけを採用""}",最後に更新された有効な段階はいくつですか。,"[""評価段階0"",""評価段階1"",""評価段階2"",""評価段階3"",""評価段階4"",""評価段階5"",""評価段階6"",""評価段階7""]",2
gen-noul-12-024,noul,generated,記録と主張の照合,"""木漏れ日施設の入口について、いま確認した確定記録は北口は半分だけ開いている、南口は完全に開いている、東口は完全に開いている、西口は半分だけ開いている、裏口は半分だけ開いている、搬入口は完全に閉じているです。現在の判断にはこの確定記録だけを使います。""",確定情報から、裏口は半分だけ開いていると言えますか。,"{""false"":""いいえ。質問の命題は成立しない。"",""true"":""はい。質問の命題が成立する。""}",true
gen-choice-10-039,choice,generated,不在時の代理,"""担当者: 夕凪は木村、山道は山田、青空は渡辺。代理者: 木村の代理は山田、山田の代理は渡辺、渡辺の代理は木村。本日の不在者はなし。問い合わせ先の案件は山道です。代理への振替は一回だけ行い、その先の不在は判定しません。""",一回だけの代理振替を適用した後の宛先を答えてください。,"{""木村"":""木村さん"",""渡辺"":""渡辺さん"",""山田"":""山田さん""}",山田
gen-noul-05-005,noul,generated,締切の境界,"""山道の提出は18時ちょうどまで受け付け、同時刻の提出も有効です。森さんの提出記録は20時ちょうどです。""",記録された提出時刻は締切内ですか。,"{""false"":""いいえ。質問の命題は成立しない。"",""true"":""はい。質問の命題が成立する。""}",false
gen-noul-14-003,noul,generated,予定時間の重なり,"""木村さんの予定: 青空会議は10時から13時、面談は7時から10時。終了と次の開始が同時刻の場合は重複とは扱いません。""",同時に二つの予定に出席しなければならない時間がありますか。,"{""false"":""いいえ。質問の命題は成立しない。"",""true"":""はい。質問の命題が成立する。""}",false
gen-noul-15-033,noul,generated,出来事の前後関係,"""渡辺さんの作業日誌は実施順に電話連絡→引継ぎ→荷物受取→棚への配置→検品→休憩→報告です。記載した各作業は一回ずつ実施しました。""",電話連絡は荷物受取より前に行われましたか。,"{""false"":""いいえ。質問の命題は成立しない。"",""true"":""はい。質問の命題が成立する。""}",true
gen-score-07-028,score,generated,証拠の最高到達段階,"""この調査固有の証拠段階表: 第三者確認は段階1、署名済み文書は段階2、写真記録は段階3、口頭メモは段階4、一次資料は段階5。山道で得られた証拠は第三者確認、署名済み文書、口頭メモ、写真記録。複数ある場合は最大の段階を使い、なければ0です。""",この調査の証拠段階を選んでください。,"[""証拠なしの段階0"",""表に基づく最高証拠段階1"",""表に基づく最高証拠段階2"",""表に基づく最高証拠段階3"",""表に基づく最高証拠段階4"",""表に基づく最高証拠段階5""]",4
gen-noul-09-031,noul,generated,重複を除いた件数,"""星空棚で読み取った品名は袋、ファイル、クリップ、ラベル、ノート、冊子、袋、付箋、カードでした。同じ品名の繰り返しは一種類として数えます。""",品物の種類は2種類以上ありますか。,"{""false"":""いいえ。質問の命題は成立しない。"",""true"":""はい。質問の命題が成立する。""}",true
gen-score-10-017,score,generated,不足の段階,"{""申請"":""木漏れ日"",""必要書類"":[""申込書""],""届いた書類"":[""申込書""],""余分な書類で代用できる"":false}",必要書類の不足数に対応する段階を選んでください。,"[""不足が0種類"",""不足が1種類""]",0
gen-choice-10-022,choice,generated,不在時の代理,"""担当者: 白波は渡辺、灯台は吉田、水面は青木、青空は林、木漏れ日は遠藤、春風は森、若葉は中村。代理者: 渡辺の代理は吉田、吉田の代理は青木、青木の代理は林、林の代理は遠藤、遠藤の代理は森、森の代理は中村、中村の代理は渡辺。本日の不在者は遠藤、森、渡辺。問い合わせ先の案件は白波です。代理への振替は一回だけ行い、その先の不在は判定しません。""",一回だけの代理振替を適用した後の宛先を答えてください。,"{""吉田"":""吉田さん"",""渡辺"":""渡辺さん"",""青木"":""青木さん"",""林"":""林さん"",""遠藤"":""遠藤さん"",""森"":""森さん"",""中村"":""中村さん""}",吉田
gen-score-11-039,score,generated,時刻順の評価更新,"{""案件"":""夕凪"",""評価更新"":[{""時刻"":14,""段階"":2},{""時刻"":7,""段階"":0},{""時刻"":15,""段階"":1}],""採用規則"":""最新時刻だけを採用""}",最後に更新された有効な段階はいくつですか。,"[""評価段階0"",""評価段階1"",""評価段階2""]",1
gen-score-07-004,score,generated,証拠の最高到達段階,"""この調査固有の証拠段階表: 写真記録は段階1、担当者報告は段階2。草原で得られた証拠は写真記録。複数ある場合は最大の段階を使い、なければ0です。""",この調査の証拠段階を選んでください。,"[""証拠なしの段階0"",""表に基づく最高証拠段階1"",""表に基づく最高証拠段階2""]",1
gen-noul-09-045,noul,generated,重複を除いた件数,"{""棚"":""青空"",""読み取り品名"":[""用紙"",""用紙"",""用紙"",""付箋"",""ファイル"",""テープ"",""テープ"",""テープ""],""数え方"":""同一品名の重複を除く""}",品物の種類は4種類以上ありますか。,"{""false"":""いいえ。質問の命題は成立しない。"",""true"":""はい。質問の命題が成立する。""}",true
gen-score-14-029,score,generated,参照表の順序尺度,"{""検査対象"":""朝露"",""今回の対応表"":{""青"":0,""赤"":1,""緑"":2,""黒"":3,""茶"":4,""紫"":5,""白"":6},""確定票の印"":""茶""}",検査票の印を指定尺度に変換してください。,"[""表による段階0"",""表による段階1"",""表による段階2"",""表による段階3"",""表による段階4"",""表による段階5"",""表による段階6""]",4
gen-choice-03-008,choice,generated,最終更新,"""案件「白波」の記録です。16時の更新: 未着手。 17時の更新: 未着手。 11時の更新: 未着手。 18時の更新: 未着手。 8時の更新: 承認。""",最後の時刻の記録が有効です。現在の状態はどれですか。,"{""承認"":""承認"",""未着手"":""未着手""}",未着手
gen-choice-11-026,choice,generated,小数量の比較,"""入出庫記録: 袋は在庫16個、そのうち予約5個、冊子は在庫1個、そのうち予約0個、ケースは在庫0個、そのうち予約0個。予約分は自由在庫に含めません。""",今使える個数が最も少ない品を答えてください。,"{""袋"":""袋"",""ケース"":""ケース"",""冊子"":""冊子""}",ケース
gen-noul-05-043,noul,generated,締切の境界,"{""受付規則"":""15時ちょうどまで受け付け、同時刻の提出も有効"",""提出者"":""松本"",""提出時刻"":16}",この提出は時間条件を満たしていますか。,"{""false"":""いいえ。質問の命題は成立しない。"",""true"":""はい。質問の命題が成立する。""}",false
gen-score-10-013,score,generated,不足の段階,"""水面申請で必要なものは申込書、受領票、確認票、見積書。届いたものは見積書、受領票、申込書、確認票です。必要一覧にない書類は不足を埋めません。""",未提出の必要書類はいくつの段階ですか。,"[""不足が0種類"",""不足が1種類"",""不足が2種類"",""不足が3種類"",""不足が4種類""]",0
gen-score-12-017,score,generated,目標からの差,"""木漏れ日の目標数は15個、実績は15個です。多すぎても少なすぎても、目標から何個離れたかで評価します。差が1個以上なら最終段階1にまとめます。""",不足・超過の向きではなく差の大きさで評価してください。,"[""目標との差が0個"",""目標との差が1個以上""]",0
gen-noul-06-038,noul,generated,更新後の状態,"""朝露の状態記録: 10時には満席、19時には満席、20時には満席、11時には使用可能、7時には満席。時刻が新しい記録が古い記録を上書きします。""",最新の有効な記録から「満席」と言えますか。,"{""false"":""いいえ。質問の命題は成立しない。"",""true"":""はい。質問の命題が成立する。""}",true
gen-noul-09-024,noul,generated,重複を除いた件数,"""朝露棚で読み取った品名はテープ、ペン、ペン、ノート、ペン、ノートでした。同じ品名の繰り返しは一種類として数えます。""",異なる品名だけ数えると4種類以上ですか。,"{""false"":""いいえ。質問の命題は成立しない。"",""true"":""はい。質問の命題が成立する。""}",false
gen-choice-05-018,choice,generated,否定条件で選択,"""検品記録: ペンは封ありで濡れている、用紙は封ありで濡れていない、付箋は封なしで濡れていない。""",濡れた品は除外し、封がない品を一つ選んでください。,"{""用紙"":""用紙"",""ペン"":""ペン"",""付箋"":""付箋""}",付箋
gen-noul-10-006,noul,generated,条件付き義務,"""規則: 社外向けのときだけ記録票の保存が必須です。それ以外の場合にはこの義務はなく、実施していても構いません。今回の案件は社外向けに非該当で、記録票の保存は未実施です。""",この義務に関して、規則上問題なしと判定できますか。,"{""false"":""いいえ。質問の命題は成立しない。"",""true"":""はい。質問の命題が成立する。""}",true
gen-noul-08-028,noul,generated,集合と否定所属,"""朝露の参加者名簿は林、渡辺です。この名簿は完全で、記載のない人は参加者ではありません。""",青木さんは参加者ではないと言えますか。,"{""false"":""いいえ。質問の命題は成立しない。"",""true"":""はい。質問の命題が成立する。""}",true
gen-noul-15-041,noul,generated,出来事の前後関係,"""渡辺さんの作業日誌は実施順に検品→引継ぎ→荷物受取→伝票記入→電話連絡→報告→休憩→棚への配置です。記載した各作業は一回ずつ実施しました。""",『検品が先、棚への配置が後』という順序は正しいですか。,"{""false"":""いいえ。質問の命題は成立しない。"",""true"":""はい。質問の命題が成立する。""}",true
gen-noul-15-040,noul,generated,出来事の前後関係,"{""担当者"":""森"",""実施順"":[""検品"",""報告"",""休憩"",""電話連絡""],""各作業の実施回数"":1}",日誌では休憩の方が検品より先ですか。,"{""false"":""いいえ。質問の命題は成立しない。"",""true"":""はい。質問の命題が成立する。""}",false
gen-noul-12-032,noul,generated,記録と主張の照合,"{""施設"":""夕凪"",""入口ごとの現在の確定記録"":{""北口"":""半分だけ開いている"",""南口"":""完全に閉じている"",""東口"":""完全に開いている"",""西口"":""完全に開いている"",""裏口"":""完全に開いている"",""搬入口"":""完全に開いている""},""判定資料"":""現在の確定記録のみ""}",いま裏口が完全に開いているという判断は正しいですか。,"{""false"":""いいえ。質問の命題は成立しない。"",""true"":""はい。質問の命題が成立する。""}",true
gen-choice-05-009,choice,generated,否定条件で選択,"{""検品"":[{""品名"":""カード"",""封がある"":true,""濡れている"":false},{""品名"":""ペン"",""封がある"":false,""濡れている"":false},{""品名"":""用紙"",""封がある"":true,""濡れている"":false}]}",対象は『封がない』『濡れていない』の両方を満たす品です。どれですか。,"{""ペン"":""ペン"",""用紙"":""用紙"",""カード"":""カード""}",ペン
gen-choice-11-047,choice,generated,小数量の比較,"""入出庫記録: クリップは在庫11個、そのうち予約2個、カードは在庫6個、そのうち予約2個、付箋は在庫7個、そのうち予約1個、ケースは在庫14個、そのうち予約3個。予約分は自由在庫に含めません。""",自由在庫が最も多い品を選んでください。,"{""付箋"":""付箋"",""ケース"":""ケース"",""クリップ"":""クリップ"",""カード"":""カード""}",ケース
gen-choice-07-031,choice,generated,複数属性の制約,"""在庫表: 名札は青色・木製・在庫あり、付箋は青色・木製・在庫なし、カードは黄色・木製・在庫あり、ノートは青色・ガラス製・在庫あり、ペンは青色・木製・在庫なし、シールは紫色・木製・在庫あり、冊子は黒色・木製・在庫あり。""",今注文できる木製の青色の商品を答えてください。在庫なしは選べません。,"{""名札"":""名札"",""ペン"":""ペン"",""付箋"":""付箋"",""カード"":""カード"",""冊子"":""冊子"",""シール"":""シール"",""ノート"":""ノート""}",名札
gen-choice-12-014,choice,generated,条件付き不足書類,"""書類確認の優先順は申込書→本人確認票→受領票。本人確認票だけは代理申請の場合に限って必要で、それ以外は常に必要です。今回は本人申請。提出済みは申込書、受領票、本人確認票です。""",必要な不足書類を先頭から一つだけ案内します。どれですか。必要書類に不足がなければ追加不要です。,"{""本人確認票"":""本人確認票"",""申込書"":""申込書"",""受領票"":""受領票"",""追加不要"":""必要書類はすべて提出済み""}",追加不要
gen-noul-02-050,noul,generated,全条件の充足,"{""すべて必要な条件"":[""会費支払い"",""同意書提出"",""事前登録""],""対象"":""渡辺"",""完了状況"":{""会費支払い"":true,""同意書提出"":true,""事前登録"":true}}",規則に照らし、この人の利用資格は成立しますか。,"{""false"":""いいえ。質問の命題は成立しない。"",""true"":""はい。質問の命題が成立する。""}",true
gen-choice-03-036,choice,generated,最終更新,"""案件「朝露」の記録です。8時の更新: 発送済み。 18時の更新: 発送済み。 15時の更新: 確認中。 10時の更新: 未着手。 16時の更新: 発送済み。""",最後の時刻の記録が有効です。現在の状態はどれですか。,"{""取消"":""取消"",""発送済み"":""発送済み"",""未着手"":""未着手"",""確認中"":""確認中""}",発送済み
gen-score-03-021,score,generated,順番に進む工程,"{""案件"":""草原"",""工程順"":[""調査"",""承認""],""完了済み"":[""調査"",""承認""],""着手中は完了に含めない"":true}",工程の完了状況を段階尺度で評価してください。,"[""完了した工程はまだない"",""先頭から1工程が完了（最後に完了したのは調査）"",""先頭から2工程が完了（最後に完了したのは承認）""]",2
gen-noul-04-028,noul,generated,例外の優先,"""規則: 登録済みであれば水面を利用できます。ただし利用停止中なら利用できません。森さんは登録済みに該当、利用停止中に非該当です。""",この人は現在、利用可能ですか。,"{""false"":""いいえ。質問の命題は成立しない。"",""true"":""はい。質問の命題が成立する。""}",true
gen-noul-08-006,noul,generated,集合と否定所属,"""夕凪の参加者名簿は石田、木村、佐藤、遠藤です。この名簿は完全で、記載のない人は参加者ではありません。""",佐藤さんは参加者であると言えますか。,"{""false"":""いいえ。質問の命題は成立しない。"",""true"":""はい。質問の命題が成立する。""}",true
gen-score-09-005,score,generated,例外による上限,"{""検査合格"":{""記録"":true,""包装"":false,""付属品"":false},""要再確認の印あり"":false,""採点規則"":""合格数が点数。ただし印があれば上限0点""}",単純な合格数ではなく、上限ルール適用後の点数を求めてください。,"[""最終点0点"",""最終点1点"",""最終点2点"",""最終点3点""]",1
gen-choice-07-010,choice,generated,複数属性の制約,"{""在庫表"":[{""品名"":""冊子"",""色"":""赤"",""素材"":""紙"",""在庫あり"":true},{""品名"":""袋"",""色"":""青"",""素材"":""紙"",""在庫あり"":true},{""品名"":""ファイル"",""色"":""青"",""素材"":""紙"",""在庫あり"":false},{""品名"":""ケース"",""色"":""青"",""素材"":""紙"",""在庫あり"":false}]}",青色で紙製、在庫もある品を選んでください。,"{""ファイル"":""ファイル"",""ケース"":""ケース"",""冊子"":""冊子"",""袋"":""袋""}",袋
gen-choice-15-048,choice,generated,文章内の順序参照,"""白波会議では、発表者を発表順に「木村、林」と紹介しました。同じ人の再登場はありません。""",紹介された順番で1人目に発表する人は誰ですか。,"{""林"":""林さん"",""木村"":""木村さん""}",木村
gen-noul-12-003,noul,generated,記録と主張の照合,"""星空施設の入口について、いま確認した確定記録は北口は半分だけ開いている、南口は4分の1だけ開いている、東口は半分だけ開いている、西口は完全に閉じている、裏口は4分の1だけ開いている、搬入口は4分の1だけ開いているです。現在の判断にはこの確定記録だけを使います。""",いま東口が完全に開いているという判断は正しいですか。,"{""false"":""いいえ。質問の命題は成立しない。"",""true"":""はい。質問の命題が成立する。""}",false
gen-score-09-008,score,generated,例外による上限,"""検査合格状況: 寸法は合格、付属品は合格、包装は合格、外観は不合格、表示は合格、記録は合格。合格項目一つにつき1点ですが、要再確認の印があれば上限1点に制限します。今回その印はあります。""",上限制限を適用した最終点を選んでください。,"[""最終点0点"",""最終点1点"",""最終点2点"",""最終点3点"",""最終点4点"",""最終点5点"",""最終点6点""]",1
gen-noul-06-024,noul,generated,更新後の状態,"{""対象"":""夕凪"",""更新記録"":[{""時刻"":7,""状態"":""空席あり""},{""時刻"":21,""状態"":""空席あり""},{""時刻"":16,""状態"":""満席""},{""時刻"":18,""状態"":""使用可能""},{""時刻"":19,""状態"":""満席""}],""規則"":""最新時刻の記録が有効""}",現在の状態は「空席あり」ですか。,"{""false"":""いいえ。質問の命題は成立しない。"",""true"":""はい。質問の命題が成立する。""}",true
gen-choice-10-015,choice,generated,不在時の代理,"{""案件担当"":{""山道"":""森"",""朝露"":""高橋"",""若葉"":""林"",""青空"":""大野""},""代理者"":{""森"":""高橋"",""高橋"":""林"",""林"":""大野"",""大野"":""森""},""不在者"":[""森"",""大野""],""案件"":""青空"",""ルール"":""担当者が不在なら指定代理に一度だけ振替。代理の在席状況は問わない""}",本日の規則に従う連絡相手を選んでください。,"{""大野"":""大野さん"",""森"":""森さん"",""林"":""林さん"",""高橋"":""高橋さん""}",森
gen-choice-06-011,choice,generated,時間枠の包含,"{""空き時間"":[{""部屋"":""緑"",""開始"":10,""終了"":15},{""部屋"":""白"",""開始"":13,""終了"":15}],""会議開始"":12,""会議終了"":14}",会議時間の一部だけでなく全体を含む空き時間を持つ部屋を答えてください。端の一致は可です。,"{""白"":""白室"",""緑"":""緑室""}",緑
gen-choice-05-012,choice,generated,否定条件で選択,"""検品記録: シールは封ありで濡れていない、用紙は封なしで濡れている、封筒は封ありで濡れていない、テープは封なしで濡れていない、袋は封なしで濡れている、箱は封ありで濡れている、名札は封ありで濡れていない。""",対象は『封がない』『濡れていない』の両方を満たす品です。どれですか。,"{""箱"":""箱"",""テープ"":""テープ"",""封筒"":""封筒"",""袋"":""袋"",""シール"":""シール"",""用紙"":""用紙"",""名札"":""名札""}",テープ
gen-choice-06-002,choice,generated,時間枠の包含,"{""空き時間"":[{""部屋"":""青"",""開始"":13,""終了"":14},{""部屋"":""緑"",""開始"":14,""終了"":15},{""部屋"":""黄"",""開始"":14,""終了"":16},{""部屋"":""黒"",""開始"":11,""終了"":13},{""部屋"":""茶"",""開始"":14,""終了"":15}],""会議開始"":13,""会議終了"":14}",会議開始から終了まで空いている部屋はどれですか。境界時刻が一致していても利用できます。,"{""緑"":""緑室"",""黒"":""黒室"",""青"":""青室"",""黄"":""黄室"",""茶"":""茶室""}",青
gen-choice-15-020,choice,generated,文章内の順序参照,"{""会議"":""灯台"",""発表順"":[""大野"",""遠藤"",""中村"",""林"",""佐藤"",""山田""]}",発表順の先頭から1番目にいる人を答えてください。,"{""山田"":""山田さん"",""大野"":""大野さん"",""中村"":""中村さん"",""佐藤"":""佐藤さん"",""遠藤"":""遠藤さん"",""林"":""林さん""}",大野
gen-choice-12-039,choice,generated,条件付き不足書類,"""書類確認の優先順は同意書→本人確認票→受領票→申込書→委任状→見積書。本人確認票だけは代理申請の場合に限って必要で、それ以外は常に必要です。今回は代理申請。提出済みは受領票、本人確認票、申込書、見積書です。""",申請区分に応じて必要書類を確認し、最優先で追加提出を求めるものを答えてください。なければ追加不要です。,"{""追加不要"":""必要書類はすべて提出済み"",""委任状"":""委任状"",""同意書"":""同意書"",""受領票"":""受領票"",""本人確認票"":""本人確認票"",""見積書"":""見積書"",""申込書"":""申込書""}",同意書
gen-choice-06-042,choice,generated,時間枠の包含,"""部屋の連続利用可能時間: 茶室は12時から15時まで、赤室は13時から14時まで、白室は15時から16時まで、紫室は15時から17時まで、緑室は15時から16時まで、黄室は15時から17時まで、青室は13時から14時まで。会議は14時開始、15時終了です。""",会議時間の一部だけでなく全体を含む空き時間を持つ部屋を答えてください。端の一致は可です。,"{""茶"":""茶室"",""紫"":""紫室"",""白"":""白室"",""黄"":""黄室"",""赤"":""赤室"",""青"":""青室"",""緑"":""緑室""}",茶
gen-noul-13-039,noul,generated,範囲の開閉境界,"{""下限条件"":""1個以上"",""上限条件"":""7個以下"",""今回の個数"":2,""関係"":""両方を満たすこと""}",今回の個数は適合範囲に入っていますか。,"{""false"":""いいえ。質問の命題は成立しない。"",""true"":""はい。質問の命題が成立する。""}",true
gen-choice-11-028,choice,generated,小数量の比較,"{""在庫"":[{""品名"":""用紙"",""総在庫"":6,""予約分"":5},{""品名"":""カード"",""総在庫"":11,""予約分"":1}],""自由在庫"":""総在庫から予約分を引く""}",今使える個数が最も多い品を答えてください。,"{""用紙"":""用紙"",""カード"":""カード""}",カード
gen-score-13-002,score,generated,取消しを反映した件数,"""朝露の申込み記録: 大野は受付済み・取消なし、林は受付済み・取消なし、松本は未受付・取消なし、加藤は未受付・取消なし、石田は受付済み・取消なし、木村は受付済み・取消なし、渡辺は未受付・取消なし、上田は未受付・取消なし。取消済みの申込みは有効件数から除きます。7件以上は最終段階7にまとめます。""",取消し後に残る有効申込み数を段階として選んでください。,"[""有効申込みが0件"",""有効申込みが1件"",""有効申込みが2件"",""有効申込みが3件"",""有効申込みが4件"",""有効申込みが5件"",""有効申込みが6件"",""有効申込みが7件以上""]",4
gen-score-10-034,score,generated,不足の段階,"{""申請"":""若葉"",""必要書類"":[""同意書"",""添付図"",""受領票"",""見積書""],""届いた書類"":[""見積書"",""参考資料""],""余分な書類で代用できる"":false}",必要書類の不足数に対応する段階を選んでください。,"[""不足が0種類"",""不足が1種類"",""不足が2種類"",""不足が3種類"",""不足が4種類""]",3
gen-noul-09-044,noul,generated,重複を除いた件数,"""青空棚で読み取った品名はファイル、クリップ、用紙、ラベル、クリップでした。同じ品名の繰り返しは一種類として数えます。""",品物の種類は5種類以上ありますか。,"{""false"":""いいえ。質問の命題は成立しない。"",""true"":""はい。質問の命題が成立する。""}",false
gen-choice-06-045,choice,generated,時間枠の包含,"{""空き時間"":[{""部屋"":""黄"",""開始"":8,""終了"":12},{""部屋"":""青"",""開始"":9,""終了"":14}],""会議開始"":10,""会議終了"":13}",会議時間の一部だけでなく全体を含む空き時間を持つ部屋を答えてください。端の一致は可です。,"{""青"":""青室"",""黄"":""黄室""}",青
gen-noul-05-034,noul,generated,締切の境界,"{""受付規則"":""16時ちょうどまで受け付け、同時刻の提出も有効"",""提出者"":""佐藤"",""提出時刻"":16}",記録された提出時刻は締切内ですか。,"{""false"":""いいえ。質問の命題は成立しない。"",""true"":""はい。質問の命題が成立する。""}",true
gen-noul-08-014,noul,generated,集合と否定所属,"""朝露の参加者名簿は佐藤、山田、加藤、遠藤、渡辺、木村、上田です。この名簿は完全で、記載のない人は参加者ではありません。""",森さんは参加者ではないと言えますか。,"{""false"":""いいえ。質問の命題は成立しない。"",""true"":""はい。質問の命題が成立する。""}",true
gen-score-14-001,score,generated,参照表の順序尺度,"{""検査対象"":""山道"",""今回の対応表"":{""緑"":0,""茶"":1,""白"":2,""黄"":3,""黒"":4,""紫"":5,""赤"":6},""確定票の印"":""緑""}",今回の対応表を使って検査票の段階を選んでください。,"[""表による段階0"",""表による段階1"",""表による段階2"",""表による段階3"",""表による段階4"",""表による段階5"",""表による段階6""]",0
gen-choice-01-021,choice,generated,問い合わせ経路,"{""分類表"":{""店舗"":[""営業時間"",""店内設備"",""店舗の場所""],""請求"":[""二重請求"",""領収書"",""返金""]},""本文"":""お店がどこにあるか知りたいです"",""受付主題"":""店舗の場所""}",分類表に従い、この問い合わせを担当する窓口を一つ選んでください。,"{""請求"":""請求の窓口"",""店舗"":""店舗の窓口""}",店舗
gen-noul-08-005,noul,generated,集合と否定所属,"{""催し"":""木漏れ日"",""完全な参加者名簿"":[""遠藤"",""青木"",""加藤"",""林""],""補足"":""名前のない人は参加者ではない""}",名簿に基づき、吉田さんが参加者であるという判断に同意できますか。,"{""false"":""いいえ。質問の命題は成立しない。"",""true"":""はい。質問の命題が成立する。""}",false
gen-choice-13-043,choice,generated,工程の依存順,"{""案件"":""草原"",""工程順"":[""内容確認"",""報告"",""受付"",""準備""],""完了済み"":[""内容確認"",""報告""],""規則"":""順に実行し未完了工程を飛ばさない""}",まだ済んでいない最初の工程は何ですか。存在しない場合は完了です。,"{""受付"":""受付"",""内容確認"":""内容確認"",""準備"":""準備"",""完了"":""全工程が完了"",""報告"":""報告""}",受付
gen-score-12-014,score,generated,目標からの差,"""若葉の目標数は13個、実績は12個です。多すぎても少なすぎても、目標から何個離れたかで評価します。差が5個以上なら最終段階5にまとめます。""",示された上限を含め、実績のずれを段階に変換してください。,"[""目標との差が0個"",""目標との差が1個"",""目標との差が2個"",""目標との差が3個"",""目標との差が4個"",""目標との差が5個以上""]",1
gen-noul-07-045,noul,generated,識別文字列の完全一致,"""商品ラベルの管理コードは「AB9-D」、注文票の管理コードは「AB9-D」です。照合では大文字と小文字、記号の違いも区別します。""",同一コードとして扱ってよいですか。,"{""false"":""いいえ。質問の命題は成立しない。"",""true"":""はい。質問の命題が成立する。""}",true
gen-score-12-020,score,generated,目標からの差,"""春風の目標数は9個、実績は9個です。多すぎても少なすぎても、目標から何個離れたかで評価します。差が4個以上なら最終段階4にまとめます。""",不足・超過の向きではなく差の大きさで評価してください。,"[""目標との差が0個"",""目標との差が1個"",""目標との差が2個"",""目標との差が3個"",""目標との差が4個以上""]",0
gen-score-13-007,score,generated,取消しを反映した件数,"""白波の申込み記録: 吉田は未受付・取消なし、木村は未受付・取消なし、林は受付済み・取消なし、佐藤は未受付・取消なし、加藤は未受付・取消なし。取消済みの申込みは有効件数から除きます。5件以上は最終段階5にまとめます。""",受付済みから取消済みを除いた件数はいくつの段階ですか。,"[""有効申込みが0件"",""有効申込みが1件"",""有効申込みが2件"",""有効申込みが3件"",""有効申込みが4件"",""有効申込みが5件以上""]",1
gen-noul-12-020,noul,generated,記録と主張の照合,"{""施設"":""白波"",""入口ごとの現在の確定記録"":{""北口"":""完全に閉じている"",""南口"":""4分の1だけ開いている"",""東口"":""半分だけ開いている"",""西口"":""完全に閉じている"",""裏口"":""4分の1だけ開いている"",""搬入口"":""完全に閉じている""},""判定資料"":""現在の確定記録のみ""}",確定情報から、東口は半分だけ開いていると言えますか。,"{""false"":""いいえ。質問の命題は成立しない。"",""true"":""はい。質問の命題が成立する。""}",true
gen-choice-07-015,choice,generated,複数属性の制約,"{""在庫表"":[{""品名"":""ノート"",""色"":""紫"",""素材"":""樹脂"",""在庫あり"":true},{""品名"":""カード"",""色"":""茶"",""素材"":""樹脂"",""在庫あり"":true}]}",必要条件は茶色、樹脂製、在庫ありの三つです。全部に合う品はどれですか。,"{""カード"":""カード"",""ノート"":""ノート""}",カード
gen-score-08-003,score,generated,要件への一致数,"""注文要件: サイズ=中。提案品: サイズ=小。""",各属性の完全一致を一点として採点してください。,"[""一致した要件が0項目"",""一致した要件が1項目""]",0
gen-choice-13-031,choice,generated,工程の依存順,"{""案件"":""青空"",""工程順"":[""報告"",""承認"",""内容確認"",""見積作成"",""受付"",""準備"",""実施""],""完了済み"":[""報告"",""承認"",""内容確認"",""見積作成"",""受付"",""準備""],""規則"":""順に実行し未完了工程を飛ばさない""}",次に行う工程を選んでください。すべて済んでいれば完了を選びます。,"{""内容確認"":""内容確認"",""受付"":""受付"",""準備"":""準備"",""承認"":""承認"",""報告"":""報告"",""実施"":""実施"",""見積作成"":""見積作成"",""完了"":""全工程が完了""}",実施
gen-noul-07-043,noul,generated,識別文字列の完全一致,"""商品ラベルの管理コードは「GH9-A」、注文票の管理コードは「GH9-A」です。照合では大文字と小文字、記号の違いも区別します。""",二つの管理コードは完全一致していますか。,"{""false"":""いいえ。質問の命題は成立しない。"",""true"":""はい。質問の命題が成立する。""}",true
gen-choice-14-019,choice,generated,二属性照合,"{""展示品"":[{""品名"":""テープ"",""色"":""黄"",""素材"":""紙""},{""品名"":""ファイル"",""色"":""緑"",""素材"":""布""},{""品名"":""ケース"",""色"":""赤"",""素材"":""金属""}],""指定色"":""黄"",""指定素材"":""紙""}",二つの指定を同時に満たす展示品はどれですか。,"{""テープ"":""テープ"",""ケース"":""ケース"",""ファイル"":""ファイル""}",テープ
gen-noul-15-036,noul,generated,出来事の前後関係,"""中村さんの作業日誌は実施順に棚への配置→伝票記入→報告→荷物受取です。記載した各作業は一回ずつ実施しました。""",『荷物受取が先、棚への配置が後』という順序は正しいですか。,"{""false"":""いいえ。質問の命題は成立しない。"",""true"":""はい。質問の命題が成立する。""}",false
gen-noul-10-042,noul,generated,条件付き義務,"""規則: 夜間受付のときだけ受付印の押印が必須です。それ以外の場合にはこの義務はなく、実施していても構いません。今回の案件は夜間受付に該当で、受付印の押印は実施済みです。""",この案件は記載された義務のルールに違反していませんか。違反がなければはいです。,"{""false"":""いいえ。質問の命題は成立しない。"",""true"":""はい。質問の命題が成立する。""}",true
gen-score-04-040,score,generated,独立チェックの合計,"{""資料"":""水面"",""チェック項目"":{""題名あり"":true},""各項目の重み"":1}",満たしたチェック項目の数を段階として選んでください。,"[""満たした項目が0個"",""満たした項目が1個""]",1
gen-score-12-048,score,generated,目標からの差,"{""案件"":""灯台"",""目標数"":15,""実績数"":19,""採点"":""差の絶対値。ただし4以上は段階4""}",目標からのずれの段階を選んでください。,"[""目標との差が0個"",""目標との差が1個"",""目標との差が2個"",""目標との差が3個"",""目標との差が4個以上""]",4
gen-score-02-044,score,generated,記述の満足段階,"""大野さんは水面の体験について「完全ではないが、少し満足している」と回答しました。追加の発言はありません。""",回答者が表明した満足の程度を分類してください。,"[""不満"",""やや満足"",""強い満足"",""最高の満足""]",1
gen-noul-10-009,noul,generated,条件付き義務,"""規則: 社外向けのときだけ控えの交付が必須です。それ以外の場合にはこの義務はなく、実施していても構いません。今回の案件は社外向けに該当で、控えの交付は未実施です。""",この案件は記載された義務のルールに違反していませんか。違反がなければはいです。,"{""false"":""いいえ。質問の命題は成立しない。"",""true"":""はい。質問の命題が成立する。""}",false
gen-score-07-029,score,generated,証拠の最高到達段階,"{""調査"":""灯台"",""この調査の証拠段階"":{""担当者報告"":1,""口頭メモ"":2,""署名済み文書"":3,""一次資料"":4,""第三者確認"":5,""監査記録"":6},""得られた証拠"":[""担当者報告"",""署名済み文書"",""一次資料""],""集約規則"":""得られた段階の最大。証拠なしは0""}",この調査の証拠段階を選んでください。,"[""証拠なしの段階0"",""表に基づく最高証拠段階1"",""表に基づく最高証拠段階2"",""表に基づく最高証拠段階3"",""表に基づく最高証拠段階4"",""表に基づく最高証拠段階5"",""表に基づく最高証拠段階6""]",4
gen-noul-12-005,noul,generated,記録と主張の照合,"""白波施設の入口について、いま確認した確定記録は北口は4分の1だけ開いている、南口は完全に開いている、東口は完全に開いている、西口は完全に閉じている、裏口は完全に閉じている、搬入口は完全に開いているです。現在の判断にはこの確定記録だけを使います。""",いま西口が半分だけ開いているという判断は正しいですか。,"{""false"":""いいえ。質問の命題は成立しない。"",""true"":""はい。質問の命題が成立する。""}",false
gen-noul-06-041,noul,generated,更新後の状態,"{""対象"":""山道"",""更新記録"":[{""時刻"":17,""状態"":""停止中""},{""時刻"":18,""状態"":""停止中""},{""時刻"":21,""状態"":""空席あり""},{""時刻"":19,""状態"":""空席あり""},{""時刻"":20,""状態"":""停止中""}],""規則"":""最新時刻の記録が有効""}",現在の状態は「点検中」ですか。,"{""false"":""いいえ。質問の命題は成立しない。"",""true"":""はい。質問の命題が成立する。""}",false
gen-score-15-032,score,generated,軽重のある項目,"{""不備ごとの配点"":{""宛名不備"":2,""誤字"":1},""不備あり"":{""宛名不備"":false,""誤字"":true},""上限"":2}",見つかった不備の点数を合計し、上限を適用してください。,"[""不備点の合計が0点"",""不備点の合計が1点"",""不備点の合計が2点以上""]",1
gen-choice-15-017,choice,generated,文章内の順序参照,"""春風会議では、発表者を発表順に「渡辺、佐藤、石田、森、高橋、木村、林、吉田」と紹介しました。同じ人の再登場はありません。""",発表順の先頭から7番目にいる人を答えてください。,"{""佐藤"":""佐藤さん"",""吉田"":""吉田さん"",""木村"":""木村さん"",""森"":""森さん"",""林"":""林さん"",""石田"":""石田さん"",""渡辺"":""渡辺さん"",""高橋"":""高橋さん""}",林
gen-score-05-020,score,generated,緊急条件の加点,"{""案件"":""木漏れ日"",""基本優先度"":2,""締切までの残り時間"":1,""規則"":""残り2時間以内なら1加点、それより長ければ0加点。上限3""}",締切までの時間による条件を反映した段階を答えてください。,"[""最終優先度0"",""最終優先度1"",""最終優先度2"",""最終優先度3""]",3
gen-score-02-009,score,generated,記述の満足段階,"{""回答者"":""木村"",""対象"":""白波"",""感想原文"":""改善を求めたい。不満が残った""}",発言の意味に最も合う満足段階を選んでください。,"[""不満"",""やや満足"",""満足"",""最高の満足""]",0
gen-choice-10-044,choice,generated,不在時の代理,"{""案件担当"":{""水面"":""森"",""若葉"":""上田"",""白波"":""木村"",""青空"":""青木"",""山道"":""渡辺"",""灯台"":""中村"",""草原"":""松本""},""代理者"":{""森"":""上田"",""上田"":""木村"",""木村"":""青木"",""青木"":""渡辺"",""渡辺"":""中村"",""中村"":""松本"",""松本"":""森""},""不在者"":[""渡辺"",""青木"",""松本"",""木村""],""案件"":""水面"",""ルール"":""担当者が不在なら指定代理に一度だけ振替。代理の在席状況は問わない""}",本日の規則に従う連絡相手を選んでください。,"{""青木"":""青木さん"",""松本"":""松本さん"",""森"":""森さん"",""上田"":""上田さん"",""中村"":""中村さん"",""木村"":""木村さん"",""渡辺"":""渡辺さん""}",森
gen-noul-11-018,noul,generated,参照関係の真偽,"""担当表: 灯台は木村、山道は森、青空は佐藤。資料の関連先: ノートは灯台、箱は山道、名札は青空。""",箱に関連する案件の担当は木村さんですか。,"{""false"":""いいえ。質問の命題は成立しない。"",""true"":""はい。質問の命題が成立する。""}",false
gen-score-12-005,score,generated,目標からの差,"""白波の目標数は10個、実績は8個です。多すぎても少なすぎても、目標から何個離れたかで評価します。差が3個以上なら最終段階3にまとめます。""",目標からのずれの段階を選んでください。,"[""目標との差が0個"",""目標との差が1個"",""目標との差が2個"",""目標との差が3個以上""]",2
gen-choice-02-016,choice,generated,条件と優先例外,"""星空店では会員で購入数が6個以上なら優待扱いです。ただし予約品は購入数や会員資格にかかわらず通常扱いです。今回は13個、会員、予約品です。""",例外も踏まえて、今回の購入区分はどれですか。,"{""通常"":""通常の扱い"",""優待"":""優待の扱い""}",通常
gen-choice-14-048,choice,generated,二属性照合,"""展示品の札: テープは黒色・木製、ペンは茶色・木製、ファイルは緑色・布製、袋は紫色・金属製、ノートは白色・布製、ケースは青色・木製、箱は茶色・布製、付箋は白色・紙製。探しているのは白色の紙製です。""",色だけ・素材だけの一致では足りません。該当品を答えてください。,"{""袋"":""袋"",""ケース"":""ケース"",""テープ"":""テープ"",""箱"":""箱"",""ペン"":""ペン"",""付箋"":""付箋"",""ノート"":""ノート"",""ファイル"":""ファイル""}",付箋
gen-choice-05-033,choice,generated,否定条件で選択,"{""検品"":[{""品名"":""封筒"",""封がある"":true,""濡れている"":false},{""品名"":""冊子"",""封がある"":false,""濡れている"":true},{""品名"":""袋"",""封がある"":false,""濡れている"":false},{""品名"":""ラベル"",""封がある"":false,""濡れている"":true},{""品名"":""テープ"",""封がある"":false,""濡れている"":false},{""品名"":""シール"",""封がある"":true,""濡れている"":true},{""品名"":""箱"",""封がある"":false,""濡れている"":false}]}",封があるもので、かつ濡れていない品を選んでください。,"{""箱"":""箱"",""ラベル"":""ラベル"",""袋"":""袋"",""冊子"":""冊子"",""シール"":""シール"",""封筒"":""封筒"",""テープ"":""テープ""}",封筒
gen-choice-09-027,choice,generated,利用可能集合の差,"""貸出台帳で利用可能と記録されている品は名札、冊子。予約済みの品は冊子です。""",利用可能品のうち、予約されていない品を選んでください。,"{""名札"":""名札"",""冊子"":""冊子""}",名札
gen-noul-02-018,noul,generated,全条件の充足,"{""すべて必要な条件"":[""会費支払い"",""本人確認"",""事前登録""],""対象"":""山田"",""完了状況"":{""会費支払い"":true,""本人確認"":true,""事前登録"":true}}",この人は記載された利用条件をすべて満たしていますか。,"{""false"":""いいえ。質問の命題は成立しない。"",""true"":""はい。質問の命題が成立する。""}",true
gen-noul-12-031,noul,generated,記録と主張の照合,"{""施設"":""白波"",""入口ごとの現在の確定記録"":{""北口"":""4分の1だけ開いている"",""南口"":""完全に閉じている"",""東口"":""半分だけ開いている"",""西口"":""半分だけ開いている"",""裏口"":""完全に閉じている"",""搬入口"":""完全に閉じている""},""判定資料"":""現在の確定記録のみ""}",『現在の搬入口は4分の1だけ開いている』という主張は確定記録と一致しますか。,"{""false"":""いいえ。質問の命題は成立しない。"",""true"":""はい。質問の命題が成立する。""}",false
gen-choice-11-010,choice,generated,小数量の比較,"{""在庫"":[{""品名"":""袋"",""総在庫"":3,""予約分"":3},{""品名"":""シール"",""総在庫"":13,""予約分"":1},{""品名"":""用紙"",""総在庫"":13,""予約分"":3}],""自由在庫"":""総在庫から予約分を引く""}",予約分を差し引いた残りが一番少ないのはどれですか。,"{""用紙"":""用紙"",""袋"":""袋"",""シール"":""シール""}",袋
gen-score-03-045,score,generated,順番に進む工程,"""夕凪の工程順は承認→調査→受付→準備→報告。先頭から順に進め、完了済みは承認、調査です。着手中の工程は完了に含めません。""",完了済みの到達段階を選んでください。,"[""完了した工程はまだない"",""先頭から1工程が完了（最後に完了したのは承認）"",""先頭から2工程が完了（最後に完了したのは調査）"",""先頭から3工程が完了（最後に完了したのは受付）"",""先頭から4工程が完了（最後に完了したのは準備）"",""先頭から5工程が完了（最後に完了したのは報告）""]",2
gen-choice-13-040,choice,generated,工程の依存順,"{""案件"":""青空"",""工程順"":[""報告"",""準備"",""内容確認"",""見積作成"",""受付""],""完了済み"":[""報告"",""準備"",""内容確認""],""規則"":""順に実行し未完了工程を飛ばさない""}",まだ済んでいない最初の工程は何ですか。存在しない場合は完了です。,"{""内容確認"":""内容確認"",""見積作成"":""見積作成"",""準備"":""準備"",""報告"":""報告"",""受付"":""受付"",""完了"":""全工程が完了""}",見積作成
gen-score-05-005,score,generated,緊急条件の加点,"""星空の基本優先度は2です。締切まで残り2時間以内なら1だけ加点し、それより長ければ加点しません。上限は2です。今回は締切まで5時間です。""",条件付き加点後の優先度を選んでください。,"[""最終優先度0"",""最終優先度1"",""最終優先度2""]",2
gen-noul-03-038,noul,generated,いずれかの条件,"{""いずれか一つ以上必要"":[""会員証"",""招待券"",""紹介状"",""当日券""],""所持状況"":{""会員証"":true,""招待券"":true,""紹介状"":true,""当日券"":true},""対象"":""林""}",少なくとも一つの必要条件が成立していますか。,"{""false"":""いいえ。質問の命題は成立しない。"",""true"":""はい。質問の命題が成立する。""}",true
gen-score-13-023,score,generated,取消しを反映した件数,"""若葉の申込み記録: 松本は受付済み・取消なし、遠藤は受付済み・取消なし、木村は受付済み・取消なし、上田は受付済み・取消なし、石田は受付済み・取消なし、渡辺は受付済み・取消なし、林は受付済み・取消なし。取消済みの申込みは有効件数から除きます。7件以上は最終段階7にまとめます。""",取消し後に残る有効申込み数を段階として選んでください。,"[""有効申込みが0件"",""有効申込みが1件"",""有効申込みが2件"",""有効申込みが3件"",""有効申込みが4件"",""有効申込みが5件"",""有効申込みが6件"",""有効申込みが7件以上""]",7
gen-score-11-028,score,generated,時刻順の評価更新,"""星空の評価更新履歴: 8時に段階4、15時に段階4、18時に段階2、17時に段階1、7時に段階2。評価は最新時刻の値だけを採用します。""",現在採用すべき評価段階を選んでください。,"[""評価段階0"",""評価段階1"",""評価段階2"",""評価段階3"",""評価段階4"",""評価段階5""]",2
gen-noul-15-039,noul,generated,出来事の前後関係,"{""担当者"":""林"",""実施順"":[""報告"",""休憩"",""伝票記入"",""電話連絡"",""棚への配置"",""検品"",""引継ぎ""],""各作業の実施回数"":1}",日誌では報告の方が電話連絡より先ですか。,"{""false"":""いいえ。質問の命題は成立しない。"",""true"":""はい。質問の命題が成立する。""}",true
gen-choice-12-011,choice,generated,条件付き不足書類,"{""確認優先順"":[""申込書"",""委任状"",""同意書"",""本人確認票"",""受領票"",""見積書"",""承認書""],""代理申請だけに必要"":""同意書"",""代理申請"":true,""提出済み"":[""見積書"",""承認書""]}",未提出の必要書類のうち優先順が最初のものを選んでください。全部そろっていれば追加不要です。,"{""同意書"":""同意書"",""承認書"":""承認書"",""委任状"":""委任状"",""本人確認票"":""本人確認票"",""申込書"":""申込書"",""追加不要"":""必要書類はすべて提出済み"",""見積書"":""見積書"",""受領票"":""受領票""}",申込書
gen-score-06-022,score,generated,約束時刻からの遅れ,"""木漏れ日便は9時到着の約束でした。実際の到着は同じ日の12時です。早着した場合の遅れは0時間とします。""",到着の遅れを段階基準で評価してください。,"[""遅れが1時間未満"",""遅れが1時間以上、2時間未満"",""遅れが2時間以上、3時間未満"",""遅れが3時間以上、4時間未満"",""遅れが4時間以上、5時間未満"",""遅れが5時間以上、6時間未満"",""遅れが6時間以上""]",3
gen-noul-08-046,noul,generated,集合と否定所属,"""草原の参加者名簿は中村、松本、林、木村、加藤です。この名簿は完全で、記載のない人は参加者ではありません。""",『青木さんは参加者ではない』という記述は正しいですか。,"{""false"":""いいえ。質問の命題は成立しない。"",""true"":""はい。質問の命題が成立する。""}",true
gen-choice-15-016,choice,generated,文章内の順序参照,"{""会議"":""水面"",""発表順"":[""森"",""吉田"",""加藤"",""木村"",""青木"",""松本"",""中村"",""上田""]}",発表順の先頭から4番目にいる人を答えてください。,"{""松本"":""松本さん"",""加藤"":""加藤さん"",""中村"":""中村さん"",""木村"":""木村さん"",""吉田"":""吉田さん"",""上田"":""上田さん"",""青木"":""青木さん"",""森"":""森さん""}",木村
gen-choice-12-031,choice,generated,条件付き不足書類,"{""確認優先順"":[""受領票"",""見積書"",""承認書"",""委任状"",""本人確認票""],""代理申請だけに必要"":""本人確認票"",""代理申請"":true,""提出済み"":[""委任状"",""受領票"",""見積書"",""承認書"",""本人確認票""]}",必要な不足書類を先頭から一つだけ案内します。どれですか。必要書類に不足がなければ追加不要です。,"{""承認書"":""承認書"",""受領票"":""受領票"",""本人確認票"":""本人確認票"",""追加不要"":""必要書類はすべて提出済み"",""委任状"":""委任状"",""見積書"":""見積書""}",追加不要
gen-choice-09-002,choice,generated,利用可能集合の差,"{""利用可能品"":[""シール"",""テープ"",""カード"",""箱""],""予約済み品"":[""カード"",""テープ"",""箱""]}",利用可能品のうち、予約されていない品を選んでください。,"{""カード"":""カード"",""封筒"":""封筒"",""ペン"":""ペン"",""テープ"":""テープ"",""箱"":""箱"",""シール"":""シール""}",シール
gen-choice-10-031,choice,generated,不在時の代理,"{""案件担当"":{""朝露"":""吉田"",""春風"":""山田"",""青空"":""高橋"",""若葉"":""青木""},""代理者"":{""吉田"":""山田"",""山田"":""高橋"",""高橋"":""青木"",""青木"":""吉田""},""不在者"":[""吉田""],""案件"":""若葉"",""ルール"":""担当者が不在なら指定代理に一度だけ振替。代理の在席状況は問わない""}",一回だけの代理振替を適用した後の宛先を答えてください。,"{""高橋"":""高橋さん"",""山田"":""山田さん"",""吉田"":""吉田さん"",""青木"":""青木さん""}",青木
gen-choice-14-042,choice,generated,二属性照合,"{""展示品"":[{""品名"":""クリップ"",""色"":""青"",""素材"":""木""},{""品名"":""名札"",""色"":""緑"",""素材"":""金属""},{""品名"":""ファイル"",""色"":""黒"",""素材"":""布""},{""品名"":""箱"",""色"":""黄"",""素材"":""ガラス""},{""品名"":""付箋"",""色"":""緑"",""素材"":""布""},{""品名"":""冊子"",""色"":""緑"",""素材"":""ガラス""}],""指定色"":""黄"",""指定素材"":""ガラス""}",色だけ・素材だけの一致では足りません。該当品を答えてください。,"{""クリップ"":""クリップ"",""冊子"":""冊子"",""付箋"":""付箋"",""名札"":""名札"",""ファイル"":""ファイル"",""箱"":""箱""}",箱
gen-choice-09-011,choice,generated,利用可能集合の差,"""貸出台帳で利用可能と記録されている品は付箋、テープ、ノート、ファイル、封筒。予約済みの品はテープ、ファイル、ノート、付箋です。""",利用可能品のうち、予約されていない品を選んでください。,"{""テープ"":""テープ"",""ファイル"":""ファイル"",""ノート"":""ノート"",""付箋"":""付箋"",""封筒"":""封筒""}",封筒
gen-noul-07-037,noul,generated,識別文字列の完全一致,"""商品ラベルの管理コードは「RS4-D」、注文票の管理コードは「RS4-D」です。照合では大文字と小文字、記号の違いも区別します。""",指定された照合規則で一致と判定できますか。,"{""false"":""いいえ。質問の命題は成立しない。"",""true"":""はい。質問の命題が成立する。""}",true
gen-score-15-046,score,generated,軽重のある項目,"""この点検の配点: 頁番号欠落は2点、日付欠落は1点。見つかった不備: なし。該当項目の点を合計し、2点以上は段階2にまとめます。""",見つかった不備の点数を合計し、上限を適用してください。,"[""不備点の合計が0点"",""不備点の合計が1点"",""不備点の合計が2点以上""]",0
gen-score-08-020,score,generated,要件への一致数,"{""注文要件"":{""形"":""四角"",""素材"":""木"",""印字"":""片面のみ"",""包装"":""袋""},""提案品"":{""形"":""丸"",""素材"":""紙"",""印字"":""片面のみ"",""包装"":""袋""}}",注文要件と一致している属性の数を段階として選んでください。,"[""一致した要件が0項目"",""一致した要件が1項目"",""一致した要件が2項目"",""一致した要件が3項目"",""一致した要件が4項目""]",2
gen-choice-09-028,choice,generated,利用可能集合の差,"{""利用可能品"":[""カード"",""シール"",""ラベル""],""予約済み品"":[""シール"",""クリップ"",""ラベル""]}",予約済みを利用可能一覧から除いたとき、残る品を答えてください。,"{""クリップ"":""クリップ"",""付箋"":""付箋"",""ノート"":""ノート"",""ラベル"":""ラベル"",""用紙"":""用紙"",""カード"":""カード"",""シール"":""シール"",""テープ"":""テープ""}",カード
gen-score-01-030,score,generated,件数の段階境界,"""草原で確認待ちの申請を数えたところ、現在2件でした。処理済みは数に含めていません。""",記録された数に対応する段階を選んでください。,"[""対象件数が2件未満"",""対象件数が2件以上、4件未満"",""対象件数が4件以上""]",1
gen-choice-12-040,choice,generated,条件付き不足書類,"{""確認優先順"":[""本人確認票"",""同意書"",""承認書"",""受領票"",""委任状"",""申込書"",""見積書""],""代理申請だけに必要"":""申込書"",""代理申請"":false,""提出済み"":[]}",必要な不足書類を先頭から一つだけ案内します。どれですか。必要書類に不足がなければ追加不要です。,"{""受領票"":""受領票"",""追加不要"":""必要書類はすべて提出済み"",""委任状"":""委任状"",""承認書"":""承認書"",""同意書"":""同意書"",""見積書"":""見積書"",""本人確認票"":""本人確認票"",""申込書"":""申込書""}",本人確認票
gen-noul-13-043,noul,generated,範囲の開閉境界,"""灯台の受付数は、5個より多い、かつ12個以下の場合に限り適合です。今回の数は10個です。""",今回の個数は適合範囲に入っていますか。,"{""false"":""いいえ。質問の命題は成立しない。"",""true"":""はい。質問の命題が成立する。""}",true
gen-score-07-046,score,generated,証拠の最高到達段階,"""この調査固有の証拠段階表: 一次資料は段階1、第三者確認は段階2。山道で得られた証拠は一次資料。複数ある場合は最大の段階を使い、なければ0です。""",記録済みの証拠から得られる最高段階はどれですか。,"[""証拠なしの段階0"",""表に基づく最高証拠段階1"",""表に基づく最高証拠段階2""]",1
gen-choice-13-007,choice,generated,工程の依存順,"{""案件"":""若葉"",""工程順"":[""準備"",""報告"",""見積作成"",""内容確認"",""受付""],""完了済み"":[],""規則"":""順に実行し未完了工程を飛ばさない""}",次に行う工程を選んでください。すべて済んでいれば完了を選びます。,"{""準備"":""準備"",""受付"":""受付"",""見積作成"":""見積作成"",""報告"":""報告"",""内容確認"":""内容確認"",""完了"":""全工程が完了""}",準備
gen-score-15-017,score,generated,軽重のある項目,"""この点検の配点: 署名欠落は2点、頁番号欠落は1点。見つかった不備: 署名欠落。該当項目の点を合計し、1点以上は段階1にまとめます。""",見つかった不備の点数を合計し、上限を適用してください。,"[""不備点の合計が0点"",""不備点の合計が1点以上""]",1
gen-noul-15-010,noul,generated,出来事の前後関係,"{""担当者"":""中村"",""実施順"":[""棚への配置"",""伝票記入"",""荷物受取"",""引継ぎ""],""各作業の実施回数"":1}",『引継ぎが先、伝票記入が後』という順序は正しいですか。,"{""false"":""いいえ。質問の命題は成立しない。"",""true"":""はい。質問の命題が成立する。""}",false
gen-noul-03-007,noul,generated,いずれかの条件,"""春風の受付では事前予約票・紹介状・会員証・当日券のうち一つ以上があれば通れます。佐藤さん: 事前予約票はなし、紹介状はなし、会員証はなし、当日券はなし。""",少なくとも一つの必要条件が成立していますか。,"{""false"":""いいえ。質問の命題は成立しない。"",""true"":""はい。質問の命題が成立する。""}",false
gen-choice-01-041,choice,generated,問い合わせ経路,"{""分類表"":{""配送"":[""届け先変更"",""荷物の遅延"",""追跡番号""],""店舗"":[""営業時間"",""店内設備"",""店舗の場所""]},""本文"":""荷物が予定日を過ぎても届きません"",""受付主題"":""荷物の遅延""}",記録された主題を扱う転送先はどこですか。,"{""店舗"":""店舗の窓口"",""配送"":""配送の窓口""}",配送
gen-noul-09-040,noul,generated,重複を除いた件数,"{""棚"":""山道"",""読み取り品名"":[""ノート"",""箱"",""ノート"",""箱"",""ノート"",""ノート""],""数え方"":""同一品名の重複を除く""}",異なる品名だけ数えると3種類以上ですか。,"{""false"":""いいえ。質問の命題は成立しない。"",""true"":""はい。質問の命題が成立する。""}",false
gen-noul-10-028,noul,generated,条件付き義務,"{""規則"":""追加申請なら控えの交付が必要。それ以外では義務なし"",""条件に該当"":false,""必要処置を実施"":true}",この記録は規則を守っていますか。,"{""false"":""いいえ。質問の命題は成立しない。"",""true"":""はい。質問の命題が成立する。""}",true
gen-noul-14-023,noul,generated,予定時間の重なり,"{""対象者"":""加藤"",""会議"":[14,15],""面談"":[17,20],""規則"":""終了時刻と開始時刻が一致するだけなら重複なし""}",二つの予定の時間は重なっていますか。,"{""false"":""いいえ。質問の命題は成立しない。"",""true"":""はい。質問の命題が成立する。""}",false
gen-choice-15-026,choice,generated,文章内の順序参照,"{""会議"":""夕凪"",""発表順"":[""上田"",""森""]}",発表順の先頭から2番目にいる人を答えてください。,"{""森"":""森さん"",""上田"":""上田さん""}",森
gen-choice-13-039,choice,generated,工程の依存順,"{""案件"":""白波"",""工程順"":[""報告"",""実施""],""完了済み"":[""報告"",""実施""],""規則"":""順に実行し未完了工程を飛ばさない""}",次に行う工程を選んでください。すべて済んでいれば完了を選びます。,"{""完了"":""全工程が完了"",""報告"":""報告"",""実施"":""実施""}",完了
gen-choice-12-006,choice,generated,条件付き不足書類,"""書類確認の優先順は承認書→受領票→同意書→申込書→見積書→本人確認票。受領票だけは代理申請の場合に限って必要で、それ以外は常に必要です。今回は本人申請。提出済みはなしです。""",必要な不足書類を先頭から一つだけ案内します。どれですか。必要書類に不足がなければ追加不要です。,"{""追加不要"":""必要書類はすべて提出済み"",""受領票"":""受領票"",""承認書"":""承認書"",""同意書"":""同意書"",""見積書"":""見積書"",""申込書"":""申込書"",""本人確認票"":""本人確認票""}",承認書
gen-noul-15-027,noul,generated,出来事の前後関係,"{""担当者"":""遠藤"",""実施順"":[""引継ぎ"",""検品"",""荷物受取"",""棚への配置"",""報告""],""各作業の実施回数"":1}",日誌では引継ぎの方が検品より先ですか。,"{""false"":""いいえ。質問の命題は成立しない。"",""true"":""はい。質問の命題が成立する。""}",true
gen-score-01-026,score,generated,件数の段階境界,"""朝露で確認待ちの申請を数えたところ、現在7件でした。処理済みは数に含めていません。""",記録された数に対応する段階を選んでください。,"[""対象件数が2件未満"",""対象件数が2件以上、4件未満"",""対象件数が4件以上、6件未満"",""対象件数が6件以上、8件未満"",""対象件数が8件以上、10件未満"",""対象件数が10件以上""]",3
gen-score-15-037,score,generated,軽重のある項目,"""この点検の配点: 添付欠落は2点、宛名不備は1点、署名欠落は1点、頁番号欠落は1点、日付欠落は1点、余白不備は1点、誤字は1点。見つかった不備: 添付欠落、宛名不備、署名欠落、頁番号欠落、日付欠落、余白不備、誤字。該当項目の点を合計し、7点以上は段階7にまとめます。""",配点の違いを反映した最終段階を選んでください。,"[""不備点の合計が0点"",""不備点の合計が1点"",""不備点の合計が2点"",""不備点の合計が3点"",""不備点の合計が4点"",""不備点の合計が5点"",""不備点の合計が6点"",""不備点の合計が7点以上""]",7
gen-noul-14-038,noul,generated,予定時間の重なり,"{""対象者"":""吉田"",""会議"":[14,18],""面談"":[16,18],""規則"":""終了時刻と開始時刻が一致するだけなら重複なし""}",同時に二つの予定に出席しなければならない時間がありますか。,"{""false"":""いいえ。質問の命題は成立しない。"",""true"":""はい。質問の命題が成立する。""}",true
gen-score-08-021,score,generated,要件への一致数,"{""注文要件"":{""色"":""赤"",""印字"":""なし"",""素材"":""紙"",""配送"":""店頭"",""包装"":""袋""},""提案品"":{""色"":""白"",""印字"":""なし"",""素材"":""紙"",""配送"":""店頭"",""包装"":""袋""}}",注文要件と一致している属性の数を段階として選んでください。,"[""一致した要件が0項目"",""一致した要件が1項目"",""一致した要件が2項目"",""一致した要件が3項目"",""一致した要件が4項目"",""一致した要件が5項目""]",4
gen-score-01-013,score,generated,件数の段階境界,"{""案件"":""木漏れ日"",""計数対象"":""未処理の連絡"",""件数"":5,""処理済みを除外"":true}",記録された数に対応する段階を選んでください。,"[""対象件数が3件未満"",""対象件数が3件以上、6件未満"",""対象件数が6件以上、9件未満"",""対象件数が9件以上、12件未満"",""対象件数が12件以上、15件未満"",""対象件数が15件以上、18件未満"",""対象件数が18件以上""]",1
gen-score-08-037,score,generated,要件への一致数,"""注文要件: 素材=紙、配送=宅配、サイズ=中、形=三角、印字=片面のみ、色=白、包装=なし。提案品: 素材=紙、配送=店頭、サイズ=中、形=三角、印字=片面のみ、色=白、包装=なし。""",各属性の完全一致を一点として採点してください。,"[""一致した要件が0項目"",""一致した要件が1項目"",""一致した要件が2項目"",""一致した要件が3項目"",""一致した要件が4項目"",""一致した要件が5項目"",""一致した要件が6項目"",""一致した要件が7項目""]",6
gen-score-03-027,score,generated,順番に進む工程,"{""案件"":""夕凪"",""工程順"":[""承認""],""完了済み"":[],""着手中は完了に含めない"":true}",完了済みの到達段階を選んでください。,"[""完了した工程はまだない"",""先頭から1工程が完了（最後に完了したのは承認）""]",0
gen-choice-02-017,choice,generated,条件と優先例外,"""夕凪店では会員で購入数が6個以上なら優待扱いです。ただし予約品は購入数や会員資格にかかわらず通常扱いです。今回は2個、非会員、予約品です。""",例外も踏まえて、今回の購入区分はどれですか。,"{""優待"":""優待の扱い"",""通常"":""通常の扱い""}",通常
gen-choice-04-013,choice,generated,参照先の担当,"{""案件担当"":{""若葉"":""森"",""春風"":""中村""},""資料の所属案件"":{""クリップ"":""春風"",""冊子"":""若葉""},""確認資料"":""冊子""}",確認する資料の案件を担当している人を答えてください。,"{""森"":""森さん"",""中村"":""中村さん""}",森
gen-choice-10-012,choice,generated,不在時の代理,"""担当者: 木漏れ日は佐藤、星空は吉田、朝露は渡辺、青空は高橋。代理者: 佐藤の代理は吉田、吉田の代理は渡辺、渡辺の代理は高橋、高橋の代理は佐藤。本日の不在者はなし。問い合わせ先の案件は青空です。代理への振替は一回だけ行い、その先の不在は判定しません。""",この案件を担当本人または指定代理に連絡します。宛先は誰ですか。,"{""渡辺"":""渡辺さん"",""吉田"":""吉田さん"",""佐藤"":""佐藤さん"",""高橋"":""高橋さん""}",高橋
gen-noul-02-037,noul,generated,全条件の充足,"{""すべて必要な条件"":[""本人確認"",""同意書提出""],""対象"":""高橋"",""完了状況"":{""本人確認"":true,""同意書提出"":false}}",規則に照らし、この人の利用資格は成立しますか。,"{""false"":""いいえ。質問の命題は成立しない。"",""true"":""はい。質問の命題が成立する。""}",false
gen-score-09-014,score,generated,例外による上限,"{""検査合格"":{""記録"":true,""寸法"":true,""表示"":true,""動作"":true,""付属品"":false},""要再確認の印あり"":false,""採点規則"":""合格数が点数。ただし印があれば上限3点""}",例外条件を反映した評価段階を答えてください。,"[""最終点0点"",""最終点1点"",""最終点2点"",""最終点3点"",""最終点4点"",""最終点5点""]",4
gen-score-05-037,score,generated,緊急条件の加点,"""灯台の基本優先度は5です。締切まで残り2時間以内なら1だけ加点し、それより長ければ加点しません。上限は6です。今回は締切まで5時間です。""",締切までの時間による条件を反映した段階を答えてください。,"[""最終優先度0"",""最終優先度1"",""最終優先度2"",""最終優先度3"",""最終優先度4"",""最終優先度5"",""最終優先度6""]",5
gen-noul-07-024,noul,generated,識別文字列の完全一致,"{""商品ラベル"":""AB6-D"",""注文票"":""AB6-A"",""照合規則"":""大文字小文字と記号も含む完全一致""}",同一コードとして扱ってよいですか。,"{""false"":""いいえ。質問の命題は成立しない。"",""true"":""はい。質問の命題が成立する。""}",false
gen-noul-08-038,noul,generated,集合と否定所属,"""木漏れ日の参加者名簿は高橋、石田、山田、佐藤、上田、中村、大野です。この名簿は完全で、記載のない人は参加者ではありません。""",名簿に基づき、佐藤さんが参加者であるという判断に同意できますか。,"{""false"":""いいえ。質問の命題は成立しない。"",""true"":""はい。質問の命題が成立する。""}",true
gen-score-02-007,score,generated,記述の満足段階,"""木村さんは朝露の体験について「完全ではないが、少し満足している」と回答しました。追加の発言はありません。""",感想に明示された評価を尺度へ対応づけてください。,"[""やや満足"",""満足""]",0
gen-choice-11-006,choice,generated,小数量の比較,"""入出庫記録: 用紙は在庫13個、そのうち予約2個、テープは在庫5個、そのうち予約2個、冊子は在庫5個、そのうち予約4個、ペンは在庫4個、そのうち予約0個、名札は在庫13個、そのうち予約1個。予約分は自由在庫に含めません。""",自由在庫が最も少ない品を選んでください。,"{""名札"":""名札"",""冊子"":""冊子"",""ペン"":""ペン"",""テープ"":""テープ"",""用紙"":""用紙""}",冊子
gen-score-11-035,score,generated,時刻順の評価更新,"""山道の評価更新履歴: 8時に段階4、9時に段階3、18時に段階3、7時に段階1。評価は最新時刻の値だけを採用します。""",最後に更新された有効な段階はいくつですか。,"[""評価段階0"",""評価段階1"",""評価段階2"",""評価段階3"",""評価段階4"",""評価段階5""]",3
gen-noul-10-002,noul,generated,条件付き義務,"{""規則"":""当日申請なら控えの交付が必要。それ以外では義務なし"",""条件に該当"":false,""必要処置を実施"":false}",この案件は記載された義務のルールに違反していませんか。違反がなければはいです。,"{""false"":""いいえ。質問の命題は成立しない。"",""true"":""はい。質問の命題が成立する。""}",true
gen-score-13-020,score,generated,取消しを反映した件数,"""木漏れ日の申込み記録: 加藤は受付済み・取消なし、青木は未受付・取消なし、石田は受付済み・取消済み、吉田は受付済み・取消済み、松本は未受付・取消なし、遠藤は受付済み・取消なし。取消済みの申込みは有効件数から除きます。4件以上は最終段階4にまとめます。""",現在有効な申込みだけを数えて評価してください。,"[""有効申込みが0件"",""有効申込みが1件"",""有効申込みが2件"",""有効申込みが3件"",""有効申込みが4件以上""]",2
gen-noul-11-044,noul,generated,参照関係の真偽,"""担当表: 星空は佐藤、草原は大野、朝露は上田、春風は渡辺、青空は森、山道は木村。資料の関連先: 名札は星空、テープは春風、用紙は朝露、シールは青空、ペンは山道、ファイルは草原。""",シールの関連先を担当表で引くと大野さんになりますか。,"{""false"":""いいえ。質問の命題は成立しない。"",""true"":""はい。質問の命題が成立する。""}",false
gen-choice-06-019,choice,generated,時間枠の包含,"{""空き時間"":[{""部屋"":""緑"",""開始"":12,""終了"":13},{""部屋"":""黄"",""開始"":12,""終了"":13},{""部屋"":""白"",""開始"":11,""終了"":13},{""部屋"":""黒"",""開始"":14,""終了"":16},{""部屋"":""青"",""開始"":11,""終了"":14},{""部屋"":""茶"",""開始"":12,""終了"":13},{""部屋"":""赤"",""開始"":12,""終了"":13},{""部屋"":""紫"",""開始"":12,""終了"":13}],""会議開始"":13,""会議終了"":14}",会議開始から終了まで空いている部屋はどれですか。境界時刻が一致していても利用できます。,"{""赤"":""赤室"",""白"":""白室"",""青"":""青室"",""紫"":""紫室"",""茶"":""茶室"",""黒"":""黒室"",""黄"":""黄室"",""緑"":""緑室""}",青
gen-score-09-018,score,generated,例外による上限,"{""検査合格"":{""包装"":true,""表示"":true},""要再確認の印あり"":false,""採点規則"":""合格数が点数。ただし印があれば上限2点""}",例外条件を反映した評価段階を答えてください。,"[""最終点0点"",""最終点1点"",""最終点2点""]",2
gen-score-06-005,score,generated,約束時刻からの遅れ,"""山道便は12時到着の約束でした。実際の到着は同じ日の13時です。早着した場合の遅れは0時間とします。""",約束時刻と到着時刻の差から、遅延段階を選んでください。,"[""遅れが2時間未満"",""遅れが2時間以上、4時間未満"",""遅れが4時間以上、6時間未満"",""遅れが6時間以上""]",0
gen-choice-06-034,choice,generated,時間枠の包含,"""部屋の連続利用可能時間: 赤室は11時から15時まで、黒室は11時から14時まで、紫室は8時から12時まで、青室は9時から12時まで、茶室は11時から15時まで、黄室は10時から14時まで、白室は11時から14時まで。会議は10時開始、13時終了です。""",会議開始から終了まで空いている部屋はどれですか。境界時刻が一致していても利用できます。,"{""白"":""白室"",""茶"":""茶室"",""黒"":""黒室"",""赤"":""赤室"",""黄"":""黄室"",""青"":""青室"",""紫"":""紫室""}",黄
gen-score-13-030,score,generated,取消しを反映した件数,"""灯台の申込み記録: 渡辺は未受付・取消なし、木村は未受付・取消なし、松本は受付済み・取消済み、森は未受付・取消なし、山田は未受付・取消なし、佐藤は受付済み・取消済み、中村は受付済み・取消済み、上田は受付済み・取消済み。取消済みの申込みは有効件数から除きます。7件以上は最終段階7にまとめます。""",受付済みから取消済みを除いた件数はいくつの段階ですか。,"[""有効申込みが0件"",""有効申込みが1件"",""有効申込みが2件"",""有効申込みが3件"",""有効申込みが4件"",""有効申込みが5件"",""有効申込みが6件"",""有効申込みが7件以上""]",0
gen-score-04-036,score,generated,独立チェックの合計,"""水面資料の点検: 署名ありは満たさない、承認印ありは満たす、日付ありは満たさない、ページ番号ありは満たさない。各項目は一つずつ数えます。""",合格した項目数に対応する段階を答えてください。,"[""満たした項目が0個"",""満たした項目が1個"",""満たした項目が2個"",""満たした項目が3個"",""満たした項目が4個""]",1
gen-noul-01-025,noul,generated,事実と否定質問,"{""対象者"":""上田"",""項目"":""申請の取り下げを実施"",""実施済み"":true}",『上田さんは申請の取り下げを実施していない』はこの記録と一致しますか。,"{""false"":""いいえ。質問の命題は成立しない。"",""true"":""はい。質問の命題が成立する。""}",false
gen-noul-11-013,noul,generated,参照関係の真偽,"{""案件担当"":{""白波"":""高橋"",""青空"":""木村"",""木漏れ日"":""山田"",""春風"":""遠藤""},""資料関連先"":{""封筒"":""白波"",""ケース"":""青空"",""箱"":""春風"",""ノート"":""木漏れ日""}}",遠藤さんは箱が属する案件の担当者と言えますか。,"{""false"":""いいえ。質問の命題は成立しない。"",""true"":""はい。質問の命題が成立する。""}",true
gen-choice-15-021,choice,generated,文章内の順序参照,"""青空会議では、発表者を発表順に「山田、林、渡辺、佐藤、吉田、高橋」と紹介しました。同じ人の再登場はありません。""",発表順の先頭から6番目にいる人を答えてください。,"{""吉田"":""吉田さん"",""渡辺"":""渡辺さん"",""高橋"":""高橋さん"",""山田"":""山田さん"",""林"":""林さん"",""佐藤"":""佐藤さん""}",高橋
gen-choice-03-025,choice,generated,最終更新,"""案件「春風」の記録です。9時の更新: 発送済み。 8時の更新: 承認。 10時の更新: 未着手。 20時の更新: 保留。 18時の更新: 確認中。""",記載順ではなく更新時刻を比べ、最新の状態を選んでください。,"{""保留"":""保留"",""確認中"":""確認中"",""発送済み"":""発送済み"",""承認"":""承認"",""受取済み"":""受取済み"",""差戻し"":""差戻し"",""取消"":""取消"",""未着手"":""未着手""}",保留
gen-noul-14-042,noul,generated,予定時間の重なり,"{""対象者"":""大野"",""会議"":[12,13],""面談"":[12,13],""規則"":""終了時刻と開始時刻が一致するだけなら重複なし""}",二つの予定の時間は重なっていますか。,"{""false"":""いいえ。質問の命題は成立しない。"",""true"":""はい。質問の命題が成立する。""}",true
gen-choice-11-043,choice,generated,小数量の比較,"""入出庫記録: ペンは在庫7個、そのうち予約3個、付箋は在庫12個、そのうち予約5個、名札は在庫11個、そのうち予約2個。予約分は自由在庫に含めません。""",予約分を差し引いた残りが一番多いのはどれですか。,"{""名札"":""名札"",""ペン"":""ペン"",""付箋"":""付箋""}",名札
gen-score-03-032,score,generated,順番に進む工程,"""夕凪の工程順は実施→受付→調査→承認→審査→報告。先頭から順に進め、完了済みは実施、受付、調査、承認です。着手中の工程は完了に含めません。""",完了済みの到達段階を選んでください。,"[""完了した工程はまだない"",""先頭から1工程が完了（最後に完了したのは実施）"",""先頭から2工程が完了（最後に完了したのは受付）"",""先頭から3工程が完了（最後に完了したのは調査）"",""先頭から4工程が完了（最後に完了したのは承認）"",""先頭から5工程が完了（最後に完了したのは審査）"",""先頭から6工程が完了（最後に完了したのは報告）""]",4
gen-score-10-042,score,generated,不足の段階,"""草原申請で必要なものは添付図、見積書、受領票、同意書、確認票。届いたものは案内状、受領票、同意書です。必要一覧にない書類は不足を埋めません。""",必要書類の不足数に対応する段階を選んでください。,"[""不足が0種類"",""不足が1種類"",""不足が2種類"",""不足が3種類"",""不足が4種類"",""不足が5種類""]",3
gen-score-08-013,score,generated,要件への一致数,"{""注文要件"":{""サイズ"":""小"",""形"":""四角"",""印字"":""片面のみ"",""配送"":""郵送""},""提案品"":{""サイズ"":""小"",""形"":""丸"",""印字"":""なし"",""配送"":""宅配""}}",提案品が満たす要件数はいくつの段階ですか。,"[""一致した要件が0項目"",""一致した要件が1項目"",""一致した要件が2項目"",""一致した要件が3項目"",""一致した要件が4項目""]",1
gen-score-09-025,score,generated,例外による上限,"{""検査合格"":{""包装"":false,""外観"":false},""要再確認の印あり"":true,""採点規則"":""合格数が点数。ただし印があれば上限0点""}",上限制限を適用した最終点を選んでください。,"[""最終点0点"",""最終点1点"",""最終点2点""]",0
gen-score-05-004,score,generated,緊急条件の加点,"""青空の基本優先度は1です。締切まで残り7時間以内なら1だけ加点し、それより長ければ加点しません。上限は1です。今回は締切まで12時間です。""",今回の最終優先段階を求めてください。,"[""最終優先度0"",""最終優先度1""]",1
gen-score-04-019,score,generated,独立チェックの合計,"""夕凪資料の点検: 題名ありは満たさない。各項目は一つずつ数えます。""",条件を満たした項目を一つ一点として集計してください。,"[""満たした項目が0個"",""満たした項目が1個""]",0
gen-noul-12-009,noul,generated,記録と主張の照合,"""水面施設の入口について、いま確認した確定記録は北口は完全に開いている、南口は半分だけ開いている、東口は4分の1だけ開いている、西口は4分の1だけ開いている、裏口は4分の1だけ開いている、搬入口は4分の1だけ開いているです。現在の判断にはこの確定記録だけを使います。""",いま裏口が完全に開いているという判断は正しいですか。,"{""false"":""いいえ。質問の命題は成立しない。"",""true"":""はい。質問の命題が成立する。""}",false
gen-noul-09-030,noul,generated,重複を除いた件数,"{""棚"":""灯台"",""読み取り品名"":[""付箋"",""付箋"",""封筒""],""数え方"":""同一品名の重複を除く""}",異なる品名だけ数えると3種類以上ですか。,"{""false"":""いいえ。質問の命題は成立しない。"",""true"":""はい。質問の命題が成立する。""}",false
gen-noul-13-009,noul,generated,範囲の開閉境界,"""青空の受付数は、3個以上、かつ11個以下の場合に限り適合です。今回の数は7個です。""",下限と上限の両方の条件に合いますか。,"{""false"":""いいえ。質問の命題は成立しない。"",""true"":""はい。質問の命題が成立する。""}",true
gen-score-13-026,score,generated,取消しを反映した件数,"{""催し"":""春風"",""申込み"":[{""氏名"":""木村"",""受付済み"":false,""取消済み"":false},{""氏名"":""松本"",""受付済み"":false,""取消済み"":false},{""氏名"":""石田"",""受付済み"":false,""取消済み"":false},{""氏名"":""中村"",""受付済み"":false,""取消済み"":false},{""氏名"":""吉田"",""受付済み"":false,""取消済み"":false}],""まとめ方"":""3件以上は段階3""}",取消し後に残る有効申込み数を段階として選んでください。,"[""有効申込みが0件"",""有効申込みが1件"",""有効申込みが2件"",""有効申込みが3件以上""]",0
gen-score-04-033,score,generated,独立チェックの合計,"{""資料"":""春風"",""チェック項目"":{""ページ番号あり"":false},""各項目の重み"":1}",合格した項目数に対応する段階を答えてください。,"[""満たした項目が0個"",""満たした項目が1個""]",0
gen-choice-03-035,choice,generated,最終更新,"""案件「青空」の記録です。14時の更新: 発送済み。 20時の更新: 確認中。 18時の更新: 承認。 17時の更新: 確認中。""",時刻が最も新しい更新に基づく状態を答えてください。,"{""承認"":""承認"",""確認中"":""確認中"",""受取済み"":""受取済み"",""取消"":""取消"",""保留"":""保留"",""発送済み"":""発送済み"",""未着手"":""未着手"",""差戻し"":""差戻し""}",確認中
gen-choice-11-020,choice,generated,小数量の比較,"""入出庫記録: 封筒は在庫6個、そのうち予約1個、カードは在庫9個、そのうち予約5個、シールは在庫8個、そのうち予約0個、ノートは在庫14個、そのうち予約2個、冊子は在庫7個、そのうち予約1個、箱は在庫3個、そのうち予約2個。予約分は自由在庫に含めません。""",予約分を差し引いた残りが一番少ないのはどれですか。,"{""シール"":""シール"",""カード"":""カード"",""箱"":""箱"",""冊子"":""冊子"",""ノート"":""ノート"",""封筒"":""封筒""}",箱
gen-choice-05-014,choice,generated,否定条件で選択,"{""検品"":[{""品名"":""付箋"",""封がある"":false,""濡れている"":true},{""品名"":""クリップ"",""封がある"":true,""濡れている"":false}]}",濡れた品は除外し、封がある品を一つ選んでください。,"{""クリップ"":""クリップ"",""付箋"":""付箋""}",クリップ
gen-choice-10-026,choice,generated,不在時の代理,"""担当者: 青空は高橋、草原は遠藤、夕凪は佐藤、星空は林、水面は上田。代理者: 高橋の代理は遠藤、遠藤の代理は佐藤、佐藤の代理は林、林の代理は上田、上田の代理は高橋。本日の不在者は佐藤、林、遠藤、上田。問い合わせ先の案件は青空です。代理への振替は一回だけ行い、その先の不在は判定しません。""",一回だけの代理振替を適用した後の宛先を答えてください。,"{""上田"":""上田さん"",""林"":""林さん"",""高橋"":""高橋さん"",""遠藤"":""遠藤さん"",""佐藤"":""佐藤さん""}",高橋
gen-noul-10-049,noul,generated,条件付き義務,"{""規則"":""社外向けなら事前連絡が必要。それ以外では義務なし"",""条件に該当"":true,""必要処置を実施"":false}",この義務に関して、規則上問題なしと判定できますか。,"{""false"":""いいえ。質問の命題は成立しない。"",""true"":""はい。質問の命題が成立する。""}",false
gen-noul-05-024,noul,generated,締切の境界,"{""受付規則"":""13時より前だけ受け付け、13時ちょうどは無効"",""提出者"":""渡辺"",""提出時刻"":12}",時刻だけを基準に、この提出を有効と判定できますか。,"{""false"":""いいえ。質問の命題は成立しない。"",""true"":""はい。質問の命題が成立する。""}",true
gen-noul-04-046,noul,generated,例外の優先,"""規則: 講習修了であれば青空を利用できます。ただし登録凍結中なら利用できません。大野さんは講習修了に該当、登録凍結中に非該当です。""",禁止例外を先に考慮すると、この利用を認められますか。,"{""false"":""いいえ。質問の命題は成立しない。"",""true"":""はい。質問の命題が成立する。""}",true
gen-score-03-018,score,generated,順番に進む工程,"""水面の工程順は受付→実施→準備→報告→審査→承認。先頭から順に進め、完了済みは受付、実施です。着手中の工程は完了に含めません。""",工程の完了状況を段階尺度で評価してください。,"[""完了した工程はまだない"",""先頭から1工程が完了（最後に完了したのは受付）"",""先頭から2工程が完了（最後に完了したのは実施）"",""先頭から3工程が完了（最後に完了したのは準備）"",""先頭から4工程が完了（最後に完了したのは報告）"",""先頭から5工程が完了（最後に完了したのは審査）"",""先頭から6工程が完了（最後に完了したのは承認）""]",2
gen-noul-12-006,noul,generated,記録と主張の照合,"{""施設"":""夕凪"",""入口ごとの現在の確定記録"":{""北口"":""半分だけ開いている"",""南口"":""半分だけ開いている"",""東口"":""4分の1だけ開いている"",""西口"":""完全に開いている"",""裏口"":""4分の1だけ開いている"",""搬入口"":""完全に開いている""},""判定資料"":""現在の確定記録のみ""}",確定情報から、東口は4分の1だけ開いていると言えますか。,"{""false"":""いいえ。質問の命題は成立しない。"",""true"":""はい。質問の命題が成立する。""}",true
gen-choice-14-011,choice,generated,二属性照合,"""展示品の札: ペンは黄色・ガラス製、クリップは白色・ガラス製、袋は黄色・布製、ラベルは緑色・ガラス製、シールは赤色・金属製。探しているのは黄色の布製です。""",二つの指定を同時に満たす展示品はどれですか。,"{""ペン"":""ペン"",""シール"":""シール"",""ラベル"":""ラベル"",""袋"":""袋"",""クリップ"":""クリップ""}",袋
gen-noul-11-026,noul,generated,参照関係の真偽,"{""案件担当"":{""夕凪"":""青木"",""山道"":""高橋"",""白波"":""林"",""春風"":""大野"",""青空"":""上田"",""灯台"":""中村""},""資料関連先"":{""ラベル"":""白波"",""ファイル"":""山道"",""箱"":""夕凪"",""用紙"":""春風"",""封筒"":""灯台"",""付箋"":""青空""}}",高橋さんは用紙が属する案件の担当者と言えますか。,"{""false"":""いいえ。質問の命題は成立しない。"",""true"":""はい。質問の命題が成立する。""}",false
gen-noul-12-043,noul,generated,記録と主張の照合,"{""施設"":""山道"",""入口ごとの現在の確定記録"":{""北口"":""完全に閉じている"",""南口"":""半分だけ開いている"",""東口"":""半分だけ開いている"",""西口"":""4分の1だけ開いている"",""裏口"":""4分の1だけ開いている"",""搬入口"":""完全に閉じている""},""判定資料"":""現在の確定記録のみ""}",確定情報から、搬入口は完全に開いていると言えますか。,"{""false"":""いいえ。質問の命題は成立しない。"",""true"":""はい。質問の命題が成立する。""}",false
gen-score-07-013,score,generated,証拠の最高到達段階,"{""調査"":""春風"",""この調査の証拠段階"":{""写真記録"":1,""口頭メモ"":2,""署名済み文書"":3,""監査記録"":4},""得られた証拠"":[""写真記録"",""署名済み文書"",""監査記録""],""集約規則"":""得られた段階の最大。証拠なしは0""}",記録済みの証拠から得られる最高段階はどれですか。,"[""証拠なしの段階0"",""表に基づく最高証拠段階1"",""表に基づく最高証拠段階2"",""表に基づく最高証拠段階3"",""表に基づく最高証拠段階4""]",4
gen-score-01-017,score,generated,件数の段階境界,"{""案件"":""春風"",""計数対象"":""検品で見つかった不備"",""件数"":2,""処理済みを除外"":true}",件数だけを評価尺度に照らして判定してください。,"[""対象件数が1件未満"",""対象件数が1件以上、2件未満"",""対象件数が2件以上、3件未満"",""対象件数が3件以上""]",2
gen-choice-09-018,choice,generated,利用可能集合の差,"{""利用可能品"":[""ファイル"",""ケース"",""付箋"",""カード""],""予約済み品"":[""カード"",""ケース"",""付箋""]}",利用可能品のうち、予約されていない品を選んでください。,"{""付箋"":""付箋"",""ファイル"":""ファイル"",""カード"":""カード"",""ケース"":""ケース"",""シール"":""シール"",""テープ"":""テープ""}",ファイル
gen-noul-02-027,noul,generated,全条件の充足,"{""すべて必要な条件"":[""事前登録"",""講習受講"",""同意書提出"",""本人確認""],""対象"":""中村"",""完了状況"":{""事前登録"":false,""講習受講"":false,""同意書提出"":false,""本人確認"":true}}",不足条件なく利用を許可できますか。,"{""false"":""いいえ。質問の命題は成立しない。"",""true"":""はい。質問の命題が成立する。""}",false
gen-choice-08-013,choice,generated,改訂と例外の優先,"""通常品の貼付ラベルについて、連絡は古い順に「青」「赤」でした。後の連絡が前の連絡を上書きします。ただし冷蔵品には連絡履歴に関係なく青ラベルを貼ります。今回の荷物は通常品です。""",例外と改訂の順序を考慮して、使用する色はどれですか。,"{""赤"":""赤ラベル"",""青"":""青ラベル""}",赤
gen-choice-11-004,choice,generated,小数量の比較,"""入出庫記録: 用紙は在庫13個、そのうち予約5個、ケースは在庫5個、そのうち予約2個。予約分は自由在庫に含めません。""",予約分を差し引いた残りが一番少ないのはどれですか。,"{""用紙"":""用紙"",""ケース"":""ケース""}",ケース
gen-noul-15-019,noul,generated,出来事の前後関係,"{""担当者"":""加藤"",""実施順"":[""休憩"",""報告"",""引継ぎ"",""伝票記入"",""検品"",""電話連絡"",""荷物受取"",""棚への配置""],""各作業の実施回数"":1}",『引継ぎが先、検品が後』という順序は正しいですか。,"{""false"":""いいえ。質問の命題は成立しない。"",""true"":""はい。質問の命題が成立する。""}",true
gen-choice-15-029,choice,generated,文章内の順序参照,"""星空会議では、発表者を発表順に「吉田、中村、林、佐藤、加藤、森、渡辺」と紹介しました。同じ人の再登場はありません。""",最初を1番目として、3番目の発表者を選んでください。,"{""林"":""林さん"",""吉田"":""吉田さん"",""佐藤"":""佐藤さん"",""加藤"":""加藤さん"",""森"":""森さん"",""中村"":""中村さん"",""渡辺"":""渡辺さん""}",林
gen-noul-08-013,noul,generated,集合と否定所属,"{""催し"":""夕凪"",""完全な参加者名簿"":[""中村"",""遠藤"",""森"",""大野"",""松本""],""補足"":""名前のない人は参加者ではない""}",『松本さんは参加者ではない』という記述は正しいですか。,"{""false"":""いいえ。質問の命題は成立しない。"",""true"":""はい。質問の命題が成立する。""}",false
gen-noul-08-003,noul,generated,集合と否定所属,"""木漏れ日の参加者名簿は高橋、松本、上田です。この名簿は完全で、記載のない人は参加者ではありません。""",『吉田さんは参加者である』という記述は正しいですか。,"{""false"":""いいえ。質問の命題は成立しない。"",""true"":""はい。質問の命題が成立する。""}",false
gen-score-15-004,score,generated,軽重のある項目,"""この点検の配点: 日付欠落は2点、誤字は1点。見つかった不備: なし。該当項目の点を合計し、2点以上は段階2にまとめます。""",項目数ではなく指定された点数で評価してください。,"[""不備点の合計が0点"",""不備点の合計が1点"",""不備点の合計が2点以上""]",0
gen-score-14-033,score,generated,参照表の順序尺度,"""今回の検査用の対応表: 紫印は段階0、緑印は段階1、茶印は段階2、黒印は段階3。夕凪の確定検査票には紫印が付いています。色に一般的な良し悪しは仮定しません。""",一般常識ではなく示された表に従って段階を答えてください。,"[""表による段階0"",""表による段階1"",""表による段階2"",""表による段階3""]",0
gen-score-15-038,score,generated,軽重のある項目,"""この点検の配点: 誤字は2点、宛名不備は1点。見つかった不備: なし。該当項目の点を合計し、1点以上は段階1にまとめます。""",配点の違いを反映した最終段階を選んでください。,"[""不備点の合計が0点"",""不備点の合計が1点以上""]",0
gen-score-01-047,score,generated,件数の段階境界,"""春風で未回答の質問を数えたところ、現在0件でした。処理済みは数に含めていません。""",現在の件数を指定の段階基準に当てはめてください。,"[""対象件数が2件未満"",""対象件数が2件以上、4件未満"",""対象件数が4件以上、6件未満"",""対象件数が6件以上、8件未満"",""対象件数が8件以上、10件未満"",""対象件数が10件以上""]",0
gen-noul-03-048,noul,generated,いずれかの条件,"""白波の受付では事前予約票・会員証のうち一つ以上があれば通れます。渡辺さん: 事前予約票はなし、会員証はあり。""",少なくとも一つの必要条件が成立していますか。,"{""false"":""いいえ。質問の命題は成立しない。"",""true"":""はい。質問の命題が成立する。""}",true
gen-noul-13-016,noul,generated,範囲の開閉境界,"{""下限条件"":""3個より多い"",""上限条件"":""9個以下"",""今回の個数"":2,""関係"":""両方を満たすこと""}",下限と上限の両方の条件に合いますか。,"{""false"":""いいえ。質問の命題は成立しない。"",""true"":""はい。質問の命題が成立する。""}",false
gen-noul-09-013,noul,generated,重複を除いた件数,"{""棚"":""朝露"",""読み取り品名"":[""クリップ"",""袋"",""箱"",""封筒"",""用紙"",""ペン"",""ラベル"",""テープ"",""テープ"",""ラベル"",""封筒""],""数え方"":""同一品名の重複を除く""}",異なる品名だけ数えると5種類以上ですか。,"{""false"":""いいえ。質問の命題は成立しない。"",""true"":""はい。質問の命題が成立する。""}",true
gen-choice-03-020,choice,generated,最終更新,"""案件「木漏れ日」の記録です。12時の更新: 保留。 9時の更新: 取消。 17時の更新: 承認。""",時刻が最も新しい更新に基づく状態を答えてください。,"{""取消"":""取消"",""差戻し"":""差戻し"",""承認"":""承認"",""確認中"":""確認中"",""保留"":""保留""}",承認
gen-noul-04-009,noul,generated,例外の優先,"""規則: 登録済みであれば灯台を利用できます。ただし会費滞納なら利用できません。吉田さんは登録済みに非該当、会費滞納に該当です。""",例外を含む規則のもとで利用は許可されますか。,"{""false"":""いいえ。質問の命題は成立しない。"",""true"":""はい。質問の命題が成立する。""}",false
gen-score-02-021,score,generated,記述の満足段階,"""高橋さんは青空の体験について「期待に届かず、不満だった」と回答しました。追加の発言はありません。""",回答者が表明した満足の程度を分類してください。,"[""不満"",""最高の満足""]",0
gen-score-03-002,score,generated,順番に進む工程,"{""案件"":""草原"",""工程順"":[""報告"",""受付"",""実施"",""調査""],""完了済み"":[""報告"",""受付"",""実施"",""調査""],""着手中は完了に含めない"":true}",完了済みの到達段階を選んでください。,"[""完了した工程はまだない"",""先頭から1工程が完了（最後に完了したのは報告）"",""先頭から2工程が完了（最後に完了したのは受付）"",""先頭から3工程が完了（最後に完了したのは実施）"",""先頭から4工程が完了（最後に完了したのは調査）""]",4
gen-choice-14-027,choice,generated,二属性照合,"{""展示品"":[{""品名"":""箱"",""色"":""黄"",""素材"":""樹脂""},{""品名"":""用紙"",""色"":""黒"",""素材"":""木""}],""指定色"":""黄"",""指定素材"":""樹脂""}",色だけ・素材だけの一致では足りません。該当品を答えてください。,"{""箱"":""箱"",""用紙"":""用紙""}",箱
gen-score-04-003,score,generated,独立チェックの合計,"{""資料"":""山道"",""チェック項目"":{""署名あり"":false,""添付あり"":false,""承認印あり"":false,""日付あり"":false,""ページ番号あり"":false,""宛先あり"":false},""各項目の重み"":1}",合格した項目数に対応する段階を答えてください。,"[""満たした項目が0個"",""満たした項目が1個"",""満たした項目が2個"",""満たした項目が3個"",""満たした項目が4個"",""満たした項目が5個"",""満たした項目が6個""]",0
gen-noul-12-027,noul,generated,記録と主張の照合,"{""施設"":""星空"",""入口ごとの現在の確定記録"":{""北口"":""4分の1だけ開いている"",""南口"":""完全に閉じている"",""東口"":""完全に開いている"",""西口"":""4分の1だけ開いている"",""裏口"":""4分の1だけ開いている"",""搬入口"":""完全に閉じている""},""判定資料"":""現在の確定記録のみ""}",いま東口が半分だけ開いているという判断は正しいですか。,"{""false"":""いいえ。質問の命題は成立しない。"",""true"":""はい。質問の命題が成立する。""}",false
gen-score-07-040,score,generated,証拠の最高到達段階,"{""調査"":""夕凪"",""この調査の証拠段階"":{""第三者確認"":1,""一次資料"":2,""監査記録"":3},""得られた証拠"":[],""集約規則"":""得られた段階の最大。証拠なしは0""}",明示された段階表だけで証拠を評価してください。,"[""証拠なしの段階0"",""表に基づく最高証拠段階1"",""表に基づく最高証拠段階2"",""表に基づく最高証拠段階3""]",0
gen-score-12-012,score,generated,目標からの差,"{""案件"":""夕凪"",""目標数"":9,""実績数"":4,""採点"":""差の絶対値。ただし3以上は段階3""}",示された上限を含め、実績のずれを段階に変換してください。,"[""目標との差が0個"",""目標との差が1個"",""目標との差が2個"",""目標との差が3個以上""]",3
gen-score-08-023,score,generated,要件への一致数,"""注文要件: サイズ=大、印字=片面のみ、素材=布、包装=なし、配送=宅配、形=三角、色=白。提案品: サイズ=大、印字=片面のみ、素材=布、包装=箱、配送=郵送、形=四角、色=白。""",注文要件と一致している属性の数を段階として選んでください。,"[""一致した要件が0項目"",""一致した要件が1項目"",""一致した要件が2項目"",""一致した要件が3項目"",""一致した要件が4項目"",""一致した要件が5項目"",""一致した要件が6項目"",""一致した要件が7項目""]",4
gen-noul-04-050,noul,generated,例外の優先,"""規則: 認定済みであれば夕凪を利用できます。ただし入場制限中なら利用できません。山田さんは認定済みに該当、入場制限中に非該当です。""",例外を含む規則のもとで利用は許可されますか。,"{""false"":""いいえ。質問の命題は成立しない。"",""true"":""はい。質問の命題が成立する。""}",true
gen-noul-07-010,noul,generated,識別文字列の完全一致,"{""商品ラベル"":""GH4-A"",""注文票"":""gh4-a"",""照合規則"":""大文字小文字と記号も含む完全一致""}",同一コードとして扱ってよいですか。,"{""false"":""いいえ。質問の命題は成立しない。"",""true"":""はい。質問の命題が成立する。""}",false
gen-noul-11-019,noul,generated,参照関係の真偽,"""担当表: 白波は松本、春風は大野、水面は石田、朝露は高橋、木漏れ日は山田、夕凪は木村。資料の関連先: 名札は白波、カードは朝露、付箋は水面、ノートは木漏れ日、ファイルは春風、封筒は夕凪。""",ファイルの関連先を担当表で引くと大野さんになりますか。,"{""false"":""いいえ。質問の命題は成立しない。"",""true"":""はい。質問の命題が成立する。""}",true
gen-score-08-036,score,generated,要件への一致数,"""注文要件: サイズ=小、素材=木、色=青、印字=片面のみ、形=三角、包装=箱。提案品: サイズ=中、素材=木、色=青、印字=片面のみ、形=三角、包装=箱。""",注文要件と一致している属性の数を段階として選んでください。,"[""一致した要件が0項目"",""一致した要件が1項目"",""一致した要件が2項目"",""一致した要件が3項目"",""一致した要件が4項目"",""一致した要件が5項目"",""一致した要件が6項目""]",5
gen-score-09-044,score,generated,例外による上限,"{""検査合格"":{""包装"":false,""外観"":true,""寸法"":true,""表示"":true,""付属品"":true,""記録"":true,""動作"":true},""要再確認の印あり"":false,""採点規則"":""合格数が点数。ただし印があれば上限0点""}",単純な合格数ではなく、上限ルール適用後の点数を求めてください。,"[""最終点0点"",""最終点1点"",""最終点2点"",""最終点3点"",""最終点4点"",""最終点5点"",""最終点6点"",""最終点7点""]",6
gen-choice-15-001,choice,generated,文章内の順序参照,"""若葉会議では、発表者を発表順に「林、森、佐藤」と紹介しました。同じ人の再登場はありません。""",紹介された順番で3人目に発表する人は誰ですか。,"{""佐藤"":""佐藤さん"",""林"":""林さん"",""森"":""森さん""}",佐藤
gen-score-12-044,score,generated,目標からの差,"{""案件"":""白波"",""目標数"":9,""実績数"":6,""採点"":""差の絶対値。ただし7以上は段階7""}",不足・超過の向きではなく差の大きさで評価してください。,"[""目標との差が0個"",""目標との差が1個"",""目標との差が2個"",""目標との差が3個"",""目標との差が4個"",""目標との差が5個"",""目標との差が6個"",""目標との差が7個以上""]",3
gen-score-14-036,score,generated,参照表の順序尺度,"""今回の検査用の対応表: 紫印は段階0、青印は段階1、緑印は段階2、茶印は段階3、黄印は段階4、赤印は段階5、黒印は段階6。朝露の確定検査票には赤印が付いています。色に一般的な良し悪しは仮定しません。""",今回の対応表を使って検査票の段階を選んでください。,"[""表による段階0"",""表による段階1"",""表による段階2"",""表による段階3"",""表による段階4"",""表による段階5"",""表による段階6""]",5
gen-score-02-037,score,generated,記述の満足段階,"{""回答者"":""大野"",""対象"":""灯台"",""感想原文"":""強い不満があり、受け入れられない""}",発言の意味に最も合う満足段階を選んでください。,"[""強い不満"",""どちらでもない"",""やや満足"",""最高の満足""]",0
gen-score-05-026,score,generated,緊急条件の加点,"{""案件"":""夕凪"",""基本優先度"":1,""締切までの残り時間"":3,""規則"":""残り3時間以内なら1加点、それより長ければ0加点。上限2""}",今回の最終優先段階を求めてください。,"[""最終優先度0"",""最終優先度1"",""最終優先度2""]",2
gen-score-07-025,score,generated,証拠の最高到達段階,"""この調査固有の証拠段階表: 口頭メモは段階1、監査記録は段階2。青空で得られた証拠は口頭メモ。複数ある場合は最大の段階を使い、なければ0です。""",明示された段階表だけで証拠を評価してください。,"[""証拠なしの段階0"",""表に基づく最高証拠段階1"",""表に基づく最高証拠段階2""]",1
gen-score-13-029,score,generated,取消しを反映した件数,"""若葉の申込み記録: 林は受付済み・取消なし、木村は受付済み・取消済み、森は受付済み・取消なし、吉田は受付済み・取消済み、遠藤は受付済み・取消済み、佐藤は受付済み・取消なし、渡辺は受付済み・取消なし、高橋は受付済み・取消済み。取消済みの申込みは有効件数から除きます。6件以上は最終段階6にまとめます。""",受付済みから取消済みを除いた件数はいくつの段階ですか。,"[""有効申込みが0件"",""有効申込みが1件"",""有効申込みが2件"",""有効申込みが3件"",""有効申込みが4件"",""有効申込みが5件"",""有効申込みが6件以上""]",4
gen-choice-05-005,choice,generated,否定条件で選択,"{""検品"":[{""品名"":""シール"",""封がある"":false,""濡れている"":true},{""品名"":""ノート"",""封がある"":true,""濡れている"":false},{""品名"":""テープ"",""封がある"":true,""濡れている"":true},{""品名"":""ペン"",""封がある"":true,""濡れている"":true},{""品名"":""ケース"",""封がある"":false,""濡れている"":false},{""品名"":""冊子"",""封がある"":true,""濡れている"":true},{""品名"":""箱"",""封がある"":true,""濡れている"":true},{""品名"":""クリップ"",""封がある"":false,""濡れている"":false}]}",濡れた品は除外し、封がある品を一つ選んでください。,"{""ノート"":""ノート"",""テープ"":""テープ"",""ケース"":""ケース"",""箱"":""箱"",""ペン"":""ペン"",""クリップ"":""クリップ"",""冊子"":""冊子"",""シール"":""シール""}",ノート
gen-noul-08-033,noul,generated,集合と否定所属,"{""催し"":""山道"",""完全な参加者名簿"":[""森"",""高橋"",""松本"",""吉田""],""補足"":""名前のない人は参加者ではない""}",『遠藤さんは参加者である』という記述は正しいですか。,"{""false"":""いいえ。質問の命題は成立しない。"",""true"":""はい。質問の命題が成立する。""}",false
gen-noul-15-034,noul,generated,出来事の前後関係,"{""担当者"":""林"",""実施順"":[""棚への配置"",""休憩"",""引継ぎ"",""電話連絡"",""荷物受取"",""報告"",""検品""],""各作業の実施回数"":1}",日誌では電話連絡の方が休憩より先ですか。,"{""false"":""いいえ。質問の命題は成立しない。"",""true"":""はい。質問の命題が成立する。""}",false
gen-score-11-012,score,generated,時刻順の評価更新,"""朝露の評価更新履歴: 7時に段階2、16時に段階1、17時に段階0。評価は最新時刻の値だけを採用します。""",現在採用すべき評価段階を選んでください。,"[""評価段階0"",""評価段階1"",""評価段階2"",""評価段階3""]",0
gen-score-08-009,score,generated,要件への一致数,"{""注文要件"":{""素材"":""紙"",""印字"":""なし"",""色"":""赤"",""サイズ"":""小"",""形"":""丸"",""包装"":""なし"",""配送"":""店頭""},""提案品"":{""素材"":""布"",""印字"":""なし"",""色"":""青"",""サイズ"":""中"",""形"":""丸"",""包装"":""箱"",""配送"":""宅配""}}",提案品が満たす要件数はいくつの段階ですか。,"[""一致した要件が0項目"",""一致した要件が1項目"",""一致した要件が2項目"",""一致した要件が3項目"",""一致した要件が4項目"",""一致した要件が5項目"",""一致した要件が6項目"",""一致した要件が7項目""]",2
gen-choice-05-044,choice,generated,否定条件で選択,"{""検品"":[{""品名"":""ケース"",""封がある"":true,""濡れている"":true},{""品名"":""テープ"",""封がある"":true,""濡れている"":true},{""品名"":""カード"",""封がある"":false,""濡れている"":true},{""品名"":""付箋"",""封がある"":false,""濡れている"":false},{""品名"":""箱"",""封がある"":true,""濡れている"":true}]}",濡れた品は除外し、封がない品を一つ選んでください。,"{""箱"":""箱"",""付箋"":""付箋"",""ケース"":""ケース"",""カード"":""カード"",""テープ"":""テープ""}",付箋
gen-score-10-021,score,generated,不足の段階,"""白波申請で必要なものは添付図、申込書、確認票、見積書、受領票。届いたものは見積書、添付図、確認票、申込書、受領票です。必要一覧にない書類は不足を埋めません。""",未提出の必要書類はいくつの段階ですか。,"[""不足が0種類"",""不足が1種類"",""不足が2種類"",""不足が3種類"",""不足が4種類"",""不足が5種類""]",0
gen-score-04-047,score,generated,独立チェックの合計,"""白波資料の点検: 署名ありは満たさない。各項目は一つずつ数えます。""",満たしたチェック項目の数を段階として選んでください。,"[""満たした項目が0個"",""満たした項目が1個""]",0
gen-noul-08-039,noul,generated,集合と否定所属,"{""催し"":""水面"",""完全な参加者名簿"":[""加藤"",""山田"",""吉田""],""補足"":""名前のない人は参加者ではない""}",名簿に基づき、林さんが参加者であるという判断に同意できますか。,"{""false"":""いいえ。質問の命題は成立しない。"",""true"":""はい。質問の命題が成立する。""}",false
gen-choice-07-020,choice,generated,複数属性の制約,"{""在庫表"":[{""品名"":""封筒"",""色"":""緑"",""素材"":""木"",""在庫あり"":false},{""品名"":""名札"",""色"":""茶"",""素材"":""木"",""在庫あり"":true},{""品名"":""ラベル"",""色"":""黄"",""素材"":""木"",""在庫あり"":true},{""品名"":""用紙"",""色"":""緑"",""素材"":""木"",""在庫あり"":false},{""品名"":""シール"",""色"":""紫"",""素材"":""木"",""在庫あり"":true},{""品名"":""ペン"",""色"":""緑"",""素材"":""樹脂"",""在庫あり"":true},{""品名"":""テープ"",""色"":""緑"",""素材"":""木"",""在庫あり"":true},{""品名"":""ケース"",""色"":""茶"",""素材"":""木"",""在庫あり"":true}]}",緑色で木製、在庫もある品を選んでください。,"{""封筒"":""封筒"",""ケース"":""ケース"",""シール"":""シール"",""ラベル"":""ラベル"",""名札"":""名札"",""テープ"":""テープ"",""用紙"":""用紙"",""ペン"":""ペン""}",テープ
gen-choice-15-018,choice,generated,文章内の順序参照,"{""会議"":""水面"",""発表順"":[""渡辺"",""上田"",""林"",""佐藤"",""木村"",""青木"",""遠藤""]}",発表順の先頭から3番目にいる人を答えてください。,"{""青木"":""青木さん"",""遠藤"":""遠藤さん"",""渡辺"":""渡辺さん"",""上田"":""上田さん"",""林"":""林さん"",""木村"":""木村さん"",""佐藤"":""佐藤さん""}",林
gen-score-14-043,score,generated,参照表の順序尺度,"{""検査対象"":""山道"",""今回の対応表"":{""黒"":0,""赤"":1,""茶"":2,""白"":3,""黄"":4,""緑"":5,""青"":6},""確定票の印"":""青""}",今回の対応表を使って検査票の段階を選んでください。,"[""表による段階0"",""表による段階1"",""表による段階2"",""表による段階3"",""表による段階4"",""表による段階5"",""表による段階6""]",6
gen-noul-05-008,noul,generated,締切の境界,"{""受付規則"":""10時より前だけ受け付け、10時ちょうどは無効"",""提出者"":""佐藤"",""提出時刻"":8}",記録された提出時刻は締切内ですか。,"{""false"":""いいえ。質問の命題は成立しない。"",""true"":""はい。質問の命題が成立する。""}",true
gen-noul-09-023,noul,generated,重複を除いた件数,"""朝露棚で読み取った品名は袋、ノート、ラベル、封筒、ケース、クリップ、テープ、クリップ、テープでした。同じ品名の繰り返しは一種類として数えます。""",異なる品名だけ数えると6種類以上ですか。,"{""false"":""いいえ。質問の命題は成立しない。"",""true"":""はい。質問の命題が成立する。""}",true
gen-score-12-001,score,generated,目標からの差,"{""案件"":""若葉"",""目標数"":11,""実績数"":11,""採点"":""差の絶対値。ただし6以上は段階6""}",示された上限を含め、実績のずれを段階に変換してください。,"[""目標との差が0個"",""目標との差が1個"",""目標との差が2個"",""目標との差が3個"",""目標との差が4個"",""目標との差が5個"",""目標との差が6個以上""]",0
gen-choice-05-020,choice,generated,否定条件で選択,"""検品記録: ノートは封なしで濡れている、冊子は封ありで濡れている、ケースは封ありで濡れていない、名札は封なしで濡れていない。""",濡れた品は除外し、封がない品を一つ選んでください。,"{""ケース"":""ケース"",""名札"":""名札"",""ノート"":""ノート"",""冊子"":""冊子""}",名札
gen-score-15-008,score,generated,軽重のある項目,"""この点検の配点: 日付欠落は2点、添付欠落は1点、頁番号欠落は1点、宛名不備は1点、誤字は1点、余白不備は1点。見つかった不備: 誤字。該当項目の点を合計し、6点以上は段階6にまとめます。""",配点の違いを反映した最終段階を選んでください。,"[""不備点の合計が0点"",""不備点の合計が1点"",""不備点の合計が2点"",""不備点の合計が3点"",""不備点の合計が4点"",""不備点の合計が5点"",""不備点の合計が6点以上""]",1
gen-score-05-043,score,generated,緊急条件の加点,"""若葉の基本優先度は3です。締切まで残り4時間以内なら1だけ加点し、それより長ければ加点しません。上限は5です。今回は締切まで1時間です。""",今回の最終優先段階を求めてください。,"[""最終優先度0"",""最終優先度1"",""最終優先度2"",""最終優先度3"",""最終優先度4"",""最終優先度5""]",4
gen-noul-07-005,noul,generated,識別文字列の完全一致,"{""商品ラベル"":""AB7-B"",""注文票"":""AB7-B"",""照合規則"":""大文字小文字と記号も含む完全一致""}",同一コードとして扱ってよいですか。,"{""false"":""いいえ。質問の命題は成立しない。"",""true"":""はい。質問の命題が成立する。""}",true
gen-choice-13-049,choice,generated,工程の依存順,"{""案件"":""草原"",""工程順"":[""内容確認"",""承認"",""実施"",""報告"",""準備"",""見積作成""],""完了済み"":[""内容確認"",""承認"",""実施"",""報告"",""準備"",""見積作成""],""規則"":""順に実行し未完了工程を飛ばさない""}",この作業を一段進めるときに着手する工程を答えてください。残りがなければ完了です。,"{""実施"":""実施"",""報告"":""報告"",""内容確認"":""内容確認"",""承認"":""承認"",""完了"":""全工程が完了"",""準備"":""準備"",""見積作成"":""見積作成""}",完了
gen-noul-04-037,noul,generated,例外の優先,"{""許可条件"":""本人確認済み"",""優先禁止条件"":""入場制限中"",""対象"":""中村"",""許可条件に該当"":false,""禁止条件に該当"":true}",この人は現在、利用可能ですか。,"{""false"":""いいえ。質問の命題は成立しない。"",""true"":""はい。質問の命題が成立する。""}",false
gen-score-11-048,score,generated,時刻順の評価更新,"{""案件"":""夕凪"",""評価更新"":[{""時刻"":19,""段階"":1},{""時刻"":7,""段階"":3},{""時刻"":21,""段階"":2},{""時刻"":12,""段階"":3},{""時刻"":10,""段階"":3}],""採用規則"":""最新時刻だけを採用""}",履歴の記載順に惑わされず、最新評価を答えてください。,"[""評価段階0"",""評価段階1"",""評価段階2"",""評価段階3"",""評価段階4""]",2
gen-score-04-001,score,generated,独立チェックの合計,"""山道資料の点検: ページ番号ありは満たさない、宛先ありは満たす、題名ありは満たさない、添付ありは満たさない。各項目は一つずつ数えます。""",満たしたチェック項目の数を段階として選んでください。,"[""満たした項目が0個"",""満たした項目が1個"",""満たした項目が2個"",""満たした項目が3個"",""満たした項目が4個""]",1
gen-choice-01-010,choice,generated,問い合わせ経路,"{""分類表"":{""請求"":[""二重請求"",""領収書"",""返金""],""配送"":[""届け先変更"",""荷物の遅延"",""追跡番号""],""契約"":[""契約更新"",""プラン変更"",""解約手続き""],""アカウント"":[""ログイン"",""パスワード"",""退会""]},""本文"":""配送状況を見るための追跡番号を教えてください"",""受付主題"":""追跡番号""}",受付分類表を使って、この相談の担当を決めてください。,"{""契約"":""契約の窓口"",""アカウント"":""アカウントの窓口"",""請求"":""請求の窓口"",""配送"":""配送の窓口""}",配送
gen-noul-04-002,noul,generated,例外の優先,"""規則: 事前承認済みであれば木漏れ日を利用できます。ただし会費滞納なら利用できません。山田さんは事前承認済みに該当、会費滞納に非該当です。""",禁止例外を先に考慮すると、この利用を認められますか。,"{""false"":""いいえ。質問の命題は成立しない。"",""true"":""はい。質問の命題が成立する。""}",true
gen-choice-01-008,choice,generated,問い合わせ経路,"""受付分類表は次のとおりです。店舗窓口: 営業時間・店内設備・店舗の場所 / 製品窓口: 破損・初期不良・部品交換。問い合わせ本文:「お店に車いす用の設備はありますか」。受付担当が付けた主題は「店内設備」です。""",記録された主題を扱う転送先はどこですか。,"{""店舗"":""店舗の窓口"",""製品"":""製品の窓口""}",店舗
gen-noul-07-044,noul,generated,識別文字列の完全一致,"""商品ラベルの管理コードは「RS5-A」、注文票の管理コードは「RS5-D」です。照合では大文字と小文字、記号の違いも区別します。""",二つの管理コードは完全一致していますか。,"{""false"":""いいえ。質問の命題は成立しない。"",""true"":""はい。質問の命題が成立する。""}",false
gen-noul-05-033,noul,generated,締切の境界,"{""受付規則"":""13時より前だけ受け付け、13時ちょうどは無効"",""提出者"":""遠藤"",""提出時刻"":16}",記録された提出時刻は締切内ですか。,"{""false"":""いいえ。質問の命題は成立しない。"",""true"":""はい。質問の命題が成立する。""}",false
gen-choice-08-044,choice,generated,改訂と例外の優先,"{""通常品ラベルの改訂・古い順"":[""黄"",""青"",""茶""],""優先例外"":""冷蔵品は茶"",""荷物"":""冷蔵品"",""規則"":""後の改訂が前を上書きする""}",例外と改訂の順序を考慮して、使用する色はどれですか。,"{""白"":""白ラベル"",""黄"":""黄ラベル"",""茶"":""茶ラベル"",""青"":""青ラベル"",""黒"":""黒ラベル"",""紫"":""紫ラベル"",""赤"":""赤ラベル""}",茶
gen-score-01-041,score,generated,件数の段階境界,"""白波で検品で見つかった不備を数えたところ、現在17件でした。処理済みは数に含めていません。""",記録された数に対応する段階を選んでください。,"[""対象件数が3件未満"",""対象件数が3件以上、6件未満"",""対象件数が6件以上、9件未満"",""対象件数が9件以上、12件未満"",""対象件数が12件以上、15件未満"",""対象件数が15件以上、18件未満"",""対象件数が18件以上""]",5
gen-score-06-017,score,generated,約束時刻からの遅れ,"""星空便は9時到着の約束でした。実際の到着は同じ日の7時です。早着した場合の遅れは0時間とします。""",約束時刻と到着時刻の差から、遅延段階を選んでください。,"[""遅れが2時間未満"",""遅れが2時間以上""]",0
gen-noul-01-007,noul,generated,事実と否定質問,"""渡辺さんについての確定記録: 参加登録を完了していません。""",確定情報だけから、渡辺さんが参加登録を完了しているという判断は正しいですか。,"{""false"":""いいえ。質問の命題は成立しない。"",""true"":""はい。質問の命題が成立する。""}",false
gen-noul-11-010,noul,generated,参照関係の真偽,"""担当表: 木漏れ日は林、若葉は石田、青空は佐藤。資料の関連先: ノートは青空、クリップは若葉、箱は木漏れ日。""",林さんはクリップが属する案件の担当者と言えますか。,"{""false"":""いいえ。質問の命題は成立しない。"",""true"":""はい。質問の命題が成立する。""}",false
gen-score-04-007,score,generated,独立チェックの合計,"{""資料"":""朝露"",""チェック項目"":{""ページ番号あり"":true,""承認印あり"":false,""宛先あり"":true},""各項目の重み"":1}",条件を満たした項目を一つ一点として集計してください。,"[""満たした項目が0個"",""満たした項目が1個"",""満たした項目が2個"",""満たした項目が3個""]",2
gen-choice-03-049,choice,generated,最終更新,"{""案件"":""灯台"",""更新記録"":[{""時"":20,""状態"":""保留""},{""時"":8,""状態"":""未着手""},{""時"":14,""状態"":""未着手""}]}",最後の時刻の記録が有効です。現在の状態はどれですか。,"{""未着手"":""未着手"",""保留"":""保留""}",保留
gen-choice-15-024,choice,generated,文章内の順序参照,"{""会議"":""木漏れ日"",""発表順"":[""中村"",""松本"",""青木""]}",発表順の先頭から1番目にいる人を答えてください。,"{""松本"":""松本さん"",""青木"":""青木さん"",""中村"":""中村さん""}",中村
gen-choice-01-037,choice,generated,問い合わせ経路,"""受付分類表は次のとおりです。請求窓口: 二重請求・領収書・返金 / 店舗窓口: 営業時間・店内設備・店舗の場所 / アカウント窓口: ログイン・パスワード・退会 / 製品窓口: 破損・初期不良・部品交換 / 配送窓口: 届け先変更・荷物の遅延・追跡番号。問い合わせ本文:「自分のアカウントにログインできません」。受付担当が付けた主題は「ログイン」です。""",受付分類表を使って、この相談の担当を決めてください。,"{""請求"":""請求の窓口"",""配送"":""配送の窓口"",""アカウント"":""アカウントの窓口"",""店舗"":""店舗の窓口"",""製品"":""製品の窓口""}",アカウント
gen-score-08-015,score,generated,要件への一致数,"{""注文要件"":{""配送"":""郵送"",""素材"":""木"",""色"":""青"",""サイズ"":""大"",""包装"":""なし"",""形"":""三角""},""提案品"":{""配送"":""郵送"",""素材"":""紙"",""色"":""赤"",""サイズ"":""中"",""包装"":""なし"",""形"":""四角""}}",注文要件と一致している属性の数を段階として選んでください。,"[""一致した要件が0項目"",""一致した要件が1項目"",""一致した要件が2項目"",""一致した要件が3項目"",""一致した要件が4項目"",""一致した要件が5項目"",""一致した要件が6項目""]",2
gen-noul-05-048,noul,generated,締切の境界,"""青空の提出は16時より前だけ受け付け、16時ちょうどは無効です。吉田さんの提出記録は14時ちょうどです。""",記録された提出時刻は締切内ですか。,"{""false"":""いいえ。質問の命題は成立しない。"",""true"":""はい。質問の命題が成立する。""}",true
gen-choice-15-040,choice,generated,文章内の順序参照,"{""会議"":""朝露"",""発表順"":[""大野"",""加藤""]}",最初を1番目として、2番目の発表者を選んでください。,"{""大野"":""大野さん"",""加藤"":""加藤さん""}",加藤
gen-choice-08-028,choice,generated,改訂と例外の優先,"{""通常品ラベルの改訂・古い順"":[""赤"",""白"",""茶""],""優先例外"":""冷蔵品は黒"",""荷物"":""冷蔵品"",""規則"":""後の改訂が前を上書きする""}",今回適用されるラベルを一つ決めてください。,"{""赤"":""赤ラベル"",""緑"":""緑ラベル"",""白"":""白ラベル"",""黒"":""黒ラベル"",""黄"":""黄ラベル"",""茶"":""茶ラベル""}",黒
gen-noul-05-042,noul,generated,締切の境界,"""木漏れ日の提出は15時より前だけ受け付け、15時ちょうどは無効です。加藤さんの提出記録は9時ちょうどです。""",時刻だけを基準に、この提出を有効と判定できますか。,"{""false"":""いいえ。質問の命題は成立しない。"",""true"":""はい。質問の命題が成立する。""}",true
gen-noul-09-007,noul,generated,重複を除いた件数,"{""棚"":""木漏れ日"",""読み取り品名"":[""テープ"",""ノート"",""ペン"",""ペン"",""ケース"",""ファイル"",""用紙"",""名札""],""数え方"":""同一品名の重複を除く""}",品物の種類は5種類以上ありますか。,"{""false"":""いいえ。質問の命題は成立しない。"",""true"":""はい。質問の命題が成立する。""}",true
gen-score-15-029,score,generated,軽重のある項目,"{""不備ごとの配点"":{""頁番号欠落"":2,""日付欠落"":1,""誤字"":1,""添付欠落"":1,""署名欠落"":1,""宛名不備"":1},""不備あり"":{""頁番号欠落"":true,""日付欠落"":false,""誤字"":false,""添付欠落"":true,""署名欠落"":true,""宛名不備"":false},""上限"":6}",項目数ではなく指定された点数で評価してください。,"[""不備点の合計が0点"",""不備点の合計が1点"",""不備点の合計が2点"",""不備点の合計が3点"",""不備点の合計が4点"",""不備点の合計が5点"",""不備点の合計が6点以上""]",4
gen-noul-01-033,noul,generated,事実と否定質問,"""遠藤さんについての確定記録: 連絡を受領していません。""",確定情報だけから、遠藤さんが連絡を受領しているという判断は正しいですか。,"{""false"":""いいえ。質問の命題は成立しない。"",""true"":""はい。質問の命題が成立する。""}",false
gen-noul-05-021,noul,generated,締切の境界,"""山道の提出は14時ちょうどまで受け付け、同時刻の提出も有効です。高橋さんの提出記録は16時ちょうどです。""",時刻だけを基準に、この提出を有効と判定できますか。,"{""false"":""いいえ。質問の命題は成立しない。"",""true"":""はい。質問の命題が成立する。""}",false
gen-noul-07-029,noul,generated,識別文字列の完全一致,"""商品ラベルの管理コードは「EF7-A」、注文票の管理コードは「EF7-A」です。照合では大文字と小文字、記号の違いも区別します。""",同一コードとして扱ってよいですか。,"{""false"":""いいえ。質問の命題は成立しない。"",""true"":""はい。質問の命題が成立する。""}",true
gen-choice-07-001,choice,generated,複数属性の制約,"""在庫表: ラベルは白色・紙製・在庫あり、テープは黄色・ガラス製・在庫あり、名札は緑色・紙製・在庫あり、箱は黄色・紙製・在庫なし、クリップは茶色・紙製・在庫あり、ケースは黄色・紙製・在庫あり、ファイルは黄色・紙製・在庫なし、ペンは黄色・紙製・在庫なし。""",今注文できる紙製の黄色の商品を答えてください。在庫なしは選べません。,"{""箱"":""箱"",""ケース"":""ケース"",""ファイル"":""ファイル"",""名札"":""名札"",""ペン"":""ペン"",""テープ"":""テープ"",""クリップ"":""クリップ"",""ラベル"":""ラベル""}",ケース
gen-noul-13-047,noul,generated,範囲の開閉境界,"""星空の受付数は、6個以上、かつ11個未満の場合に限り適合です。今回の数は7個です。""",指定された範囲条件を満たしていますか。,"{""false"":""いいえ。質問の命題は成立しない。"",""true"":""はい。質問の命題が成立する。""}",true
gen-noul-06-033,noul,generated,更新後の状態,"{""対象"":""灯台"",""更新記録"":[{""時刻"":21,""状態"":""満席""},{""時刻"":13,""状態"":""点検中""},{""時刻"":14,""状態"":""受付中""},{""時刻"":15,""状態"":""点検中""},{""時刻"":8,""状態"":""点検中""}],""規則"":""最新時刻の記録が有効""}",最後の更新を適用すると、状態は「受付中」になっていますか。,"{""false"":""いいえ。質問の命題は成立しない。"",""true"":""はい。質問の命題が成立する。""}",false
gen-choice-02-047,choice,generated,条件と優先例外,"""夕凪店では会員で購入数が12個以上なら優待扱いです。ただし予約品は購入数や会員資格にかかわらず通常扱いです。今回は8個、非会員、通常在庫品です。""",例外も踏まえて、今回の購入区分はどれですか。,"{""優待"":""優待の扱い"",""通常"":""通常の扱い""}",通常
gen-choice-08-008,choice,generated,改訂と例外の優先,"""通常品の貼付ラベルについて、連絡は古い順に「白」「青」「紫」でした。後の連絡が前の連絡を上書きします。ただし冷蔵品には連絡履歴に関係なく紫ラベルを貼ります。今回の荷物は冷蔵品です。""",今回適用されるラベルを一つ決めてください。,"{""赤"":""赤ラベル"",""白"":""白ラベル"",""青"":""青ラベル"",""緑"":""緑ラベル"",""紫"":""紫ラベル"",""黄"":""黄ラベル""}",紫
gen-score-09-031,score,generated,例外による上限,"{""検査合格"":{""表示"":true},""要再確認の印あり"":false,""採点規則"":""合格数が点数。ただし印があれば上限1点""}",上限制限を適用した最終点を選んでください。,"[""最終点0点"",""最終点1点""]",1
gen-noul-03-012,noul,generated,いずれかの条件,"{""いずれか一つ以上必要"":[""招待券"",""当日券"",""事前予約票"",""紹介状""],""所持状況"":{""招待券"":true,""当日券"":true,""事前予約票"":true,""紹介状"":true},""対象"":""高橋""}",記載された条件で受付を通れますか。,"{""false"":""いいえ。質問の命題は成立しない。"",""true"":""はい。質問の命題が成立する。""}",true
gen-choice-09-029,choice,generated,利用可能集合の差,"{""利用可能品"":[""シール"",""名札"",""袋"",""箱""],""予約済み品"":[""名札"",""袋"",""箱""]}",利用可能品のうち、予約されていない品を選んでください。,"{""名札"":""名札"",""袋"":""袋"",""箱"":""箱"",""シール"":""シール""}",シール
gen-noul-07-009,noul,generated,識別文字列の完全一致,"{""商品ラベル"":""EF2-A"",""注文票"":""EF2-A"",""照合規則"":""大文字小文字と記号も含む完全一致""}",二つの管理コードは完全一致していますか。,"{""false"":""いいえ。質問の命題は成立しない。"",""true"":""はい。質問の命題が成立する。""}",true
gen-noul-08-048,noul,generated,集合と否定所属,"{""催し"":""若葉"",""完全な参加者名簿"":[""加藤"",""石田"",""上田"",""山田"",""高橋"",""遠藤"",""森""],""補足"":""名前のない人は参加者ではない""}",『上田さんは参加者である』という記述は正しいですか。,"{""false"":""いいえ。質問の命題は成立しない。"",""true"":""はい。質問の命題が成立する。""}",true
gen-score-11-025,score,generated,時刻順の評価更新,"""星空の評価更新履歴: 9時に段階0、7時に段階1、10時に段階2。評価は最新時刻の値だけを採用します。""",現在採用すべき評価段階を選んでください。,"[""評価段階0"",""評価段階1"",""評価段階2""]",2
gen-choice-04-041,choice,generated,参照先の担当,"{""案件担当"":{""夕凪"":""高橋"",""青空"":""吉田"",""春風"":""森"",""星空"":""石田"",""草原"":""大野"",""山道"":""佐藤""},""資料の所属案件"":{""ケース"":""夕凪"",""封筒"":""青空"",""テープ"":""草原"",""名札"":""星空"",""ノート"":""山道"",""カード"":""春風""},""確認資料"":""テープ""}",確認資料が属する案件の担当者を選んでください。,"{""佐藤"":""佐藤さん"",""石田"":""石田さん"",""高橋"":""高橋さん"",""森"":""森さん"",""大野"":""大野さん"",""吉田"":""吉田さん""}",大野
gen-score-12-026,score,generated,目標からの差,"""春風の目標数は12個、実績は11個です。多すぎても少なすぎても、目標から何個離れたかで評価します。差が3個以上なら最終段階3にまとめます。""",目標からのずれの段階を選んでください。,"[""目標との差が0個"",""目標との差が1個"",""目標との差が2個"",""目標との差が3個以上""]",1
gen-choice-14-034,choice,generated,二属性照合,"""展示品の札: ケースは紫色・樹脂製、袋は青色・木製、カードは黒色・布製。探しているのは黒色の布製です。""",二つの指定を同時に満たす展示品はどれですか。,"{""袋"":""袋"",""ケース"":""ケース"",""カード"":""カード""}",カード
gen-score-14-020,score,generated,参照表の順序尺度,"{""検査対象"":""白波"",""今回の対応表"":{""黒"":0,""紫"":1,""茶"":2,""黄"":3,""緑"":4},""確定票の印"":""緑""}",一般常識ではなく示された表に従って段階を答えてください。,"[""表による段階0"",""表による段階1"",""表による段階2"",""表による段階3"",""表による段階4""]",4
gen-choice-04-020,choice,generated,参照先の担当,"""担当: 朝露は青木、白波は大野、灯台は遠藤。資料の所属: 用紙は朝露案件、シールは白波案件、クリップは灯台案件。確認する資料は用紙です。""",この資料について、所属案件を通じて連絡すべき担当者は誰ですか。,"{""遠藤"":""遠藤さん"",""大野"":""大野さん"",""青木"":""青木さん""}",青木
gen-score-02-011,score,generated,記述の満足段階,"""中村さんは春風の体験について「特に良くも悪くも感じなかった」と回答しました。追加の発言はありません。""",発言の意味に最も合う満足段階を選んでください。,"[""強い不満"",""不満"",""どちらでもない"",""やや満足"",""満足"",""最高の満足""]",2
gen-noul-03-030,noul,generated,いずれかの条件,"{""いずれか一つ以上必要"":[""当日券"",""会員証""],""所持状況"":{""当日券"":true,""会員証"":true},""対象"":""加藤""}",この人は受付基準を満たしていますか。,"{""false"":""いいえ。質問の命題は成立しない。"",""true"":""はい。質問の命題が成立する。""}",true
gen-choice-10-001,choice,generated,不在時の代理,"{""案件担当"":{""青空"":""森"",""白波"":""佐藤"",""春風"":""松本"",""木漏れ日"":""山田"",""草原"":""渡辺"",""山道"":""木村"",""星空"":""遠藤""},""代理者"":{""森"":""佐藤"",""佐藤"":""松本"",""松本"":""山田"",""山田"":""渡辺"",""渡辺"":""木村"",""木村"":""遠藤"",""遠藤"":""森""},""不在者"":[""山田"",""遠藤""],""案件"":""春風"",""ルール"":""担当者が不在なら指定代理に一度だけ振替。代理の在席状況は問わない""}",この案件を担当本人または指定代理に連絡します。宛先は誰ですか。,"{""遠藤"":""遠藤さん"",""木村"":""木村さん"",""渡辺"":""渡辺さん"",""松本"":""松本さん"",""佐藤"":""佐藤さん"",""山田"":""山田さん"",""森"":""森さん""}",松本
gen-choice-04-018,choice,generated,参照先の担当,"{""案件担当"":{""星空"":""林"",""草原"":""大野"",""青空"":""松本"",""灯台"":""加藤"",""朝露"":""吉田"",""夕凪"":""渡辺""},""資料の所属案件"":{""箱"":""青空"",""ノート"":""草原"",""冊子"":""夕凪"",""袋"":""灯台"",""ラベル"":""朝露"",""テープ"":""星空""},""確認資料"":""袋""}",この資料について、所属案件を通じて連絡すべき担当者は誰ですか。,"{""吉田"":""吉田さん"",""大野"":""大野さん"",""林"":""林さん"",""松本"":""松本さん"",""加藤"":""加藤さん"",""渡辺"":""渡辺さん""}",加藤
gen-noul-01-029,noul,generated,事実と否定質問,"{""対象者"":""松本"",""項目"":""連絡を受領"",""実施済み"":true}",記録上、松本さんは連絡を受領していないと言えますか。,"{""false"":""いいえ。質問の命題は成立しない。"",""true"":""はい。質問の命題が成立する。""}",false
gen-noul-13-023,noul,generated,範囲の開閉境界,"""星空の受付数は、2個より多い、かつ10個以下の場合に限り適合です。今回の数は6個です。""",指定された範囲条件を満たしていますか。,"{""false"":""いいえ。質問の命題は成立しない。"",""true"":""はい。質問の命題が成立する。""}",true
gen-choice-01-029,choice,generated,問い合わせ経路,"""受付分類表は次のとおりです。アカウント窓口: ログイン・パスワード・退会 / 配送窓口: 届け先変更・荷物の遅延・追跡番号 / 店舗窓口: 営業時間・店内設備・店舗の場所 / 製品窓口: 破損・初期不良・部品交換。問い合わせ本文:「お店がどこにあるか知りたいです」。受付担当が付けた主題は「店舗の場所」です。""",受付分類表を使って、この相談の担当を決めてください。,"{""店舗"":""店舗の窓口"",""アカウント"":""アカウントの窓口"",""配送"":""配送の窓口"",""製品"":""製品の窓口""}",店舗
gen-choice-13-020,choice,generated,工程の依存順,"{""案件"":""草原"",""工程順"":[""実施"",""見積作成"",""承認"",""内容確認""],""完了済み"":[""実施""],""規則"":""順に実行し未完了工程を飛ばさない""}",この作業を一段進めるときに着手する工程を答えてください。残りがなければ完了です。,"{""見積作成"":""見積作成"",""実施"":""実施"",""内容確認"":""内容確認"",""承認"":""承認"",""完了"":""全工程が完了""}",見積作成
gen-noul-14-025,noul,generated,予定時間の重なり,"""中村さんの予定: 星空会議は15時から18時、面談は12時から13時。終了と次の開始が同時刻の場合は重複とは扱いません。""",指定された端点の扱いで予定の重複はありますか。,"{""false"":""いいえ。質問の命題は成立しない。"",""true"":""はい。質問の命題が成立する。""}",false
gen-choice-09-039,choice,generated,利用可能集合の差,"""貸出台帳で利用可能と記録されている品は付箋。予約済みの品は封筒、ファイルです。""",今貸せるのは利用可能かつ未予約の品です。該当するものはどれですか。,"{""付箋"":""付箋"",""ファイル"":""ファイル"",""封筒"":""封筒""}",付箋
gen-score-10-047,score,generated,不足の段階,"""夕凪申請で必要なものは受領票、確認票、見積書。届いたものは確認票です。必要一覧にない書類は不足を埋めません。""",未提出の必要書類はいくつの段階ですか。,"[""不足が0種類"",""不足が1種類"",""不足が2種類"",""不足が3種類""]",2
gen-choice-05-022,choice,generated,否定条件で選択,"{""検品"":[{""品名"":""ペン"",""封がある"":false,""濡れている"":false},{""品名"":""冊子"",""封がある"":true,""濡れている"":true},{""品名"":""シール"",""封がある"":true,""濡れている"":true},{""品名"":""袋"",""封がある"":true,""濡れている"":true},{""品名"":""名札"",""封がある"":true,""濡れている"":true},{""品名"":""カード"",""封がある"":false,""濡れている"":true},{""品名"":""ケース"",""封がある"":true,""濡れている"":false}]}",濡れた品は除外し、封がある品を一つ選んでください。,"{""ペン"":""ペン"",""冊子"":""冊子"",""袋"":""袋"",""ケース"":""ケース"",""カード"":""カード"",""名札"":""名札"",""シール"":""シール""}",ケース
gen-choice-02-021,choice,generated,条件と優先例外,"""星空店では会員で購入数が12個以上なら優待扱いです。ただし予約品は購入数や会員資格にかかわらず通常扱いです。今回は2個、非会員、予約品です。""",会計時の区分を一つ決めてください。,"{""優待"":""優待の扱い"",""通常"":""通常の扱い""}",通常
gen-score-13-005,score,generated,取消しを反映した件数,"{""催し"":""白波"",""申込み"":[{""氏名"":""上田"",""受付済み"":false,""取消済み"":false},{""氏名"":""木村"",""受付済み"":false,""取消済み"":false},{""氏名"":""吉田"",""受付済み"":true,""取消済み"":true},{""氏名"":""高橋"",""受付済み"":false,""取消済み"":false},{""氏名"":""石田"",""受付済み"":true,""取消済み"":true},{""氏名"":""松本"",""受付済み"":true,""取消済み"":true},{""氏名"":""大野"",""受付済み"":true,""取消済み"":false}],""まとめ方"":""3件以上は段階3""}",受付済みから取消済みを除いた件数はいくつの段階ですか。,"[""有効申込みが0件"",""有効申込みが1件"",""有効申込みが2件"",""有効申込みが3件以上""]",1
gen-score-05-021,score,generated,緊急条件の加点,"{""案件"":""若葉"",""基本優先度"":0,""締切までの残り時間"":3,""規則"":""残り6時間以内なら1加点、それより長ければ0加点。上限4""}",締切までの時間による条件を反映した段階を答えてください。,"[""最終優先度0"",""最終優先度1"",""最終優先度2"",""最終優先度3"",""最終優先度4""]",1
gen-score-09-045,score,generated,例外による上限,"""検査合格状況: 包装は合格。合格項目一つにつき1点ですが、要再確認の印があれば上限1点に制限します。今回その印はありません。""",上限制限を適用した最終点を選んでください。,"[""最終点0点"",""最終点1点""]",1
gen-score-08-027,score,generated,要件への一致数,"""注文要件: 色=青、包装=箱、素材=布、印字=なし。提案品: 色=青、包装=袋、素材=布、印字=なし。""",各属性の完全一致を一点として採点してください。,"[""一致した要件が0項目"",""一致した要件が1項目"",""一致した要件が2項目"",""一致した要件が3項目"",""一致した要件が4項目""]",3
gen-score-04-008,score,generated,独立チェックの合計,"{""資料"":""春風"",""チェック項目"":{""承認印あり"":false,""題名あり"":true,""添付あり"":false,""署名あり"":true},""各項目の重み"":1}",満たしたチェック項目の数を段階として選んでください。,"[""満たした項目が0個"",""満たした項目が1個"",""満たした項目が2個"",""満たした項目が3個"",""満たした項目が4個""]",2
gen-score-02-050,score,generated,記述の満足段階,"""遠藤さんは草原の体験について「少し良いと感じ、やや満足した」と回答しました。追加の発言はありません。""",感想に明示された評価を尺度へ対応づけてください。,"[""強い不満"",""どちらでもない"",""やや満足""]",2
gen-choice-09-043,choice,generated,利用可能集合の差,"""貸出台帳で利用可能と記録されている品は冊子、封筒、クリップ、カード、箱、ノート。予約済みの品はカード、封筒、冊子、クリップ、ノート、ケースです。""",利用可能品のうち、予約されていない品を選んでください。,"{""ケース"":""ケース"",""ラベル"":""ラベル"",""カード"":""カード"",""ノート"":""ノート"",""冊子"":""冊子"",""クリップ"":""クリップ"",""箱"":""箱"",""封筒"":""封筒""}",箱
gen-choice-07-004,choice,generated,複数属性の制約,"{""在庫表"":[{""品名"":""ケース"",""色"":""紫"",""素材"":""金属"",""在庫あり"":true},{""品名"":""ファイル"",""色"":""紫"",""素材"":""布"",""在庫あり"":true}]}",紫色で金属製、在庫もある品を選んでください。,"{""ケース"":""ケース"",""ファイル"":""ファイル""}",ケース
gen-choice-12-026,choice,generated,条件付き不足書類,"""書類確認の優先順は同意書→承認書。承認書だけは代理申請の場合に限って必要で、それ以外は常に必要です。今回は代理申請。提出済みは承認書です。""",申請区分に応じて必要書類を確認し、最優先で追加提出を求めるものを答えてください。なければ追加不要です。,"{""同意書"":""同意書"",""承認書"":""承認書"",""追加不要"":""必要書類はすべて提出済み""}",同意書
gen-noul-02-043,noul,generated,全条件の充足,"{""すべて必要な条件"":[""事前登録"",""講習受講"",""本人確認"",""同意書提出""],""対象"":""石田"",""完了状況"":{""事前登録"":false,""講習受講"":false,""本人確認"":false,""同意書提出"":true}}",この人は記載された利用条件をすべて満たしていますか。,"{""false"":""いいえ。質問の命題は成立しない。"",""true"":""はい。質問の命題が成立する。""}",false
gen-choice-03-040,choice,generated,最終更新,"""案件「春風」の記録です。8時の更新: 確認中。 16時の更新: 確認中。 15時の更新: 差戻し。 19時の更新: 差戻し。""",最後の時刻の記録が有効です。現在の状態はどれですか。,"{""差戻し"":""差戻し"",""確認中"":""確認中""}",差戻し
gen-noul-05-023,noul,generated,締切の境界,"{""受付規則"":""15時より前だけ受け付け、15時ちょうどは無効"",""提出者"":""高橋"",""提出時刻"":17}",時刻だけを基準に、この提出を有効と判定できますか。,"{""false"":""いいえ。質問の命題は成立しない。"",""true"":""はい。質問の命題が成立する。""}",false
gen-choice-01-011,choice,generated,問い合わせ経路,"{""分類表"":{""製品"":[""破損"",""初期不良"",""部品交換""],""契約"":[""契約更新"",""プラン変更"",""解約手続き""],""配送"":[""届け先変更"",""荷物の遅延"",""追跡番号""]},""本文"":""サービスの解約手続きを知りたいです"",""受付主題"":""解約手続き""}",受付分類表を使って、この相談の担当を決めてください。,"{""製品"":""製品の窓口"",""契約"":""契約の窓口"",""配送"":""配送の窓口""}",契約
gen-score-08-045,score,generated,要件への一致数,"{""注文要件"":{""包装"":""なし""},""提案品"":{""包装"":""袋""}}",各属性の完全一致を一点として採点してください。,"[""一致した要件が0項目"",""一致した要件が1項目""]",0
gen-score-14-015,score,generated,参照表の順序尺度,"{""検査対象"":""青空"",""今回の対応表"":{""紫"":0,""黒"":1,""黄"":2,""茶"":3,""青"":4,""赤"":5,""白"":6},""確定票の印"":""黄""}",今回の対応表を使って検査票の段階を選んでください。,"[""表による段階0"",""表による段階1"",""表による段階2"",""表による段階3"",""表による段階4"",""表による段階5"",""表による段階6""]",2
gen-score-03-007,score,generated,順番に進む工程,"""夕凪の工程順は準備→承認。先頭から順に進め、完了済みはなしです。着手中の工程は完了に含めません。""",この案件は完了ベースでどの段階まで進みましたか。,"[""完了した工程はまだない"",""先頭から1工程が完了（最後に完了したのは準備）"",""先頭から2工程が完了（最後に完了したのは承認）""]",0
gen-choice-04-031,choice,generated,参照先の担当,"""担当: 青空は中村、春風は林、草原は渡辺、白波は松本、水面は加藤、山道は木村、星空は佐藤。資料の所属: 袋は白波案件、付箋は星空案件、ペンは草原案件、冊子は水面案件、名札は青空案件、ラベルは春風案件、テープは山道案件。確認する資料はラベルです。""",確認する資料の案件を担当している人を答えてください。,"{""中村"":""中村さん"",""渡辺"":""渡辺さん"",""加藤"":""加藤さん"",""佐藤"":""佐藤さん"",""林"":""林さん"",""木村"":""木村さん"",""松本"":""松本さん""}",林
gen-score-11-004,score,generated,時刻順の評価更新,"{""案件"":""青空"",""評価更新"":[{""時刻"":10,""段階"":1},{""時刻"":18,""段階"":0},{""時刻"":21,""段階"":2},{""時刻"":9,""段階"":2},{""時刻"":11,""段階"":0},{""時刻"":8,""段階"":2}],""採用規則"":""最新時刻だけを採用""}",現在採用すべき評価段階を選んでください。,"[""評価段階0"",""評価段階1"",""評価段階2""]",2
gen-score-09-039,score,generated,例外による上限,"{""検査合格"":{""包装"":true,""付属品"":true},""要再確認の印あり"":false,""採点規則"":""合格数が点数。ただし印があれば上限0点""}",上限制限を適用した最終点を選んでください。,"[""最終点0点"",""最終点1点"",""最終点2点""]",2
gen-choice-03-017,choice,generated,最終更新,"{""案件"":""草原"",""更新記録"":[{""時"":16,""状態"":""未着手""},{""時"":9,""状態"":""差戻し""},{""時"":8,""状態"":""受取済み""},{""時"":13,""状態"":""受取済み""}]}",記載順ではなく更新時刻を比べ、最新の状態を選んでください。,"{""差戻し"":""差戻し"",""受取済み"":""受取済み"",""未着手"":""未着手""}",未着手
gen-score-08-041,score,generated,要件への一致数,"{""注文要件"":{""包装"":""なし"",""配送"":""宅配"",""形"":""四角"",""素材"":""紙""},""提案品"":{""包装"":""袋"",""配送"":""店頭"",""形"":""丸"",""素材"":""木""}}",提案品が満たす要件数はいくつの段階ですか。,"[""一致した要件が0項目"",""一致した要件が1項目"",""一致した要件が2項目"",""一致した要件が3項目"",""一致した要件が4項目""]",0
gen-choice-08-007,choice,generated,改訂と例外の優先,"{""通常品ラベルの改訂・古い順"":[""黒"",""赤"",""白""],""優先例外"":""冷蔵品は白"",""荷物"":""通常品"",""規則"":""後の改訂が前を上書きする""}",この荷物に貼るラベルの色を選んでください。,"{""緑"":""緑ラベル"",""茶"":""茶ラベル"",""黒"":""黒ラベル"",""白"":""白ラベル"",""青"":""青ラベル"",""黄"":""黄ラベル"",""紫"":""紫ラベル"",""赤"":""赤ラベル""}",白
gen-choice-02-041,choice,generated,条件と優先例外,"""春風店では会員で購入数が7個以上なら優待扱いです。ただし予約品は購入数や会員資格にかかわらず通常扱いです。今回は6個、非会員、予約品です。""",会計時の区分を一つ決めてください。,"{""優待"":""優待の扱い"",""通常"":""通常の扱い""}",通常
gen-choice-09-041,choice,generated,利用可能集合の差,"""貸出台帳で利用可能と記録されている品は付箋。予約済みの品はなしです。""",今貸せるのは利用可能かつ未予約の品です。該当するものはどれですか。,"{""袋"":""袋"",""付箋"":""付箋"",""箱"":""箱""}",付箋
gen-choice-10-025,choice,generated,不在時の代理,"{""案件担当"":{""青空"":""林"",""星空"":""森"",""夕凪"":""吉田"",""若葉"":""遠藤""},""代理者"":{""林"":""森"",""森"":""吉田"",""吉田"":""遠藤"",""遠藤"":""林""},""不在者"":[""遠藤""],""案件"":""若葉"",""ルール"":""担当者が不在なら指定代理に一度だけ振替。代理の在席状況は問わない""}",一回だけの代理振替を適用した後の宛先を答えてください。,"{""吉田"":""吉田さん"",""林"":""林さん"",""遠藤"":""遠藤さん"",""森"":""森さん""}",林
gen-noul-02-019,noul,generated,全条件の充足,"{""すべて必要な条件"":[""本人確認"",""同意書提出"",""会費支払い"",""講習受講""],""対象"":""山田"",""完了状況"":{""本人確認"":true,""同意書提出"":false,""会費支払い"":true,""講習受講"":true}}",この人は記載された利用条件をすべて満たしていますか。,"{""false"":""いいえ。質問の命題は成立しない。"",""true"":""はい。質問の命題が成立する。""}",false
gen-score-09-024,score,generated,例外による上限,"""検査合格状況: 外観は不合格。合格項目一つにつき1点ですが、要再確認の印があれば上限1点に制限します。今回その印はありません。""",上限制限を適用した最終点を選んでください。,"[""最終点0点"",""最終点1点""]",0
gen-choice-03-037,choice,generated,最終更新,"""案件「若葉」の記録です。11時の更新: 差戻し。 17時の更新: 差戻し。 8時の更新: 取消。""",記載順ではなく更新時刻を比べ、最新の状態を選んでください。,"{""取消"":""取消"",""差戻し"":""差戻し""}",差戻し
gen-score-08-049,score,generated,要件への一致数,"{""注文要件"":{""印字"":""あり"",""形"":""四角"",""サイズ"":""中"",""配送"":""店頭"",""色"":""白""},""提案品"":{""印字"":""あり"",""形"":""三角"",""サイズ"":""大"",""配送"":""宅配"",""色"":""白""}}",各属性の完全一致を一点として採点してください。,"[""一致した要件が0項目"",""一致した要件が1項目"",""一致した要件が2項目"",""一致した要件が3項目"",""一致した要件が4項目"",""一致した要件が5項目""]",2
gen-noul-04-013,noul,generated,例外の優先,"{""許可条件"":""招待あり"",""優先禁止条件"":""申請保留中"",""対象"":""高橋"",""許可条件に該当"":true,""禁止条件に該当"":true}",禁止例外を先に考慮すると、この利用を認められますか。,"{""false"":""いいえ。質問の命題は成立しない。"",""true"":""はい。質問の命題が成立する。""}",false
gen-score-07-012,score,generated,証拠の最高到達段階,"""この調査固有の証拠段階表: 口頭メモは段階1、監査記録は段階2、第三者確認は段階3。山道で得られた証拠はなし。複数ある場合は最大の段階を使い、なければ0です。""",明示された段階表だけで証拠を評価してください。,"[""証拠なしの段階0"",""表に基づく最高証拠段階1"",""表に基づく最高証拠段階2"",""表に基づく最高証拠段階3""]",0
gen-noul-02-009,noul,generated,全条件の充足,"{""すべて必要な条件"":[""講習受講"",""同意書提出"",""本人確認""],""対象"":""渡辺"",""完了状況"":{""講習受講"":true,""同意書提出"":true,""本人確認"":false}}",規則に照らし、この人の利用資格は成立しますか。,"{""false"":""いいえ。質問の命題は成立しない。"",""true"":""はい。質問の命題が成立する。""}",false
gen-choice-01-033,choice,generated,問い合わせ経路,"{""分類表"":{""製品"":[""破損"",""初期不良"",""部品交換""],""店舗"":[""営業時間"",""店内設備"",""店舗の場所""],""契約"":[""契約更新"",""プラン変更"",""解約手続き""],""配送"":[""届け先変更"",""荷物の遅延"",""追跡番号""]},""本文"":""付属の部品だけ交換してほしいです"",""受付主題"":""部品交換""}",記録された主題を扱う転送先はどこですか。,"{""契約"":""契約の窓口"",""製品"":""製品の窓口"",""配送"":""配送の窓口"",""店舗"":""店舗の窓口""}",製品
gen-score-01-029,score,generated,件数の段階境界,"""夕凪で未処理の連絡を数えたところ、現在1件でした。処理済みは数に含めていません。""",現在の件数を指定の段階基準に当てはめてください。,"[""対象件数が2件未満"",""対象件数が2件以上""]",0
gen-choice-03-032,choice,generated,最終更新,"{""案件"":""青空"",""更新記録"":[{""時"":14,""状態"":""確認中""},{""時"":12,""状態"":""承認""},{""時"":16,""状態"":""保留""},{""時"":9,""状態"":""差戻し""},{""時"":15,""状態"":""未着手""}]}",最後の時刻の記録が有効です。現在の状態はどれですか。,"{""保留"":""保留"",""未着手"":""未着手"",""差戻し"":""差戻し"",""発送済み"":""発送済み"",""承認"":""承認"",""確認中"":""確認中""}",保留
gen-score-11-009,score,generated,時刻順の評価更新,"{""案件"":""灯台"",""評価更新"":[{""時刻"":18,""段階"":1},{""時刻"":17,""段階"":7},{""時刻"":21,""段階"":7},{""時刻"":16,""段階"":1},{""時刻"":8,""段階"":7}],""採用規則"":""最新時刻だけを採用""}",最後に更新された有効な段階はいくつですか。,"[""評価段階0"",""評価段階1"",""評価段階2"",""評価段階3"",""評価段階4"",""評価段階5"",""評価段階6"",""評価段階7""]",7
gen-score-01-016,score,generated,件数の段階境界,"""夕凪で確認待ちの申請を数えたところ、現在4件でした。処理済みは数に含めていません。""",現在の件数を指定の段階基準に当てはめてください。,"[""対象件数が2件未満"",""対象件数が2件以上、4件未満"",""対象件数が4件以上""]",2
gen-score-06-028,score,generated,約束時刻からの遅れ,"{""便"":""草原"",""約束時刻"":10,""実際の到着時刻"":17,""同日"":true,""早着時の遅れ"":0}",到着の遅れを段階基準で評価してください。,"[""遅れが2時間未満"",""遅れが2時間以上、4時間未満"",""遅れが4時間以上、6時間未満"",""遅れが6時間以上、8時間未満"",""遅れが8時間以上、10時間未満"",""遅れが10時間以上""]",3
gen-score-04-014,score,generated,独立チェックの合計,"""灯台資料の点検: 宛先ありは満たす、日付ありは満たす、署名ありは満たす。各項目は一つずつ数えます。""",条件を満たした項目を一つ一点として集計してください。,"[""満たした項目が0個"",""満たした項目が1個"",""満たした項目が2個"",""満たした項目が3個""]",3
gen-noul-04-008,noul,generated,例外の優先,"{""許可条件"":""本人確認済み"",""優先禁止条件"":""申請保留中"",""対象"":""石田"",""許可条件に該当"":true,""禁止条件に該当"":false}",例外を含む規則のもとで利用は許可されますか。,"{""false"":""いいえ。質問の命題は成立しない。"",""true"":""はい。質問の命題が成立する。""}",true
gen-noul-06-003,noul,generated,更新後の状態,"{""対象"":""草原"",""更新記録"":[{""時刻"":14,""状態"":""点検中""},{""時刻"":21,""状態"":""満席""},{""時刻"":17,""状態"":""空席あり""},{""時刻"":8,""状態"":""空席あり""}],""規則"":""最新時刻の記録が有効""}",最新の有効な記録から「点検中」と言えますか。,"{""false"":""いいえ。質問の命題は成立しない。"",""true"":""はい。質問の命題が成立する。""}",false
gen-noul-08-047,noul,generated,集合と否定所属,"""木漏れ日の参加者名簿は山田、石田、上田、林、木村、加藤です。この名簿は完全で、記載のない人は参加者ではありません。""",石田さんは参加者ではないと言えますか。,"{""false"":""いいえ。質問の命題は成立しない。"",""true"":""はい。質問の命題が成立する。""}",false
gen-score-01-032,score,generated,件数の段階境界,"""夕凪で未処理の連絡を数えたところ、現在4件でした。処理済みは数に含めていません。""",現在の件数を指定の段階基準に当てはめてください。,"[""対象件数が1件未満"",""対象件数が1件以上、2件未満"",""対象件数が2件以上、3件未満"",""対象件数が3件以上、4件未満"",""対象件数が4件以上""]",4
gen-noul-15-047,noul,generated,出来事の前後関係,"""林さんの作業日誌は実施順に休憩→電話連絡→棚への配置→検品→伝票記入→荷物受取→報告→引継ぎです。記載した各作業は一回ずつ実施しました。""",休憩は検品より前に行われましたか。,"{""false"":""いいえ。質問の命題は成立しない。"",""true"":""はい。質問の命題が成立する。""}",true
gen-noul-04-026,noul,generated,例外の優先,"""規則: 登録済みであれば山道を利用できます。ただし資格取消中なら利用できません。林さんは登録済みに該当、資格取消中に非該当です。""",この人は現在、利用可能ですか。,"{""false"":""いいえ。質問の命題は成立しない。"",""true"":""はい。質問の命題が成立する。""}",true
gen-noul-10-025,noul,generated,条件付き義務,"""規則: 夜間受付のときだけ控えの交付が必須です。それ以外の場合にはこの義務はなく、実施していても構いません。今回の案件は夜間受付に該当で、控えの交付は未実施です。""",この義務に関して、規則上問題なしと判定できますか。,"{""false"":""いいえ。質問の命題は成立しない。"",""true"":""はい。質問の命題が成立する。""}",false
gen-score-15-021,score,generated,軽重のある項目,"""この点検の配点: 添付欠落は2点、頁番号欠落は1点、誤字は1点、余白不備は1点、宛名不備は1点。見つかった不備: 添付欠落、頁番号欠落、誤字、宛名不備。該当項目の点を合計し、5点以上は段階5にまとめます。""",配点の違いを反映した最終段階を選んでください。,"[""不備点の合計が0点"",""不備点の合計が1点"",""不備点の合計が2点"",""不備点の合計が3点"",""不備点の合計が4点"",""不備点の合計が5点以上""]",5
gen-score-07-041,score,generated,証拠の最高到達段階,"{""調査"":""灯台"",""この調査の証拠段階"":{""一次資料"":1,""第三者確認"":2,""担当者報告"":3,""写真記録"":4},""得られた証拠"":[""一次資料"",""担当者報告""],""集約規則"":""得られた段階の最大。証拠なしは0""}",この調査の証拠段階を選んでください。,"[""証拠なしの段階0"",""表に基づく最高証拠段階1"",""表に基づく最高証拠段階2"",""表に基づく最高証拠段階3"",""表に基づく最高証拠段階4""]",3
gen-choice-13-044,choice,generated,工程の依存順,"{""案件"":""朝露"",""工程順"":[""実施"",""報告"",""内容確認"",""承認"",""受付"",""準備"",""見積作成""],""完了済み"":[""実施"",""報告""],""規則"":""順に実行し未完了工程を飛ばさない""}",次に行う工程を選んでください。すべて済んでいれば完了を選びます。,"{""実施"":""実施"",""承認"":""承認"",""報告"":""報告"",""準備"":""準備"",""完了"":""全工程が完了"",""受付"":""受付"",""見積作成"":""見積作成"",""内容確認"":""内容確認""}",内容確認
gen-score-10-037,score,generated,不足の段階,"""夕凪申請で必要なものは受領票、添付図、申込書、承認書、見積書、同意書、確認票。届いたものは見積書、案内状、承認書、同意書です。必要一覧にない書類は不足を埋めません。""",必要書類の不足数に対応する段階を選んでください。,"[""不足が0種類"",""不足が1種類"",""不足が2種類"",""不足が3種類"",""不足が4種類"",""不足が5種類"",""不足が6種類"",""不足が7種類""]",4
gen-score-04-022,score,generated,独立チェックの合計,"{""資料"":""山道"",""チェック項目"":{""承認印あり"":true,""題名あり"":true,""署名あり"":true,""宛先あり"":true},""各項目の重み"":1}",満たしたチェック項目の数を段階として選んでください。,"[""満たした項目が0個"",""満たした項目が1個"",""満たした項目が2個"",""満たした項目が3個"",""満たした項目が4個""]",4
gen-noul-10-037,noul,generated,条件付き義務,"""規則: 当日申請のときだけ上長の承認が必須です。それ以外の場合にはこの義務はなく、実施していても構いません。今回の案件は当日申請に該当で、上長の承認は未実施です。""",この義務に関して、規則上問題なしと判定できますか。,"{""false"":""いいえ。質問の命題は成立しない。"",""true"":""はい。質問の命題が成立する。""}",false
gen-choice-04-033,choice,generated,参照先の担当,"""担当: 星空は木村、灯台は松本、白波は吉田、朝露は森、青空は高橋、春風は渡辺、夕凪は林。資料の所属: ラベルは星空案件、シールは灯台案件、用紙は青空案件、付箋は白波案件、ケースは朝露案件、クリップは夕凪案件、名札は春風案件。確認する資料はケースです。""",この資料について、所属案件を通じて連絡すべき担当者は誰ですか。,"{""木村"":""木村さん"",""高橋"":""高橋さん"",""渡辺"":""渡辺さん"",""吉田"":""吉田さん"",""松本"":""松本さん"",""森"":""森さん"",""林"":""林さん""}",森
gen-noul-07-008,noul,generated,識別文字列の完全一致,"{""商品ラベル"":""MN9-C"",""注文票"":""mn9-c"",""照合規則"":""大文字小文字と記号も含む完全一致""}",同一コードとして扱ってよいですか。,"{""false"":""いいえ。質問の命題は成立しない。"",""true"":""はい。質問の命題が成立する。""}",false
gen-score-10-031,score,generated,不足の段階,"""星空申請で必要なものは承認書。届いたものは案内状、承認書です。必要一覧にない書類は不足を埋めません。""",必要一覧と届いた一覧を照合し、不足の程度を判定してください。,"[""不足が0種類"",""不足が1種類""]",0
gen-choice-05-050,choice,generated,否定条件で選択,"{""検品"":[{""品名"":""封筒"",""封がある"":true,""濡れている"":false},{""品名"":""箱"",""封がある"":false,""濡れている"":false},{""品名"":""用紙"",""封がある"":true,""濡れている"":true},{""品名"":""ペン"",""封がある"":true,""濡れている"":false}]}",封がないもので、かつ濡れていない品を選んでください。,"{""箱"":""箱"",""用紙"":""用紙"",""ペン"":""ペン"",""封筒"":""封筒""}",箱
gen-noul-10-016,noul,generated,条件付き義務,"""規則: 代理申請のときだけ事前連絡が必須です。それ以外の場合にはこの義務はなく、実施していても構いません。今回の案件は代理申請に該当で、事前連絡は実施済みです。""",この義務に関して、規則上問題なしと判定できますか。,"{""false"":""いいえ。質問の命題は成立しない。"",""true"":""はい。質問の命題が成立する。""}",true
gen-noul-12-039,noul,generated,記録と主張の照合,"{""施設"":""草原"",""入口ごとの現在の確定記録"":{""北口"":""完全に開いている"",""南口"":""完全に開いている"",""東口"":""半分だけ開いている"",""西口"":""完全に閉じている"",""裏口"":""4分の1だけ開いている"",""搬入口"":""完全に閉じている""},""判定資料"":""現在の確定記録のみ""}",確定情報から、東口は完全に閉じていると言えますか。,"{""false"":""いいえ。質問の命題は成立しない。"",""true"":""はい。質問の命題が成立する。""}",false
gen-choice-14-002,choice,generated,二属性照合,"""展示品の札: 冊子は紫色・金属製、ラベルは青色・樹脂製、付箋は茶色・金属製、テープは赤色・樹脂製、名札は茶色・紙製、ケースは緑色・紙製、ノートは紫色・ガラス製。探しているのは緑色の紙製です。""",二つの指定を同時に満たす展示品はどれですか。,"{""名札"":""名札"",""テープ"":""テープ"",""ノート"":""ノート"",""付箋"":""付箋"",""ラベル"":""ラベル"",""ケース"":""ケース"",""冊子"":""冊子""}",ケース
gen-choice-03-014,choice,generated,最終更新,"{""案件"":""山道"",""更新記録"":[{""時"":19,""状態"":""発送済み""},{""時"":20,""状態"":""確認中""},{""時"":18,""状態"":""発送済み""}]}",記載順ではなく更新時刻を比べ、最新の状態を選んでください。,"{""承認"":""承認"",""確認中"":""確認中"",""発送済み"":""発送済み""}",確認中
gen-score-07-034,score,generated,証拠の最高到達段階,"{""調査"":""白波"",""この調査の証拠段階"":{""口頭メモ"":1,""写真記録"":2,""監査記録"":3,""署名済み文書"":4},""得られた証拠"":[""口頭メモ"",""写真記録""],""集約規則"":""得られた段階の最大。証拠なしは0""}",明示された段階表だけで証拠を評価してください。,"[""証拠なしの段階0"",""表に基づく最高証拠段階1"",""表に基づく最高証拠段階2"",""表に基づく最高証拠段階3"",""表に基づく最高証拠段階4""]",2
gen-noul-11-012,noul,generated,参照関係の真偽,"{""案件担当"":{""春風"":""中村"",""朝露"":""渡辺"",""灯台"":""青木"",""青空"":""上田""},""資料関連先"":{""カード"":""春風"",""箱"":""青空"",""封筒"":""灯台"",""ラベル"":""朝露""}}",箱の関連先を担当表で引くと青木さんになりますか。,"{""false"":""いいえ。質問の命題は成立しない。"",""true"":""はい。質問の命題が成立する。""}",false
gen-score-01-028,score,generated,件数の段階境界,"{""案件"":""水面"",""計数対象"":""未回答の質問"",""件数"":10,""処理済みを除外"":true}",現在の件数を指定の段階基準に当てはめてください。,"[""対象件数が3件未満"",""対象件数が3件以上、6件未満"",""対象件数が6件以上、9件未満"",""対象件数が9件以上、12件未満"",""対象件数が12件以上、15件未満"",""対象件数が15件以上、18件未満"",""対象件数が18件以上、21件未満"",""対象件数が21件以上""]",3
gen-score-08-005,score,generated,要件への一致数,"{""注文要件"":{""色"":""青"",""形"":""三角"",""印字"":""あり""},""提案品"":{""色"":""白"",""形"":""三角"",""印字"":""あり""}}",提案品が満たす要件数はいくつの段階ですか。,"[""一致した要件が0項目"",""一致した要件が1項目"",""一致した要件が2項目"",""一致した要件が3項目""]",2
gen-choice-12-030,choice,generated,条件付き不足書類,"""書類確認の優先順は同意書→見積書。同意書だけは代理申請の場合に限って必要で、それ以外は常に必要です。今回は本人申請。提出済みは見積書、同意書です。""",必要な不足書類を先頭から一つだけ案内します。どれですか。必要書類に不足がなければ追加不要です。,"{""同意書"":""同意書"",""追加不要"":""必要書類はすべて提出済み"",""見積書"":""見積書""}",追加不要
gen-score-13-041,score,generated,取消しを反映した件数,"""水面の申込み記録: 森は未受付・取消なし、林は未受付・取消なし、山田は受付済み・取消済み、石田は受付済み・取消済み。取消済みの申込みは有効件数から除きます。4件以上は最終段階4にまとめます。""",現在有効な申込みだけを数えて評価してください。,"[""有効申込みが0件"",""有効申込みが1件"",""有効申込みが2件"",""有効申込みが3件"",""有効申込みが4件以上""]",0
gen-choice-10-037,choice,generated,不在時の代理,"""担当者: 朝露は高橋、木漏れ日は山田、山道は石田、夕凪は木村、星空は上田、白波は遠藤。代理者: 高橋の代理は山田、山田の代理は石田、石田の代理は木村、木村の代理は上田、上田の代理は遠藤、遠藤の代理は高橋。本日の不在者は上田、遠藤、木村、石田。問い合わせ先の案件は夕凪です。代理への振替は一回だけ行い、その先の不在は判定しません。""",本日の規則に従う連絡相手を選んでください。,"{""上田"":""上田さん"",""遠藤"":""遠藤さん"",""山田"":""山田さん"",""石田"":""石田さん"",""高橋"":""高橋さん"",""木村"":""木村さん""}",上田
gen-noul-09-036,noul,generated,重複を除いた件数,"""朝露棚で読み取った品名は袋、名札、名札、袋でした。同じ品名の繰り返しは一種類として数えます。""",異なる品名だけ数えると5種類以上ですか。,"{""false"":""いいえ。質問の命題は成立しない。"",""true"":""はい。質問の命題が成立する。""}",false
gen-score-08-018,score,generated,要件への一致数,"{""注文要件"":{""色"":""赤"",""素材"":""紙""},""提案品"":{""色"":""赤"",""素材"":""布""}}",各属性の完全一致を一点として採点してください。,"[""一致した要件が0項目"",""一致した要件が1項目"",""一致した要件が2項目""]",1
gen-noul-05-017,noul,generated,締切の境界,"""若葉の提出は13時より前だけ受け付け、13時ちょうどは無効です。木村さんの提出記録は19時ちょうどです。""",この提出は時間条件を満たしていますか。,"{""false"":""いいえ。質問の命題は成立しない。"",""true"":""はい。質問の命題が成立する。""}",false
gen-score-10-004,score,generated,不足の段階,"{""申請"":""草原"",""必要書類"":[""確認票"",""承認書""],""届いた書類"":[""参考資料"",""確認票""],""余分な書類で代用できる"":false}",未提出の必要書類はいくつの段階ですか。,"[""不足が0種類"",""不足が1種類"",""不足が2種類""]",1
gen-score-12-035,score,generated,目標からの差,"{""案件"":""山道"",""目標数"":12,""実績数"":8,""採点"":""差の絶対値。ただし5以上は段階5""}",目標からのずれの段階を選んでください。,"[""目標との差が0個"",""目標との差が1個"",""目標との差が2個"",""目標との差が3個"",""目標との差が4個"",""目標との差が5個以上""]",4
gen-choice-07-034,choice,generated,複数属性の制約,"""在庫表: シールは黄色・木製・在庫あり、ノートは黒色・木製・在庫あり、名札は白色・木製・在庫あり。""",必要条件は黒色、木製、在庫ありの三つです。全部に合う品はどれですか。,"{""名札"":""名札"",""ノート"":""ノート"",""シール"":""シール""}",ノート
gen-score-07-021,score,generated,証拠の最高到達段階,"{""調査"":""灯台"",""この調査の証拠段階"":{""写真記録"":1,""一次資料"":2,""口頭メモ"":3,""監査記録"":4,""署名済み文書"":5},""得られた証拠"":[""写真記録"",""一次資料"",""口頭メモ""],""集約規則"":""得られた段階の最大。証拠なしは0""}",この調査の証拠段階を選んでください。,"[""証拠なしの段階0"",""表に基づく最高証拠段階1"",""表に基づく最高証拠段階2"",""表に基づく最高証拠段階3"",""表に基づく最高証拠段階4"",""表に基づく最高証拠段階5""]",3
gen-score-02-046,score,generated,記述の満足段階,"{""回答者"":""松本"",""対象"":""星空"",""感想原文"":""特に良くも悪くも感じなかった""}",発言の意味に最も合う満足段階を選んでください。,"[""不満"",""どちらでもない"",""やや満足"",""満足"",""強い満足"",""最高の満足""]",1
gen-choice-15-012,choice,generated,文章内の順序参照,"""灯台会議では、発表者を発表順に「石田、遠藤、山田、松本、渡辺、吉田、青木、佐藤」と紹介しました。同じ人の再登場はありません。""",最初を1番目として、6番目の発表者を選んでください。,"{""渡辺"":""渡辺さん"",""吉田"":""吉田さん"",""遠藤"":""遠藤さん"",""石田"":""石田さん"",""佐藤"":""佐藤さん"",""松本"":""松本さん"",""青木"":""青木さん"",""山田"":""山田さん""}",吉田
gen-choice-02-025,choice,generated,条件と優先例外,"{""規則"":""会員かつ3個以上なら優待。ただし予約品は常に通常"",""会員"":false,""購入数"":6,""予約品"":false}",会計時の区分を一つ決めてください。,"{""優待"":""優待の扱い"",""通常"":""通常の扱い""}",通常
gen-score-15-009,score,generated,軽重のある項目,"""この点検の配点: 署名欠落は2点、添付欠落は1点、余白不備は1点、宛名不備は1点、頁番号欠落は1点、誤字は1点、日付欠落は1点。見つかった不備: 添付欠落、宛名不備、日付欠落。該当項目の点を合計し、7点以上は段階7にまとめます。""",見つかった不備の点数を合計し、上限を適用してください。,"[""不備点の合計が0点"",""不備点の合計が1点"",""不備点の合計が2点"",""不備点の合計が3点"",""不備点の合計が4点"",""不備点の合計が5点"",""不備点の合計が6点"",""不備点の合計が7点以上""]",3
gen-noul-05-027,noul,generated,締切の境界,"{""受付規則"":""15時より前だけ受け付け、15時ちょうどは無効"",""提出者"":""佐藤"",""提出時刻"":21}",時刻だけを基準に、この提出を有効と判定できますか。,"{""false"":""いいえ。質問の命題は成立しない。"",""true"":""はい。質問の命題が成立する。""}",false
gen-noul-10-020,noul,generated,条件付き義務,"""規則: 当日申請のときだけ記録票の保存が必須です。それ以外の場合にはこの義務はなく、実施していても構いません。今回の案件は当日申請に非該当で、記録票の保存は未実施です。""",この義務に関して、規則上問題なしと判定できますか。,"{""false"":""いいえ。質問の命題は成立しない。"",""true"":""はい。質問の命題が成立する。""}",true
gen-score-09-028,score,generated,例外による上限,"""検査合格状況: 付属品は不合格、動作は不合格、表示は不合格、寸法は不合格、記録は不合格。合格項目一つにつき1点ですが、要再確認の印があれば上限0点に制限します。今回その印はあります。""",例外条件を反映した評価段階を答えてください。,"[""最終点0点"",""最終点1点"",""最終点2点"",""最終点3点"",""最終点4点"",""最終点5点""]",0
gen-noul-03-037,noul,generated,いずれかの条件,"""草原の受付では当日券・紹介状のうち一つ以上があれば通れます。佐藤さん: 当日券はなし、紹介状はなし。""",記載された条件で受付を通れますか。,"{""false"":""いいえ。質問の命題は成立しない。"",""true"":""はい。質問の命題が成立する。""}",false
gen-choice-07-033,choice,generated,複数属性の制約,"""在庫表: クリップは紫色・紙製・在庫あり、用紙は青色・紙製・在庫あり、名札は茶色・紙製・在庫なし、ペンは茶色・紙製・在庫なし、カードは茶色・紙製・在庫あり。""",今注文できる紙製の茶色の商品を答えてください。在庫なしは選べません。,"{""用紙"":""用紙"",""ペン"":""ペン"",""カード"":""カード"",""名札"":""名札"",""クリップ"":""クリップ""}",カード
gen-noul-03-021,noul,generated,いずれかの条件,"{""いずれか一つ以上必要"":[""事前予約票"",""当日券""],""所持状況"":{""事前予約票"":false,""当日券"":false},""対象"":""青木""}",この人は受付基準を満たしていますか。,"{""false"":""いいえ。質問の命題は成立しない。"",""true"":""はい。質問の命題が成立する。""}",false
gen-choice-06-040,choice,generated,時間枠の包含,"{""空き時間"":[{""部屋"":""黄"",""開始"":11,""終了"":13},{""部屋"":""赤"",""開始"":9,""終了"":10},{""部屋"":""紫"",""開始"":11,""終了"":13},{""部屋"":""緑"",""開始"":9,""終了"":10},{""部屋"":""茶"",""開始"":11,""終了"":12},{""部屋"":""黒"",""開始"":8,""終了"":10},{""部屋"":""白"",""開始"":8,""終了"":11}],""会議開始"":10,""会議終了"":11}",会議の全時間を連続して確保できる部屋を選んでください。開始・終了の一致は許可します。,"{""茶"":""茶室"",""緑"":""緑室"",""黄"":""黄室"",""赤"":""赤室"",""紫"":""紫室"",""黒"":""黒室"",""白"":""白室""}",白
gen-score-03-013,score,generated,順番に進む工程,"""春風の工程順は調査。先頭から順に進め、完了済みはなしです。着手中の工程は完了に含めません。""",工程の完了状況を段階尺度で評価してください。,"[""完了した工程はまだない"",""先頭から1工程が完了（最後に完了したのは調査）""]",0
gen-choice-08-040,choice,generated,改訂と例外の優先,"""通常品の貼付ラベルについて、連絡は古い順に「白」「茶」「青」でした。後の連絡が前の連絡を上書きします。ただし冷蔵品には連絡履歴に関係なく黄ラベルを貼ります。今回の荷物は通常品です。""",今回適用されるラベルを一つ決めてください。,"{""白"":""白ラベル"",""青"":""青ラベル"",""赤"":""赤ラベル"",""茶"":""茶ラベル"",""黒"":""黒ラベル"",""緑"":""緑ラベル"",""紫"":""紫ラベル"",""黄"":""黄ラベル""}",青
gen-choice-02-043,choice,generated,条件と優先例外,"{""規則"":""会員かつ11個以上なら優待。ただし予約品は常に通常"",""会員"":false,""購入数"":9,""予約品"":true}",例外も踏まえて、今回の購入区分はどれですか。,"{""優待"":""優待の扱い"",""通常"":""通常の扱い""}",通常
gen-score-09-007,score,generated,例外による上限,"""検査合格状況: 付属品は不合格、動作は合格、寸法は合格、外観は不合格、記録は合格。合格項目一つにつき1点ですが、要再確認の印があれば上限5点に制限します。今回その印はありません。""",例外条件を反映した評価段階を答えてください。,"[""最終点0点"",""最終点1点"",""最終点2点"",""最終点3点"",""最終点4点"",""最終点5点""]",3
gen-noul-04-023,noul,generated,例外の優先,"""規則: 会員であれば水面を利用できます。ただし未返却品ありなら利用できません。山田さんは会員に非該当、未返却品ありに該当です。""",禁止例外を先に考慮すると、この利用を認められますか。,"{""false"":""いいえ。質問の命題は成立しない。"",""true"":""はい。質問の命題が成立する。""}",false
gen-noul-11-037,noul,generated,参照関係の真偽,"{""案件担当"":{""若葉"":""松本"",""春風"":""上田""},""資料関連先"":{""箱"":""若葉"",""カード"":""春風""}}",カードの関連先を担当表で引くと上田さんになりますか。,"{""false"":""いいえ。質問の命題は成立しない。"",""true"":""はい。質問の命題が成立する。""}",true
gen-score-02-031,score,generated,記述の満足段階,"""松本さんは春風の体験について「満足でも不満でもない」と回答しました。追加の発言はありません。""",回答者が表明した満足の程度を分類してください。,"[""やや不満"",""どちらでもない"",""やや満足"",""満足"",""強い満足""]",1
gen-score-08-010,score,generated,要件への一致数,"{""注文要件"":{""包装"":""箱""},""提案品"":{""包装"":""箱""}}",各属性の完全一致を一点として採点してください。,"[""一致した要件が0項目"",""一致した要件が1項目""]",1
gen-noul-01-005,noul,generated,事実と否定質問,"""渡辺さんについての確定記録: 承認を取得しています。""",記録上、渡辺さんは承認を取得していないと言えますか。,"{""false"":""いいえ。質問の命題は成立しない。"",""true"":""はい。質問の命題が成立する。""}",false
gen-noul-15-008,noul,generated,出来事の前後関係,"""上田さんの作業日誌は実施順に休憩→荷物受取→引継ぎ→伝票記入→検品→棚への配置→報告→電話連絡です。記載した各作業は一回ずつ実施しました。""",検品は休憩より前に行われましたか。,"{""false"":""いいえ。質問の命題は成立しない。"",""true"":""はい。質問の命題が成立する。""}",false
gen-noul-10-038,noul,generated,条件付き義務,"""規則: 社外向けのときだけ確認票の添付が必須です。それ以外の場合にはこの義務はなく、実施していても構いません。今回の案件は社外向けに該当で、確認票の添付は実施済みです。""",この義務に関して、規則上問題なしと判定できますか。,"{""false"":""いいえ。質問の命題は成立しない。"",""true"":""はい。質問の命題が成立する。""}",true
gen-score-10-023,score,generated,不足の段階,"{""申請"":""水面"",""必要書類"":[""確認票"",""承認書"",""見積書"",""申込書"",""同意書"",""受領票"",""添付図""],""届いた書類"":[""申込書"",""受領票"",""同意書"",""添付図"",""参考資料"",""承認書""],""余分な書類で代用できる"":false}",必要一覧と届いた一覧を照合し、不足の程度を判定してください。,"[""不足が0種類"",""不足が1種類"",""不足が2種類"",""不足が3種類"",""不足が4種類"",""不足が5種類"",""不足が6種類"",""不足が7種類""]",2
gen-choice-01-045,choice,generated,問い合わせ経路,"{""分類表"":{""配送"":[""届け先変更"",""荷物の遅延"",""追跡番号""],""請求"":[""二重請求"",""領収書"",""返金""],""製品"":[""破損"",""初期不良"",""部品交換""]},""本文"":""配送状況を見るための追跡番号を教えてください"",""受付主題"":""追跡番号""}",記録された主題を扱う転送先はどこですか。,"{""配送"":""配送の窓口"",""請求"":""請求の窓口"",""製品"":""製品の窓口""}",配送
gen-noul-15-042,noul,generated,出来事の前後関係,"{""担当者"":""山田"",""実施順"":[""電話連絡"",""荷物受取"",""休憩"",""伝票記入"",""報告""],""各作業の実施回数"":1}",報告は電話連絡より前に行われましたか。,"{""false"":""いいえ。質問の命題は成立しない。"",""true"":""はい。質問の命題が成立する。""}",false
gen-choice-07-045,choice,generated,複数属性の制約,"""在庫表: テープは緑色・金属製・在庫あり、箱は緑色・金属製・在庫なし、クリップは緑色・ガラス製・在庫あり、シールは緑色・金属製・在庫なし、ラベルは茶色・金属製・在庫あり。""",今注文できる金属製の緑色の商品を答えてください。在庫なしは選べません。,"{""シール"":""シール"",""テープ"":""テープ"",""箱"":""箱"",""クリップ"":""クリップ"",""ラベル"":""ラベル""}",テープ
gen-score-08-029,score,generated,要件への一致数,"{""注文要件"":{""形"":""丸"",""素材"":""木"",""配送"":""店頭"",""サイズ"":""小"",""包装"":""箱"",""色"":""青""},""提案品"":{""形"":""丸"",""素材"":""木"",""配送"":""宅配"",""サイズ"":""小"",""包装"":""なし"",""色"":""青""}}",提案品が満たす要件数はいくつの段階ですか。,"[""一致した要件が0項目"",""一致した要件が1項目"",""一致した要件が2項目"",""一致した要件が3項目"",""一致した要件が4項目"",""一致した要件が5項目"",""一致した要件が6項目""]",4
gen-score-14-004,score,generated,参照表の順序尺度,"""今回の検査用の対応表: 赤印は段階0、黒印は段階1、緑印は段階2。草原の確定検査票には緑印が付いています。色に一般的な良し悪しは仮定しません。""",今回の対応表を使って検査票の段階を選んでください。,"[""表による段階0"",""表による段階1"",""表による段階2""]",2
gen-score-03-001,score,generated,順番に進む工程,"""山道の工程順は受付→調査→準備。先頭から順に進め、完了済みは受付、調査です。着手中の工程は完了に含めません。""",この案件は完了ベースでどの段階まで進みましたか。,"[""完了した工程はまだない"",""先頭から1工程が完了（最後に完了したのは受付）"",""先頭から2工程が完了（最後に完了したのは調査）"",""先頭から3工程が完了（最後に完了したのは準備）""]",2
gen-score-14-044,score,generated,参照表の順序尺度,"{""検査対象"":""草原"",""今回の対応表"":{""青"":0,""白"":1,""緑"":2,""紫"":3,""黒"":4,""黄"":5,""茶"":6,""赤"":7},""確定票の印"":""白""}",検査票の印を指定尺度に変換してください。,"[""表による段階0"",""表による段階1"",""表による段階2"",""表による段階3"",""表による段階4"",""表による段階5"",""表による段階6"",""表による段階7""]",1
gen-score-03-019,score,generated,順番に進む工程,"{""案件"":""青空"",""工程順"":[""準備"",""報告"",""審査"",""調査"",""承認"",""実施"",""受付""],""完了済み"":[],""着手中は完了に含めない"":true}",完了済みの到達段階を選んでください。,"[""完了した工程はまだない"",""先頭から1工程が完了（最後に完了したのは準備）"",""先頭から2工程が完了（最後に完了したのは報告）"",""先頭から3工程が完了（最後に完了したのは審査）"",""先頭から4工程が完了（最後に完了したのは調査）"",""先頭から5工程が完了（最後に完了したのは承認）"",""先頭から6工程が完了（最後に完了したのは実施）"",""先頭から7工程が完了（最後に完了したのは受付）""]",0
gen-choice-06-048,choice,generated,時間枠の包含,"""部屋の連続利用可能時間: 紫室は8時から10時まで、茶室は8時から10時まで、黒室は10時から12時まで、白室は10時から13時まで、赤室は10時から12時まで、緑室は10時から13時まで、黄室は8時から11時まで、青室は10時から12時まで。会議は9時開始、11時終了です。""",会議時間の一部だけでなく全体を含む空き時間を持つ部屋を答えてください。端の一致は可です。,"{""黄"":""黄室"",""白"":""白室"",""紫"":""紫室"",""赤"":""赤室"",""緑"":""緑室"",""黒"":""黒室"",""青"":""青室"",""茶"":""茶室""}",黄
gen-score-12-027,score,generated,目標からの差,"{""案件"":""夕凪"",""目標数"":15,""実績数"":14,""採点"":""差の絶対値。ただし4以上は段階4""}",目標からのずれの段階を選んでください。,"[""目標との差が0個"",""目標との差が1個"",""目標との差が2個"",""目標との差が3個"",""目標との差が4個以上""]",1
gen-noul-13-002,noul,generated,範囲の開閉境界,"{""下限条件"":""1個以上"",""上限条件"":""5個以下"",""今回の個数"":6,""関係"":""両方を満たすこと""}",指定された範囲条件を満たしていますか。,"{""false"":""いいえ。質問の命題は成立しない。"",""true"":""はい。質問の命題が成立する。""}",false
gen-noul-09-029,noul,generated,重複を除いた件数,"""若葉棚で読み取った品名は付箋、ケース、ケース、付箋、ファイルでした。同じ品名の繰り返しは一種類として数えます。""",品物の種類は3種類以上ありますか。,"{""false"":""いいえ。質問の命題は成立しない。"",""true"":""はい。質問の命題が成立する。""}",true
gen-noul-09-022,noul,generated,重複を除いた件数,"""若葉棚で読み取った品名は名札、名札、名札、名札、名札でした。同じ品名の繰り返しは一種類として数えます。""",品物の種類は2種類以上ありますか。,"{""false"":""いいえ。質問の命題は成立しない。"",""true"":""はい。質問の命題が成立する。""}",false
gen-choice-13-011,choice,generated,工程の依存順,"{""案件"":""水面"",""工程順"":[""報告"",""承認"",""見積作成"",""受付""],""完了済み"":[""報告"",""承認"",""見積作成"",""受付""],""規則"":""順に実行し未完了工程を飛ばさない""}",次に行う工程を選んでください。すべて済んでいれば完了を選びます。,"{""見積作成"":""見積作成"",""報告"":""報告"",""完了"":""全工程が完了"",""承認"":""承認"",""受付"":""受付""}",完了
gen-score-11-020,score,generated,時刻順の評価更新,"""朝露の評価更新履歴: 8時に段階3、17時に段階4、21時に段階3、13時に段階4。評価は最新時刻の値だけを採用します。""",最後に更新された有効な段階はいくつですか。,"[""評価段階0"",""評価段階1"",""評価段階2"",""評価段階3"",""評価段階4""]",3
gen-noul-11-004,noul,generated,参照関係の真偽,"""担当表: 春風は松本、星空は山田、水面は石田、朝露は中村、若葉は高橋。資料の関連先: 封筒は若葉、名札は星空、冊子は水面、ペンは春風、カードは朝露。""",高橋さんは冊子が属する案件の担当者と言えますか。,"{""false"":""いいえ。質問の命題は成立しない。"",""true"":""はい。質問の命題が成立する。""}",false
gen-choice-12-023,choice,generated,条件付き不足書類,"""書類確認の優先順は承認書→委任状→本人確認票→申込書→受領票→見積書。申込書だけは代理申請の場合に限って必要で、それ以外は常に必要です。今回は代理申請。提出済みは受領票、委任状です。""",必要な不足書類を先頭から一つだけ案内します。どれですか。必要書類に不足がなければ追加不要です。,"{""申込書"":""申込書"",""本人確認票"":""本人確認票"",""受領票"":""受領票"",""見積書"":""見積書"",""委任状"":""委任状"",""承認書"":""承認書"",""追加不要"":""必要書類はすべて提出済み""}",承認書
gen-score-09-010,score,generated,例外による上限,"{""検査合格"":{""包装"":true},""要再確認の印あり"":true,""採点規則"":""合格数が点数。ただし印があれば上限0点""}",例外条件を反映した評価段階を答えてください。,"[""最終点0点"",""最終点1点""]",0
gen-score-14-005,score,generated,参照表の順序尺度,"""今回の検査用の対応表: 赤印は段階0、青印は段階1、茶印は段階2、黒印は段階3。青空の確定検査票には赤印が付いています。色に一般的な良し悪しは仮定しません。""",今回の対応表を使って検査票の段階を選んでください。,"[""表による段階0"",""表による段階1"",""表による段階2"",""表による段階3""]",0
gen-choice-05-034,choice,generated,否定条件で選択,"""検品記録: 付箋は封ありで濡れていない、ラベルは封なしで濡れている。""",対象は『封がある』『濡れていない』の両方を満たす品です。どれですか。,"{""ラベル"":""ラベル"",""付箋"":""付箋""}",付箋
gen-noul-04-030,noul,generated,例外の優先,"{""許可条件"":""招待あり"",""優先禁止条件"":""登録凍結中"",""対象"":""大野"",""許可条件に該当"":true,""禁止条件に該当"":false}",この人は現在、利用可能ですか。,"{""false"":""いいえ。質問の命題は成立しない。"",""true"":""はい。質問の命題が成立する。""}",true
gen-score-07-019,score,generated,証拠の最高到達段階,"""この調査固有の証拠段階表: 第三者確認は段階1、監査記録は段階2、担当者報告は段階3。山道で得られた証拠は第三者確認。複数ある場合は最大の段階を使い、なければ0です。""",記録済みの証拠から得られる最高段階はどれですか。,"[""証拠なしの段階0"",""表に基づく最高証拠段階1"",""表に基づく最高証拠段階2"",""表に基づく最高証拠段階3""]",1
gen-score-06-030,score,generated,約束時刻からの遅れ,"""草原便は9時到着の約束でした。実際の到着は同じ日の17時です。早着した場合の遅れは0時間とします。""",到着の遅れを段階基準で評価してください。,"[""遅れが1時間未満"",""遅れが1時間以上、2時間未満"",""遅れが2時間以上、3時間未満"",""遅れが3時間以上、4時間未満"",""遅れが4時間以上、5時間未満"",""遅れが5時間以上、6時間未満"",""遅れが6時間以上、7時間未満"",""遅れが7時間以上""]",7
gen-score-10-045,score,generated,不足の段階,"""青空申請で必要なものは承認書。届いたものは承認書です。必要一覧にない書類は不足を埋めません。""",必要書類の不足数に対応する段階を選んでください。,"[""不足が0種類"",""不足が1種類""]",0
gen-choice-15-010,choice,generated,文章内の順序参照,"""青空会議では、発表者を発表順に「佐藤、石田、松本、遠藤、青木」と紹介しました。同じ人の再登場はありません。""",紹介された順番で2人目に発表する人は誰ですか。,"{""石田"":""石田さん"",""佐藤"":""佐藤さん"",""松本"":""松本さん"",""青木"":""青木さん"",""遠藤"":""遠藤さん""}",石田
gen-noul-04-016,noul,generated,例外の優先,"""規則: 予約済みであれば星空を利用できます。ただし登録凍結中なら利用できません。加藤さんは予約済みに該当、登録凍結中に非該当です。""",禁止例外を先に考慮すると、この利用を認められますか。,"{""false"":""いいえ。質問の命題は成立しない。"",""true"":""はい。質問の命題が成立する。""}",true
gen-score-06-042,score,generated,約束時刻からの遅れ,"{""便"":""木漏れ日"",""約束時刻"":7,""実際の到着時刻"":12,""同日"":true,""早着時の遅れ"":0}",到着の遅れを段階基準で評価してください。,"[""遅れが1時間未満"",""遅れが1時間以上、2時間未満"",""遅れが2時間以上、3時間未満"",""遅れが3時間以上、4時間未満"",""遅れが4時間以上、5時間未満"",""遅れが5時間以上""]",5
gen-score-09-030,score,generated,例外による上限,"{""検査合格"":{""付属品"":true,""動作"":false,""寸法"":true,""表示"":false,""外観"":true,""包装"":false,""記録"":true},""要再確認の印あり"":true,""採点規則"":""合格数が点数。ただし印があれば上限4点""}",例外条件を反映した評価段階を答えてください。,"[""最終点0点"",""最終点1点"",""最終点2点"",""最終点3点"",""最終点4点"",""最終点5点"",""最終点6点"",""最終点7点""]",4
gen-noul-03-028,noul,generated,いずれかの条件,"""木漏れ日の受付では紹介状・事前予約票・当日券・会員証のうち一つ以上があれば通れます。上田さん: 紹介状はあり、事前予約票はあり、当日券はあり、会員証はあり。""",記載された条件で受付を通れますか。,"{""false"":""いいえ。質問の命題は成立しない。"",""true"":""はい。質問の命題が成立する。""}",true
gen-noul-15-015,noul,generated,出来事の前後関係,"{""担当者"":""青木"",""実施順"":[""伝票記入"",""電話連絡"",""荷物受取"",""休憩"",""棚への配置"",""報告""],""各作業の実施回数"":1}",日誌では荷物受取の方が休憩より先ですか。,"{""false"":""いいえ。質問の命題は成立しない。"",""true"":""はい。質問の命題が成立する。""}",true
gen-noul-08-001,noul,generated,集合と否定所属,"""星空の参加者名簿は山田、上田です。この名簿は完全で、記載のない人は参加者ではありません。""",『佐藤さんは参加者である』という記述は正しいですか。,"{""false"":""いいえ。質問の命題は成立しない。"",""true"":""はい。質問の命題が成立する。""}",false
gen-noul-05-015,noul,generated,締切の境界,"""朝露の提出は12時より前だけ受け付け、12時ちょうどは無効です。上田さんの提出記録は17時ちょうどです。""",この提出は時間条件を満たしていますか。,"{""false"":""いいえ。質問の命題は成立しない。"",""true"":""はい。質問の命題が成立する。""}",false
gen-score-13-001,score,generated,取消しを反映した件数,"{""催し"":""春風"",""申込み"":[{""氏名"":""加藤"",""受付済み"":false,""取消済み"":false},{""氏名"":""上田"",""受付済み"":false,""取消済み"":false},{""氏名"":""大野"",""受付済み"":false,""取消済み"":false},{""氏名"":""石田"",""受付済み"":true,""取消済み"":true},{""氏名"":""佐藤"",""受付済み"":true,""取消済み"":true},{""氏名"":""青木"",""受付済み"":true,""取消済み"":true},{""氏名"":""高橋"",""受付済み"":true,""取消済み"":true},{""氏名"":""吉田"",""受付済み"":false,""取消済み"":false}],""まとめ方"":""6件以上は段階6""}",取消し後に残る有効申込み数を段階として選んでください。,"[""有効申込みが0件"",""有効申込みが1件"",""有効申込みが2件"",""有効申込みが3件"",""有効申込みが4件"",""有効申込みが5件"",""有効申込みが6件以上""]",0
gen-noul-08-027,noul,generated,集合と否定所属,"""青空の参加者名簿は青木、上田、高橋、大野、中村です。この名簿は完全で、記載のない人は参加者ではありません。""",『石田さんは参加者である』という記述は正しいですか。,"{""false"":""いいえ。質問の命題は成立しない。"",""true"":""はい。質問の命題が成立する。""}",false
gen-score-12-010,score,generated,目標からの差,"""草原の目標数は13個、実績は12個です。多すぎても少なすぎても、目標から何個離れたかで評価します。差が1個以上なら最終段階1にまとめます。""",目標からのずれの段階を選んでください。,"[""目標との差が0個"",""目標との差が1個以上""]",1
gen-choice-06-001,choice,generated,時間枠の包含,"{""空き時間"":[{""部屋"":""白"",""開始"":7,""終了"":14},{""部屋"":""黄"",""開始"":7,""終了"":11},{""部屋"":""紫"",""開始"":10,""終了"":13}],""会議開始"":9,""会議終了"":12}",会議の全時間を連続して確保できる部屋を選んでください。開始・終了の一致は許可します。,"{""紫"":""紫室"",""黄"":""黄室"",""白"":""白室""}",白
gen-noul-08-002,noul,generated,集合と否定所属,"""朝露の参加者名簿は石田、高橋、加藤、木村です。この名簿は完全で、記載のない人は参加者ではありません。""",石田さんは参加者であると言えますか。,"{""false"":""いいえ。質問の命題は成立しない。"",""true"":""はい。質問の命題が成立する。""}",true
gen-choice-12-034,choice,generated,条件付き不足書類,"{""確認優先順"":[""申込書"",""委任状"",""本人確認票"",""見積書"",""受領票"",""同意書""],""代理申請だけに必要"":""本人確認票"",""代理申請"":false,""提出済み"":[""受領票"",""委任状"",""見積書""]}",申請区分に応じて必要書類を確認し、最優先で追加提出を求めるものを答えてください。なければ追加不要です。,"{""申込書"":""申込書"",""追加不要"":""必要書類はすべて提出済み"",""見積書"":""見積書"",""同意書"":""同意書"",""委任状"":""委任状"",""本人確認票"":""本人確認票"",""受領票"":""受領票""}",申込書
gen-noul-07-040,noul,generated,識別文字列の完全一致,"""商品ラベルの管理コードは「MN8-C」、注文票の管理コードは「MN8_C」です。照合では大文字と小文字、記号の違いも区別します。""",二つの管理コードは完全一致していますか。,"{""false"":""いいえ。質問の命題は成立しない。"",""true"":""はい。質問の命題が成立する。""}",false
gen-choice-09-035,choice,generated,利用可能集合の差,"{""利用可能品"":[""箱"",""クリップ""],""予約済み品"":[""クリップ""]}",予約済みを利用可能一覧から除いたとき、残る品を答えてください。,"{""シール"":""シール"",""クリップ"":""クリップ"",""箱"":""箱""}",箱
gen-score-15-031,score,generated,軽重のある項目,"""この点検の配点: 添付欠落は2点、誤字は1点。見つかった不備: 添付欠落、誤字。該当項目の点を合計し、1点以上は段階1にまとめます。""",配点の違いを反映した最終段階を選んでください。,"[""不備点の合計が0点"",""不備点の合計が1点以上""]",1
gen-choice-06-015,choice,generated,時間枠の包含,"""部屋の連続利用可能時間: 白室は15時から16時まで、青室は14時から17時まで。会議は14時開始、15時終了です。""",会議時間の一部だけでなく全体を含む空き時間を持つ部屋を答えてください。端の一致は可です。,"{""青"":""青室"",""白"":""白室""}",青
gen-noul-10-045,noul,generated,条件付き義務,"""規則: 代理申請のときだけ確認票の添付が必須です。それ以外の場合にはこの義務はなく、実施していても構いません。今回の案件は代理申請に該当で、確認票の添付は未実施です。""",この案件は記載された義務のルールに違反していませんか。違反がなければはいです。,"{""false"":""いいえ。質問の命題は成立しない。"",""true"":""はい。質問の命題が成立する。""}",false
gen-noul-14-030,noul,generated,予定時間の重なり,"{""対象者"":""高橋"",""会議"":[12,15],""面談"":[13,17],""規則"":""終了時刻と開始時刻が一致するだけなら重複なし""}",指定された端点の扱いで予定の重複はありますか。,"{""false"":""いいえ。質問の命題は成立しない。"",""true"":""はい。質問の命題が成立する。""}",true
gen-choice-14-016,choice,generated,二属性照合,"""展示品の札: 付箋は茶色・樹脂製、名札は緑色・金属製、クリップは青色・ガラス製。探しているのは緑色の金属製です。""",指定された色と素材の両方が一致する品を選んでください。,"{""付箋"":""付箋"",""クリップ"":""クリップ"",""名札"":""名札""}",名札
gen-noul-11-043,noul,generated,参照関係の真偽,"""担当表: 春風は中村、若葉は加藤、白波は高橋。資料の関連先: 箱は若葉、ペンは春風、ラベルは白波。""",加藤さんは箱が属する案件の担当者と言えますか。,"{""false"":""いいえ。質問の命題は成立しない。"",""true"":""はい。質問の命題が成立する。""}",true
gen-noul-02-042,noul,generated,全条件の充足,"{""すべて必要な条件"":[""事前登録"",""講習受講"",""同意書提出""],""対象"":""中村"",""完了状況"":{""事前登録"":true,""講習受講"":true,""同意書提出"":true}}",規則に照らし、この人の利用資格は成立しますか。,"{""false"":""いいえ。質問の命題は成立しない。"",""true"":""はい。質問の命題が成立する。""}",true
gen-choice-09-044,choice,generated,利用可能集合の差,"{""利用可能品"":[""付箋"",""用紙"",""箱"",""名札"",""ペン""],""予約済み品"":[""名札"",""付箋"",""箱"",""ペン""]}",今貸せるのは利用可能かつ未予約の品です。該当するものはどれですか。,"{""用紙"":""用紙"",""シール"":""シール"",""箱"":""箱"",""ペン"":""ペン"",""付箋"":""付箋"",""名札"":""名札""}",用紙
gen-choice-12-013,choice,generated,条件付き不足書類,"{""確認優先順"":[""同意書"",""委任状"",""申込書"",""見積書"",""本人確認票""],""代理申請だけに必要"":""同意書"",""代理申請"":false,""提出済み"":[]}",必要な不足書類を先頭から一つだけ案内します。どれですか。必要書類に不足がなければ追加不要です。,"{""委任状"":""委任状"",""見積書"":""見積書"",""追加不要"":""必要書類はすべて提出済み"",""申込書"":""申込書"",""同意書"":""同意書"",""本人確認票"":""本人確認票""}",委任状
gen-score-04-012,score,generated,独立チェックの合計,"{""資料"":""白波"",""チェック項目"":{""署名あり"":true},""各項目の重み"":1}",条件を満たした項目を一つ一点として集計してください。,"[""満たした項目が0個"",""満たした項目が1個""]",1
gen-choice-01-015,choice,generated,問い合わせ経路,"""受付分類表は次のとおりです。配送窓口: 届け先変更・荷物の遅延・追跡番号 / 製品窓口: 破損・初期不良・部品交換 / アカウント窓口: ログイン・パスワード・退会 / 契約窓口: 契約更新・プラン変更・解約手続き / 店舗窓口: 営業時間・店内設備・店舗の場所。問い合わせ本文:「サービスの解約手続きを知りたいです」。受付担当が付けた主題は「解約手続き」です。""",受付分類表を使って、この相談の担当を決めてください。,"{""製品"":""製品の窓口"",""アカウント"":""アカウントの窓口"",""店舗"":""店舗の窓口"",""契約"":""契約の窓口"",""配送"":""配送の窓口""}",契約
gen-choice-02-004,choice,generated,条件と優先例外,"{""規則"":""会員かつ3個以上なら優待。ただし予約品は常に通常"",""会員"":true,""購入数"":12,""予約品"":false}",会計時の区分を一つ決めてください。,"{""優待"":""優待の扱い"",""通常"":""通常の扱い""}",優待
gen-choice-07-013,choice,generated,複数属性の制約,"""在庫表: ノートは青色・金属製・在庫なし、付箋は緑色・金属製・在庫あり、シールは紫色・金属製・在庫あり、ファイルは緑色・金属製・在庫あり、名札は青色・金属製・在庫あり。""",必要条件は青色、金属製、在庫ありの三つです。全部に合う品はどれですか。,"{""名札"":""名札"",""付箋"":""付箋"",""ファイル"":""ファイル"",""ノート"":""ノート"",""シール"":""シール""}",名札
gen-score-12-038,score,generated,目標からの差,"{""案件"":""若葉"",""目標数"":15,""実績数"":18,""採点"":""差の絶対値。ただし1以上は段階1""}",示された上限を含め、実績のずれを段階に変換してください。,"[""目標との差が0個"",""目標との差が1個以上""]",1
gen-noul-11-007,noul,generated,参照関係の真偽,"{""案件担当"":{""木漏れ日"":""中村"",""夕凪"":""青木"",""山道"":""佐藤"",""若葉"":""林"",""草原"":""大野""},""資料関連先"":{""箱"":""夕凪"",""封筒"":""若葉"",""用紙"":""木漏れ日"",""ファイル"":""草原"",""冊子"":""山道""}}",用紙に関連する案件の担当は中村さんですか。,"{""false"":""いいえ。質問の命題は成立しない。"",""true"":""はい。質問の命題が成立する。""}",true
gen-noul-05-031,noul,generated,締切の境界,"""星空の提出は16時より前だけ受け付け、16時ちょうどは無効です。森さんの提出記録は17時ちょうどです。""",記録された提出時刻は締切内ですか。,"{""false"":""いいえ。質問の命題は成立しない。"",""true"":""はい。質問の命題が成立する。""}",false
gen-score-14-025,score,generated,参照表の順序尺度,"""今回の検査用の対応表: 緑印は段階0、黒印は段階1、赤印は段階2。春風の確定検査票には赤印が付いています。色に一般的な良し悪しは仮定しません。""",検査票の印を指定尺度に変換してください。,"[""表による段階0"",""表による段階1"",""表による段階2""]",2
gen-noul-13-014,noul,generated,範囲の開閉境界,"{""下限条件"":""5個より多い"",""上限条件"":""8個以下"",""今回の個数"":9,""関係"":""両方を満たすこと""}",下限と上限の両方の条件に合いますか。,"{""false"":""いいえ。質問の命題は成立しない。"",""true"":""はい。質問の命題が成立する。""}",false
gen-choice-06-006,choice,generated,時間枠の包含,"""部屋の連続利用可能時間: 緑室は14時から16時まで、黄室は11時から13時まで、黒室は12時から13時まで、紫室は14時から16時まで、青室は12時から16時まで。会議は13時開始、14時終了です。""",会議の全時間を連続して確保できる部屋を選んでください。開始・終了の一致は許可します。,"{""黄"":""黄室"",""緑"":""緑室"",""紫"":""紫室"",""青"":""青室"",""黒"":""黒室""}",青
gen-score-04-028,score,generated,独立チェックの合計,"{""資料"":""木漏れ日"",""チェック項目"":{""署名あり"":true,""添付あり"":false,""日付あり"":false},""各項目の重み"":1}",条件を満たした項目を一つ一点として集計してください。,"[""満たした項目が0個"",""満たした項目が1個"",""満たした項目が2個"",""満たした項目が3個""]",1
gen-score-10-038,score,generated,不足の段階,"""白波申請で必要なものは同意書。届いたものは案内状です。必要一覧にない書類は不足を埋めません。""",必要書類の不足数に対応する段階を選んでください。,"[""不足が0種類"",""不足が1種類""]",1
gen-choice-14-033,choice,generated,二属性照合,"{""展示品"":[{""品名"":""ファイル"",""色"":""黒"",""素材"":""樹脂""},{""品名"":""シール"",""色"":""緑"",""素材"":""木""},{""品名"":""テープ"",""色"":""緑"",""素材"":""紙""},{""品名"":""ラベル"",""色"":""緑"",""素材"":""ガラス""},{""品名"":""袋"",""色"":""黄"",""素材"":""金属""}],""指定色"":""緑"",""指定素材"":""ガラス""}",指定された色と素材の両方が一致する品を選んでください。,"{""ラベル"":""ラベル"",""テープ"":""テープ"",""袋"":""袋"",""ファイル"":""ファイル"",""シール"":""シール""}",ラベル
gen-score-13-047,score,generated,取消しを反映した件数,"""朝露の申込み記録: 佐藤は受付済み・取消なし、加藤は受付済み・取消なし、中村は受付済み・取消なし、青木は受付済み・取消なし、森は受付済み・取消なし、吉田は受付済み・取消なし、高橋は受付済み・取消なし。取消済みの申込みは有効件数から除きます。3件以上は最終段階3にまとめます。""",取消し後に残る有効申込み数を段階として選んでください。,"[""有効申込みが0件"",""有効申込みが1件"",""有効申込みが2件"",""有効申込みが3件以上""]",3
gen-score-05-049,score,generated,緊急条件の加点,"""星空の基本優先度は0です。締切まで残り5時間以内なら1だけ加点し、それより長ければ加点しません。上限は4です。今回は締切まで14時間です。""",今回の最終優先段階を求めてください。,"[""最終優先度0"",""最終優先度1"",""最終優先度2"",""最終優先度3"",""最終優先度4""]",0
gen-score-13-036,score,generated,取消しを反映した件数,"{""催し"":""灯台"",""申込み"":[{""氏名"":""上田"",""受付済み"":true,""取消済み"":false},{""氏名"":""遠藤"",""受付済み"":true,""取消済み"":false},{""氏名"":""石田"",""受付済み"":true,""取消済み"":false},{""氏名"":""林"",""受付済み"":true,""取消済み"":false},{""氏名"":""松本"",""受付済み"":true,""取消済み"":false},{""氏名"":""青木"",""受付済み"":false,""取消済み"":false}],""まとめ方"":""6件以上は段階6""}",受付済みから取消済みを除いた件数はいくつの段階ですか。,"[""有効申込みが0件"",""有効申込みが1件"",""有効申込みが2件"",""有効申込みが3件"",""有効申込みが4件"",""有効申込みが5件"",""有効申込みが6件以上""]",5
gen-noul-07-006,noul,generated,識別文字列の完全一致,"""商品ラベルの管理コードは「CD8-D」、注文票の管理コードは「CD8D」です。照合では大文字と小文字、記号の違いも区別します。""",同一コードとして扱ってよいですか。,"{""false"":""いいえ。質問の命題は成立しない。"",""true"":""はい。質問の命題が成立する。""}",false
gen-score-14-024,score,generated,参照表の順序尺度,"""今回の検査用の対応表: 紫印は段階0、黄印は段階1。水面の確定検査票には黄印が付いています。色に一般的な良し悪しは仮定しません。""",検査票の印を指定尺度に変換してください。,"[""表による段階0"",""表による段階1""]",1
gen-noul-14-047,noul,generated,予定時間の重なり,"{""対象者"":""林"",""会議"":[12,16],""面談"":[7,10],""規則"":""終了時刻と開始時刻が一致するだけなら重複なし""}",二つの予定の時間は重なっていますか。,"{""false"":""いいえ。質問の命題は成立しない。"",""true"":""はい。質問の命題が成立する。""}",false
gen-score-12-011,score,generated,目標からの差,"{""案件"":""青空"",""目標数"":13,""実績数"":12,""採点"":""差の絶対値。ただし2以上は段階2""}",不足・超過の向きではなく差の大きさで評価してください。,"[""目標との差が0個"",""目標との差が1個"",""目標との差が2個以上""]",1
gen-choice-12-019,choice,generated,条件付き不足書類,"""書類確認の優先順は同意書→本人確認票→申込書。申込書だけは代理申請の場合に限って必要で、それ以外は常に必要です。今回は本人申請。提出済みは申込書です。""",未提出の必要書類のうち優先順が最初のものを選んでください。全部そろっていれば追加不要です。,"{""同意書"":""同意書"",""申込書"":""申込書"",""本人確認票"":""本人確認票"",""追加不要"":""必要書類はすべて提出済み""}",同意書
gen-noul-12-040,noul,generated,記録と主張の照合,"{""施設"":""夕凪"",""入口ごとの現在の確定記録"":{""北口"":""完全に閉じている"",""南口"":""4分の1だけ開いている"",""東口"":""完全に開いている"",""西口"":""半分だけ開いている"",""裏口"":""完全に開いている"",""搬入口"":""完全に開いている""},""判定資料"":""現在の確定記録のみ""}",いま西口が半分だけ開いているという判断は正しいですか。,"{""false"":""いいえ。質問の命題は成立しない。"",""true"":""はい。質問の命題が成立する。""}",true
gen-noul-13-037,noul,generated,範囲の開閉境界,"{""下限条件"":""3個以上"",""上限条件"":""10個未満"",""今回の個数"":7,""関係"":""両方を満たすこと""}",指定された範囲条件を満たしていますか。,"{""false"":""いいえ。質問の命題は成立しない。"",""true"":""はい。質問の命題が成立する。""}",true
gen-choice-04-035,choice,generated,参照先の担当,"{""案件担当"":{""朝露"":""佐藤"",""白波"":""高橋"",""若葉"":""松本"",""星空"":""森"",""青空"":""木村"",""夕凪"":""石田""},""資料の所属案件"":{""袋"":""若葉"",""ラベル"":""白波"",""ケース"":""朝露"",""用紙"":""夕凪"",""箱"":""星空"",""クリップ"":""青空""},""確認資料"":""袋""}",確認する資料の案件を担当している人を答えてください。,"{""木村"":""木村さん"",""森"":""森さん"",""松本"":""松本さん"",""佐藤"":""佐藤さん"",""高橋"":""高橋さん"",""石田"":""石田さん""}",松本
gen-choice-03-021,choice,generated,最終更新,"{""案件"":""木漏れ日"",""更新記録"":[{""時"":8,""状態"":""発送済み""},{""時"":19,""状態"":""発送済み""},{""時"":12,""状態"":""保留""},{""時"":16,""状態"":""発送済み""},{""時"":17,""状態"":""発送済み""}]}",最後の時刻の記録が有効です。現在の状態はどれですか。,"{""発送済み"":""発送済み"",""保留"":""保留""}",発送済み
gen-score-13-035,score,generated,取消しを反映した件数,"""春風の申込み記録: 渡辺は受付済み・取消なし、松本は受付済み・取消なし、大野は受付済み・取消なし、石田は受付済み・取消なし、佐藤は未受付・取消なし、加藤は受付済み・取消なし。取消済みの申込みは有効件数から除きます。5件以上は最終段階5にまとめます。""",現在有効な申込みだけを数えて評価してください。,"[""有効申込みが0件"",""有効申込みが1件"",""有効申込みが2件"",""有効申込みが3件"",""有効申込みが4件"",""有効申込みが5件以上""]",5
gen-choice-15-014,choice,generated,文章内の順序参照,"{""会議"":""灯台"",""発表順"":[""高橋"",""吉田"",""遠藤"",""大野"",""林"",""森"",""山田"",""渡辺""]}",最初を1番目として、3番目の発表者を選んでください。,"{""高橋"":""高橋さん"",""山田"":""山田さん"",""遠藤"":""遠藤さん"",""吉田"":""吉田さん"",""森"":""森さん"",""大野"":""大野さん"",""林"":""林さん"",""渡辺"":""渡辺さん""}",遠藤
gen-choice-06-044,choice,generated,時間枠の包含,"""部屋の連続利用可能時間: 緑室は10時から12時まで、黒室は9時から11時まで、白室は11時から14時まで、黄室は11時から14時まで、赤室は11時から13時まで、紫室は11時から13時まで。会議は10時開始、12時終了です。""",会議開始から終了まで空いている部屋はどれですか。境界時刻が一致していても利用できます。,"{""紫"":""紫室"",""赤"":""赤室"",""黒"":""黒室"",""緑"":""緑室"",""黄"":""黄室"",""白"":""白室""}",緑
gen-noul-01-040,noul,generated,事実と否定質問,"{""対象者"":""佐藤"",""項目"":""内容を確認"",""実施済み"":true}",記録上、佐藤さんは内容を確認していると言えますか。,"{""false"":""いいえ。質問の命題は成立しない。"",""true"":""はい。質問の命題が成立する。""}",true
gen-choice-08-033,choice,generated,改訂と例外の優先,"""通常品の貼付ラベルについて、連絡は古い順に「白」「黄」「緑」でした。後の連絡が前の連絡を上書きします。ただし冷蔵品には連絡履歴に関係なく茶ラベルを貼ります。今回の荷物は冷蔵品です。""",例外と改訂の順序を考慮して、使用する色はどれですか。,"{""緑"":""緑ラベル"",""赤"":""赤ラベル"",""青"":""青ラベル"",""黒"":""黒ラベル"",""白"":""白ラベル"",""黄"":""黄ラベル"",""紫"":""紫ラベル"",""茶"":""茶ラベル""}",茶
gen-score-03-047,score,generated,順番に進む工程,"""草原の工程順は審査→受付→準備→実施→調査→報告→承認。先頭から順に進め、完了済みは審査、受付、準備、実施です。着手中の工程は完了に含めません。""",工程の完了状況を段階尺度で評価してください。,"[""完了した工程はまだない"",""先頭から1工程が完了（最後に完了したのは審査）"",""先頭から2工程が完了（最後に完了したのは受付）"",""先頭から3工程が完了（最後に完了したのは準備）"",""先頭から4工程が完了（最後に完了したのは実施）"",""先頭から5工程が完了（最後に完了したのは調査）"",""先頭から6工程が完了（最後に完了したのは報告）"",""先頭から7工程が完了（最後に完了したのは承認）""]",4
gen-choice-07-019,choice,generated,複数属性の制約,"""在庫表: ラベルは白色・ガラス製・在庫あり、名札は白色・布製・在庫あり、クリップは白色・紙製・在庫なし、ファイルは白色・紙製・在庫なし、テープは白色・紙製・在庫あり、袋は緑色・紙製・在庫あり。""",白色で紙製、在庫もある品を選んでください。,"{""テープ"":""テープ"",""名札"":""名札"",""ラベル"":""ラベル"",""袋"":""袋"",""クリップ"":""クリップ"",""ファイル"":""ファイル""}",テープ
gen-score-07-043,score,generated,証拠の最高到達段階,"{""調査"":""白波"",""この調査の証拠段階"":{""署名済み文書"":1,""口頭メモ"":2,""監査記録"":3,""一次資料"":4,""写真記録"":5,""担当者報告"":6},""得られた証拠"":[""担当者報告""],""集約規則"":""得られた段階の最大。証拠なしは0""}",記録済みの証拠から得られる最高段階はどれですか。,"[""証拠なしの段階0"",""表に基づく最高証拠段階1"",""表に基づく最高証拠段階2"",""表に基づく最高証拠段階3"",""表に基づく最高証拠段階4"",""表に基づく最高証拠段階5"",""表に基づく最高証拠段階6""]",6
gen-noul-08-012,noul,generated,集合と否定所属,"""草原の参加者名簿は林、上田です。この名簿は完全で、記載のない人は参加者ではありません。""",『上田さんは参加者である』という記述は正しいですか。,"{""false"":""いいえ。質問の命題は成立しない。"",""true"":""はい。質問の命題が成立する。""}",true
gen-choice-03-026,choice,generated,最終更新,"""案件「水面」の記録です。15時の更新: 差戻し。 16時の更新: 取消。 10時の更新: 発送済み。 12時の更新: 発送済み。""",記載順ではなく更新時刻を比べ、最新の状態を選んでください。,"{""差戻し"":""差戻し"",""取消"":""取消"",""確認中"":""確認中"",""発送済み"":""発送済み"",""未着手"":""未着手"",""受取済み"":""受取済み"",""承認"":""承認""}",取消
gen-choice-10-007,choice,generated,不在時の代理,"""担当者: 灯台は渡辺、朝露は石田、草原は遠藤、白波は佐藤、夕凪は高橋、春風は加藤、若葉は松本。代理者: 渡辺の代理は石田、石田の代理は遠藤、遠藤の代理は佐藤、佐藤の代理は高橋、高橋の代理は加藤、加藤の代理は松本、松本の代理は渡辺。本日の不在者は佐藤。問い合わせ先の案件は白波です。代理への振替は一回だけ行い、その先の不在は判定しません。""",本日の規則に従う連絡相手を選んでください。,"{""渡辺"":""渡辺さん"",""松本"":""松本さん"",""佐藤"":""佐藤さん"",""遠藤"":""遠藤さん"",""加藤"":""加藤さん"",""高橋"":""高橋さん"",""石田"":""石田さん""}",高橋
gen-choice-03-047,choice,generated,最終更新,"{""案件"":""灯台"",""更新記録"":[{""時"":18,""状態"":""未着手""},{""時"":9,""状態"":""発送済み""},{""時"":19,""状態"":""確認中""},{""時"":20,""状態"":""発送済み""},{""時"":10,""状態"":""受取済み""}]}",記載順ではなく更新時刻を比べ、最新の状態を選んでください。,"{""未着手"":""未着手"",""保留"":""保留"",""発送済み"":""発送済み"",""差戻し"":""差戻し"",""確認中"":""確認中"",""承認"":""承認"",""受取済み"":""受取済み"",""取消"":""取消""}",発送済み
gen-score-08-035,score,generated,要件への一致数,"{""注文要件"":{""印字"":""なし"",""サイズ"":""中"",""色"":""白"",""形"":""四角"",""配送"":""郵送""},""提案品"":{""印字"":""あり"",""サイズ"":""小"",""色"":""赤"",""形"":""丸"",""配送"":""店頭""}}",注文要件と一致している属性の数を段階として選んでください。,"[""一致した要件が0項目"",""一致した要件が1項目"",""一致した要件が2項目"",""一致した要件が3項目"",""一致した要件が4項目"",""一致した要件が5項目""]",0
gen-score-14-006,score,generated,参照表の順序尺度,"""今回の検査用の対応表: 紫印は段階0、茶印は段階1、黒印は段階2、黄印は段階3、白印は段階4。朝露の確定検査票には黒印が付いています。色に一般的な良し悪しは仮定しません。""",今回の対応表を使って検査票の段階を選んでください。,"[""表による段階0"",""表による段階1"",""表による段階2"",""表による段階3"",""表による段階4""]",2
gen-choice-01-025,choice,generated,問い合わせ経路,"{""分類表"":{""製品"":[""破損"",""初期不良"",""部品交換""],""配送"":[""届け先変更"",""荷物の遅延"",""追跡番号""],""契約"":[""契約更新"",""プラン変更"",""解約手続き""],""請求"":[""二重請求"",""領収書"",""返金""],""店舗"":[""営業時間"",""店内設備"",""店舗の場所""],""アカウント"":[""ログイン"",""パスワード"",""退会""]},""本文"":""発送前の荷物の届け先を変えたいです"",""受付主題"":""届け先変更""}",受付分類表を使って、この相談の担当を決めてください。,"{""アカウント"":""アカウントの窓口"",""店舗"":""店舗の窓口"",""請求"":""請求の窓口"",""製品"":""製品の窓口"",""配送"":""配送の窓口"",""契約"":""契約の窓口""}",配送
gen-score-12-016,score,generated,目標からの差,"""灯台の目標数は8個、実績は15個です。多すぎても少なすぎても、目標から何個離れたかで評価します。差が7個以上なら最終段階7にまとめます。""",目標からのずれの段階を選んでください。,"[""目標との差が0個"",""目標との差が1個"",""目標との差が2個"",""目標との差が3個"",""目標との差が4個"",""目標との差が5個"",""目標との差が6個"",""目標との差が7個以上""]",7
gen-score-08-008,score,generated,要件への一致数,"{""注文要件"":{""素材"":""紙"",""配送"":""郵送"",""形"":""三角"",""包装"":""箱"",""印字"":""片面のみ"",""色"":""白""},""提案品"":{""素材"":""布"",""配送"":""店頭"",""形"":""丸"",""包装"":""袋"",""印字"":""あり"",""色"":""白""}}",提案品が満たす要件数はいくつの段階ですか。,"[""一致した要件が0項目"",""一致した要件が1項目"",""一致した要件が2項目"",""一致した要件が3項目"",""一致した要件が4項目"",""一致した要件が5項目"",""一致した要件が6項目""]",1
gen-noul-05-012,noul,generated,締切の境界,"""若葉の提出は12時より前だけ受け付け、12時ちょうどは無効です。山田さんの提出記録は9時ちょうどです。""",時刻だけを基準に、この提出を有効と判定できますか。,"{""false"":""いいえ。質問の命題は成立しない。"",""true"":""はい。質問の命題が成立する。""}",true
gen-score-07-023,score,generated,証拠の最高到達段階,"""この調査固有の証拠段階表: 一次資料は段階1、写真記録は段階2、監査記録は段階3、署名済み文書は段階4、口頭メモは段階5、担当者報告は段階6、第三者確認は段階7。朝露で得られた証拠は署名済み文書、口頭メモ、一次資料。複数ある場合は最大の段階を使い、なければ0です。""",明示された段階表だけで証拠を評価してください。,"[""証拠なしの段階0"",""表に基づく最高証拠段階1"",""表に基づく最高証拠段階2"",""表に基づく最高証拠段階3"",""表に基づく最高証拠段階4"",""表に基づく最高証拠段階5"",""表に基づく最高証拠段階6"",""表に基づく最高証拠段階7""]",5
gen-score-15-016,score,generated,軽重のある項目,"{""不備ごとの配点"":{""署名欠落"":2,""頁番号欠落"":1,""日付欠落"":1,""誤字"":1,""余白不備"":1,""宛名不備"":1,""添付欠落"":1},""不備あり"":{""署名欠落"":true,""頁番号欠落"":true,""日付欠落"":false,""誤字"":false,""余白不備"":false,""宛名不備"":true,""添付欠落"":false},""上限"":7}",見つかった不備の点数を合計し、上限を適用してください。,"[""不備点の合計が0点"",""不備点の合計が1点"",""不備点の合計が2点"",""不備点の合計が3点"",""不備点の合計が4点"",""不備点の合計が5点"",""不備点の合計が6点"",""不備点の合計が7点以上""]",4
gen-score-11-032,score,generated,時刻順の評価更新,"""春風の評価更新履歴: 20時に段階0、13時に段階1、18時に段階0。評価は最新時刻の値だけを採用します。""",現在採用すべき評価段階を選んでください。,"[""評価段階0"",""評価段階1"",""評価段階2""]",0
gen-noul-11-041,noul,generated,参照関係の真偽,"""担当表: 水面は佐藤、草原は松本、朝露は石田、木漏れ日は中村。資料の関連先: シールは朝露、封筒は木漏れ日、名札は草原、テープは水面。""",石田さんはシールが属する案件の担当者と言えますか。,"{""false"":""いいえ。質問の命題は成立しない。"",""true"":""はい。質問の命題が成立する。""}",true
gen-score-02-039,score,generated,記述の満足段階,"{""回答者"":""林"",""対象"":""青空"",""感想原文"":""到底納得できず、強い不満を感じた""}",感想に明示された評価を尺度へ対応づけてください。,"[""強い不満"",""不満"",""やや不満"",""どちらでもない"",""強い満足"",""最高の満足""]",0
gen-score-13-006,score,generated,取消しを反映した件数,"""夕凪の申込み記録: 吉田は未受付・取消なし、佐藤は受付済み・取消済み、青木は未受付・取消なし、石田は受付済み・取消済み、加藤は未受付・取消なし、林は未受付・取消なし。取消済みの申込みは有効件数から除きます。4件以上は最終段階4にまとめます。""",受付済みから取消済みを除いた件数はいくつの段階ですか。,"[""有効申込みが0件"",""有効申込みが1件"",""有効申込みが2件"",""有効申込みが3件"",""有効申込みが4件以上""]",0
gen-choice-12-021,choice,generated,条件付き不足書類,"""書類確認の優先順は同意書→委任状。同意書だけは代理申請の場合に限って必要で、それ以外は常に必要です。今回は代理申請。提出済みは同意書です。""",必要な不足書類を先頭から一つだけ案内します。どれですか。必要書類に不足がなければ追加不要です。,"{""追加不要"":""必要書類はすべて提出済み"",""同意書"":""同意書"",""委任状"":""委任状""}",委任状
gen-noul-03-013,noul,generated,いずれかの条件,"{""いずれか一つ以上必要"":[""招待券"",""事前予約票"",""紹介状""],""所持状況"":{""招待券"":false,""事前予約票"":false,""紹介状"":false},""対象"":""高橋""}",この人は受付基準を満たしていますか。,"{""false"":""いいえ。質問の命題は成立しない。"",""true"":""はい。質問の命題が成立する。""}",false
gen-score-14-017,score,generated,参照表の順序尺度,"{""検査対象"":""白波"",""今回の対応表"":{""緑"":0,""白"":1},""確定票の印"":""緑""}",検査票の印を指定尺度に変換してください。,"[""表による段階0"",""表による段階1""]",0
gen-noul-15-016,noul,generated,出来事の前後関係,"""佐藤さんの作業日誌は実施順に報告→休憩→棚への配置です。記載した各作業は一回ずつ実施しました。""",休憩は報告より前に行われましたか。,"{""false"":""いいえ。質問の命題は成立しない。"",""true"":""はい。質問の命題が成立する。""}",false
gen-noul-03-001,noul,generated,いずれかの条件,"{""いずれか一つ以上必要"":[""会員証"",""紹介状""],""所持状況"":{""会員証"":false,""紹介状"":false},""対象"":""大野""}",この人は受付基準を満たしていますか。,"{""false"":""いいえ。質問の命題は成立しない。"",""true"":""はい。質問の命題が成立する。""}",false
gen-choice-08-012,choice,generated,改訂と例外の優先,"{""通常品ラベルの改訂・古い順"":[""緑"",""黄""],""優先例外"":""冷蔵品は黄"",""荷物"":""冷蔵品"",""規則"":""後の改訂が前を上書きする""}",この荷物に貼るラベルの色を選んでください。,"{""緑"":""緑ラベル"",""黄"":""黄ラベル""}",黄
gen-score-14-013,score,generated,参照表の順序尺度,"""今回の検査用の対応表: 黄印は段階0、黒印は段階1、赤印は段階2、緑印は段階3、茶印は段階4。草原の確定検査票には緑印が付いています。色に一般的な良し悪しは仮定しません。""",一般常識ではなく示された表に従って段階を答えてください。,"[""表による段階0"",""表による段階1"",""表による段階2"",""表による段階3"",""表による段階4""]",3
gen-score-05-003,score,generated,緊急条件の加点,"{""案件"":""星空"",""基本優先度"":4,""締切までの残り時間"":8,""規則"":""残り7時間以内なら1加点、それより長ければ0加点。上限7""}",今回の最終優先段階を求めてください。,"[""最終優先度0"",""最終優先度1"",""最終優先度2"",""最終優先度3"",""最終優先度4"",""最終優先度5"",""最終優先度6"",""最終優先度7""]",4
gen-score-15-007,score,generated,軽重のある項目,"{""不備ごとの配点"":{""頁番号欠落"":2,""添付欠落"":1,""署名欠落"":1,""日付欠落"":1,""誤字"":1},""不備あり"":{""頁番号欠落"":true,""添付欠落"":false,""署名欠落"":false,""日付欠落"":true,""誤字"":false},""上限"":5}",見つかった不備の点数を合計し、上限を適用してください。,"[""不備点の合計が0点"",""不備点の合計が1点"",""不備点の合計が2点"",""不備点の合計が3点"",""不備点の合計が4点"",""不備点の合計が5点以上""]",3
gen-choice-11-001,choice,generated,小数量の比較,"""入出庫記録: 名札は在庫4個、そのうち予約4個、シールは在庫7個、そのうち予約3個、封筒は在庫10個、そのうち予約1個、ペンは在庫4個、そのうち予約3個。予約分は自由在庫に含めません。""",自由在庫が最も少ない品を選んでください。,"{""シール"":""シール"",""ペン"":""ペン"",""名札"":""名札"",""封筒"":""封筒""}",名札
gen-noul-07-022,noul,generated,識別文字列の完全一致,"""商品ラベルの管理コードは「GH1-D」、注文票の管理コードは「GH1_D」です。照合では大文字と小文字、記号の違いも区別します。""",二つの管理コードは完全一致していますか。,"{""false"":""いいえ。質問の命題は成立しない。"",""true"":""はい。質問の命題が成立する。""}",false
gen-score-07-006,score,generated,証拠の最高到達段階,"{""調査"":""若葉"",""この調査の証拠段階"":{""写真記録"":1,""担当者報告"":2,""第三者確認"":3,""一次資料"":4},""得られた証拠"":[""写真記録"",""担当者報告"",""第三者確認""],""集約規則"":""得られた段階の最大。証拠なしは0""}",記録済みの証拠から得られる最高段階はどれですか。,"[""証拠なしの段階0"",""表に基づく最高証拠段階1"",""表に基づく最高証拠段階2"",""表に基づく最高証拠段階3"",""表に基づく最高証拠段階4""]",3
gen-choice-07-030,choice,generated,複数属性の制約,"""在庫表: 箱は茶色・布製・在庫あり、ファイルは茶色・樹脂製・在庫あり。""",必要条件は茶色、樹脂製、在庫ありの三つです。全部に合う品はどれですか。,"{""箱"":""箱"",""ファイル"":""ファイル""}",ファイル
gen-score-11-027,score,generated,時刻順の評価更新,"{""案件"":""若葉"",""評価更新"":[{""時刻"":15,""段階"":4},{""時刻"":9,""段階"":4},{""時刻"":16,""段階"":0},{""時刻"":20,""段階"":4}],""採用規則"":""最新時刻だけを採用""}",履歴の記載順に惑わされず、最新評価を答えてください。,"[""評価段階0"",""評価段階1"",""評価段階2"",""評価段階3"",""評価段階4""]",4
gen-noul-04-003,noul,generated,例外の優先,"{""許可条件"":""登録済み"",""優先禁止条件"":""入場制限中"",""対象"":""大野"",""許可条件に該当"":false,""禁止条件に該当"":true}",禁止例外を先に考慮すると、この利用を認められますか。,"{""false"":""いいえ。質問の命題は成立しない。"",""true"":""はい。質問の命題が成立する。""}",false
gen-score-15-022,score,generated,軽重のある項目,"{""不備ごとの配点"":{""余白不備"":2,""日付欠落"":1,""宛名不備"":1,""頁番号欠落"":1,""添付欠落"":1,""誤字"":1},""不備あり"":{""余白不備"":false,""日付欠落"":true,""宛名不備"":false,""頁番号欠落"":false,""添付欠落"":true,""誤字"":true},""上限"":6}",見つかった不備の点数を合計し、上限を適用してください。,"[""不備点の合計が0点"",""不備点の合計が1点"",""不備点の合計が2点"",""不備点の合計が3点"",""不備点の合計が4点"",""不備点の合計が5点"",""不備点の合計が6点以上""]",3
gen-noul-02-011,noul,generated,全条件の充足,"{""すべて必要な条件"":[""会費支払い"",""同意書提出""],""対象"":""遠藤"",""完了状況"":{""会費支払い"":false,""同意書提出"":true}}",規則に照らし、この人の利用資格は成立しますか。,"{""false"":""いいえ。質問の命題は成立しない。"",""true"":""はい。質問の命題が成立する。""}",false
gen-score-14-018,score,generated,参照表の順序尺度,"""今回の検査用の対応表: 緑印は段階0、赤印は段階1、青印は段階2。春風の確定検査票には赤印が付いています。色に一般的な良し悪しは仮定しません。""",一般常識ではなく示された表に従って段階を答えてください。,"[""表による段階0"",""表による段階1"",""表による段階2""]",1
gen-noul-01-008,noul,generated,事実と否定質問,"""松本さんについての確定記録: 参加登録を完了しています。""",記録上、松本さんは参加登録を完了していると言えますか。,"{""false"":""いいえ。質問の命題は成立しない。"",""true"":""はい。質問の命題が成立する。""}",true
gen-choice-06-049,choice,generated,時間枠の包含,"""部屋の連続利用可能時間: 黄室は10時から13時まで、赤室は9時から12時まで。会議は11時開始、13時終了です。""",会議時間の一部だけでなく全体を含む空き時間を持つ部屋を答えてください。端の一致は可です。,"{""赤"":""赤室"",""黄"":""黄室""}",黄
gen-noul-14-001,noul,generated,予定時間の重なり,"""吉田さんの予定: 朝露会議は8時から12時、面談は14時から15時。終了と次の開始が同時刻の場合は重複とは扱いません。""",同時に二つの予定に出席しなければならない時間がありますか。,"{""false"":""いいえ。質問の命題は成立しない。"",""true"":""はい。質問の命題が成立する。""}",false
gen-score-13-031,score,generated,取消しを反映した件数,"""夕凪の申込み記録: 石田は受付済み・取消なし、森は受付済み・取消なし、青木は受付済み・取消済み、山田は受付済み・取消なし、遠藤は受付済み・取消なし。取消済みの申込みは有効件数から除きます。1件以上は最終段階1にまとめます。""",取消し後に残る有効申込み数を段階として選んでください。,"[""有効申込みが0件"",""有効申込みが1件以上""]",1
gen-choice-11-014,choice,generated,小数量の比較,"""入出庫記録: カードは在庫8個、そのうち予約3個、ペンは在庫6個、そのうち予約3個、シールは在庫8個、そのうち予約2個。予約分は自由在庫に含めません。""",今使える個数が最も少ない品を答えてください。,"{""カード"":""カード"",""シール"":""シール"",""ペン"":""ペン""}",ペン
gen-noul-02-046,noul,generated,全条件の充足,"{""すべて必要な条件"":[""同意書提出"",""会費支払い"",""講習受講""],""対象"":""佐藤"",""完了状況"":{""同意書提出"":true,""会費支払い"":true,""講習受講"":true}}",不足条件なく利用を許可できますか。,"{""false"":""いいえ。質問の命題は成立しない。"",""true"":""はい。質問の命題が成立する。""}",true
gen-noul-09-016,noul,generated,重複を除いた件数,"{""棚"":""星空"",""読み取り品名"":[""ペン"",""ペン"",""ラベル"",""ペン""],""数え方"":""同一品名の重複を除く""}",重複を除いた種類数は3以上という条件を満たしますか。,"{""false"":""いいえ。質問の命題は成立しない。"",""true"":""はい。質問の命題が成立する。""}",false
gen-score-14-023,score,generated,参照表の順序尺度,"{""検査対象"":""木漏れ日"",""今回の対応表"":{""紫"":0,""緑"":1,""黒"":2,""青"":3,""白"":4,""黄"":5,""茶"":6,""赤"":7},""確定票の印"":""茶""}",検査票の印を指定尺度に変換してください。,"[""表による段階0"",""表による段階1"",""表による段階2"",""表による段階3"",""表による段階4"",""表による段階5"",""表による段階6"",""表による段階7""]",6
gen-choice-11-008,choice,generated,小数量の比較,"""入出庫記録: ペンは在庫9個、そのうち予約0個、クリップは在庫7個、そのうち予約5個、テープは在庫7個、そのうち予約3個。予約分は自由在庫に含めません。""",自由在庫が最も多い品を選んでください。,"{""ペン"":""ペン"",""クリップ"":""クリップ"",""テープ"":""テープ""}",ペン
gen-noul-11-005,noul,generated,参照関係の真偽,"{""案件担当"":{""山道"":""遠藤"",""水面"":""上田""},""資料関連先"":{""ノート"":""山道"",""封筒"":""水面""}}",遠藤さんはノートが属する案件の担当者と言えますか。,"{""false"":""いいえ。質問の命題は成立しない。"",""true"":""はい。質問の命題が成立する。""}",true
gen-score-04-011,score,generated,独立チェックの合計,"{""資料"":""木漏れ日"",""チェック項目"":{""承認印あり"":true,""署名あり"":true,""ページ番号あり"":true,""添付あり"":true,""宛先あり"":true,""題名あり"":true,""日付あり"":false},""各項目の重み"":1}",満たしたチェック項目の数を段階として選んでください。,"[""満たした項目が0個"",""満たした項目が1個"",""満たした項目が2個"",""満たした項目が3個"",""満たした項目が4個"",""満たした項目が5個"",""満たした項目が6個"",""満たした項目が7個""]",6
gen-noul-14-026,noul,generated,予定時間の重なり,"{""対象者"":""大野"",""会議"":[12,14],""面談"":[13,15],""規則"":""終了時刻と開始時刻が一致するだけなら重複なし""}",同時に二つの予定に出席しなければならない時間がありますか。,"{""false"":""いいえ。質問の命題は成立しない。"",""true"":""はい。質問の命題が成立する。""}",true
gen-noul-11-042,noul,generated,参照関係の真偽,"""担当表: 青空は吉田、白波は佐藤。資料の関連先: ラベルは白波、ペンは青空。""",佐藤さんはペンが属する案件の担当者と言えますか。,"{""false"":""いいえ。質問の命題は成立しない。"",""true"":""はい。質問の命題が成立する。""}",false
gen-noul-07-027,noul,generated,識別文字列の完全一致,"""商品ラベルの管理コードは「JK8-D」、注文票の管理コードは「JK8-D」です。照合では大文字と小文字、記号の違いも区別します。""",指定された照合規則で一致と判定できますか。,"{""false"":""いいえ。質問の命題は成立しない。"",""true"":""はい。質問の命題が成立する。""}",true
gen-choice-15-031,choice,generated,文章内の順序参照,"{""会議"":""草原"",""発表順"":[""上田"",""吉田"",""渡辺""]}",紹介された順番で2人目に発表する人は誰ですか。,"{""吉田"":""吉田さん"",""渡辺"":""渡辺さん"",""上田"":""上田さん""}",吉田
gen-score-04-016,score,generated,独立チェックの合計,"{""資料"":""若葉"",""チェック項目"":{""添付あり"":true,""日付あり"":true,""宛先あり"":true,""題名あり"":true,""承認印あり"":true},""各項目の重み"":1}",合格した項目数に対応する段階を答えてください。,"[""満たした項目が0個"",""満たした項目が1個"",""満たした項目が2個"",""満たした項目が3個"",""満たした項目が4個"",""満たした項目が5個""]",5
gen-noul-14-032,noul,generated,予定時間の重なり,"{""対象者"":""大野"",""会議"":[14,16],""面談"":[15,18],""規則"":""終了時刻と開始時刻が一致するだけなら重複なし""}",同時に二つの予定に出席しなければならない時間がありますか。,"{""false"":""いいえ。質問の命題は成立しない。"",""true"":""はい。質問の命題が成立する。""}",true
gen-score-01-011,score,generated,件数の段階境界,"{""案件"":""草原"",""計数対象"":""未回答の質問"",""件数"":1,""処理済みを除外"":true}",件数だけを評価尺度に照らして判定してください。,"[""対象件数が1件未満"",""対象件数が1件以上、2件未満"",""対象件数が2件以上、3件未満"",""対象件数が3件以上、4件未満"",""対象件数が4件以上""]",1
gen-choice-11-049,choice,generated,小数量の比較,"""入出庫記録: ファイルは在庫13個、そのうち予約5個、袋は在庫8個、そのうち予約5個、冊子は在庫14個、そのうち予約5個。予約分は自由在庫に含めません。""",今使える個数が最も少ない品を答えてください。,"{""冊子"":""冊子"",""ファイル"":""ファイル"",""袋"":""袋""}",袋
gen-choice-07-049,choice,generated,複数属性の制約,"{""在庫表"":[{""品名"":""袋"",""色"":""赤"",""素材"":""金属"",""在庫あり"":true},{""品名"":""封筒"",""色"":""赤"",""素材"":""金属"",""在庫あり"":false},{""品名"":""付箋"",""色"":""赤"",""素材"":""金属"",""在庫あり"":false},{""品名"":""シール"",""色"":""黄"",""素材"":""金属"",""在庫あり"":true},{""品名"":""テープ"",""色"":""緑"",""素材"":""金属"",""在庫あり"":true},{""品名"":""クリップ"",""色"":""青"",""素材"":""金属"",""在庫あり"":true},{""品名"":""ファイル"",""色"":""茶"",""素材"":""金属"",""在庫あり"":true}]}",赤色で金属製、在庫もある品を選んでください。,"{""ファイル"":""ファイル"",""付箋"":""付箋"",""クリップ"":""クリップ"",""袋"":""袋"",""テープ"":""テープ"",""シール"":""シール"",""封筒"":""封筒""}",袋
gen-choice-04-046,choice,generated,参照先の担当,"{""案件担当"":{""灯台"":""渡辺"",""朝露"":""上田"",""星空"":""加藤"",""白波"":""松本"",""若葉"":""中村"",""木漏れ日"":""青木""},""資料の所属案件"":{""カード"":""白波"",""冊子"":""朝露"",""袋"":""灯台"",""シール"":""若葉"",""付箋"":""木漏れ日"",""箱"":""星空""},""確認資料"":""シール""}",確認する資料の案件を担当している人を答えてください。,"{""加藤"":""加藤さん"",""中村"":""中村さん"",""松本"":""松本さん"",""上田"":""上田さん"",""渡辺"":""渡辺さん"",""青木"":""青木さん""}",中村
gen-noul-01-024,noul,generated,事実と否定質問,"""高橋さんについての確定記録: 報告書を提出していません。""",記録上、高橋さんは報告書を提出していないと言えますか。,"{""false"":""いいえ。質問の命題は成立しない。"",""true"":""はい。質問の命題が成立する。""}",true
gen-choice-14-030,choice,generated,二属性照合,"""展示品の札: クリップは緑色・樹脂製、ラベルは黒色・布製、用紙は白色・紙製、ノートは緑色・木製、ファイルは赤色・木製、袋は茶色・紙製、シールは赤色・金属製。探しているのは赤色の金属製です。""",二つの指定を同時に満たす展示品はどれですか。,"{""ファイル"":""ファイル"",""クリップ"":""クリップ"",""ラベル"":""ラベル"",""用紙"":""用紙"",""ノート"":""ノート"",""袋"":""袋"",""シール"":""シール""}",シール
gen-score-15-043,score,generated,軽重のある項目,"""この点検の配点: 日付欠落は2点、宛名不備は1点、署名欠落は1点、余白不備は1点、誤字は1点、添付欠落は1点。見つかった不備: 日付欠落、署名欠落、余白不備、誤字、添付欠落。該当項目の点を合計し、6点以上は段階6にまとめます。""",見つかった不備の点数を合計し、上限を適用してください。,"[""不備点の合計が0点"",""不備点の合計が1点"",""不備点の合計が2点"",""不備点の合計が3点"",""不備点の合計が4点"",""不備点の合計が5点"",""不備点の合計が6点以上""]",6
gen-noul-03-039,noul,generated,いずれかの条件,"""朝露の受付では事前予約票・会員証のうち一つ以上があれば通れます。渡辺さん: 事前予約票はなし、会員証はなし。""",記載された条件で受付を通れますか。,"{""false"":""いいえ。質問の命題は成立しない。"",""true"":""はい。質問の命題が成立する。""}",false
gen-choice-13-024,choice,generated,工程の依存順,"""案件「草原」の工程順は承認→内容確認→報告→実施→見積作成です。途中の工程を飛ばすことはできません。完了済みは承認、内容確認、報告です。""",この作業を一段進めるときに着手する工程を答えてください。残りがなければ完了です。,"{""完了"":""全工程が完了"",""承認"":""承認"",""内容確認"":""内容確認"",""見積作成"":""見積作成"",""実施"":""実施"",""報告"":""報告""}",実施
gen-score-09-017,score,generated,例外による上限,"{""検査合格"":{""記録"":true},""要再確認の印あり"":false,""採点規則"":""合格数が点数。ただし印があれば上限1点""}",単純な合格数ではなく、上限ルール適用後の点数を求めてください。,"[""最終点0点"",""最終点1点""]",1
gen-noul-08-025,noul,generated,集合と否定所属,"{""催し"":""灯台"",""完全な参加者名簿"":[""上田"",""大野"",""佐藤"",""松本"",""遠藤""],""補足"":""名前のない人は参加者ではない""}",『加藤さんは参加者である』という記述は正しいですか。,"{""false"":""いいえ。質問の命題は成立しない。"",""true"":""はい。質問の命題が成立する。""}",false
gen-noul-01-009,noul,generated,事実と否定質問,"{""対象者"":""中村"",""項目"":""研修を修了"",""実施済み"":true}",記録上、中村さんは研修を修了していないと言えますか。,"{""false"":""いいえ。質問の命題は成立しない。"",""true"":""はい。質問の命題が成立する。""}",false
gen-score-06-047,score,generated,約束時刻からの遅れ,"""木漏れ日便は5時到着の約束でした。実際の到着は同じ日の7時です。早着した場合の遅れは0時間とします。""",到着の遅れを段階基準で評価してください。,"[""遅れが1時間未満"",""遅れが1時間以上、2時間未満"",""遅れが2時間以上、3時間未満"",""遅れが3時間以上""]",2
gen-noul-01-045,noul,generated,事実と否定質問,"{""対象者"":""松本"",""項目"":""承認を取得"",""実施済み"":false}",『松本さんは承認を取得している』はこの記録と一致しますか。,"{""false"":""いいえ。質問の命題は成立しない。"",""true"":""はい。質問の命題が成立する。""}",false
gen-choice-08-035,choice,generated,改訂と例外の優先,"{""通常品ラベルの改訂・古い順"":[""茶"",""黄"",""赤""],""優先例外"":""冷蔵品は白"",""荷物"":""通常品"",""規則"":""後の改訂が前を上書きする""}",この荷物に貼るラベルの色を選んでください。,"{""紫"":""紫ラベル"",""白"":""白ラベル"",""茶"":""茶ラベル"",""赤"":""赤ラベル"",""黄"":""黄ラベル""}",赤
gen-noul-09-014,noul,generated,重複を除いた件数,"{""棚"":""山道"",""読み取り品名"":[""シール"",""シール"",""ケース"",""ケース""],""数え方"":""同一品名の重複を除く""}",品物の種類は3種類以上ありますか。,"{""false"":""いいえ。質問の命題は成立しない。"",""true"":""はい。質問の命題が成立する。""}",false
gen-noul-10-032,noul,generated,条件付き義務,"""規則: 代理申請のときだけ記録票の保存が必須です。それ以外の場合にはこの義務はなく、実施していても構いません。今回の案件は代理申請に非該当で、記録票の保存は未実施です。""",この案件は記載された義務のルールに違反していませんか。違反がなければはいです。,"{""false"":""いいえ。質問の命題は成立しない。"",""true"":""はい。質問の命題が成立する。""}",true
gen-choice-15-027,choice,generated,文章内の順序参照,"""星空会議では、発表者を発表順に「遠藤、木村、青木、佐藤、高橋、森、加藤」と紹介しました。同じ人の再登場はありません。""",発表順の先頭から2番目にいる人を答えてください。,"{""高橋"":""高橋さん"",""青木"":""青木さん"",""遠藤"":""遠藤さん"",""森"":""森さん"",""加藤"":""加藤さん"",""佐藤"":""佐藤さん"",""木村"":""木村さん""}",木村
gen-choice-02-027,choice,generated,条件と優先例外,"""青空店では会員で購入数が5個以上なら優待扱いです。ただし予約品は購入数や会員資格にかかわらず通常扱いです。今回は3個、非会員、通常在庫品です。""",この購入に適用する扱いを選んでください。,"{""優待"":""優待の扱い"",""通常"":""通常の扱い""}",通常
gen-choice-12-047,choice,generated,条件付き不足書類,"""書類確認の優先順は委任状→同意書→受領票→承認書。承認書だけは代理申請の場合に限って必要で、それ以外は常に必要です。今回は代理申請。提出済みはなしです。""",未提出の必要書類のうち優先順が最初のものを選んでください。全部そろっていれば追加不要です。,"{""委任状"":""委任状"",""承認書"":""承認書"",""追加不要"":""必要書類はすべて提出済み"",""受領票"":""受領票"",""同意書"":""同意書""}",委任状
gen-score-12-003,score,generated,目標からの差,"{""案件"":""星空"",""目標数"":13,""実績数"":13,""採点"":""差の絶対値。ただし1以上は段階1""}",示された上限を含め、実績のずれを段階に変換してください。,"[""目標との差が0個"",""目標との差が1個以上""]",0
gen-score-04-050,score,generated,独立チェックの合計,"""夕凪資料の点検: 承認印ありは満たす、題名ありは満たす、ページ番号ありは満たさない、宛先ありは満たす。各項目は一つずつ数えます。""",満たしたチェック項目の数を段階として選んでください。,"[""満たした項目が0個"",""満たした項目が1個"",""満たした項目が2個"",""満たした項目が3個"",""満たした項目が4個""]",3
gen-choice-14-025,choice,generated,二属性照合,"""展示品の札: シールは赤色・樹脂製、箱は茶色・紙製、封筒は紫色・ガラス製、用紙は白色・木製、ファイルは青色・樹脂製。探しているのは白色の木製です。""",二つの指定を同時に満たす展示品はどれですか。,"{""封筒"":""封筒"",""シール"":""シール"",""ファイル"":""ファイル"",""箱"":""箱"",""用紙"":""用紙""}",用紙
gen-choice-12-007,choice,generated,条件付き不足書類,"{""確認優先順"":[""本人確認票"",""見積書"",""委任状"",""同意書""],""代理申請だけに必要"":""見積書"",""代理申請"":true,""提出済み"":[]}",申請区分に応じて必要書類を確認し、最優先で追加提出を求めるものを答えてください。なければ追加不要です。,"{""本人確認票"":""本人確認票"",""見積書"":""見積書"",""追加不要"":""必要書類はすべて提出済み"",""委任状"":""委任状"",""同意書"":""同意書""}",本人確認票
gen-noul-02-003,noul,generated,全条件の充足,"{""すべて必要な条件"":[""事前登録"",""同意書提出"",""講習受講""],""対象"":""上田"",""完了状況"":{""事前登録"":true,""同意書提出"":true,""講習受講"":false}}",この人は記載された利用条件をすべて満たしていますか。,"{""false"":""いいえ。質問の命題は成立しない。"",""true"":""はい。質問の命題が成立する。""}",false
gen-noul-04-036,noul,generated,例外の優先,"""規則: 本人確認済みであれば木漏れ日を利用できます。ただし会費滞納なら利用できません。中村さんは本人確認済みに該当、会費滞納に非該当です。""",禁止例外を先に考慮すると、この利用を認められますか。,"{""false"":""いいえ。質問の命題は成立しない。"",""true"":""はい。質問の命題が成立する。""}",true
gen-choice-13-038,choice,generated,工程の依存順,"{""案件"":""山道"",""工程順"":[""内容確認"",""受付"",""見積作成""],""完了済み"":[""内容確認""],""規則"":""順に実行し未完了工程を飛ばさない""}",この作業を一段進めるときに着手する工程を答えてください。残りがなければ完了です。,"{""完了"":""全工程が完了"",""見積作成"":""見積作成"",""内容確認"":""内容確認"",""受付"":""受付""}",受付
gen-choice-05-048,choice,generated,否定条件で選択,"{""検品"":[{""品名"":""ペン"",""封がある"":true,""濡れている"":true},{""品名"":""用紙"",""封がある"":true,""濡れている"":true},{""品名"":""テープ"",""封がある"":true,""濡れている"":true},{""品名"":""カード"",""封がある"":false,""濡れている"":false},{""品名"":""付箋"",""封がある"":false,""濡れている"":false},{""品名"":""袋"",""封がある"":true,""濡れている"":false},{""品名"":""クリップ"",""封がある"":false,""濡れている"":true}]}",濡れた品は除外し、封がある品を一つ選んでください。,"{""カード"":""カード"",""袋"":""袋"",""テープ"":""テープ"",""ペン"":""ペン"",""用紙"":""用紙"",""付箋"":""付箋"",""クリップ"":""クリップ""}",袋
gen-noul-04-034,noul,generated,例外の優先,"""規則: 会員であれば木漏れ日を利用できます。ただし利用停止中なら利用できません。佐藤さんは会員に該当、利用停止中に非該当です。""",禁止例外を先に考慮すると、この利用を認められますか。,"{""false"":""いいえ。質問の命題は成立しない。"",""true"":""はい。質問の命題が成立する。""}",true
gen-choice-06-025,choice,generated,時間枠の包含,"""部屋の連続利用可能時間: 黄室は12時から16時まで、青室は15時から19時まで、緑室は12時から19時まで。会議は14時開始、17時終了です。""",会議の全時間を連続して確保できる部屋を選んでください。開始・終了の一致は許可します。,"{""青"":""青室"",""黄"":""黄室"",""緑"":""緑室""}",緑
gen-choice-13-037,choice,generated,工程の依存順,"""案件「星空」の工程順は報告→実施→準備→内容確認→受付→承認→見積作成です。途中の工程を飛ばすことはできません。完了済みは報告、実施、準備、内容確認、受付、承認です。""",まだ済んでいない最初の工程は何ですか。存在しない場合は完了です。,"{""実施"":""実施"",""受付"":""受付"",""内容確認"":""内容確認"",""準備"":""準備"",""完了"":""全工程が完了"",""報告"":""報告"",""見積作成"":""見積作成"",""承認"":""承認""}",見積作成
gen-noul-11-006,noul,generated,参照関係の真偽,"{""案件担当"":{""星空"":""中村"",""青空"":""木村"",""白波"":""林"",""若葉"":""高橋"",""灯台"":""渡辺""},""資料関連先"":{""ファイル"":""星空"",""袋"":""灯台"",""クリップ"":""青空"",""封筒"":""白波"",""ラベル"":""若葉""}}",渡辺さんは封筒が属する案件の担当者と言えますか。,"{""false"":""いいえ。質問の命題は成立しない。"",""true"":""はい。質問の命題が成立する。""}",false
gen-score-05-016,score,generated,緊急条件の加点,"""白波の基本優先度は1です。締切まで残り7時間以内なら1だけ加点し、それより長ければ加点しません。上限は6です。今回は締切まで4時間です。""",今回の最終優先段階を求めてください。,"[""最終優先度0"",""最終優先度1"",""最終優先度2"",""最終優先度3"",""最終優先度4"",""最終優先度5"",""最終優先度6""]",2
gen-choice-05-015,choice,generated,否定条件で選択,"""検品記録: ラベルは封ありで濡れている、箱は封なしで濡れていない、冊子は封ありで濡れていない、ファイルは封なしで濡れている、ケースは封ありで濡れている、用紙は封なしで濡れていない、封筒は封ありで濡れている、名札は封ありで濡れている。""",対象は『封がある』『濡れていない』の両方を満たす品です。どれですか。,"{""ケース"":""ケース"",""用紙"":""用紙"",""冊子"":""冊子"",""ファイル"":""ファイル"",""名札"":""名札"",""封筒"":""封筒"",""ラベル"":""ラベル"",""箱"":""箱""}",冊子
gen-noul-07-013,noul,generated,識別文字列の完全一致,"""商品ラベルの管理コードは「EF2-B」、注文票の管理コードは「EF2-B」です。照合では大文字と小文字、記号の違いも区別します。""",指定された照合規則で一致と判定できますか。,"{""false"":""いいえ。質問の命題は成立しない。"",""true"":""はい。質問の命題が成立する。""}",true
gen-score-02-001,score,generated,記述の満足段階,"""中村さんは星空の体験について「少し良いと感じ、やや満足した」と回答しました。追加の発言はありません。""",感想に明示された評価を尺度へ対応づけてください。,"[""強い不満"",""やや満足"",""最高の満足""]",1
gen-score-02-022,score,generated,記述の満足段階,"""渡辺さんは山道の体験について「良い結果で、満足している」と回答しました。追加の発言はありません。""",感想に明示された評価を尺度へ対応づけてください。,"[""強い不満"",""満足"",""最高の満足""]",1
gen-choice-08-037,choice,generated,改訂と例外の優先,"""通常品の貼付ラベルについて、連絡は古い順に「黄」「茶」「黒」でした。後の連絡が前の連絡を上書きします。ただし冷蔵品には連絡履歴に関係なく黄ラベルを貼ります。今回の荷物は冷蔵品です。""",例外と改訂の順序を考慮して、使用する色はどれですか。,"{""緑"":""緑ラベル"",""黒"":""黒ラベル"",""青"":""青ラベル"",""茶"":""茶ラベル"",""黄"":""黄ラベル""}",黄
gen-choice-03-016,choice,generated,最終更新,"""案件「星空」の記録です。11時の更新: 確認中。 20時の更新: 保留。 8時の更新: 発送済み。""",時刻が最も新しい更新に基づく状態を答えてください。,"{""受取済み"":""受取済み"",""保留"":""保留"",""発送済み"":""発送済み"",""確認中"":""確認中"",""差戻し"":""差戻し""}",保留
gen-choice-06-043,choice,generated,時間枠の包含,"{""空き時間"":[{""部屋"":""黄"",""開始"":16,""終了"":20},{""部屋"":""黒"",""開始"":16,""終了"":20},{""部屋"":""赤"",""開始"":16,""終了"":19},{""部屋"":""緑"",""開始"":13,""終了"":17},{""部屋"":""茶"",""開始"":14,""終了"":20},{""部屋"":""青"",""開始"":13,""終了"":17},{""部屋"":""白"",""開始"":13,""終了"":17},{""部屋"":""紫"",""開始"":14,""終了"":17}],""会議開始"":15,""会議終了"":18}",会議時間の一部だけでなく全体を含む空き時間を持つ部屋を答えてください。端の一致は可です。,"{""黄"":""黄室"",""白"":""白室"",""黒"":""黒室"",""赤"":""赤室"",""緑"":""緑室"",""青"":""青室"",""紫"":""紫室"",""茶"":""茶室""}",茶
gen-score-09-026,score,generated,例外による上限,"""検査合格状況: 寸法は不合格、記録は不合格、付属品は不合格。合格項目一つにつき1点ですが、要再確認の印があれば上限3点に制限します。今回その印はありません。""",上限制限を適用した最終点を選んでください。,"[""最終点0点"",""最終点1点"",""最終点2点"",""最終点3点""]",0
gen-noul-08-021,noul,generated,集合と否定所属,"{""催し"":""水面"",""完全な参加者名簿"":[""青木"",""木村"",""石田"",""佐藤"",""吉田"",""高橋""],""補足"":""名前のない人は参加者ではない""}",名簿に基づき、青木さんが参加者ではないという判断に同意できますか。,"{""false"":""いいえ。質問の命題は成立しない。"",""true"":""はい。質問の命題が成立する。""}",false
gen-score-03-009,score,generated,順番に進む工程,"""若葉の工程順は承認→実施→審査→報告。先頭から順に進め、完了済みはなしです。着手中の工程は完了に含めません。""",工程の完了状況を段階尺度で評価してください。,"[""完了した工程はまだない"",""先頭から1工程が完了（最後に完了したのは承認）"",""先頭から2工程が完了（最後に完了したのは実施）"",""先頭から3工程が完了（最後に完了したのは審査）"",""先頭から4工程が完了（最後に完了したのは報告）""]",0
gen-noul-04-011,noul,generated,例外の優先,"""規則: 会員であれば夕凪を利用できます。ただし登録凍結中なら利用できません。渡辺さんは会員に非該当、登録凍結中に該当です。""",禁止例外を先に考慮すると、この利用を認められますか。,"{""false"":""いいえ。質問の命題は成立しない。"",""true"":""はい。質問の命題が成立する。""}",false
gen-choice-05-032,choice,generated,否定条件で選択,"""検品記録: カードは封なしで濡れていない、ペンは封ありで濡れていない、用紙は封なしで濡れている、ケースは封なしで濡れている、箱は封ありで濡れている、冊子は封ありで濡れていない。""",濡れた品は除外し、封がない品を一つ選んでください。,"{""冊子"":""冊子"",""ケース"":""ケース"",""箱"":""箱"",""カード"":""カード"",""ペン"":""ペン"",""用紙"":""用紙""}",カード
gen-score-03-043,score,generated,順番に進む工程,"{""案件"":""夕凪"",""工程順"":[""準備"",""審査"",""実施""],""完了済み"":[],""着手中は完了に含めない"":true}",工程の完了状況を段階尺度で評価してください。,"[""完了した工程はまだない"",""先頭から1工程が完了（最後に完了したのは準備）"",""先頭から2工程が完了（最後に完了したのは審査）"",""先頭から3工程が完了（最後に完了したのは実施）""]",0
gen-noul-03-020,noul,generated,いずれかの条件,"{""いずれか一つ以上必要"":[""事前予約票"",""当日券""],""所持状況"":{""事前予約票"":true,""当日券"":true},""対象"":""上田""}",記載された条件で受付を通れますか。,"{""false"":""いいえ。質問の命題は成立しない。"",""true"":""はい。質問の命題が成立する。""}",true
gen-choice-07-014,choice,generated,複数属性の制約,"{""在庫表"":[{""品名"":""クリップ"",""色"":""紫"",""素材"":""布"",""在庫あり"":true},{""品名"":""シール"",""色"":""黒"",""素材"":""樹脂"",""在庫あり"":true},{""品名"":""付箋"",""色"":""紫"",""素材"":""樹脂"",""在庫あり"":true},{""品名"":""袋"",""色"":""紫"",""素材"":""布"",""在庫あり"":true},{""品名"":""テープ"",""色"":""紫"",""素材"":""金属"",""在庫あり"":true}]}",必要条件は紫色、樹脂製、在庫ありの三つです。全部に合う品はどれですか。,"{""クリップ"":""クリップ"",""付箋"":""付箋"",""シール"":""シール"",""テープ"":""テープ"",""袋"":""袋""}",付箋
gen-score-02-047,score,generated,記述の満足段階,"{""回答者"":""青木"",""対象"":""灯台"",""感想原文"":""これ以上は考えられず、最高に満足した""}",感想に明示された評価を尺度へ対応づけてください。,"[""強い不満"",""不満"",""やや不満"",""どちらでもない"",""満足"",""強い満足"",""最高の満足""]",6
gen-choice-11-029,choice,generated,小数量の比較,"""入出庫記録: ファイルは在庫17個、そのうち予約5個、冊子は在庫5個、そのうち予約3個、名札は在庫10個、そのうち予約2個、テープは在庫10個、そのうち予約5個、封筒は在庫15個、そのうち予約4個。予約分は自由在庫に含めません。""",自由在庫が最も少ない品を選んでください。,"{""テープ"":""テープ"",""名札"":""名札"",""封筒"":""封筒"",""冊子"":""冊子"",""ファイル"":""ファイル""}",冊子
gen-noul-01-017,noul,generated,事実と否定質問,"""石田さんについての確定記録: 参加登録を完了しています。""",記録上、石田さんは参加登録を完了していないと言えますか。,"{""false"":""いいえ。質問の命題は成立しない。"",""true"":""はい。質問の命題が成立する。""}",false
gen-score-12-023,score,generated,目標からの差,"{""案件"":""水面"",""目標数"":12,""実績数"":12,""採点"":""差の絶対値。ただし7以上は段階7""}",示された上限を含め、実績のずれを段階に変換してください。,"[""目標との差が0個"",""目標との差が1個"",""目標との差が2個"",""目標との差が3個"",""目標との差が4個"",""目標との差が5個"",""目標との差が6個"",""目標との差が7個以上""]",0
gen-score-12-008,score,generated,目標からの差,"""灯台の目標数は10個、実績は9個です。多すぎても少なすぎても、目標から何個離れたかで評価します。差が6個以上なら最終段階6にまとめます。""",示された上限を含め、実績のずれを段階に変換してください。,"[""目標との差が0個"",""目標との差が1個"",""目標との差が2個"",""目標との差が3個"",""目標との差が4個"",""目標との差が5個"",""目標との差が6個以上""]",1
gen-noul-02-020,noul,generated,全条件の充足,"""夕凪の利用には会費支払い・本人確認・事前登録・同意書提出がすべて必要です。渡辺さん: 会費支払いは完了、本人確認は完了、事前登録は完了、同意書提出は完了。""",規則に照らし、この人の利用資格は成立しますか。,"{""false"":""いいえ。質問の命題は成立しない。"",""true"":""はい。質問の命題が成立する。""}",true
gen-choice-07-038,choice,generated,複数属性の制約,"{""在庫表"":[{""品名"":""冊子"",""色"":""青"",""素材"":""樹脂"",""在庫あり"":false},{""品名"":""テープ"",""色"":""青"",""素材"":""紙"",""在庫あり"":true},{""品名"":""箱"",""色"":""青"",""素材"":""金属"",""在庫あり"":true},{""品名"":""封筒"",""色"":""青"",""素材"":""樹脂"",""在庫あり"":true},{""品名"":""用紙"",""色"":""青"",""素材"":""樹脂"",""在庫あり"":false},{""品名"":""クリップ"",""色"":""青"",""素材"":""布"",""在庫あり"":true}]}",今注文できる樹脂製の青色の商品を答えてください。在庫なしは選べません。,"{""テープ"":""テープ"",""箱"":""箱"",""封筒"":""封筒"",""冊子"":""冊子"",""クリップ"":""クリップ"",""用紙"":""用紙""}",封筒
gen-choice-15-034,choice,generated,文章内の順序参照,"""朝露会議では、発表者を発表順に「青木、上田、遠藤、加藤、中村、松本、山田、林」と紹介しました。同じ人の再登場はありません。""",発表順の先頭から2番目にいる人を答えてください。,"{""上田"":""上田さん"",""遠藤"":""遠藤さん"",""林"":""林さん"",""青木"":""青木さん"",""加藤"":""加藤さん"",""松本"":""松本さん"",""山田"":""山田さん"",""中村"":""中村さん""}",上田
gen-noul-06-004,noul,generated,更新後の状態,"{""対象"":""夕凪"",""更新記録"":[{""時刻"":13,""状態"":""受付中""},{""時刻"":12,""状態"":""受付中""},{""時刻"":10,""状態"":""受付中""},{""時刻"":16,""状態"":""受付中""}],""規則"":""最新時刻の記録が有効""}",最後の更新を適用すると、状態は「受付中」になっていますか。,"{""false"":""いいえ。質問の命題は成立しない。"",""true"":""はい。質問の命題が成立する。""}",true
gen-choice-09-049,choice,generated,利用可能集合の差,"{""利用可能品"":[""テープ"",""封筒"",""用紙""],""予約済み品"":[""用紙"",""名札"",""テープ""]}",今貸せるのは利用可能かつ未予約の品です。該当するものはどれですか。,"{""封筒"":""封筒"",""テープ"":""テープ"",""名札"":""名札"",""用紙"":""用紙""}",封筒
gen-score-06-043,score,generated,約束時刻からの遅れ,"{""便"":""朝露"",""約束時刻"":9,""実際の到着時刻"":22,""同日"":true,""早着時の遅れ"":0}",到着の遅れを段階基準で評価してください。,"[""遅れが2時間未満"",""遅れが2時間以上、4時間未満"",""遅れが4時間以上、6時間未満"",""遅れが6時間以上、8時間未満"",""遅れが8時間以上、10時間未満"",""遅れが10時間以上、12時間未満"",""遅れが12時間以上""]",6
gen-score-14-049,score,generated,参照表の順序尺度,"""今回の検査用の対応表: 紫印は段階0、黄印は段階1、青印は段階2、茶印は段階3、白印は段階4、黒印は段階5。山道の確定検査票には青印が付いています。色に一般的な良し悪しは仮定しません。""",検査票の印を指定尺度に変換してください。,"[""表による段階0"",""表による段階1"",""表による段階2"",""表による段階3"",""表による段階4"",""表による段階5""]",2
gen-choice-01-017,choice,generated,問い合わせ経路,"""受付分類表は次のとおりです。配送窓口: 届け先変更・荷物の遅延・追跡番号 / 契約窓口: 契約更新・プラン変更・解約手続き / 製品窓口: 破損・初期不良・部品交換 / 店舗窓口: 営業時間・店内設備・店舗の場所 / アカウント窓口: ログイン・パスワード・退会。問い合わせ本文:「発送前の荷物の届け先を変えたいです」。受付担当が付けた主題は「届け先変更」です。""",受付分類表を使って、この相談の担当を決めてください。,"{""アカウント"":""アカウントの窓口"",""製品"":""製品の窓口"",""契約"":""契約の窓口"",""店舗"":""店舗の窓口"",""配送"":""配送の窓口""}",配送
gen-noul-03-034,noul,generated,いずれかの条件,"""山道の受付では当日券・招待券のうち一つ以上があれば通れます。渡辺さん: 当日券はあり、招待券はなし。""",記載された条件で受付を通れますか。,"{""false"":""いいえ。質問の命題は成立しない。"",""true"":""はい。質問の命題が成立する。""}",true
gen-score-15-049,score,generated,軽重のある項目,"{""不備ごとの配点"":{""署名欠落"":2,""誤字"":1,""余白不備"":1,""宛名不備"":1,""添付欠落"":1},""不備あり"":{""署名欠落"":true,""誤字"":false,""余白不備"":true,""宛名不備"":false,""添付欠落"":false},""上限"":5}",配点の違いを反映した最終段階を選んでください。,"[""不備点の合計が0点"",""不備点の合計が1点"",""不備点の合計が2点"",""不備点の合計が3点"",""不備点の合計が4点"",""不備点の合計が5点以上""]",3
gen-choice-14-003,choice,generated,二属性照合,"""展示品の札: ラベルは黄色・金属製、箱は茶色・紙製、ファイルは紫色・金属製、クリップは黄色・樹脂製、ペンは茶色・樹脂製、冊子は青色・樹脂製。探しているのは黄色の金属製です。""",指定された色と素材の両方が一致する品を選んでください。,"{""箱"":""箱"",""ファイル"":""ファイル"",""ラベル"":""ラベル"",""ペン"":""ペン"",""クリップ"":""クリップ"",""冊子"":""冊子""}",ラベル
gen-score-01-024,score,generated,件数の段階境界,"{""案件"":""草原"",""計数対象"":""確認待ちの申請"",""件数"":9,""処理済みを除外"":true}",現在の件数を指定の段階基準に当てはめてください。,"[""対象件数が3件未満"",""対象件数が3件以上、6件未満"",""対象件数が6件以上、9件未満"",""対象件数が9件以上""]",3
gen-choice-04-009,choice,generated,参照先の担当,"{""案件担当"":{""白波"":""石田"",""若葉"":""木村"",""水面"":""佐藤"",""春風"":""吉田"",""夕凪"":""上田"",""星空"":""渡辺""},""資料の所属案件"":{""封筒"":""若葉"",""冊子"":""夕凪"",""ファイル"":""水面"",""袋"":""白波"",""シール"":""星空"",""カード"":""春風""},""確認資料"":""カード""}",確認する資料の案件を担当している人を答えてください。,"{""佐藤"":""佐藤さん"",""渡辺"":""渡辺さん"",""吉田"":""吉田さん"",""上田"":""上田さん"",""木村"":""木村さん"",""石田"":""石田さん""}",吉田
gen-noul-03-003,noul,generated,いずれかの条件,"{""いずれか一つ以上必要"":[""会員証"",""当日券"",""招待券"",""事前予約票""],""所持状況"":{""会員証"":false,""当日券"":false,""招待券"":false,""事前予約票"":false},""対象"":""上田""}",少なくとも一つの必要条件が成立していますか。,"{""false"":""いいえ。質問の命題は成立しない。"",""true"":""はい。質問の命題が成立する。""}",false
gen-score-04-017,score,generated,独立チェックの合計,"{""資料"":""星空"",""チェック項目"":{""日付あり"":false,""承認印あり"":true,""題名あり"":true,""添付あり"":false,""宛先あり"":false,""ページ番号あり"":false},""各項目の重み"":1}",満たしたチェック項目の数を段階として選んでください。,"[""満たした項目が0個"",""満たした項目が1個"",""満たした項目が2個"",""満たした項目が3個"",""満たした項目が4個"",""満たした項目が5個"",""満たした項目が6個""]",2
gen-score-04-032,score,generated,独立チェックの合計,"""山道資料の点検: 日付ありは満たさない、署名ありは満たさない、添付ありは満たさない、承認印ありは満たさない、宛先ありは満たさない、ページ番号ありは満たさない、題名ありは満たす。各項目は一つずつ数えます。""",合格した項目数に対応する段階を答えてください。,"[""満たした項目が0個"",""満たした項目が1個"",""満たした項目が2個"",""満たした項目が3個"",""満たした項目が4個"",""満たした項目が5個"",""満たした項目が6個"",""満たした項目が7個""]",1
gen-score-11-014,score,generated,時刻順の評価更新,"{""案件"":""木漏れ日"",""評価更新"":[{""時刻"":21,""段階"":0},{""時刻"":20,""段階"":5},{""時刻"":15,""段階"":3}],""採用規則"":""最新時刻だけを採用""}",最後に更新された有効な段階はいくつですか。,"[""評価段階0"",""評価段階1"",""評価段階2"",""評価段階3"",""評価段階4"",""評価段階5""]",0
gen-score-10-033,score,generated,不足の段階,"{""申請"":""灯台"",""必要書類"":[""見積書"",""承認書"",""確認票""],""届いた書類"":[""承認書"",""確認票"",""見積書"",""参考資料""],""余分な書類で代用できる"":false}",必要書類の不足数に対応する段階を選んでください。,"[""不足が0種類"",""不足が1種類"",""不足が2種類"",""不足が3種類""]",0
gen-choice-11-030,choice,generated,小数量の比較,"""入出庫記録: カードは在庫14個、そのうち予約2個、ペンは在庫5個、そのうち予約4個、シールは在庫4個、そのうち予約2個、テープは在庫10個、そのうち予約0個、名札は在庫9個、そのうち予約3個、箱は在庫4個、そのうち予約1個。予約分は自由在庫に含めません。""",予約分を差し引いた残りが一番少ないのはどれですか。,"{""カード"":""カード"",""シール"":""シール"",""名札"":""名札"",""ペン"":""ペン"",""箱"":""箱"",""テープ"":""テープ""}",ペン
gen-noul-09-015,noul,generated,重複を除いた件数,"{""棚"":""山道"",""読み取り品名"":[""テープ"",""名札"",""用紙"",""袋"",""シール"",""封筒"",""箱"",""箱""],""数え方"":""同一品名の重複を除く""}",品物の種類は2種類以上ありますか。,"{""false"":""いいえ。質問の命題は成立しない。"",""true"":""はい。質問の命題が成立する。""}",true
gen-choice-08-010,choice,generated,改訂と例外の優先,"""通常品の貼付ラベルについて、連絡は古い順に「青」「白」「茶」でした。後の連絡が前の連絡を上書きします。ただし冷蔵品には連絡履歴に関係なく白ラベルを貼ります。今回の荷物は通常品です。""",例外と改訂の順序を考慮して、使用する色はどれですか。,"{""白"":""白ラベル"",""茶"":""茶ラベル"",""青"":""青ラベル""}",茶
gen-score-10-009,score,generated,不足の段階,"{""申請"":""朝露"",""必要書類"":[""申込書"",""承認書"",""同意書"",""確認票"",""見積書"",""添付図"",""受領票""],""届いた書類"":[""承認書"",""見積書"",""受領票"",""挨拶状"",""申込書"",""確認票"",""同意書"",""添付図""],""余分な書類で代用できる"":false}",必要書類の不足数に対応する段階を選んでください。,"[""不足が0種類"",""不足が1種類"",""不足が2種類"",""不足が3種類"",""不足が4種類"",""不足が5種類"",""不足が6種類"",""不足が7種類""]",0
gen-choice-10-004,choice,generated,不在時の代理,"""担当者: 若葉は吉田、春風は加藤、水面は遠藤、朝露は森、青空は上田、草原は大野、灯台は松本、山道は青木。代理者: 吉田の代理は加藤、加藤の代理は遠藤、遠藤の代理は森、森の代理は上田、上田の代理は大野、大野の代理は松本、松本の代理は青木、青木の代理は吉田。本日の不在者は松本、森、上田、遠藤。問い合わせ先の案件は草原です。代理への振替は一回だけ行い、その先の不在は判定しません。""",本日の規則に従う連絡相手を選んでください。,"{""大野"":""大野さん"",""吉田"":""吉田さん"",""加藤"":""加藤さん"",""松本"":""松本さん"",""上田"":""上田さん"",""森"":""森さん"",""遠藤"":""遠藤さん"",""青木"":""青木さん""}",大野
gen-choice-03-029,choice,generated,最終更新,"""案件「青空」の記録です。11時の更新: 取消。 13時の更新: 保留。 12時の更新: 取消。 10時の更新: 保留。""",記載順ではなく更新時刻を比べ、最新の状態を選んでください。,"{""取消"":""取消"",""確認中"":""確認中"",""受取済み"":""受取済み"",""保留"":""保留""}",保留
gen-noul-12-015,noul,generated,記録と主張の照合,"{""施設"":""白波"",""入口ごとの現在の確定記録"":{""北口"":""半分だけ開いている"",""南口"":""4分の1だけ開いている"",""東口"":""半分だけ開いている"",""西口"":""4分の1だけ開いている"",""裏口"":""4分の1だけ開いている"",""搬入口"":""完全に閉じている""},""判定資料"":""現在の確定記録のみ""}",確定情報から、南口は半分だけ開いていると言えますか。,"{""false"":""いいえ。質問の命題は成立しない。"",""true"":""はい。質問の命題が成立する。""}",false
gen-choice-09-030,choice,generated,利用可能集合の差,"{""利用可能品"":[""ラベル""],""予約済み品"":[""ファイル"",""名札""]}",今貸せるのは利用可能かつ未予約の品です。該当するものはどれですか。,"{""ノート"":""ノート"",""ラベル"":""ラベル"",""ファイル"":""ファイル"",""名札"":""名札"",""付箋"":""付箋""}",ラベル
gen-noul-06-046,noul,generated,更新後の状態,"{""対象"":""若葉"",""更新記録"":[{""時刻"":13,""状態"":""空席あり""},{""時刻"":17,""状態"":""受付中""},{""時刻"":10,""状態"":""停止中""}],""規則"":""最新時刻の記録が有効""}",最新の有効な記録から「受付中」と言えますか。,"{""false"":""いいえ。質問の命題は成立しない。"",""true"":""はい。質問の命題が成立する。""}",true
gen-choice-04-036,choice,generated,参照先の担当,"{""案件担当"":{""夕凪"":""林"",""山道"":""大野"",""灯台"":""松本"",""木漏れ日"":""加藤"",""草原"":""石田""},""資料の所属案件"":{""ケース"":""木漏れ日"",""ノート"":""夕凪"",""封筒"":""灯台"",""テープ"":""草原"",""クリップ"":""山道""},""確認資料"":""テープ""}",この資料について、所属案件を通じて連絡すべき担当者は誰ですか。,"{""松本"":""松本さん"",""林"":""林さん"",""大野"":""大野さん"",""加藤"":""加藤さん"",""石田"":""石田さん""}",石田
gen-noul-04-001,noul,generated,例外の優先,"{""許可条件"":""招待あり"",""優先禁止条件"":""未返却品あり"",""対象"":""吉田"",""許可条件に該当"":false,""禁止条件に該当"":false}",禁止例外を先に考慮すると、この利用を認められますか。,"{""false"":""いいえ。質問の命題は成立しない。"",""true"":""はい。質問の命題が成立する。""}",false
gen-choice-15-025,choice,generated,文章内の順序参照,"""白波会議では、発表者を発表順に「青木、森、佐藤、林、中村、加藤、石田、松本」と紹介しました。同じ人の再登場はありません。""",最初を1番目として、6番目の発表者を選んでください。,"{""石田"":""石田さん"",""中村"":""中村さん"",""林"":""林さん"",""松本"":""松本さん"",""青木"":""青木さん"",""森"":""森さん"",""加藤"":""加藤さん"",""佐藤"":""佐藤さん""}",加藤
gen-choice-13-041,choice,generated,工程の依存順,"{""案件"":""灯台"",""工程順"":[""見積作成"",""受付"",""内容確認""],""完了済み"":[""見積作成"",""受付"",""内容確認""],""規則"":""順に実行し未完了工程を飛ばさない""}",まだ済んでいない最初の工程は何ですか。存在しない場合は完了です。,"{""完了"":""全工程が完了"",""受付"":""受付"",""内容確認"":""内容確認"",""見積作成"":""見積作成""}",完了
gen-noul-06-013,noul,generated,更新後の状態,"""水面の状態記録: 10時には空席あり、17時には使用可能、8時には空席あり、7時には空席あり。時刻が新しい記録が古い記録を上書きします。""",最新の有効な記録から「空席あり」と言えますか。,"{""false"":""いいえ。質問の命題は成立しない。"",""true"":""はい。質問の命題が成立する。""}",false
gen-choice-01-019,choice,generated,問い合わせ経路,"{""分類表"":{""店舗"":[""営業時間"",""店内設備"",""店舗の場所""],""アカウント"":[""ログイン"",""パスワード"",""退会""]},""本文"":""お店に車いす用の設備はありますか"",""受付主題"":""店内設備""}",受付分類表を使って、この相談の担当を決めてください。,"{""店舗"":""店舗の窓口"",""アカウント"":""アカウントの窓口""}",店舗
gen-choice-04-022,choice,generated,参照先の担当,"{""案件担当"":{""若葉"":""吉田"",""水面"":""高橋"",""草原"":""渡辺"",""星空"":""青木"",""白波"":""遠藤"",""灯台"":""上田""},""資料の所属案件"":{""ノート"":""若葉"",""封筒"":""白波"",""シール"":""星空"",""付箋"":""水面"",""用紙"":""草原"",""ラベル"":""灯台""},""確認資料"":""ラベル""}",確認する資料の案件を担当している人を答えてください。,"{""遠藤"":""遠藤さん"",""渡辺"":""渡辺さん"",""高橋"":""高橋さん"",""吉田"":""吉田さん"",""青木"":""青木さん"",""上田"":""上田さん""}",上田
gen-noul-09-025,noul,generated,重複を除いた件数,"""灯台棚で読み取った品名はケース、シール、カード、ケース、付箋、付箋でした。同じ品名の繰り返しは一種類として数えます。""",重複を除いた種類数は2以上という条件を満たしますか。,"{""false"":""いいえ。質問の命題は成立しない。"",""true"":""はい。質問の命題が成立する。""}",true
gen-choice-15-022,choice,generated,文章内の順序参照,"{""会議"":""朝露"",""発表順"":[""松本"",""森""]}",発表順の先頭から1番目にいる人を答えてください。,"{""森"":""森さん"",""松本"":""松本さん""}",松本
gen-score-03-028,score,generated,順番に進む工程,"""水面の工程順は準備→審査。先頭から順に進め、完了済みはなしです。着手中の工程は完了に含めません。""",完了済みの到達段階を選んでください。,"[""完了した工程はまだない"",""先頭から1工程が完了（最後に完了したのは準備）"",""先頭から2工程が完了（最後に完了したのは審査）""]",0
gen-choice-15-032,choice,generated,文章内の順序参照,"{""会議"":""朝露"",""発表順"":[""中村"",""森"",""青木""]}",最初を1番目として、2番目の発表者を選んでください。,"{""青木"":""青木さん"",""森"":""森さん"",""中村"":""中村さん""}",森
gen-score-01-031,score,generated,件数の段階境界,"{""案件"":""星空"",""計数対象"":""検品で見つかった不備"",""件数"":1,""処理済みを除外"":true}",現在の件数を指定の段階基準に当てはめてください。,"[""対象件数が3件未満"",""対象件数が3件以上、6件未満"",""対象件数が6件以上、9件未満"",""対象件数が9件以上""]",0
gen-score-11-034,score,generated,時刻順の評価更新,"{""案件"":""白波"",""評価更新"":[{""時刻"":17,""段階"":0},{""時刻"":21,""段階"":0},{""時刻"":7,""段階"":1},{""時刻"":20,""段階"":2},{""時刻"":8,""段階"":1}],""採用規則"":""最新時刻だけを採用""}",最後に更新された有効な段階はいくつですか。,"[""評価段階0"",""評価段階1"",""評価段階2"",""評価段階3"",""評価段階4""]",0
gen-choice-13-013,choice,generated,工程の依存順,"""案件「木漏れ日」の工程順は承認→実施です。途中の工程を飛ばすことはできません。完了済みは承認です。""",次に行う工程を選んでください。すべて済んでいれば完了を選びます。,"{""完了"":""全工程が完了"",""実施"":""実施"",""承認"":""承認""}",実施
gen-choice-09-010,choice,generated,利用可能集合の差,"{""利用可能品"":[""ノート"",""付箋"",""名札"",""シール""],""予約済み品"":[""ノート"",""シール"",""名札""]}",今貸せるのは利用可能かつ未予約の品です。該当するものはどれですか。,"{""ノート"":""ノート"",""名札"":""名札"",""付箋"":""付箋"",""シール"":""シール""}",付箋
gen-noul-10-014,noul,generated,条件付き義務,"""規則: 社外向けのときだけ事前連絡が必須です。それ以外の場合にはこの義務はなく、実施していても構いません。今回の案件は社外向けに非該当で、事前連絡は実施済みです。""",この案件は記載された義務のルールに違反していませんか。違反がなければはいです。,"{""false"":""いいえ。質問の命題は成立しない。"",""true"":""はい。質問の命題が成立する。""}",true
gen-noul-08-011,noul,generated,集合と否定所属,"""木漏れ日の参加者名簿は林、中村、渡辺です。この名簿は完全で、記載のない人は参加者ではありません。""",『山田さんは参加者である』という記述は正しいですか。,"{""false"":""いいえ。質問の命題は成立しない。"",""true"":""はい。質問の命題が成立する。""}",false
gen-choice-03-019,choice,generated,最終更新,"{""案件"":""灯台"",""更新記録"":[{""時"":12,""状態"":""保留""},{""時"":20,""状態"":""取消""},{""時"":11,""状態"":""取消""}]}",記載順ではなく更新時刻を比べ、最新の状態を選んでください。,"{""受取済み"":""受取済み"",""差戻し"":""差戻し"",""保留"":""保留"",""確認中"":""確認中"",""未着手"":""未着手"",""取消"":""取消""}",取消
gen-score-02-042,score,generated,記述の満足段階,"""青木さんは青空の体験について「これ以上は考えられず、最高に満足した」と回答しました。追加の発言はありません。""",回答者が表明した満足の程度を分類してください。,"[""満足"",""最高の満足""]",1
gen-noul-07-004,noul,generated,識別文字列の完全一致,"{""商品ラベル"":""JK1-B"",""注文票"":""JK1_B"",""照合規則"":""大文字小文字と記号も含む完全一致""}",二つの管理コードは完全一致していますか。,"{""false"":""いいえ。質問の命題は成立しない。"",""true"":""はい。質問の命題が成立する。""}",false
gen-choice-05-046,choice,generated,否定条件で選択,"{""検品"":[{""品名"":""ケース"",""封がある"":true,""濡れている"":true},{""品名"":""ファイル"",""封がある"":false,""濡れている"":false}]}",封がないもので、かつ濡れていない品を選んでください。,"{""ケース"":""ケース"",""ファイル"":""ファイル""}",ファイル
gen-noul-11-008,noul,generated,参照関係の真偽,"""担当表: 水面は山田、春風は渡辺、朝露は加藤、草原は石田。資料の関連先: カードは水面、付箋は草原、袋は春風、封筒は朝露。""",カードに関連する案件の担当は石田さんですか。,"{""false"":""いいえ。質問の命題は成立しない。"",""true"":""はい。質問の命題が成立する。""}",false
gen-score-05-017,score,generated,緊急条件の加点,"{""案件"":""夕凪"",""基本優先度"":5,""締切までの残り時間"":1,""規則"":""残り7時間以内なら1加点、それより長ければ0加点。上限7""}",今回の最終優先段階を求めてください。,"[""最終優先度0"",""最終優先度1"",""最終優先度2"",""最終優先度3"",""最終優先度4"",""最終優先度5"",""最終優先度6"",""最終優先度7""]",6
gen-choice-04-038,choice,generated,参照先の担当,"{""案件担当"":{""灯台"":""遠藤"",""星空"":""加藤""},""資料の所属案件"":{""付箋"":""星空"",""テープ"":""灯台""},""確認資料"":""付箋""}",確認する資料の案件を担当している人を答えてください。,"{""加藤"":""加藤さん"",""遠藤"":""遠藤さん""}",加藤
gen-noul-07-012,noul,generated,識別文字列の完全一致,"""商品ラベルの管理コードは「RS5-C」、注文票の管理コードは「RS5C」です。照合では大文字と小文字、記号の違いも区別します。""",同一コードとして扱ってよいですか。,"{""false"":""いいえ。質問の命題は成立しない。"",""true"":""はい。質問の命題が成立する。""}",false
gen-choice-15-011,choice,generated,文章内の順序参照,"{""会議"":""木漏れ日"",""発表順"":[""遠藤"",""大野"",""吉田"",""木村"",""松本"",""石田"",""青木"",""高橋""]}",最初を1番目として、4番目の発表者を選んでください。,"{""木村"":""木村さん"",""大野"":""大野さん"",""青木"":""青木さん"",""松本"":""松本さん"",""吉田"":""吉田さん"",""石田"":""石田さん"",""遠藤"":""遠藤さん"",""高橋"":""高橋さん""}",木村
gen-noul-04-042,noul,generated,例外の優先,"{""許可条件"":""事前承認済み"",""優先禁止条件"":""利用停止中"",""対象"":""大野"",""許可条件に該当"":true,""禁止条件に該当"":false}",例外を含む規則のもとで利用は許可されますか。,"{""false"":""いいえ。質問の命題は成立しない。"",""true"":""はい。質問の命題が成立する。""}",true
gen-choice-01-039,choice,generated,問い合わせ経路,"{""分類表"":{""アカウント"":[""ログイン"",""パスワード"",""退会""],""製品"":[""破損"",""初期不良"",""部品交換""],""配送"":[""届け先変更"",""荷物の遅延"",""追跡番号""],""店舗"":[""営業時間"",""店内設備"",""店舗の場所""],""契約"":[""契約更新"",""プラン変更"",""解約手続き""],""請求"":[""二重請求"",""領収書"",""返金""]},""本文"":""返金の入金予定を知りたいです"",""受付主題"":""返金""}",記録された主題を扱う転送先はどこですか。,"{""契約"":""契約の窓口"",""製品"":""製品の窓口"",""請求"":""請求の窓口"",""店舗"":""店舗の窓口"",""アカウント"":""アカウントの窓口"",""配送"":""配送の窓口""}",請求
gen-noul-11-029,noul,generated,参照関係の真偽,"{""案件担当"":{""木漏れ日"":""渡辺"",""春風"":""山田"",""草原"":""高橋"",""夕凪"":""林""},""資料関連先"":{""カード"":""春風"",""用紙"":""木漏れ日"",""ケース"":""草原"",""袋"":""夕凪""}}",用紙の関連先を担当表で引くと渡辺さんになりますか。,"{""false"":""いいえ。質問の命題は成立しない。"",""true"":""はい。質問の命題が成立する。""}",true
gen-score-14-022,score,generated,参照表の順序尺度,"{""検査対象"":""夕凪"",""今回の対応表"":{""茶"":0,""黄"":1,""紫"":2,""黒"":3,""赤"":4,""青"":5,""白"":6},""確定票の印"":""黒""}",一般常識ではなく示された表に従って段階を答えてください。,"[""表による段階0"",""表による段階1"",""表による段階2"",""表による段階3"",""表による段階4"",""表による段階5"",""表による段階6""]",3
gen-score-10-030,score,generated,不足の段階,"{""申請"":""春風"",""必要書類"":[""申込書"",""添付図"",""受領票"",""同意書"",""承認書"",""見積書"",""確認票""],""届いた書類"":[""確認票"",""受領票"",""同意書"",""承認書"",""挨拶状""],""余分な書類で代用できる"":false}",必要一覧と届いた一覧を照合し、不足の程度を判定してください。,"[""不足が0種類"",""不足が1種類"",""不足が2種類"",""不足が3種類"",""不足が4種類"",""不足が5種類"",""不足が6種類"",""不足が7種類""]",3
gen-noul-08-019,noul,generated,集合と否定所属,"""青空の参加者名簿は大野、石田、山田、吉田、中村です。この名簿は完全で、記載のない人は参加者ではありません。""",木村さんは参加者であると言えますか。,"{""false"":""いいえ。質問の命題は成立しない。"",""true"":""はい。質問の命題が成立する。""}",false
gen-score-01-025,score,generated,件数の段階境界,"""草原で未回答の質問を数えたところ、現在11件でした。処理済みは数に含めていません。""",現在の件数を指定の段階基準に当てはめてください。,"[""対象件数が3件未満"",""対象件数が3件以上、6件未満"",""対象件数が6件以上、9件未満"",""対象件数が9件以上、12件未満"",""対象件数が12件以上""]",3
gen-score-13-039,score,generated,取消しを反映した件数,"""草原の申込み記録: 木村は未受付・取消なし、遠藤は未受付・取消なし、渡辺は受付済み・取消済み、石田は受付済み・取消済み、中村は未受付・取消なし。取消済みの申込みは有効件数から除きます。2件以上は最終段階2にまとめます。""",現在有効な申込みだけを数えて評価してください。,"[""有効申込みが0件"",""有効申込みが1件"",""有効申込みが2件以上""]",0
gen-noul-14-029,noul,generated,予定時間の重なり,"{""対象者"":""石田"",""会議"":[13,16],""面談"":[18,19],""規則"":""終了時刻と開始時刻が一致するだけなら重複なし""}",同時に二つの予定に出席しなければならない時間がありますか。,"{""false"":""いいえ。質問の命題は成立しない。"",""true"":""はい。質問の命題が成立する。""}",false
gen-choice-08-006,choice,generated,改訂と例外の優先,"""通常品の貼付ラベルについて、連絡は古い順に「黄」「白」「赤」でした。後の連絡が前の連絡を上書きします。ただし冷蔵品には連絡履歴に関係なく赤ラベルを貼ります。今回の荷物は冷蔵品です。""",例外と改訂の順序を考慮して、使用する色はどれですか。,"{""赤"":""赤ラベル"",""黄"":""黄ラベル"",""白"":""白ラベル""}",赤
gen-score-03-044,score,generated,順番に進む工程,"{""案件"":""白波"",""工程順"":[""準備"",""審査"",""報告"",""実施""],""完了済み"":[],""着手中は完了に含めない"":true}",工程の完了状況を段階尺度で評価してください。,"[""完了した工程はまだない"",""先頭から1工程が完了（最後に完了したのは準備）"",""先頭から2工程が完了（最後に完了したのは審査）"",""先頭から3工程が完了（最後に完了したのは報告）"",""先頭から4工程が完了（最後に完了したのは実施）""]",0
gen-score-12-018,score,generated,目標からの差,"{""案件"":""白波"",""目標数"":10,""実績数"":13,""採点"":""差の絶対値。ただし2以上は段階2""}",目標からのずれの段階を選んでください。,"[""目標との差が0個"",""目標との差が1個"",""目標との差が2個以上""]",2
gen-noul-02-021,noul,generated,全条件の充足,"""星空の利用には本人確認・事前登録・会費支払い・講習受講がすべて必要です。遠藤さん: 本人確認は完了、事前登録は完了、会費支払いは未完了、講習受講は完了。""",この人は記載された利用条件をすべて満たしていますか。,"{""false"":""いいえ。質問の命題は成立しない。"",""true"":""はい。質問の命題が成立する。""}",false
gen-choice-13-045,choice,generated,工程の依存順,"{""案件"":""木漏れ日"",""工程順"":[""見積作成"",""承認"",""実施"",""報告"",""準備"",""受付"",""内容確認""],""完了済み"":[""見積作成"",""承認"",""実施""],""規則"":""順に実行し未完了工程を飛ばさない""}",まだ済んでいない最初の工程は何ですか。存在しない場合は完了です。,"{""報告"":""報告"",""実施"":""実施"",""見積作成"":""見積作成"",""内容確認"":""内容確認"",""準備"":""準備"",""承認"":""承認"",""受付"":""受付"",""完了"":""全工程が完了""}",報告
gen-choice-02-045,choice,generated,条件と優先例外,"{""規則"":""会員かつ4個以上なら優待。ただし予約品は常に通常"",""会員"":true,""購入数"":15,""予約品"":true}",この購入に適用する扱いを選んでください。,"{""優待"":""優待の扱い"",""通常"":""通常の扱い""}",通常
gen-choice-14-023,choice,generated,二属性照合,"""展示品の札: 冊子は紫色・木製、シールは緑色・紙製、クリップは赤色・布製、封筒は茶色・樹脂製、ケースは茶色・ガラス製、用紙は白色・布製、名札は青色・布製、ノートは青色・紙製。探しているのは紫色の木製です。""",指定された色と素材の両方が一致する品を選んでください。,"{""ノート"":""ノート"",""名札"":""名札"",""封筒"":""封筒"",""用紙"":""用紙"",""冊子"":""冊子"",""シール"":""シール"",""クリップ"":""クリップ"",""ケース"":""ケース""}",冊子
gen-score-12-033,score,generated,目標からの差,"""水面の目標数は10個、実績は12個です。多すぎても少なすぎても、目標から何個離れたかで評価します。差が3個以上なら最終段階3にまとめます。""",不足・超過の向きではなく差の大きさで評価してください。,"[""目標との差が0個"",""目標との差が1個"",""目標との差が2個"",""目標との差が3個以上""]",2
gen-score-05-015,score,generated,緊急条件の加点,"""灯台の基本優先度は0です。締切まで残り8時間以内なら1だけ加点し、それより長ければ加点しません。上限は5です。今回は締切まで12時間です。""",今回の最終優先段階を求めてください。,"[""最終優先度0"",""最終優先度1"",""最終優先度2"",""最終優先度3"",""最終優先度4"",""最終優先度5""]",0
gen-score-06-003,score,generated,約束時刻からの遅れ,"""夕凪便は7時到着の約束でした。実際の到着は同じ日の7時です。早着した場合の遅れは0時間とします。""",遅れの時間に対応する段階を答えてください。,"[""遅れが2時間未満"",""遅れが2時間以上""]",0
gen-score-08-014,score,generated,要件への一致数,"""注文要件: サイズ=中、素材=木、印字=片面のみ、配送=郵送、形=四角。提案品: サイズ=大、素材=木、印字=片面のみ、配送=宅配、形=四角。""",提案品が満たす要件数はいくつの段階ですか。,"[""一致した要件が0項目"",""一致した要件が1項目"",""一致した要件が2項目"",""一致した要件が3項目"",""一致した要件が4項目"",""一致した要件が5項目""]",3
gen-score-10-028,score,generated,不足の段階,"{""申請"":""山道"",""必要書類"":[""同意書"",""確認票"",""見積書"",""添付図"",""申込書""],""届いた書類"":[""確認票"",""添付図"",""同意書"",""申込書""],""余分な書類で代用できる"":false}",必要一覧と届いた一覧を照合し、不足の程度を判定してください。,"[""不足が0種類"",""不足が1種類"",""不足が2種類"",""不足が3種類"",""不足が4種類"",""不足が5種類""]",1
gen-choice-09-007,choice,generated,利用可能集合の差,"""貸出台帳で利用可能と記録されている品はペン。予約済みの品はなしです。""",今貸せるのは利用可能かつ未予約の品です。該当するものはどれですか。,"{""テープ"":""テープ"",""ペン"":""ペン""}",ペン
gen-choice-07-006,choice,generated,複数属性の制約,"{""在庫表"":[{""品名"":""袋"",""色"":""黒"",""素材"":""紙"",""在庫あり"":true},{""品名"":""付箋"",""色"":""白"",""素材"":""紙"",""在庫あり"":true},{""品名"":""カード"",""色"":""白"",""素材"":""金属"",""在庫あり"":true},{""品名"":""ラベル"",""色"":""赤"",""素材"":""紙"",""在庫あり"":true},{""品名"":""冊子"",""色"":""白"",""素材"":""紙"",""在庫あり"":false},{""品名"":""クリップ"",""色"":""黄"",""素材"":""紙"",""在庫あり"":true},{""品名"":""ファイル"",""色"":""茶"",""素材"":""紙"",""在庫あり"":true}]}",必要条件は白色、紙製、在庫ありの三つです。全部に合う品はどれですか。,"{""クリップ"":""クリップ"",""付箋"":""付箋"",""冊子"":""冊子"",""ラベル"":""ラベル"",""カード"":""カード"",""袋"":""袋"",""ファイル"":""ファイル""}",付箋
gen-choice-11-027,choice,generated,小数量の比較,"""入出庫記録: クリップは在庫3個、そのうち予約2個、シールは在庫16個、そのうち予約4個、袋は在庫2個、そのうち予約2個、ラベルは在庫12個、そのうち予約3個。予約分は自由在庫に含めません。""",予約分を差し引いた残りが一番少ないのはどれですか。,"{""クリップ"":""クリップ"",""袋"":""袋"",""シール"":""シール"",""ラベル"":""ラベル""}",袋
gen-score-08-002,score,generated,要件への一致数,"""注文要件: 配送=店頭、色=青、包装=なし、印字=あり、素材=布、サイズ=小、形=四角。提案品: 配送=郵送、色=白、包装=箱、印字=あり、素材=紙、サイズ=大、形=丸。""",各属性の完全一致を一点として採点してください。,"[""一致した要件が0項目"",""一致した要件が1項目"",""一致した要件が2項目"",""一致した要件が3項目"",""一致した要件が4項目"",""一致した要件が5項目"",""一致した要件が6項目"",""一致した要件が7項目""]",1
gen-score-11-015,score,generated,時刻順の評価更新,"{""案件"":""朝露"",""評価更新"":[{""時刻"":17,""段階"":2},{""時刻"":14,""段階"":5},{""時刻"":10,""段階"":1}],""採用規則"":""最新時刻だけを採用""}",現在採用すべき評価段階を選んでください。,"[""評価段階0"",""評価段階1"",""評価段階2"",""評価段階3"",""評価段階4"",""評価段階5"",""評価段階6""]",2
gen-choice-15-004,choice,generated,文章内の順序参照,"""草原会議では、発表者を発表順に「山田、石田、中村、遠藤、佐藤」と紹介しました。同じ人の再登場はありません。""",最初を1番目として、1番目の発表者を選んでください。,"{""佐藤"":""佐藤さん"",""石田"":""石田さん"",""中村"":""中村さん"",""遠藤"":""遠藤さん"",""山田"":""山田さん""}",山田
gen-noul-09-002,noul,generated,重複を除いた件数,"""青空棚で読み取った品名はシール、ケース、ケース、シール、シール、ノートでした。同じ品名の繰り返しは一種類として数えます。""",異なる品名だけ数えると5種類以上ですか。,"{""false"":""いいえ。質問の命題は成立しない。"",""true"":""はい。質問の命題が成立する。""}",false
gen-noul-07-023,noul,generated,識別文字列の完全一致,"""商品ラベルの管理コードは「AB7-C」、注文票の管理コードは「AB7-C」です。照合では大文字と小文字、記号の違いも区別します。""",同一コードとして扱ってよいですか。,"{""false"":""いいえ。質問の命題は成立しない。"",""true"":""はい。質問の命題が成立する。""}",true
gen-choice-03-024,choice,generated,最終更新,"{""案件"":""山道"",""更新記録"":[{""時"":17,""状態"":""確認中""},{""時"":20,""状態"":""承認""},{""時"":8,""状態"":""差戻し""},{""時"":9,""状態"":""承認""},{""時"":19,""状態"":""取消""}]}",時刻が最も新しい更新に基づく状態を答えてください。,"{""確認中"":""確認中"",""差戻し"":""差戻し"",""受取済み"":""受取済み"",""保留"":""保留"",""発送済み"":""発送済み"",""未着手"":""未着手"",""取消"":""取消"",""承認"":""承認""}",承認
gen-choice-04-023,choice,generated,参照先の担当,"""担当: 水面は上田、山道は加藤、灯台は遠藤。資料の所属: ケースは山道案件、ノートは水面案件、クリップは灯台案件。確認する資料はクリップです。""",確認資料が属する案件の担当者を選んでください。,"{""遠藤"":""遠藤さん"",""上田"":""上田さん"",""加藤"":""加藤さん""}",遠藤
gen-choice-05-049,choice,generated,否定条件で選択,"""検品記録: ペンは封ありで濡れていない、テープは封なしで濡れている。""",濡れた品は除外し、封がある品を一つ選んでください。,"{""ペン"":""ペン"",""テープ"":""テープ""}",ペン
gen-choice-02-020,choice,generated,条件と優先例外,"{""規則"":""会員かつ12個以上なら優待。ただし予約品は常に通常"",""会員"":true,""購入数"":8,""予約品"":true}",会計時の区分を一つ決めてください。,"{""通常"":""通常の扱い"",""優待"":""優待の扱い""}",通常
gen-choice-08-047,choice,generated,改訂と例外の優先,"""通常品の貼付ラベルについて、連絡は古い順に「紫」「青」「緑」でした。後の連絡が前の連絡を上書きします。ただし冷蔵品には連絡履歴に関係なく緑ラベルを貼ります。今回の荷物は冷蔵品です。""",例外と改訂の順序を考慮して、使用する色はどれですか。,"{""紫"":""紫ラベル"",""緑"":""緑ラベル"",""黒"":""黒ラベル"",""青"":""青ラベル"",""白"":""白ラベル""}",緑
gen-score-06-034,score,generated,約束時刻からの遅れ,"{""便"":""星空"",""約束時刻"":10,""実際の到着時刻"":10,""同日"":true,""早着時の遅れ"":0}",遅れの時間に対応する段階を答えてください。,"[""遅れが1時間未満"",""遅れが1時間以上、2時間未満"",""遅れが2時間以上、3時間未満"",""遅れが3時間以上、4時間未満"",""遅れが4時間以上""]",0
gen-choice-07-025,choice,generated,複数属性の制約,"""在庫表: ペンは茶色・樹脂製・在庫あり、ファイルは茶色・金属製・在庫なし、ケースは茶色・金属製・在庫あり、ラベルは茶色・紙製・在庫あり、名札は茶色・紙製・在庫あり。""",茶色で金属製、在庫もある品を選んでください。,"{""ペン"":""ペン"",""名札"":""名札"",""ファイル"":""ファイル"",""ケース"":""ケース"",""ラベル"":""ラベル""}",ケース
gen-choice-05-031,choice,generated,否定条件で選択,"{""検品"":[{""品名"":""ケース"",""封がある"":true,""濡れている"":true},{""品名"":""ラベル"",""封がある"":false,""濡れている"":false},{""品名"":""ファイル"",""封がある"":true,""濡れている"":true},{""品名"":""名札"",""封がある"":true,""濡れている"":false},{""品名"":""用紙"",""封がある"":true,""濡れている"":true}]}",濡れた品は除外し、封がない品を一つ選んでください。,"{""用紙"":""用紙"",""名札"":""名札"",""ファイル"":""ファイル"",""ケース"":""ケース"",""ラベル"":""ラベル""}",ラベル
gen-score-05-023,score,generated,緊急条件の加点,"""青空の基本優先度は3です。締切まで残り6時間以内なら1だけ加点し、それより長ければ加点しません。上限は6です。今回は締切まで10時間です。""",今回の最終優先段階を求めてください。,"[""最終優先度0"",""最終優先度1"",""最終優先度2"",""最終優先度3"",""最終優先度4"",""最終優先度5"",""最終優先度6""]",3
gen-choice-08-048,choice,generated,改訂と例外の優先,"{""通常品ラベルの改訂・古い順"":[""緑"",""黄""],""優先例外"":""冷蔵品は黄"",""荷物"":""通常品"",""規則"":""後の改訂が前を上書きする""}",今回適用されるラベルを一つ決めてください。,"{""黄"":""黄ラベル"",""緑"":""緑ラベル""}",黄
gen-noul-03-019,noul,generated,いずれかの条件,"""星空の受付では招待券・会員証・紹介状・当日券のうち一つ以上があれば通れます。吉田さん: 招待券はなし、会員証はなし、紹介状はなし、当日券はなし。""",記載された条件で受付を通れますか。,"{""false"":""いいえ。質問の命題は成立しない。"",""true"":""はい。質問の命題が成立する。""}",false
gen-noul-09-043,noul,generated,重複を除いた件数,"""青空棚で読み取った品名はペン、カード、封筒、カード、ペン、ペン、袋、冊子、封筒でした。同じ品名の繰り返しは一種類として数えます。""",重複を除いた種類数は5以上という条件を満たしますか。,"{""false"":""いいえ。質問の命題は成立しない。"",""true"":""はい。質問の命題が成立する。""}",true
gen-noul-07-011,noul,generated,識別文字列の完全一致,"{""商品ラベル"":""EF3-D"",""注文票"":""EF3-D"",""照合規則"":""大文字小文字と記号も含む完全一致""}",同一コードとして扱ってよいですか。,"{""false"":""いいえ。質問の命題は成立しない。"",""true"":""はい。質問の命題が成立する。""}",true
gen-choice-07-007,choice,generated,複数属性の制約,"""在庫表: 袋は緑色・布製・在庫あり、ラベルは緑色・布製・在庫なし。""",必要条件は緑色、布製、在庫ありの三つです。全部に合う品はどれですか。,"{""ラベル"":""ラベル"",""袋"":""袋""}",袋
gen-choice-07-012,choice,generated,複数属性の制約,"{""在庫表"":[{""品名"":""付箋"",""色"":""白"",""素材"":""紙"",""在庫あり"":false},{""品名"":""テープ"",""色"":""紫"",""素材"":""紙"",""在庫あり"":true},{""品名"":""クリップ"",""色"":""赤"",""素材"":""紙"",""在庫あり"":true},{""品名"":""シール"",""色"":""赤"",""素材"":""紙"",""在庫あり"":true},{""品名"":""ノート"",""色"":""白"",""素材"":""紙"",""在庫あり"":true},{""品名"":""ファイル"",""色"":""白"",""素材"":""紙"",""在庫あり"":false},{""品名"":""箱"",""色"":""白"",""素材"":""木"",""在庫あり"":true}]}",必要条件は白色、紙製、在庫ありの三つです。全部に合う品はどれですか。,"{""ファイル"":""ファイル"",""クリップ"":""クリップ"",""テープ"":""テープ"",""箱"":""箱"",""ノート"":""ノート"",""シール"":""シール"",""付箋"":""付箋""}",ノート
gen-noul-13-026,noul,generated,範囲の開閉境界,"""夕凪の受付数は、4個より多い、かつ10個以下の場合に限り適合です。今回の数は11個です。""",下限と上限の両方の条件に合いますか。,"{""false"":""いいえ。質問の命題は成立しない。"",""true"":""はい。質問の命題が成立する。""}",false
gen-noul-06-016,noul,generated,更新後の状態,"""水面の状態記録: 18時には空席あり、15時には点検中、13時には点検中、8時には空席あり、14時には点検中。時刻が新しい記録が古い記録を上書きします。""",最新の有効な記録から「空席あり」と言えますか。,"{""false"":""いいえ。質問の命題は成立しない。"",""true"":""はい。質問の命題が成立する。""}",true
gen-noul-02-002,noul,generated,全条件の充足,"""朝露の利用には事前登録・講習受講がすべて必要です。中村さん: 事前登録は完了、講習受講は完了。""",規則に照らし、この人の利用資格は成立しますか。,"{""false"":""いいえ。質問の命題は成立しない。"",""true"":""はい。質問の命題が成立する。""}",true
gen-noul-08-049,noul,generated,集合と否定所属,"{""催し"":""若葉"",""完全な参加者名簿"":[""大野"",""加藤"",""林"",""遠藤""],""補足"":""名前のない人は参加者ではない""}",遠藤さんは参加者ではないと言えますか。,"{""false"":""いいえ。質問の命題は成立しない。"",""true"":""はい。質問の命題が成立する。""}",false
gen-choice-09-014,choice,generated,利用可能集合の差,"{""利用可能品"":[""箱""],""予約済み品"":[""付箋"",""ラベル"",""シール""]}",利用可能品のうち、予約されていない品を選んでください。,"{""冊子"":""冊子"",""ラベル"":""ラベル"",""付箋"":""付箋"",""ペン"":""ペン"",""シール"":""シール"",""箱"":""箱"",""ファイル"":""ファイル""}",箱
gen-noul-09-009,noul,generated,重複を除いた件数,"{""棚"":""春風"",""読み取り品名"":[""付箋"",""ラベル"",""ラベル"",""ファイル"",""ラベル"",""冊子"",""冊子"",""カード"",""箱"",""付箋""],""数え方"":""同一品名の重複を除く""}",重複を除いた種類数は3以上という条件を満たしますか。,"{""false"":""いいえ。質問の命題は成立しない。"",""true"":""はい。質問の命題が成立する。""}",true
gen-choice-04-039,choice,generated,参照先の担当,"{""案件担当"":{""山道"":""吉田"",""白波"":""加藤"",""春風"":""松本"",""草原"":""中村"",""木漏れ日"":""石田"",""星空"":""木村""},""資料の所属案件"":{""カード"":""白波"",""テープ"":""山道"",""名札"":""星空"",""クリップ"":""春風"",""箱"":""草原"",""封筒"":""木漏れ日""},""確認資料"":""テープ""}",確認資料が属する案件の担当者を選んでください。,"{""加藤"":""加藤さん"",""中村"":""中村さん"",""木村"":""木村さん"",""吉田"":""吉田さん"",""石田"":""石田さん"",""松本"":""松本さん""}",吉田
gen-score-06-037,score,generated,約束時刻からの遅れ,"""草原便は5時到着の約束でした。実際の到着は同じ日の6時です。早着した場合の遅れは0時間とします。""",遅れの時間に対応する段階を答えてください。,"[""遅れが2時間未満"",""遅れが2時間以上、4時間未満"",""遅れが4時間以上、6時間未満"",""遅れが6時間以上、8時間未満"",""遅れが8時間以上、10時間未満"",""遅れが10時間以上、12時間未満"",""遅れが12時間以上、14時間未満"",""遅れが14時間以上""]",0
gen-choice-02-028,choice,generated,条件と優先例外,"""草原店では会員で購入数が12個以上なら優待扱いです。ただし予約品は購入数や会員資格にかかわらず通常扱いです。今回は14個、非会員、予約品です。""",例外も踏まえて、今回の購入区分はどれですか。,"{""通常"":""通常の扱い"",""優待"":""優待の扱い""}",通常
gen-score-07-005,score,generated,証拠の最高到達段階,"{""調査"":""青空"",""この調査の証拠段階"":{""担当者報告"":1,""第三者確認"":2,""署名済み文書"":3},""得られた証拠"":[""担当者報告"",""署名済み文書""],""集約規則"":""得られた段階の最大。証拠なしは0""}",この調査の証拠段階を選んでください。,"[""証拠なしの段階0"",""表に基づく最高証拠段階1"",""表に基づく最高証拠段階2"",""表に基づく最高証拠段階3""]",3
gen-noul-04-044,noul,generated,例外の優先,"{""許可条件"":""認定済み"",""優先禁止条件"":""未返却品あり"",""対象"":""吉田"",""許可条件に該当"":true,""禁止条件に該当"":false}",この人は現在、利用可能ですか。,"{""false"":""いいえ。質問の命題は成立しない。"",""true"":""はい。質問の命題が成立する。""}",true
gen-score-11-042,score,generated,時刻順の評価更新,"""若葉の評価更新履歴: 16時に段階4、13時に段階1、8時に段階0。評価は最新時刻の値だけを採用します。""",履歴の記載順に惑わされず、最新評価を答えてください。,"[""評価段階0"",""評価段階1"",""評価段階2"",""評価段階3"",""評価段階4"",""評価段階5""]",4
gen-noul-06-015,noul,generated,更新後の状態,"""星空の状態記録: 15時には受付中、16時には使用可能、8時には点検中。時刻が新しい記録が古い記録を上書きします。""",現在の状態は「停止中」ですか。,"{""false"":""いいえ。質問の命題は成立しない。"",""true"":""はい。質問の命題が成立する。""}",false
gen-noul-13-020,noul,generated,範囲の開閉境界,"{""下限条件"":""8個より多い"",""上限条件"":""15個未満"",""今回の個数"":16,""関係"":""両方を満たすこと""}",今回の個数は適合範囲に入っていますか。,"{""false"":""いいえ。質問の命題は成立しない。"",""true"":""はい。質問の命題が成立する。""}",false
gen-noul-01-035,noul,generated,事実と否定質問,"""山田さんについての確定記録: 荷物を発送しています。""",確定情報だけから、山田さんが荷物を発送していないという判断は正しいですか。,"{""false"":""いいえ。質問の命題は成立しない。"",""true"":""はい。質問の命題が成立する。""}",false
gen-choice-05-008,choice,generated,否定条件で選択,"{""検品"":[{""品名"":""用紙"",""封がある"":true,""濡れている"":false},{""品名"":""シール"",""封がある"":false,""濡れている"":false},{""品名"":""箱"",""封がある"":false,""濡れている"":true},{""品名"":""ノート"",""封がある"":false,""濡れている"":true},{""品名"":""袋"",""封がある"":true,""濡れている"":true}]}",封がないもので、かつ濡れていない品を選んでください。,"{""ノート"":""ノート"",""シール"":""シール"",""用紙"":""用紙"",""箱"":""箱"",""袋"":""袋""}",シール
gen-choice-14-018,choice,generated,二属性照合,"{""展示品"":[{""品名"":""冊子"",""色"":""白"",""素材"":""ガラス""},{""品名"":""ケース"",""色"":""青"",""素材"":""布""},{""品名"":""クリップ"",""色"":""黒"",""素材"":""布""},{""品名"":""シール"",""色"":""黄"",""素材"":""紙""},{""品名"":""ファイル"",""色"":""黒"",""素材"":""木""},{""品名"":""名札"",""色"":""赤"",""素材"":""樹脂""},{""品名"":""カード"",""色"":""紫"",""素材"":""金属""}],""指定色"":""黄"",""指定素材"":""紙""}",指定された色と素材の両方が一致する品を選んでください。,"{""カード"":""カード"",""名札"":""名札"",""シール"":""シール"",""ファイル"":""ファイル"",""ケース"":""ケース"",""冊子"":""冊子"",""クリップ"":""クリップ""}",シール
gen-choice-04-030,choice,generated,参照先の担当,"""担当: 草原は加藤、木漏れ日は山田、白波は森、山道は遠藤、朝露は石田、水面は高橋、星空は青木。資料の所属: ラベルは山道案件、箱は木漏れ日案件、ケースは星空案件、袋は水面案件、ノートは朝露案件、名札は白波案件、シールは草原案件。確認する資料は袋です。""",この資料について、所属案件を通じて連絡すべき担当者は誰ですか。,"{""青木"":""青木さん"",""森"":""森さん"",""加藤"":""加藤さん"",""高橋"":""高橋さん"",""遠藤"":""遠藤さん"",""山田"":""山田さん"",""石田"":""石田さん""}",高橋
gen-score-10-012,score,generated,不足の段階,"{""申請"":""灯台"",""必要書類"":[""確認票"",""同意書"",""見積書""],""届いた書類"":[""同意書"",""確認票""],""余分な書類で代用できる"":false}",必要書類の不足数に対応する段階を選んでください。,"[""不足が0種類"",""不足が1種類"",""不足が2種類"",""不足が3種類""]",1
gen-noul-14-010,noul,generated,予定時間の重なり,"""上田さんの予定: 木漏れ日会議は14時から15時、面談は14時から18時。終了と次の開始が同時刻の場合は重複とは扱いません。""",指定された端点の扱いで予定の重複はありますか。,"{""false"":""いいえ。質問の命題は成立しない。"",""true"":""はい。質問の命題が成立する。""}",true
gen-noul-03-035,noul,generated,いずれかの条件,"""朝露の受付では当日券・事前予約票・会員証のうち一つ以上があれば通れます。山田さん: 当日券はなし、事前予約票はなし、会員証はなし。""",少なくとも一つの必要条件が成立していますか。,"{""false"":""いいえ。質問の命題は成立しない。"",""true"":""はい。質問の命題が成立する。""}",false
gen-noul-03-005,noul,generated,いずれかの条件,"{""いずれか一つ以上必要"":[""当日券"",""招待券""],""所持状況"":{""当日券"":false,""招待券"":false},""対象"":""吉田""}",この人は受付基準を満たしていますか。,"{""false"":""いいえ。質問の命題は成立しない。"",""true"":""はい。質問の命題が成立する。""}",false
gen-score-09-038,score,generated,例外による上限,"{""検査合格"":{""表示"":true},""要再確認の印あり"":true,""採点規則"":""合格数が点数。ただし印があれば上限0点""}",単純な合格数ではなく、上限ルール適用後の点数を求めてください。,"[""最終点0点"",""最終点1点""]",0
gen-score-13-016,score,generated,取消しを反映した件数,"{""催し"":""草原"",""申込み"":[{""氏名"":""加藤"",""受付済み"":true,""取消済み"":false},{""氏名"":""青木"",""受付済み"":true,""取消済み"":false},{""氏名"":""山田"",""受付済み"":true,""取消済み"":false},{""氏名"":""林"",""受付済み"":true,""取消済み"":false},{""氏名"":""松本"",""受付済み"":true,""取消済み"":false},{""氏名"":""渡辺"",""受付済み"":true,""取消済み"":true},{""氏名"":""石田"",""受付済み"":true,""取消済み"":false}],""まとめ方"":""7件以上は段階7""}",現在有効な申込みだけを数えて評価してください。,"[""有効申込みが0件"",""有効申込みが1件"",""有効申込みが2件"",""有効申込みが3件"",""有効申込みが4件"",""有効申込みが5件"",""有効申込みが6件"",""有効申込みが7件以上""]",6
gen-choice-06-021,choice,generated,時間枠の包含,"""部屋の連続利用可能時間: 赤室は12時から14時まで、黒室は9時から14時まで、紫室は12時から15時まで。会議は11時開始、13時終了です。""",会議開始から終了まで空いている部屋はどれですか。境界時刻が一致していても利用できます。,"{""紫"":""紫室"",""黒"":""黒室"",""赤"":""赤室""}",黒
gen-choice-09-047,choice,generated,利用可能集合の差,"""貸出台帳で利用可能と記録されている品は封筒、名札、冊子。予約済みの品は冊子、名札、シール、テープ、付箋、ファイル、袋です。""",今貸せるのは利用可能かつ未予約の品です。該当するものはどれですか。,"{""テープ"":""テープ"",""付箋"":""付箋"",""名札"":""名札"",""シール"":""シール"",""ファイル"":""ファイル"",""袋"":""袋"",""冊子"":""冊子"",""封筒"":""封筒""}",封筒
gen-choice-01-020,choice,generated,問い合わせ経路,"""受付分類表は次のとおりです。請求窓口: 二重請求・領収書・返金 / 配送窓口: 届け先変更・荷物の遅延・追跡番号 / 契約窓口: 契約更新・プラン変更・解約手続き / 製品窓口: 破損・初期不良・部品交換 / アカウント窓口: ログイン・パスワード・退会。問い合わせ本文:「買った製品が最初から動きません」。受付担当が付けた主題は「初期不良」です。""",分類表に従い、この問い合わせを担当する窓口を一つ選んでください。,"{""製品"":""製品の窓口"",""請求"":""請求の窓口"",""配送"":""配送の窓口"",""契約"":""契約の窓口"",""アカウント"":""アカウントの窓口""}",製品
gen-choice-01-024,choice,generated,問い合わせ経路,"{""分類表"":{""契約"":[""契約更新"",""プラン変更"",""解約手続き""],""製品"":[""破損"",""初期不良"",""部品交換""]},""本文"":""開封すると製品が割れていました"",""受付主題"":""破損""}",分類表に従い、この問い合わせを担当する窓口を一つ選んでください。,"{""契約"":""契約の窓口"",""製品"":""製品の窓口""}",製品
gen-choice-05-040,choice,generated,否定条件で選択,"""検品記録: 箱は封ありで濡れていない、カードは封ありで濡れている、シールは封ありで濡れている、ラベルは封ありで濡れている、ファイルは封ありで濡れていない、ノートは封なしで濡れていない。""",封がないもので、かつ濡れていない品を選んでください。,"{""ラベル"":""ラベル"",""カード"":""カード"",""箱"":""箱"",""ファイル"":""ファイル"",""シール"":""シール"",""ノート"":""ノート""}",ノート
gen-noul-01-036,noul,generated,事実と否定質問,"{""対象者"":""青木"",""項目"":""荷物を発送"",""実施済み"":false}",『青木さんは荷物を発送していない』はこの記録と一致しますか。,"{""false"":""いいえ。質問の命題は成立しない。"",""true"":""はい。質問の命題が成立する。""}",true
gen-noul-07-015,noul,generated,識別文字列の完全一致,"{""商品ラベル"":""MN6-C"",""注文票"":""MN6-C"",""照合規則"":""大文字小文字と記号も含む完全一致""}",指定された照合規則で一致と判定できますか。,"{""false"":""いいえ。質問の命題は成立しない。"",""true"":""はい。質問の命題が成立する。""}",true
gen-choice-09-038,choice,generated,利用可能集合の差,"{""利用可能品"":[""ラベル"",""シール""],""予約済み品"":[""冊子"",""ケース"",""名札"",""シール"",""封筒""]}",今貸せるのは利用可能かつ未予約の品です。該当するものはどれですか。,"{""封筒"":""封筒"",""ケース"":""ケース"",""冊子"":""冊子"",""名札"":""名札"",""シール"":""シール"",""ラベル"":""ラベル""}",ラベル
gen-noul-08-024,noul,generated,集合と否定所属,"{""催し"":""若葉"",""完全な参加者名簿"":[""遠藤"",""吉田"",""上田"",""大野"",""中村"",""石田"",""松本""],""補足"":""名前のない人は参加者ではない""}",林さんは参加者ではないと言えますか。,"{""false"":""いいえ。質問の命題は成立しない。"",""true"":""はい。質問の命題が成立する。""}",true
gen-noul-15-007,noul,generated,出来事の前後関係,"{""担当者"":""石田"",""実施順"":[""検品"",""引継ぎ"",""荷物受取"",""報告"",""電話連絡"",""伝票記入""],""各作業の実施回数"":1}",荷物受取は電話連絡より前に行われましたか。,"{""false"":""いいえ。質問の命題は成立しない。"",""true"":""はい。質問の命題が成立する。""}",true
gen-choice-12-035,choice,generated,条件付き不足書類,"""書類確認の優先順は委任状→見積書→本人確認票→承認書→同意書→申込書。申込書だけは代理申請の場合に限って必要で、それ以外は常に必要です。今回は本人申請。提出済みは申込書、見積書です。""",必要な不足書類を先頭から一つだけ案内します。どれですか。必要書類に不足がなければ追加不要です。,"{""承認書"":""承認書"",""委任状"":""委任状"",""申込書"":""申込書"",""追加不要"":""必要書類はすべて提出済み"",""本人確認票"":""本人確認票"",""見積書"":""見積書"",""同意書"":""同意書""}",委任状
gen-choice-02-010,choice,generated,条件と優先例外,"{""規則"":""会員かつ10個以上なら優待。ただし予約品は常に通常"",""会員"":true,""購入数"":2,""予約品"":true}",会計時の区分を一つ決めてください。,"{""通常"":""通常の扱い"",""優待"":""優待の扱い""}",通常
gen-choice-14-014,choice,generated,二属性照合,"{""展示品"":[{""品名"":""袋"",""色"":""茶"",""素材"":""ガラス""},{""品名"":""ペン"",""色"":""赤"",""素材"":""布""}],""指定色"":""茶"",""指定素材"":""ガラス""}",二つの指定を同時に満たす展示品はどれですか。,"{""ペン"":""ペン"",""袋"":""袋""}",袋
gen-choice-06-035,choice,generated,時間枠の包含,"""部屋の連続利用可能時間: 黒室は14時から19時まで、黄室は14時から17時まで、赤室は16時から20時まで、紫室は13時から17時まで、茶室は16時から20時まで。会議は15時開始、18時終了です。""",会議の全時間を連続して確保できる部屋を選んでください。開始・終了の一致は許可します。,"{""茶"":""茶室"",""黄"":""黄室"",""赤"":""赤室"",""黒"":""黒室"",""紫"":""紫室""}",黒
gen-noul-06-017,noul,generated,更新後の状態,"{""対象"":""青空"",""更新記録"":[{""時刻"":10,""状態"":""点検中""},{""時刻"":14,""状態"":""点検中""},{""時刻"":19,""状態"":""使用可能""}],""規則"":""最新時刻の記録が有効""}",現在の状態は「受付中」ですか。,"{""false"":""いいえ。質問の命題は成立しない。"",""true"":""はい。質問の命題が成立する。""}",false
gen-noul-03-024,noul,generated,いずれかの条件,"{""いずれか一つ以上必要"":[""招待券"",""会員証"",""紹介状"",""当日券""],""所持状況"":{""招待券"":true,""会員証"":false,""紹介状"":true,""当日券"":true},""対象"":""松本""}",少なくとも一つの必要条件が成立していますか。,"{""false"":""いいえ。質問の命題は成立しない。"",""true"":""はい。質問の命題が成立する。""}",true
gen-choice-06-018,choice,generated,時間枠の包含,"""部屋の連続利用可能時間: 白室は17時から18時まで、赤室は16時から17時まで、青室は17時から19時まで、茶室は17時から18時まで、緑室は17時から18時まで、黒室は17時から19時まで。会議は16時開始、17時終了です。""",会議の全時間を連続して確保できる部屋を選んでください。開始・終了の一致は許可します。,"{""茶"":""茶室"",""白"":""白室"",""黒"":""黒室"",""赤"":""赤室"",""青"":""青室"",""緑"":""緑室""}",赤
gen-noul-14-048,noul,generated,予定時間の重なり,"""木村さんの予定: 朝露会議は15時から16時、面談は15時から17時。終了と次の開始が同時刻の場合は重複とは扱いません。""",指定された端点の扱いで予定の重複はありますか。,"{""false"":""いいえ。質問の命題は成立しない。"",""true"":""はい。質問の命題が成立する。""}",true
gen-noul-07-007,noul,generated,識別文字列の完全一致,"{""商品ラベル"":""AB4-A"",""注文票"":""AB4-A"",""照合規則"":""大文字小文字と記号も含む完全一致""}",指定された照合規則で一致と判定できますか。,"{""false"":""いいえ。質問の命題は成立しない。"",""true"":""はい。質問の命題が成立する。""}",true
gen-noul-10-008,noul,generated,条件付き義務,"""規則: 夜間受付のときだけ上長の承認が必須です。それ以外の場合にはこの義務はなく、実施していても構いません。今回の案件は夜間受付に非該当で、上長の承認は未実施です。""",この義務に関して、規則上問題なしと判定できますか。,"{""false"":""いいえ。質問の命題は成立しない。"",""true"":""はい。質問の命題が成立する。""}",true
gen-score-02-030,score,generated,記述の満足段階,"{""回答者"":""山田"",""対象"":""白波"",""感想原文"":""予想を超えており、強く満足した""}",発言の意味に最も合う満足段階を選んでください。,"[""不満"",""やや不満"",""どちらでもない"",""強い満足""]",3
gen-choice-14-009,choice,generated,二属性照合,"{""展示品"":[{""品名"":""ファイル"",""色"":""赤"",""素材"":""紙""},{""品名"":""箱"",""色"":""紫"",""素材"":""金属""},{""品名"":""シール"",""色"":""茶"",""素材"":""金属""},{""品名"":""テープ"",""色"":""緑"",""素材"":""金属""}],""指定色"":""紫"",""指定素材"":""金属""}",色だけ・素材だけの一致では足りません。該当品を答えてください。,"{""シール"":""シール"",""箱"":""箱"",""ファイル"":""ファイル"",""テープ"":""テープ""}",箱
gen-noul-07-021,noul,generated,識別文字列の完全一致,"{""商品ラベル"":""GH7-D"",""注文票"":""GH7-D"",""照合規則"":""大文字小文字と記号も含む完全一致""}",指定された照合規則で一致と判定できますか。,"{""false"":""いいえ。質問の命題は成立しない。"",""true"":""はい。質問の命題が成立する。""}",true
gen-noul-05-029,noul,generated,締切の境界,"{""受付規則"":""10時より前だけ受け付け、10時ちょうどは無効"",""提出者"":""森"",""提出時刻"":11}",この提出は時間条件を満たしていますか。,"{""false"":""いいえ。質問の命題は成立しない。"",""true"":""はい。質問の命題が成立する。""}",false
gen-noul-09-042,noul,generated,重複を除いた件数,"""星空棚で読み取った品名はノート、ノート、冊子、ノート、冊子でした。同じ品名の繰り返しは一種類として数えます。""",重複を除いた種類数は3以上という条件を満たしますか。,"{""false"":""いいえ。質問の命題は成立しない。"",""true"":""はい。質問の命題が成立する。""}",false
gen-noul-13-041,noul,generated,範囲の開閉境界,"{""下限条件"":""3個以上"",""上限条件"":""9個以下"",""今回の個数"":6,""関係"":""両方を満たすこと""}",指定された範囲条件を満たしていますか。,"{""false"":""いいえ。質問の命題は成立しない。"",""true"":""はい。質問の命題が成立する。""}",true
gen-noul-07-033,noul,generated,識別文字列の完全一致,"""商品ラベルの管理コードは「RS7-A」、注文票の管理コードは「RS7-A」です。照合では大文字と小文字、記号の違いも区別します。""",指定された照合規則で一致と判定できますか。,"{""false"":""いいえ。質問の命題は成立しない。"",""true"":""はい。質問の命題が成立する。""}",true
gen-noul-06-031,noul,generated,更新後の状態,"{""対象"":""水面"",""更新記録"":[{""時刻"":10,""状態"":""空席あり""},{""時刻"":15,""状態"":""停止中""},{""時刻"":14,""状態"":""使用可能""}],""規則"":""最新時刻の記録が有効""}",現在の状態は「空席あり」ですか。,"{""false"":""いいえ。質問の命題は成立しない。"",""true"":""はい。質問の命題が成立する。""}",false
gen-choice-08-019,choice,generated,改訂と例外の優先,"{""通常品ラベルの改訂・古い順"":[""白"",""赤"",""茶""],""優先例外"":""冷蔵品は青"",""荷物"":""通常品"",""規則"":""後の改訂が前を上書きする""}",今回適用されるラベルを一つ決めてください。,"{""白"":""白ラベル"",""赤"":""赤ラベル"",""青"":""青ラベル"",""茶"":""茶ラベル""}",茶
gen-score-06-026,score,generated,約束時刻からの遅れ,"""灯台便は8時到着の約束でした。実際の到着は同じ日の14時です。早着した場合の遅れは0時間とします。""",到着の遅れを段階基準で評価してください。,"[""遅れが2時間未満"",""遅れが2時間以上、4時間未満"",""遅れが4時間以上、6時間未満"",""遅れが6時間以上""]",3
gen-noul-10-018,noul,generated,条件付き義務,"{""規則"":""新規申請なら記録票の保存が必要。それ以外では義務なし"",""条件に該当"":false,""必要処置を実施"":true}",この義務に関して、規則上問題なしと判定できますか。,"{""false"":""いいえ。質問の命題は成立しない。"",""true"":""はい。質問の命題が成立する。""}",true
gen-choice-09-017,choice,generated,利用可能集合の差,"""貸出台帳で利用可能と記録されている品は封筒、ノート、用紙、ペン、テープ。予約済みの品はノート、封筒、用紙、袋、ペンです。""",予約済みを利用可能一覧から除いたとき、残る品を答えてください。,"{""用紙"":""用紙"",""袋"":""袋"",""ノート"":""ノート"",""封筒"":""封筒"",""名札"":""名札"",""ペン"":""ペン"",""テープ"":""テープ""}",テープ
gen-choice-15-042,choice,generated,文章内の順序参照,"""灯台会議では、発表者を発表順に「松本、渡辺、加藤、高橋、佐藤、青木、木村」と紹介しました。同じ人の再登場はありません。""",紹介された順番で1人目に発表する人は誰ですか。,"{""佐藤"":""佐藤さん"",""加藤"":""加藤さん"",""松本"":""松本さん"",""高橋"":""高橋さん"",""青木"":""青木さん"",""渡辺"":""渡辺さん"",""木村"":""木村さん""}",松本
gen-choice-11-036,choice,generated,小数量の比較,"""入出庫記録: テープは在庫7個、そのうち予約2個、封筒は在庫10個、そのうち予約1個、ペンは在庫4個、そのうち予約4個、用紙は在庫4個、そのうち予約2個、ラベルは在庫15個、そのうち予約5個。予約分は自由在庫に含めません。""",今使える個数が最も多い品を答えてください。,"{""ラベル"":""ラベル"",""封筒"":""封筒"",""ペン"":""ペン"",""用紙"":""用紙"",""テープ"":""テープ""}",ラベル
gen-score-03-010,score,generated,順番に進む工程,"{""案件"":""朝露"",""工程順"":[""審査"",""報告"",""準備"",""承認"",""受付""],""完了済み"":[""審査"",""報告"",""準備""],""着手中は完了に含めない"":true}",工程の完了状況を段階尺度で評価してください。,"[""完了した工程はまだない"",""先頭から1工程が完了（最後に完了したのは審査）"",""先頭から2工程が完了（最後に完了したのは報告）"",""先頭から3工程が完了（最後に完了したのは準備）"",""先頭から4工程が完了（最後に完了したのは承認）"",""先頭から5工程が完了（最後に完了したのは受付）""]",3
gen-score-12-047,score,generated,目標からの差,"{""案件"":""灯台"",""目標数"":13,""実績数"":13,""採点"":""差の絶対値。ただし3以上は段階3""}",不足・超過の向きではなく差の大きさで評価してください。,"[""目標との差が0個"",""目標との差が1個"",""目標との差が2個"",""目標との差が3個以上""]",0
gen-choice-03-015,choice,generated,最終更新,"""案件「青空」の記録です。12時の更新: 取消。 14時の更新: 取消。 13時の更新: 取消。 19時の更新: 発送済み。 16時の更新: 差戻し。""",記載順ではなく更新時刻を比べ、最新の状態を選んでください。,"{""承認"":""承認"",""保留"":""保留"",""受取済み"":""受取済み"",""未着手"":""未着手"",""発送済み"":""発送済み"",""差戻し"":""差戻し"",""確認中"":""確認中"",""取消"":""取消""}",発送済み
gen-score-06-048,score,generated,約束時刻からの遅れ,"{""便"":""水面"",""約束時刻"":6,""実際の到着時刻"":11,""同日"":true,""早着時の遅れ"":0}",到着の遅れを段階基準で評価してください。,"[""遅れが2時間未満"",""遅れが2時間以上、4時間未満"",""遅れが4時間以上、6時間未満"",""遅れが6時間以上、8時間未満"",""遅れが8時間以上""]",2
gen-noul-13-001,noul,generated,範囲の開閉境界,"""水面の受付数は、5個以上、かつ9個以下の場合に限り適合です。今回の数は7個です。""",今回の個数は適合範囲に入っていますか。,"{""false"":""いいえ。質問の命題は成立しない。"",""true"":""はい。質問の命題が成立する。""}",true
gen-noul-01-023,noul,generated,事実と否定質問,"""上田さんについての確定記録: 荷物を発送していません。""",記録上、上田さんは荷物を発送していると言えますか。,"{""false"":""いいえ。質問の命題は成立しない。"",""true"":""はい。質問の命題が成立する。""}",false
gen-choice-05-007,choice,generated,否定条件で選択,"{""検品"":[{""品名"":""ノート"",""封がある"":false,""濡れている"":false},{""品名"":""クリップ"",""封がある"":false,""濡れている"":true},{""品名"":""名札"",""封がある"":true,""濡れている"":false},{""品名"":""ペン"",""封がある"":true,""濡れている"":true}]}",封があるもので、かつ濡れていない品を選んでください。,"{""クリップ"":""クリップ"",""ペン"":""ペン"",""ノート"":""ノート"",""名札"":""名札""}",名札
gen-score-05-011,score,generated,緊急条件の加点,"""水面の基本優先度は0です。締切まで残り8時間以内なら1だけ加点し、それより長ければ加点しません。上限は1です。今回は締切まで11時間です。""",今回の最終優先段階を求めてください。,"[""最終優先度0"",""最終優先度1""]",0
gen-noul-10-005,noul,generated,条件付き義務,"{""規則"":""夜間受付なら事前連絡が必要。それ以外では義務なし"",""条件に該当"":true,""必要処置を実施"":false}",この義務に関して、規則上問題なしと判定できますか。,"{""false"":""いいえ。質問の命題は成立しない。"",""true"":""はい。質問の命題が成立する。""}",false
gen-noul-08-044,noul,generated,集合と否定所属,"""木漏れ日の参加者名簿は林、中村です。この名簿は完全で、記載のない人は参加者ではありません。""",名簿に基づき、高橋さんが参加者ではないという判断に同意できますか。,"{""false"":""いいえ。質問の命題は成立しない。"",""true"":""はい。質問の命題が成立する。""}",true
gen-noul-12-021,noul,generated,記録と主張の照合,"{""施設"":""草原"",""入口ごとの現在の確定記録"":{""北口"":""完全に閉じている"",""南口"":""完全に開いている"",""東口"":""半分だけ開いている"",""西口"":""完全に開いている"",""裏口"":""4分の1だけ開いている"",""搬入口"":""半分だけ開いている""},""判定資料"":""現在の確定記録のみ""}",確定情報から、搬入口は完全に開いていると言えますか。,"{""false"":""いいえ。質問の命題は成立しない。"",""true"":""はい。質問の命題が成立する。""}",false
gen-choice-03-003,choice,generated,最終更新,"""案件「木漏れ日」の記録です。13時の更新: 発送済み。 8時の更新: 差戻し。 16時の更新: 差戻し。""",時刻が最も新しい更新に基づく状態を答えてください。,"{""確認中"":""確認中"",""未着手"":""未着手"",""受取済み"":""受取済み"",""発送済み"":""発送済み"",""差戻し"":""差戻し""}",差戻し
gen-score-11-049,score,generated,時刻順の評価更新,"""山道の評価更新履歴: 7時に段階0、8時に段階4、17時に段階5。評価は最新時刻の値だけを採用します。""",最後に更新された有効な段階はいくつですか。,"[""評価段階0"",""評価段階1"",""評価段階2"",""評価段階3"",""評価段階4"",""評価段階5""]",5
gen-choice-15-015,choice,generated,文章内の順序参照,"{""会議"":""山道"",""発表順"":[""木村"",""石田"",""渡辺"",""松本""]}",発表順の先頭から1番目にいる人を答えてください。,"{""渡辺"":""渡辺さん"",""石田"":""石田さん"",""松本"":""松本さん"",""木村"":""木村さん""}",木村
gen-score-11-016,score,generated,時刻順の評価更新,"""木漏れ日の評価更新履歴: 18時に段階6、19時に段階0、11時に段階6。評価は最新時刻の値だけを採用します。""",現在採用すべき評価段階を選んでください。,"[""評価段階0"",""評価段階1"",""評価段階2"",""評価段階3"",""評価段階4"",""評価段階5"",""評価段階6"",""評価段階7""]",0
gen-score-04-025,score,generated,独立チェックの合計,"{""資料"":""夕凪"",""チェック項目"":{""承認印あり"":false,""題名あり"":false,""署名あり"":false,""ページ番号あり"":false,""添付あり"":false,""宛先あり"":false,""日付あり"":false},""各項目の重み"":1}",合格した項目数に対応する段階を答えてください。,"[""満たした項目が0個"",""満たした項目が1個"",""満たした項目が2個"",""満たした項目が3個"",""満たした項目が4個"",""満たした項目が5個"",""満たした項目が6個"",""満たした項目が7個""]",0
gen-score-02-002,score,generated,記述の満足段階,"{""回答者"":""青木"",""対象"":""青空"",""感想原文"":""予想を超えており、強く満足した""}",回答者が表明した満足の程度を分類してください。,"[""強い不満"",""やや不満"",""満足"",""強い満足""]",3
gen-choice-03-046,choice,generated,最終更新,"{""案件"":""朝露"",""更新記録"":[{""時"":19,""状態"":""差戻し""},{""時"":13,""状態"":""発送済み""},{""時"":9,""状態"":""受取済み""},{""時"":11,""状態"":""未着手""},{""時"":20,""状態"":""差戻し""}]}",時刻が最も新しい更新に基づく状態を答えてください。,"{""発送済み"":""発送済み"",""差戻し"":""差戻し"",""確認中"":""確認中"",""保留"":""保留"",""受取済み"":""受取済み"",""未着手"":""未着手""}",差戻し
gen-score-08-024,score,generated,要件への一致数,"{""注文要件"":{""色"":""青""},""提案品"":{""色"":""青""}}",注文要件と一致している属性の数を段階として選んでください。,"[""一致した要件が0項目"",""一致した要件が1項目""]",1
gen-noul-01-034,noul,generated,事実と否定質問,"{""対象者"":""上田"",""項目"":""連絡を受領"",""実施済み"":false}",記録上、上田さんは連絡を受領していないと言えますか。,"{""false"":""いいえ。質問の命題は成立しない。"",""true"":""はい。質問の命題が成立する。""}",true
gen-score-05-027,score,generated,緊急条件の加点,"""若葉の基本優先度は0です。締切まで残り3時間以内なら1だけ加点し、それより長ければ加点しません。上限は3です。今回は締切まで12時間です。""",締切までの時間による条件を反映した段階を答えてください。,"[""最終優先度0"",""最終優先度1"",""最終優先度2"",""最終優先度3""]",0
gen-score-14-026,score,generated,参照表の順序尺度,"""今回の検査用の対応表: 紫印は段階0、赤印は段階1、青印は段階2、黄印は段階3。朝露の確定検査票には黄印が付いています。色に一般的な良し悪しは仮定しません。""",一般常識ではなく示された表に従って段階を答えてください。,"[""表による段階0"",""表による段階1"",""表による段階2"",""表による段階3""]",3
gen-score-03-042,score,generated,順番に進む工程,"{""案件"":""春風"",""工程順"":[""実施"",""承認""],""完了済み"":[""実施"",""承認""],""着手中は完了に含めない"":true}",この案件は完了ベースでどの段階まで進みましたか。,"[""完了した工程はまだない"",""先頭から1工程が完了（最後に完了したのは実施）"",""先頭から2工程が完了（最後に完了したのは承認）""]",2
gen-score-01-022,score,generated,件数の段階境界,"""春風で確認待ちの申請を数えたところ、現在3件でした。処理済みは数に含めていません。""",件数だけを評価尺度に照らして判定してください。,"[""対象件数が2件未満"",""対象件数が2件以上""]",1
gen-choice-02-040,choice,generated,条件と優先例外,"""草原店では会員で購入数が3個以上なら優待扱いです。ただし予約品は購入数や会員資格にかかわらず通常扱いです。今回は13個、会員、通常在庫品です。""",例外も踏まえて、今回の購入区分はどれですか。,"{""優待"":""優待の扱い"",""通常"":""通常の扱い""}",優待
gen-noul-07-041,noul,generated,識別文字列の完全一致,"""商品ラベルの管理コードは「EF1-D」、注文票の管理コードは「EF1-D」です。照合では大文字と小文字、記号の違いも区別します。""",指定された照合規則で一致と判定できますか。,"{""false"":""いいえ。質問の命題は成立しない。"",""true"":""はい。質問の命題が成立する。""}",true
gen-choice-13-003,choice,generated,工程の依存順,"{""案件"":""水面"",""工程順"":[""報告"",""実施"",""受付"",""準備"",""見積作成"",""内容確認"",""承認""],""完了済み"":[""報告"",""実施""],""規則"":""順に実行し未完了工程を飛ばさない""}",次に行う工程を選んでください。すべて済んでいれば完了を選びます。,"{""実施"":""実施"",""受付"":""受付"",""完了"":""全工程が完了"",""準備"":""準備"",""報告"":""報告"",""内容確認"":""内容確認"",""見積作成"":""見積作成"",""承認"":""承認""}",受付
gen-choice-11-022,choice,generated,小数量の比較,"{""在庫"":[{""品名"":""ラベル"",""総在庫"":10,""予約分"":3},{""品名"":""カード"",""総在庫"":9,""予約分"":0},{""品名"":""封筒"",""総在庫"":6,""予約分"":4}],""自由在庫"":""総在庫から予約分を引く""}",自由在庫が最も多い品を選んでください。,"{""カード"":""カード"",""ラベル"":""ラベル"",""封筒"":""封筒""}",カード
gen-noul-13-032,noul,generated,範囲の開閉境界,"""木漏れ日の受付数は、6個以上、かつ12個以下の場合に限り適合です。今回の数は13個です。""",指定された範囲条件を満たしていますか。,"{""false"":""いいえ。質問の命題は成立しない。"",""true"":""はい。質問の命題が成立する。""}",false
gen-score-10-036,score,generated,不足の段階,"{""申請"":""朝露"",""必要書類"":[""確認票"",""申込書"",""添付図"",""同意書"",""承認書"",""見積書""],""届いた書類"":[""申込書"",""案内状""],""余分な書類で代用できる"":false}",必要書類の不足数に対応する段階を選んでください。,"[""不足が0種類"",""不足が1種類"",""不足が2種類"",""不足が3種類"",""不足が4種類"",""不足が5種類"",""不足が6種類""]",5
gen-choice-05-024,choice,generated,否定条件で選択,"""検品記録: ファイルは封ありで濡れている、ラベルは封なしで濡れていない、付箋は封なしで濡れている、クリップは封ありで濡れている。""",対象は『封がない』『濡れていない』の両方を満たす品です。どれですか。,"{""付箋"":""付箋"",""クリップ"":""クリップ"",""ラベル"":""ラベル"",""ファイル"":""ファイル""}",ラベル
gen-noul-10-007,noul,generated,条件付き義務,"{""規則"":""追加申請なら担当者の署名が必要。それ以外では義務なし"",""条件に該当"":true,""必要処置を実施"":false}",この記録は規則を守っていますか。,"{""false"":""いいえ。質問の命題は成立しない。"",""true"":""はい。質問の命題が成立する。""}",false
gen-score-09-015,score,generated,例外による上限,"""検査合格状況: 表示は不合格、付属品は合格、包装は不合格、記録は不合格、動作は合格、外観は不合格。合格項目一つにつき1点ですが、要再確認の印があれば上限1点に制限します。今回その印はありません。""",例外条件を反映した評価段階を答えてください。,"[""最終点0点"",""最終点1点"",""最終点2点"",""最終点3点"",""最終点4点"",""最終点5点"",""最終点6点""]",2
gen-noul-05-045,noul,generated,締切の境界,"""山道の提出は12時ちょうどまで受け付け、同時刻の提出も有効です。上田さんの提出記録は13時ちょうどです。""",記録された提出時刻は締切内ですか。,"{""false"":""いいえ。質問の命題は成立しない。"",""true"":""はい。質問の命題が成立する。""}",false
gen-choice-06-027,choice,generated,時間枠の包含,"{""空き時間"":[{""部屋"":""白"",""開始"":8,""終了"":11},{""部屋"":""青"",""開始"":9,""終了"":12},{""部屋"":""赤"",""開始"":8,""終了"":11}],""会議開始"":10,""会議終了"":12}",会議開始から終了まで空いている部屋はどれですか。境界時刻が一致していても利用できます。,"{""青"":""青室"",""赤"":""赤室"",""白"":""白室""}",青
gen-choice-07-009,choice,generated,複数属性の制約,"""在庫表: 付箋は黄色・紙製・在庫あり、ペンは白色・紙製・在庫なし、用紙は赤色・紙製・在庫あり、袋は黒色・紙製・在庫あり、封筒は白色・紙製・在庫なし、クリップは白色・紙製・在庫あり、カードは白色・ガラス製・在庫あり。""",白色で紙製、在庫もある品を選んでください。,"{""カード"":""カード"",""付箋"":""付箋"",""袋"":""袋"",""クリップ"":""クリップ"",""用紙"":""用紙"",""ペン"":""ペン"",""封筒"":""封筒""}",クリップ
gen-noul-08-016,noul,generated,集合と否定所属,"""青空の参加者名簿は林、加藤、高橋、松本、森、吉田、渡辺です。この名簿は完全で、記載のない人は参加者ではありません。""",吉田さんは参加者であると言えますか。,"{""false"":""いいえ。質問の命題は成立しない。"",""true"":""はい。質問の命題が成立する。""}",true
gen-score-13-025,score,generated,取消しを反映した件数,"{""催し"":""朝露"",""申込み"":[{""氏名"":""高橋"",""受付済み"":false,""取消済み"":false},{""氏名"":""青木"",""受付済み"":false,""取消済み"":false},{""氏名"":""渡辺"",""受付済み"":false,""取消済み"":false},{""氏名"":""上田"",""受付済み"":false,""取消済み"":false},{""氏名"":""林"",""受付済み"":true,""取消済み"":false},{""氏名"":""加藤"",""受付済み"":false,""取消済み"":false}],""まとめ方"":""2件以上は段階2""}",受付済みから取消済みを除いた件数はいくつの段階ですか。,"[""有効申込みが0件"",""有効申込みが1件"",""有効申込みが2件以上""]",1
gen-noul-14-027,noul,generated,予定時間の重なり,"{""対象者"":""森"",""会議"":[13,16],""面談"":[10,12],""規則"":""終了時刻と開始時刻が一致するだけなら重複なし""}",二つの予定の時間は重なっていますか。,"{""false"":""いいえ。質問の命題は成立しない。"",""true"":""はい。質問の命題が成立する。""}",false
gen-choice-09-020,choice,generated,利用可能集合の差,"""貸出台帳で利用可能と記録されている品は付箋、ケース。予約済みの品はペン、名札、用紙、ケースです。""",利用可能品のうち、予約されていない品を選んでください。,"{""付箋"":""付箋"",""用紙"":""用紙"",""ファイル"":""ファイル"",""ペン"":""ペン"",""ケース"":""ケース"",""名札"":""名札"",""袋"":""袋""}",付箋
gen-noul-12-023,noul,generated,記録と主張の照合,"{""施設"":""白波"",""入口ごとの現在の確定記録"":{""北口"":""完全に開いている"",""南口"":""完全に閉じている"",""東口"":""半分だけ開いている"",""西口"":""完全に閉じている"",""裏口"":""完全に開いている"",""搬入口"":""完全に開いている""},""判定資料"":""現在の確定記録のみ""}",いま東口が4分の1だけ開いているという判断は正しいですか。,"{""false"":""いいえ。質問の命題は成立しない。"",""true"":""はい。質問の命題が成立する。""}",false
gen-score-12-034,score,generated,目標からの差,"{""案件"":""春風"",""目標数"":9,""実績数"":7,""採点"":""差の絶対値。ただし4以上は段階4""}",示された上限を含め、実績のずれを段階に変換してください。,"[""目標との差が0個"",""目標との差が1個"",""目標との差が2個"",""目標との差が3個"",""目標との差が4個以上""]",2
gen-score-09-004,score,generated,例外による上限,"{""検査合格"":{""記録"":false,""表示"":false},""要再確認の印あり"":false,""採点規則"":""合格数が点数。ただし印があれば上限0点""}",上限制限を適用した最終点を選んでください。,"[""最終点0点"",""最終点1点"",""最終点2点""]",0
gen-noul-12-007,noul,generated,記録と主張の照合,"{""施設"":""木漏れ日"",""入口ごとの現在の確定記録"":{""北口"":""4分の1だけ開いている"",""南口"":""半分だけ開いている"",""東口"":""完全に閉じている"",""西口"":""完全に閉じている"",""裏口"":""4分の1だけ開いている"",""搬入口"":""完全に閉じている""},""判定資料"":""現在の確定記録のみ""}",いま南口が完全に開いているという判断は正しいですか。,"{""false"":""いいえ。質問の命題は成立しない。"",""true"":""はい。質問の命題が成立する。""}",false
gen-noul-14-040,noul,generated,予定時間の重なり,"{""対象者"":""山田"",""会議"":[11,12],""面談"":[11,14],""規則"":""終了時刻と開始時刻が一致するだけなら重複なし""}",二つの予定の時間は重なっていますか。,"{""false"":""いいえ。質問の命題は成立しない。"",""true"":""はい。質問の命題が成立する。""}",true
gen-choice-13-017,choice,generated,工程の依存順,"""案件「草原」の工程順は承認→内容確認→報告→受付です。途中の工程を飛ばすことはできません。完了済みはなしです。""",まだ済んでいない最初の工程は何ですか。存在しない場合は完了です。,"{""受付"":""受付"",""内容確認"":""内容確認"",""完了"":""全工程が完了"",""承認"":""承認"",""報告"":""報告""}",承認
gen-choice-03-002,choice,generated,最終更新,"{""案件"":""朝露"",""更新記録"":[{""時"":13,""状態"":""未着手""},{""時"":18,""状態"":""確認中""},{""時"":9,""状態"":""発送済み""},{""時"":10,""状態"":""受取済み""}]}",最後の時刻の記録が有効です。現在の状態はどれですか。,"{""保留"":""保留"",""確認中"":""確認中"",""取消"":""取消"",""未着手"":""未着手"",""承認"":""承認"",""差戻し"":""差戻し"",""発送済み"":""発送済み"",""受取済み"":""受取済み""}",確認中
gen-score-15-040,score,generated,軽重のある項目,"""この点検の配点: 誤字は2点、宛名不備は1点、添付欠落は1点。見つかった不備: なし。該当項目の点を合計し、3点以上は段階3にまとめます。""",配点の違いを反映した最終段階を選んでください。,"[""不備点の合計が0点"",""不備点の合計が1点"",""不備点の合計が2点"",""不備点の合計が3点以上""]",0
gen-score-09-022,score,generated,例外による上限,"{""検査合格"":{""寸法"":true,""外観"":true,""記録"":false,""動作"":false,""表示"":false,""包装"":true},""要再確認の印あり"":false,""採点規則"":""合格数が点数。ただし印があれば上限4点""}",単純な合格数ではなく、上限ルール適用後の点数を求めてください。,"[""最終点0点"",""最終点1点"",""最終点2点"",""最終点3点"",""最終点4点"",""最終点5点"",""最終点6点""]",3
gen-score-13-018,score,generated,取消しを反映した件数,"""白波の申込み記録: 加藤は受付済み・取消済み、遠藤は受付済み・取消済み、上田は受付済み・取消済み。取消済みの申込みは有効件数から除きます。2件以上は最終段階2にまとめます。""",取消し後に残る有効申込み数を段階として選んでください。,"[""有効申込みが0件"",""有効申込みが1件"",""有効申込みが2件以上""]",0
gen-noul-04-022,noul,generated,例外の優先,"""規則: 講習修了であれば若葉を利用できます。ただし資格取消中なら利用できません。中村さんは講習修了に該当、資格取消中に非該当です。""",禁止例外を先に考慮すると、この利用を認められますか。,"{""false"":""いいえ。質問の命題は成立しない。"",""true"":""はい。質問の命題が成立する。""}",true
gen-score-04-039,score,generated,独立チェックの合計,"""草原資料の点検: 添付ありは満たさない、題名ありは満たさない、日付ありは満たす、ページ番号ありは満たさない、宛先ありは満たさない、署名ありは満たす、承認印ありは満たさない。各項目は一つずつ数えます。""",合格した項目数に対応する段階を答えてください。,"[""満たした項目が0個"",""満たした項目が1個"",""満たした項目が2個"",""満たした項目が3個"",""満たした項目が4個"",""満たした項目が5個"",""満たした項目が6個"",""満たした項目が7個""]",2
gen-score-01-001,score,generated,件数の段階境界,"{""案件"":""水面"",""計数対象"":""未回答の質問"",""件数"":0,""処理済みを除外"":true}",現在の件数を指定の段階基準に当てはめてください。,"[""対象件数が2件未満"",""対象件数が2件以上""]",0
gen-choice-04-002,choice,generated,参照先の担当,"{""案件担当"":{""白波"":""木村"",""草原"":""高橋"",""朝露"":""石田"",""水面"":""中村""},""資料の所属案件"":{""ファイル"":""草原"",""ラベル"":""水面"",""冊子"":""朝露"",""クリップ"":""白波""},""確認資料"":""ラベル""}",確認する資料の案件を担当している人を答えてください。,"{""高橋"":""高橋さん"",""木村"":""木村さん"",""石田"":""石田さん"",""中村"":""中村さん""}",中村
gen-noul-13-022,noul,generated,範囲の開閉境界,"""山道の受付数は、4個より多い、かつ10個未満の場合に限り適合です。今回の数は10個です。""",下限と上限の両方の条件に合いますか。,"{""false"":""いいえ。質問の命題は成立しない。"",""true"":""はい。質問の命題が成立する。""}",false
gen-score-13-003,score,generated,取消しを反映した件数,"""青空の申込み記録: 林は受付済み・取消なし、青木は受付済み・取消なし、吉田は受付済み・取消なし、森は受付済み・取消済み、渡辺は受付済み・取消なし、山田は受付済み・取消なし、遠藤は受付済み・取消済み、松本は受付済み・取消なし。取消済みの申込みは有効件数から除きます。1件以上は最終段階1にまとめます。""",受付済みから取消済みを除いた件数はいくつの段階ですか。,"[""有効申込みが0件"",""有効申込みが1件以上""]",1
gen-noul-02-040,noul,generated,全条件の充足,"{""すべて必要な条件"":[""講習受講"",""事前登録"",""本人確認""],""対象"":""大野"",""完了状況"":{""講習受講"":true,""事前登録"":true,""本人確認"":true}}",この人は記載された利用条件をすべて満たしていますか。,"{""false"":""いいえ。質問の命題は成立しない。"",""true"":""はい。質問の命題が成立する。""}",true
gen-choice-07-011,choice,generated,複数属性の制約,"{""在庫表"":[{""品名"":""名札"",""色"":""黒"",""素材"":""樹脂"",""在庫あり"":true},{""品名"":""冊子"",""色"":""黒"",""素材"":""ガラス"",""在庫あり"":true},{""品名"":""用紙"",""色"":""黒"",""素材"":""樹脂"",""在庫あり"":false},{""品名"":""封筒"",""色"":""黒"",""素材"":""樹脂"",""在庫あり"":false},{""品名"":""袋"",""色"":""黒"",""素材"":""樹脂"",""在庫あり"":false},{""品名"":""クリップ"",""色"":""黒"",""素材"":""金属"",""在庫あり"":true}]}",必要条件は黒色、樹脂製、在庫ありの三つです。全部に合う品はどれですか。,"{""冊子"":""冊子"",""封筒"":""封筒"",""袋"":""袋"",""用紙"":""用紙"",""クリップ"":""クリップ"",""名札"":""名札""}",名札
gen-noul-12-014,noul,generated,記録と主張の照合,"""青空施設の入口について、いま確認した確定記録は北口は完全に閉じている、南口は4分の1だけ開いている、東口は半分だけ開いている、西口は4分の1だけ開いている、裏口は4分の1だけ開いている、搬入口は半分だけ開いているです。現在の判断にはこの確定記録だけを使います。""",『現在の搬入口は半分だけ開いている』という主張は確定記録と一致しますか。,"{""false"":""いいえ。質問の命題は成立しない。"",""true"":""はい。質問の命題が成立する。""}",true
gen-score-09-048,score,generated,例外による上限,"""検査合格状況: 外観は合格、記録は合格、寸法は不合格、包装は合格。合格項目一つにつき1点ですが、要再確認の印があれば上限4点に制限します。今回その印はありません。""",単純な合格数ではなく、上限ルール適用後の点数を求めてください。,"[""最終点0点"",""最終点1点"",""最終点2点"",""最終点3点"",""最終点4点""]",3
gen-noul-03-044,noul,generated,いずれかの条件,"{""いずれか一つ以上必要"":[""当日券"",""招待券"",""会員証""],""所持状況"":{""当日券"":true,""招待券"":false,""会員証"":true},""対象"":""吉田""}",この人は受付基準を満たしていますか。,"{""false"":""いいえ。質問の命題は成立しない。"",""true"":""はい。質問の命題が成立する。""}",true
gen-score-06-033,score,generated,約束時刻からの遅れ,"{""便"":""夕凪"",""約束時刻"":10,""実際の到着時刻"":9,""同日"":true,""早着時の遅れ"":0}",到着の遅れを段階基準で評価してください。,"[""遅れが2時間未満"",""遅れが2時間以上、4時間未満"",""遅れが4時間以上、6時間未満"",""遅れが6時間以上""]",0
gen-noul-03-027,noul,generated,いずれかの条件,"{""いずれか一つ以上必要"":[""事前予約票"",""招待券""],""所持状況"":{""事前予約票"":false,""招待券"":false},""対象"":""上田""}",記載された条件で受付を通れますか。,"{""false"":""いいえ。質問の命題は成立しない。"",""true"":""はい。質問の命題が成立する。""}",false
gen-choice-01-027,choice,generated,問い合わせ経路,"{""分類表"":{""製品"":[""破損"",""初期不良"",""部品交換""],""配送"":[""届け先変更"",""荷物の遅延"",""追跡番号""],""請求"":[""二重請求"",""領収書"",""返金""],""契約"":[""契約更新"",""プラン変更"",""解約手続き""]},""本文"":""契約中のプランを変更したいです"",""受付主題"":""プラン変更""}",受付分類表を使って、この相談の担当を決めてください。,"{""製品"":""製品の窓口"",""配送"":""配送の窓口"",""契約"":""契約の窓口"",""請求"":""請求の窓口""}",契約
gen-score-07-002,score,generated,証拠の最高到達段階,"{""調査"":""星空"",""この調査の証拠段階"":{""担当者報告"":1,""監査記録"":2,""写真記録"":3,""第三者確認"":4,""口頭メモ"":5,""署名済み文書"":6,""一次資料"":7},""得られた証拠"":[""監査記録""],""集約規則"":""得られた段階の最大。証拠なしは0""}",記録済みの証拠から得られる最高段階はどれですか。,"[""証拠なしの段階0"",""表に基づく最高証拠段階1"",""表に基づく最高証拠段階2"",""表に基づく最高証拠段階3"",""表に基づく最高証拠段階4"",""表に基づく最高証拠段階5"",""表に基づく最高証拠段階6"",""表に基づく最高証拠段階7""]",2
gen-score-15-039,score,generated,軽重のある項目,"""この点検の配点: 添付欠落は2点、余白不備は1点。見つかった不備: 添付欠落、余白不備。該当項目の点を合計し、2点以上は段階2にまとめます。""",見つかった不備の点数を合計し、上限を適用してください。,"[""不備点の合計が0点"",""不備点の合計が1点"",""不備点の合計が2点以上""]",2
gen-score-01-039,score,generated,件数の段階境界,"""灯台で未回答の質問を数えたところ、現在0件でした。処理済みは数に含めていません。""",件数だけを評価尺度に照らして判定してください。,"[""対象件数が1件未満"",""対象件数が1件以上、2件未満"",""対象件数が2件以上、3件未満"",""対象件数が3件以上、4件未満"",""対象件数が4件以上""]",0
gen-choice-15-019,choice,generated,文章内の順序参照,"""朝露会議では、発表者を発表順に「中村、松本、佐藤、渡辺、青木、高橋、石田」と紹介しました。同じ人の再登場はありません。""",最初を1番目として、4番目の発表者を選んでください。,"{""高橋"":""高橋さん"",""石田"":""石田さん"",""松本"":""松本さん"",""中村"":""中村さん"",""青木"":""青木さん"",""渡辺"":""渡辺さん"",""佐藤"":""佐藤さん""}",渡辺
gen-choice-07-022,choice,generated,複数属性の制約,"""在庫表: テープは紫色・ガラス製・在庫あり、袋は赤色・ガラス製・在庫あり、クリップは紫色・金属製・在庫あり、名札は黄色・ガラス製・在庫あり、カードは紫色・ガラス製・在庫なし。""",紫色でガラス製、在庫もある品を選んでください。,"{""袋"":""袋"",""名札"":""名札"",""テープ"":""テープ"",""クリップ"":""クリップ"",""カード"":""カード""}",テープ
gen-score-04-024,score,generated,独立チェックの合計,"""春風資料の点検: 日付ありは満たす、署名ありは満たさない、添付ありは満たす、承認印ありは満たさない、題名ありは満たす、宛先ありは満たさない。各項目は一つずつ数えます。""",合格した項目数に対応する段階を答えてください。,"[""満たした項目が0個"",""満たした項目が1個"",""満たした項目が2個"",""満たした項目が3個"",""満たした項目が4個"",""満たした項目が5個"",""満たした項目が6個""]",3
gen-noul-14-049,noul,generated,予定時間の重なり,"{""対象者"":""加藤"",""会議"":[11,13],""面談"":[8,11],""規則"":""終了時刻と開始時刻が一致するだけなら重複なし""}",指定された端点の扱いで予定の重複はありますか。,"{""false"":""いいえ。質問の命題は成立しない。"",""true"":""はい。質問の命題が成立する。""}",false
gen-noul-02-006,noul,generated,全条件の充足,"""春風の利用には会費支払い・講習受講がすべて必要です。上田さん: 会費支払いは完了、講習受講は完了。""",この人は記載された利用条件をすべて満たしていますか。,"{""false"":""いいえ。質問の命題は成立しない。"",""true"":""はい。質問の命題が成立する。""}",true
gen-choice-13-029,choice,generated,工程の依存順,"{""案件"":""灯台"",""工程順"":[""準備"",""実施"",""見積作成"",""報告""],""完了済み"":[""準備"",""実施"",""見積作成"",""報告""],""規則"":""順に実行し未完了工程を飛ばさない""}",まだ済んでいない最初の工程は何ですか。存在しない場合は完了です。,"{""実施"":""実施"",""完了"":""全工程が完了"",""準備"":""準備"",""見積作成"":""見積作成"",""報告"":""報告""}",完了
gen-score-01-005,score,generated,件数の段階境界,"""木漏れ日で未回答の質問を数えたところ、現在0件でした。処理済みは数に含めていません。""",現在の件数を指定の段階基準に当てはめてください。,"[""対象件数が1件未満"",""対象件数が1件以上、2件未満"",""対象件数が2件以上、3件未満"",""対象件数が3件以上、4件未満"",""対象件数が4件以上、5件未満"",""対象件数が5件以上""]",0
gen-choice-02-038,choice,generated,条件と優先例外,"""若葉店では会員で購入数が5個以上なら優待扱いです。ただし予約品は購入数や会員資格にかかわらず通常扱いです。今回は6個、非会員、予約品です。""",この購入に適用する扱いを選んでください。,"{""通常"":""通常の扱い"",""優待"":""優待の扱い""}",通常
gen-score-05-024,score,generated,緊急条件の加点,"{""案件"":""草原"",""基本優先度"":7,""締切までの残り時間"":12,""規則"":""残り2時間以内なら1加点、それより長ければ0加点。上限7""}",条件付き加点後の優先度を選んでください。,"[""最終優先度0"",""最終優先度1"",""最終優先度2"",""最終優先度3"",""最終優先度4"",""最終優先度5"",""最終優先度6"",""最終優先度7""]",7
gen-choice-04-019,choice,generated,参照先の担当,"{""案件担当"":{""山道"":""林"",""若葉"":""山田""},""資料の所属案件"":{""クリップ"":""山道"",""用紙"":""若葉""},""確認資料"":""用紙""}",確認する資料の案件を担当している人を答えてください。,"{""林"":""林さん"",""山田"":""山田さん""}",山田
gen-score-11-001,score,generated,時刻順の評価更新,"{""案件"":""草原"",""評価更新"":[{""時刻"":20,""段階"":0},{""時刻"":17,""段階"":4},{""時刻"":7,""段階"":2}],""採用規則"":""最新時刻だけを採用""}",最後に更新された有効な段階はいくつですか。,"[""評価段階0"",""評価段階1"",""評価段階2"",""評価段階3"",""評価段階4"",""評価段階5"",""評価段階6""]",0
gen-score-11-013,score,generated,時刻順の評価更新,"{""案件"":""星空"",""評価更新"":[{""時刻"":11,""段階"":4},{""時刻"":21,""段階"":2},{""時刻"":7,""段階"":4},{""時刻"":20,""段階"":0}],""採用規則"":""最新時刻だけを採用""}",最後に更新された有効な段階はいくつですか。,"[""評価段階0"",""評価段階1"",""評価段階2"",""評価段階3"",""評価段階4""]",2
gen-choice-06-003,choice,generated,時間枠の包含,"""部屋の連続利用可能時間: 白室は12時から16時まで、茶室は9時から14時まで、黄室は12時から16時まで。会議は11時開始、14時終了です。""",会議の全時間を連続して確保できる部屋を選んでください。開始・終了の一致は許可します。,"{""茶"":""茶室"",""黄"":""黄室"",""白"":""白室""}",茶
gen-noul-14-006,noul,generated,予定時間の重なり,"""石田さんの予定: 白波会議は10時から13時、面談は10時から11時。終了と次の開始が同時刻の場合は重複とは扱いません。""",指定された端点の扱いで予定の重複はありますか。,"{""false"":""いいえ。質問の命題は成立しない。"",""true"":""はい。質問の命題が成立する。""}",true
gen-choice-11-037,choice,generated,小数量の比較,"{""在庫"":[{""品名"":""袋"",""総在庫"":13,""予約分"":4},{""品名"":""箱"",""総在庫"":11,""予約分"":4},{""品名"":""ペン"",""総在庫"":11,""予約分"":3},{""品名"":""カード"",""総在庫"":11,""予約分"":1},{""品名"":""冊子"",""総在庫"":15,""予約分"":4}],""自由在庫"":""総在庫から予約分を引く""}",予約分を差し引いた残りが一番多いのはどれですか。,"{""箱"":""箱"",""冊子"":""冊子"",""カード"":""カード"",""ペン"":""ペン"",""袋"":""袋""}",冊子
gen-noul-13-005,noul,generated,範囲の開閉境界,"""灯台の受付数は、4個より多い、かつ10個以下の場合に限り適合です。今回の数は10個です。""",指定された範囲条件を満たしていますか。,"{""false"":""いいえ。質問の命題は成立しない。"",""true"":""はい。質問の命題が成立する。""}",true
gen-choice-07-046,choice,generated,複数属性の制約,"""在庫表: 袋は茶色・ガラス製・在庫あり、クリップは茶色・木製・在庫なし、カードは茶色・木製・在庫なし、封筒は茶色・木製・在庫あり、シールは紫色・木製・在庫あり。""",今注文できる木製の茶色の商品を答えてください。在庫なしは選べません。,"{""袋"":""袋"",""クリップ"":""クリップ"",""封筒"":""封筒"",""カード"":""カード"",""シール"":""シール""}",封筒
gen-noul-12-038,noul,generated,記録と主張の照合,"""若葉施設の入口について、いま確認した確定記録は北口は半分だけ開いている、南口は4分の1だけ開いている、東口は完全に開いている、西口は完全に閉じている、裏口は半分だけ開いている、搬入口は4分の1だけ開いているです。現在の判断にはこの確定記録だけを使います。""",『現在の南口は4分の1だけ開いている』という主張は確定記録と一致しますか。,"{""false"":""いいえ。質問の命題は成立しない。"",""true"":""はい。質問の命題が成立する。""}",true
gen-choice-01-022,choice,generated,問い合わせ経路,"{""分類表"":{""契約"":[""契約更新"",""プラン変更"",""解約手続き""],""店舗"":[""営業時間"",""店内設備"",""店舗の場所""],""製品"":[""破損"",""初期不良"",""部品交換""],""アカウント"":[""ログイン"",""パスワード"",""退会""],""請求"":[""二重請求"",""領収書"",""返金""]},""本文"":""お店は何時から何時まで開いていますか"",""受付主題"":""営業時間""}",分類表に従い、この問い合わせを担当する窓口を一つ選んでください。,"{""契約"":""契約の窓口"",""店舗"":""店舗の窓口"",""請求"":""請求の窓口"",""製品"":""製品の窓口"",""アカウント"":""アカウントの窓口""}",店舗
gen-noul-09-006,noul,generated,重複を除いた件数,"""灯台棚で読み取った品名はラベル、封筒、ファイル、ファイル、シールでした。同じ品名の繰り返しは一種類として数えます。""",異なる品名だけ数えると6種類以上ですか。,"{""false"":""いいえ。質問の命題は成立しない。"",""true"":""はい。質問の命題が成立する。""}",false
gen-noul-05-009,noul,generated,締切の境界,"""草原の提出は16時より前だけ受け付け、16時ちょうどは無効です。林さんの提出記録は19時ちょうどです。""",記録された提出時刻は締切内ですか。,"{""false"":""いいえ。質問の命題は成立しない。"",""true"":""はい。質問の命題が成立する。""}",false
gen-noul-04-012,noul,generated,例外の優先,"{""許可条件"":""本人確認済み"",""優先禁止条件"":""登録凍結中"",""対象"":""石田"",""許可条件に該当"":true,""禁止条件に該当"":false}",この人は現在、利用可能ですか。,"{""false"":""いいえ。質問の命題は成立しない。"",""true"":""はい。質問の命題が成立する。""}",true
gen-choice-07-037,choice,generated,複数属性の制約,"""在庫表: 用紙は黒色・金属製・在庫あり、冊子は黄色・木製・在庫あり、袋は黄色・金属製・在庫あり。""",必要条件は黄色、金属製、在庫ありの三つです。全部に合う品はどれですか。,"{""用紙"":""用紙"",""冊子"":""冊子"",""袋"":""袋""}",袋
gen-score-10-014,score,generated,不足の段階,"""灯台申請で必要なものは添付図、承認書、受領票、申込書、同意書。届いたものはなしです。必要一覧にない書類は不足を埋めません。""",未提出の必要書類はいくつの段階ですか。,"[""不足が0種類"",""不足が1種類"",""不足が2種類"",""不足が3種類"",""不足が4種類"",""不足が5種類""]",5
gen-noul-06-023,noul,generated,更新後の状態,"""山道の状態記録: 8時には受付中、15時には点検中、14時には満席、13時には停止中、12時には満席。時刻が新しい記録が古い記録を上書きします。""",最後の更新を適用すると、状態は「満席」になっていますか。,"{""false"":""いいえ。質問の命題は成立しない。"",""true"":""はい。質問の命題が成立する。""}",false
gen-score-02-004,score,generated,記述の満足段階,"""吉田さんは灯台の体験について「惜しい点があり、少し不満だった」と回答しました。追加の発言はありません。""",感想に明示された評価を尺度へ対応づけてください。,"[""強い不満"",""やや不満"",""どちらでもない"",""満足"",""強い満足"",""最高の満足""]",1
gen-noul-14-035,noul,generated,予定時間の重なり,"""吉田さんの予定: 青空会議は12時から14時、面談は7時から10時。終了と次の開始が同時刻の場合は重複とは扱いません。""",指定された端点の扱いで予定の重複はありますか。,"{""false"":""いいえ。質問の命題は成立しない。"",""true"":""はい。質問の命題が成立する。""}",false
gen-score-04-027,score,generated,独立チェックの合計,"{""資料"":""木漏れ日"",""チェック項目"":{""宛先あり"":true,""日付あり"":false},""各項目の重み"":1}",条件を満たした項目を一つ一点として集計してください。,"[""満たした項目が0個"",""満たした項目が1個"",""満たした項目が2個""]",1
gen-noul-06-002,noul,generated,更新後の状態,"""夕凪の状態記録: 21時には使用可能、12時には使用可能、15時には点検中。時刻が新しい記録が古い記録を上書きします。""",現在の状態は「使用可能」ですか。,"{""false"":""いいえ。質問の命題は成立しない。"",""true"":""はい。質問の命題が成立する。""}",true
gen-choice-15-036,choice,generated,文章内の順序参照,"""星空会議では、発表者を発表順に「木村、渡辺、山田」と紹介しました。同じ人の再登場はありません。""",紹介された順番で2人目に発表する人は誰ですか。,"{""渡辺"":""渡辺さん"",""山田"":""山田さん"",""木村"":""木村さん""}",渡辺
gen-choice-14-031,choice,generated,二属性照合,"""展示品の札: ファイルは黒色・ガラス製、袋は白色・布製、名札は紫色・樹脂製、ペンは白色・木製。探しているのは白色の木製です。""",色だけ・素材だけの一致では足りません。該当品を答えてください。,"{""ペン"":""ペン"",""ファイル"":""ファイル"",""袋"":""袋"",""名札"":""名札""}",ペン
gen-score-02-045,score,generated,記述の満足段階,"""石田さんは白波の体験について「とても良い結果で、強い満足がある」と回答しました。追加の発言はありません。""",感想に明示された評価を尺度へ対応づけてください。,"[""強い不満"",""不満"",""どちらでもない"",""強い満足"",""最高の満足""]",3
gen-choice-09-034,choice,generated,利用可能集合の差,"{""利用可能品"":[""付箋"",""ラベル""],""予約済み品"":[""袋"",""ラベル""]}",予約済みを利用可能一覧から除いたとき、残る品を答えてください。,"{""ラベル"":""ラベル"",""袋"":""袋"",""付箋"":""付箋"",""クリップ"":""クリップ"",""テープ"":""テープ""}",付箋
gen-noul-02-008,noul,generated,全条件の充足,"{""すべて必要な条件"":[""同意書提出"",""会費支払い"",""本人確認"",""講習受講""],""対象"":""高橋"",""完了状況"":{""同意書提出"":true,""会費支払い"":true,""本人確認"":true,""講習受講"":true}}",この人は記載された利用条件をすべて満たしていますか。,"{""false"":""いいえ。質問の命題は成立しない。"",""true"":""はい。質問の命題が成立する。""}",true
gen-choice-10-028,choice,generated,不在時の代理,"""担当者: 白波は林、木漏れ日は高橋、春風は大野、草原は木村、水面は松本、灯台は中村、星空は山田、山道は石田。代理者: 林の代理は高橋、高橋の代理は大野、大野の代理は木村、木村の代理は松本、松本の代理は中村、中村の代理は山田、山田の代理は石田、石田の代理は林。本日の不在者は林、高橋、石田、木村、中村、山田、大野。問い合わせ先の案件は灯台です。代理への振替は一回だけ行い、その先の不在は判定しません。""",一回だけの代理振替を適用した後の宛先を答えてください。,"{""松本"":""松本さん"",""木村"":""木村さん"",""山田"":""山田さん"",""林"":""林さん"",""大野"":""大野さん"",""石田"":""石田さん"",""中村"":""中村さん"",""高橋"":""高橋さん""}",山田
gen-noul-12-044,noul,generated,記録と主張の照合,"""朝露施設の入口について、いま確認した確定記録は北口は完全に開いている、南口は完全に開いている、東口は完全に閉じている、西口は完全に閉じている、裏口は半分だけ開いている、搬入口は半分だけ開いているです。現在の判断にはこの確定記録だけを使います。""",『現在の南口は完全に開いている』という主張は確定記録と一致しますか。,"{""false"":""いいえ。質問の命題は成立しない。"",""true"":""はい。質問の命題が成立する。""}",true
gen-choice-04-010,choice,generated,参照先の担当,"{""案件担当"":{""星空"":""山田"",""青空"":""青木"",""若葉"":""石田"",""灯台"":""加藤"",""春風"":""林"",""山道"":""松本""},""資料の所属案件"":{""名札"":""若葉"",""ケース"":""山道"",""ラベル"":""青空"",""クリップ"":""春風"",""カード"":""灯台"",""用紙"":""星空""},""確認資料"":""名札""}",確認する資料の案件を担当している人を答えてください。,"{""加藤"":""加藤さん"",""松本"":""松本さん"",""林"":""林さん"",""石田"":""石田さん"",""青木"":""青木さん"",""山田"":""山田さん""}",石田
gen-score-05-047,score,generated,緊急条件の加点,"{""案件"":""朝露"",""基本優先度"":2,""締切までの残り時間"":5,""規則"":""残り3時間以内なら1加点、それより長ければ0加点。上限2""}",条件付き加点後の優先度を選んでください。,"[""最終優先度0"",""最終優先度1"",""最終優先度2""]",2
gen-choice-12-008,choice,generated,条件付き不足書類,"""書類確認の優先順は本人確認票→受領票。本人確認票だけは代理申請の場合に限って必要で、それ以外は常に必要です。今回は代理申請。提出済みはなしです。""",申請区分に応じて必要書類を確認し、最優先で追加提出を求めるものを答えてください。なければ追加不要です。,"{""追加不要"":""必要書類はすべて提出済み"",""本人確認票"":""本人確認票"",""受領票"":""受領票""}",本人確認票
gen-score-14-009,score,generated,参照表の順序尺度,"""今回の検査用の対応表: 黄印は段階0、茶印は段階1、紫印は段階2、白印は段階3、赤印は段階4、青印は段階5、黒印は段階6、緑印は段階7。白波の確定検査票には赤印が付いています。色に一般的な良し悪しは仮定しません。""",一般常識ではなく示された表に従って段階を答えてください。,"[""表による段階0"",""表による段階1"",""表による段階2"",""表による段階3"",""表による段階4"",""表による段階5"",""表による段階6"",""表による段階7""]",4
gen-score-08-046,score,generated,要件への一致数,"""注文要件: 色=白、印字=なし。提案品: 色=白、印字=なし。""",各属性の完全一致を一点として採点してください。,"[""一致した要件が0項目"",""一致した要件が1項目"",""一致した要件が2項目""]",2
gen-noul-01-044,noul,generated,事実と否定質問,"{""対象者"":""森"",""項目"":""予約変更を実施"",""実施済み"":false}",記録上、森さんは予約変更を実施していないと言えますか。,"{""false"":""いいえ。質問の命題は成立しない。"",""true"":""はい。質問の命題が成立する。""}",true
gen-choice-08-004,choice,generated,改訂と例外の優先,"{""通常品ラベルの改訂・古い順"":[""黄"",""赤"",""黒""],""優先例外"":""冷蔵品は黄"",""荷物"":""通常品"",""規則"":""後の改訂が前を上書きする""}",今回適用されるラベルを一つ決めてください。,"{""黄"":""黄ラベル"",""青"":""青ラベル"",""緑"":""緑ラベル"",""赤"":""赤ラベル"",""白"":""白ラベル"",""黒"":""黒ラベル"",""茶"":""茶ラベル""}",黒
gen-score-04-018,score,generated,独立チェックの合計,"""若葉資料の点検: 日付ありは満たす、添付ありは満たす、宛先ありは満たす、ページ番号ありは満たす、承認印ありは満たす、題名ありは満たす、署名ありは満たす。各項目は一つずつ数えます。""",合格した項目数に対応する段階を答えてください。,"[""満たした項目が0個"",""満たした項目が1個"",""満たした項目が2個"",""満たした項目が3個"",""満たした項目が4個"",""満たした項目が5個"",""満たした項目が6個"",""満たした項目が7個""]",7
gen-choice-01-050,choice,generated,問い合わせ経路,"{""分類表"":{""アカウント"":[""ログイン"",""パスワード"",""退会""],""店舗"":[""営業時間"",""店内設備"",""店舗の場所""]},""本文"":""お店がどこにあるか知りたいです"",""受付主題"":""店舗の場所""}",記録された主題を扱う転送先はどこですか。,"{""店舗"":""店舗の窓口"",""アカウント"":""アカウントの窓口""}",店舗
gen-noul-09-001,noul,generated,重複を除いた件数,"{""棚"":""夕凪"",""読み取り品名"":[""袋"",""箱"",""名札"",""カード"",""付箋"",""箱"",""カード"",""シール"",""ノート"",""ノート"",""冊子"",""カード""],""数え方"":""同一品名の重複を除く""}",重複を除いた種類数は2以上という条件を満たしますか。,"{""false"":""いいえ。質問の命題は成立しない。"",""true"":""はい。質問の命題が成立する。""}",true
gen-noul-12-019,noul,generated,記録と主張の照合,"{""施設"":""朝露"",""入口ごとの現在の確定記録"":{""北口"":""完全に閉じている"",""南口"":""完全に閉じている"",""東口"":""4分の1だけ開いている"",""西口"":""完全に閉じている"",""裏口"":""半分だけ開いている"",""搬入口"":""完全に開いている""},""判定資料"":""現在の確定記録のみ""}",いま裏口が完全に閉じているという判断は正しいですか。,"{""false"":""いいえ。質問の命題は成立しない。"",""true"":""はい。質問の命題が成立する。""}",false
gen-score-08-031,score,generated,要件への一致数,"{""注文要件"":{""配送"":""店頭""},""提案品"":{""配送"":""宅配""}}",注文要件と一致している属性の数を段階として選んでください。,"[""一致した要件が0項目"",""一致した要件が1項目""]",0
gen-choice-09-013,choice,generated,利用可能集合の差,"""貸出台帳で利用可能と記録されている品はテープ。予約済みの品は封筒、クリップです。""",予約済みを利用可能一覧から除いたとき、残る品を答えてください。,"{""テープ"":""テープ"",""封筒"":""封筒"",""クリップ"":""クリップ""}",テープ
gen-choice-13-047,choice,generated,工程の依存順,"{""案件"":""木漏れ日"",""工程順"":[""準備"",""承認"",""受付"",""実施"",""報告"",""内容確認""],""完了済み"":[""準備"",""承認"",""受付"",""実施"",""報告""],""規則"":""順に実行し未完了工程を飛ばさない""}",この作業を一段進めるときに着手する工程を答えてください。残りがなければ完了です。,"{""受付"":""受付"",""承認"":""承認"",""報告"":""報告"",""内容確認"":""内容確認"",""準備"":""準備"",""完了"":""全工程が完了"",""実施"":""実施""}",内容確認
gen-noul-08-045,noul,generated,集合と否定所属,"{""催し"":""木漏れ日"",""完全な参加者名簿"":[""木村"",""吉田"",""加藤"",""石田"",""大野""],""補足"":""名前のない人は参加者ではない""}",石田さんは参加者ではないと言えますか。,"{""false"":""いいえ。質問の命題は成立しない。"",""true"":""はい。質問の命題が成立する。""}",false
gen-choice-05-025,choice,generated,否定条件で選択,"""検品記録: カードは封ありで濡れている、クリップは封ありで濡れていない、テープは封なしで濡れていない、ラベルは封ありで濡れている、ファイルは封ありで濡れている。""",濡れた品は除外し、封がある品を一つ選んでください。,"{""ラベル"":""ラベル"",""ファイル"":""ファイル"",""カード"":""カード"",""クリップ"":""クリップ"",""テープ"":""テープ""}",クリップ
gen-score-07-030,score,generated,証拠の最高到達段階,"""この調査固有の証拠段階表: 第三者確認は段階1、担当者報告は段階2、監査記録は段階3、一次資料は段階4、口頭メモは段階5、写真記録は段階6、署名済み文書は段階7。灯台で得られた証拠は口頭メモ、一次資料、担当者報告、第三者確認、写真記録、監査記録。複数ある場合は最大の段階を使い、なければ0です。""",この調査の証拠段階を選んでください。,"[""証拠なしの段階0"",""表に基づく最高証拠段階1"",""表に基づく最高証拠段階2"",""表に基づく最高証拠段階3"",""表に基づく最高証拠段階4"",""表に基づく最高証拠段階5"",""表に基づく最高証拠段階6"",""表に基づく最高証拠段階7""]",6
gen-score-07-026,score,generated,証拠の最高到達段階,"{""調査"":""春風"",""この調査の証拠段階"":{""署名済み文書"":1,""一次資料"":2,""監査記録"":3},""得られた証拠"":[""一次資料"",""署名済み文書""],""集約規則"":""得られた段階の最大。証拠なしは0""}",この調査の証拠段階を選んでください。,"[""証拠なしの段階0"",""表に基づく最高証拠段階1"",""表に基づく最高証拠段階2"",""表に基づく最高証拠段階3""]",2
gen-choice-03-033,choice,generated,最終更新,"""案件「白波」の記録です。14時の更新: 確認中。 9時の更新: 未着手。 13時の更新: 保留。""",最後の時刻の記録が有効です。現在の状態はどれですか。,"{""確認中"":""確認中"",""保留"":""保留"",""取消"":""取消"",""未着手"":""未着手""}",確認中
gen-noul-08-020,noul,generated,集合と否定所属,"""白波の参加者名簿は上田、大野です。この名簿は完全で、記載のない人は参加者ではありません。""",高橋さんは参加者ではないと言えますか。,"{""false"":""いいえ。質問の命題は成立しない。"",""true"":""はい。質問の命題が成立する。""}",true
gen-noul-09-021,noul,generated,重複を除いた件数,"{""棚"":""白波"",""読み取り品名"":[""クリップ"",""テープ"",""袋"",""用紙"",""名札"",""箱"",""用紙"",""封筒"",""ラベル"",""用紙""],""数え方"":""同一品名の重複を除く""}",重複を除いた種類数は6以上という条件を満たしますか。,"{""false"":""いいえ。質問の命題は成立しない。"",""true"":""はい。質問の命題が成立する。""}",true
gen-score-03-041,score,generated,順番に進む工程,"{""案件"":""朝露"",""工程順"":[""準備""],""完了済み"":[],""着手中は完了に含めない"":true}",工程の完了状況を段階尺度で評価してください。,"[""完了した工程はまだない"",""先頭から1工程が完了（最後に完了したのは準備）""]",0
gen-score-02-005,score,generated,記述の満足段階,"""木村さんは星空の体験について「強い不満があり、受け入れられない」と回答しました。追加の発言はありません。""",発言の意味に最も合う満足段階を選んでください。,"[""強い不満"",""不満"",""やや不満"",""どちらでもない"",""満足"",""強い満足"",""最高の満足""]",0
gen-score-02-008,score,generated,記述の満足段階,"""加藤さんは灯台の体験について「良い結果で、満足している」と回答しました。追加の発言はありません。""",感想に明示された評価を尺度へ対応づけてください。,"[""強い不満"",""やや満足"",""満足""]",2
gen-noul-02-001,noul,generated,全条件の充足,"{""すべて必要な条件"":[""同意書提出"",""本人確認"",""事前登録""],""対象"":""加藤"",""完了状況"":{""同意書提出"":true,""本人確認"":false,""事前登録"":true}}",規則に照らし、この人の利用資格は成立しますか。,"{""false"":""いいえ。質問の命題は成立しない。"",""true"":""はい。質問の命題が成立する。""}",false
gen-noul-04-038,noul,generated,例外の優先,"""規則: 会員であれば灯台を利用できます。ただし登録凍結中なら利用できません。中村さんは会員に該当、登録凍結中に非該当です。""",例外を含む規則のもとで利用は許可されますか。,"{""false"":""いいえ。質問の命題は成立しない。"",""true"":""はい。質問の命題が成立する。""}",true
gen-noul-15-038,noul,generated,出来事の前後関係,"""青木さんの作業日誌は実施順に伝票記入→検品→引継ぎ→荷物受取→報告→電話連絡です。記載した各作業は一回ずつ実施しました。""",『報告が先、検品が後』という順序は正しいですか。,"{""false"":""いいえ。質問の命題は成立しない。"",""true"":""はい。質問の命題が成立する。""}",false
gen-noul-14-039,noul,generated,予定時間の重なり,"""高橋さんの予定: 春風会議は15時から19時、面談は12時から15時。終了と次の開始が同時刻の場合は重複とは扱いません。""",指定された端点の扱いで予定の重複はありますか。,"{""false"":""いいえ。質問の命題は成立しない。"",""true"":""はい。質問の命題が成立する。""}",false
gen-choice-08-001,choice,generated,改訂と例外の優先,"""通常品の貼付ラベルについて、連絡は古い順に「青」「黒」「黄」でした。後の連絡が前の連絡を上書きします。ただし冷蔵品には連絡履歴に関係なく茶ラベルを貼ります。今回の荷物は冷蔵品です。""",この荷物に貼るラベルの色を選んでください。,"{""青"":""青ラベル"",""紫"":""紫ラベル"",""赤"":""赤ラベル"",""黄"":""黄ラベル"",""茶"":""茶ラベル"",""白"":""白ラベル"",""黒"":""黒ラベル""}",茶
gen-choice-01-012,choice,generated,問い合わせ経路,"""受付分類表は次のとおりです。請求窓口: 二重請求・領収書・返金 / 製品窓口: 破損・初期不良・部品交換 / アカウント窓口: ログイン・パスワード・退会 / 配送窓口: 届け先変更・荷物の遅延・追跡番号 / 店舗窓口: 営業時間・店内設備・店舗の場所 / 契約窓口: 契約更新・プラン変更・解約手続き。問い合わせ本文:「自分のアカウントにログインできません」。受付担当が付けた主題は「ログイン」です。""",記録された主題を扱う転送先はどこですか。,"{""店舗"":""店舗の窓口"",""請求"":""請求の窓口"",""アカウント"":""アカウントの窓口"",""製品"":""製品の窓口"",""配送"":""配送の窓口"",""契約"":""契約の窓口""}",アカウント
gen-noul-06-036,noul,generated,更新後の状態,"""朝露の状態記録: 17時には点検中、18時には点検中、14時には満席、9時には受付中、16時には満席。時刻が新しい記録が古い記録を上書きします。""",現在の状態は「点検中」ですか。,"{""false"":""いいえ。質問の命題は成立しない。"",""true"":""はい。質問の命題が成立する。""}",true
gen-score-15-013,score,generated,軽重のある項目,"{""不備ごとの配点"":{""誤字"":2,""余白不備"":1,""宛名不備"":1,""添付欠落"":1},""不備あり"":{""誤字"":false,""余白不備"":false,""宛名不備"":false,""添付欠落"":false},""上限"":4}",見つかった不備の点数を合計し、上限を適用してください。,"[""不備点の合計が0点"",""不備点の合計が1点"",""不備点の合計が2点"",""不備点の合計が3点"",""不備点の合計が4点以上""]",0
gen-choice-06-004,choice,generated,時間枠の包含,"""部屋の連続利用可能時間: 茶室は12時から16時まで、赤室は10時から13時まで、黄室は9時から13時まで、青室は12時から16時まで、白室は10時から13時まで、黒室は10時から16時まで、紫室は9時から13時まで、緑室は10時から13時まで。会議は11時開始、14時終了です。""",会議時間の一部だけでなく全体を含む空き時間を持つ部屋を答えてください。端の一致は可です。,"{""緑"":""緑室"",""黄"":""黄室"",""紫"":""紫室"",""白"":""白室"",""赤"":""赤室"",""青"":""青室"",""黒"":""黒室"",""茶"":""茶室""}",黒
gen-choice-09-037,choice,generated,利用可能集合の差,"{""利用可能品"":[""名札"",""付箋"",""カード"",""ノート"",""クリップ"",""封筒""],""予約済み品"":[""付箋"",""カード"",""ノート"",""クリップ"",""名札""]}",今貸せるのは利用可能かつ未予約の品です。該当するものはどれですか。,"{""ノート"":""ノート"",""付箋"":""付箋"",""カード"":""カード"",""クリップ"":""クリップ"",""封筒"":""封筒"",""名札"":""名札""}",封筒
gen-score-07-020,score,generated,証拠の最高到達段階,"""この調査固有の証拠段階表: 担当者報告は段階1、監査記録は段階2、口頭メモは段階3、第三者確認は段階4。朝露で得られた証拠はなし。複数ある場合は最大の段階を使い、なければ0です。""",明示された段階表だけで証拠を評価してください。,"[""証拠なしの段階0"",""表に基づく最高証拠段階1"",""表に基づく最高証拠段階2"",""表に基づく最高証拠段階3"",""表に基づく最高証拠段階4""]",0
gen-choice-02-049,choice,generated,条件と優先例外,"""山道店では会員で購入数が6個以上なら優待扱いです。ただし予約品は購入数や会員資格にかかわらず通常扱いです。今回は4個、非会員、通常在庫品です。""",例外も踏まえて、今回の購入区分はどれですか。,"{""優待"":""優待の扱い"",""通常"":""通常の扱い""}",通常
gen-choice-08-011,choice,generated,改訂と例外の優先,"{""通常品ラベルの改訂・古い順"":[""赤"",""茶"",""白""],""優先例外"":""冷蔵品は白"",""荷物"":""通常品"",""規則"":""後の改訂が前を上書きする""}",今回適用されるラベルを一つ決めてください。,"{""黒"":""黒ラベル"",""黄"":""黄ラベル"",""紫"":""紫ラベル"",""青"":""青ラベル"",""茶"":""茶ラベル"",""赤"":""赤ラベル"",""白"":""白ラベル""}",白
gen-score-06-021,score,generated,約束時刻からの遅れ,"""春風便は7時到着の約束でした。実際の到着は同じ日の9時です。早着した場合の遅れは0時間とします。""",到着の遅れを段階基準で評価してください。,"[""遅れが1時間未満"",""遅れが1時間以上、2時間未満"",""遅れが2時間以上、3時間未満"",""遅れが3時間以上、4時間未満"",""遅れが4時間以上、5時間未満"",""遅れが5時間以上""]",2
gen-choice-05-026,choice,generated,否定条件で選択,"""検品記録: カードは封ありで濡れていない、クリップは封ありで濡れている、ペンは封ありで濡れている、冊子は封なしで濡れていない、封筒は封ありで濡れていない、テープは封なしで濡れている。""",封がないもので、かつ濡れていない品を選んでください。,"{""クリップ"":""クリップ"",""ペン"":""ペン"",""冊子"":""冊子"",""テープ"":""テープ"",""封筒"":""封筒"",""カード"":""カード""}",冊子
gen-score-01-027,score,generated,件数の段階境界,"""春風で検品で見つかった不備を数えたところ、現在3件でした。処理済みは数に含めていません。""",件数だけを評価尺度に照らして判定してください。,"[""対象件数が1件未満"",""対象件数が1件以上、2件未満"",""対象件数が2件以上、3件未満"",""対象件数が3件以上、4件未満"",""対象件数が4件以上、5件未満"",""対象件数が5件以上、6件未満"",""対象件数が6件以上""]",3
gen-score-14-010,score,generated,参照表の順序尺度,"{""検査対象"":""山道"",""今回の対応表"":{""茶"":0,""黒"":1},""確定票の印"":""黒""}",一般常識ではなく示された表に従って段階を答えてください。,"[""表による段階0"",""表による段階1""]",1
gen-score-14-034,score,generated,参照表の順序尺度,"{""検査対象"":""白波"",""今回の対応表"":{""赤"":0,""黄"":1,""黒"":2,""紫"":3,""緑"":4},""確定票の印"":""黄""}",検査票の印を指定尺度に変換してください。,"[""表による段階0"",""表による段階1"",""表による段階2"",""表による段階3"",""表による段階4""]",1
gen-noul-04-014,noul,generated,例外の優先,"""規則: 本人確認済みであれば朝露を利用できます。ただし未返却品ありなら利用できません。加藤さんは本人確認済みに該当、未返却品ありに非該当です。""",例外を含む規則のもとで利用は許可されますか。,"{""false"":""いいえ。質問の命題は成立しない。"",""true"":""はい。質問の命題が成立する。""}",true
gen-score-02-024,score,generated,記述の満足段階,"{""回答者"":""加藤"",""対象"":""星空"",""感想原文"":""強い不満があり、受け入れられない""}",発言の意味に最も合う満足段階を選んでください。,"[""強い不満"",""不満"",""どちらでもない"",""満足"",""強い満足""]",0
gen-noul-03-015,noul,generated,いずれかの条件,"""夕凪の受付では紹介状・当日券・事前予約票のうち一つ以上があれば通れます。渡辺さん: 紹介状はなし、当日券はなし、事前予約票はなし。""",少なくとも一つの必要条件が成立していますか。,"{""false"":""いいえ。質問の命題は成立しない。"",""true"":""はい。質問の命題が成立する。""}",false
gen-score-02-023,score,generated,記述の満足段階,"{""回答者"":""遠藤"",""対象"":""青空"",""感想原文"":""予想を超えており、強く満足した""}",発言の意味に最も合う満足段階を選んでください。,"[""強い不満"",""どちらでもない"",""強い満足"",""最高の満足""]",2
gen-choice-06-020,choice,generated,時間枠の包含,"""部屋の連続利用可能時間: 白室は17時から18時まで、緑室は17時から18時まで、茶室は16時から18時まで、黄室は17時から19時まで、青室は17時から19時まで。会議は16時開始、17時終了です。""",会議時間の一部だけでなく全体を含む空き時間を持つ部屋を答えてください。端の一致は可です。,"{""白"":""白室"",""茶"":""茶室"",""青"":""青室"",""黄"":""黄室"",""緑"":""緑室""}",茶
gen-choice-13-015,choice,generated,工程の依存順,"""案件「水面」の工程順は内容確認→実施→承認→報告→準備です。途中の工程を飛ばすことはできません。完了済みは内容確認、実施、承認です。""",次に行う工程を選んでください。すべて済んでいれば完了を選びます。,"{""内容確認"":""内容確認"",""承認"":""承認"",""実施"":""実施"",""報告"":""報告"",""準備"":""準備"",""完了"":""全工程が完了""}",報告
gen-choice-12-020,choice,generated,条件付き不足書類,"""書類確認の優先順は委任状→受領票→申込書。委任状だけは代理申請の場合に限って必要で、それ以外は常に必要です。今回は本人申請。提出済みは委任状、申込書、受領票です。""",必要な不足書類を先頭から一つだけ案内します。どれですか。必要書類に不足がなければ追加不要です。,"{""申込書"":""申込書"",""追加不要"":""必要書類はすべて提出済み"",""委任状"":""委任状"",""受領票"":""受領票""}",追加不要
gen-noul-14-007,noul,generated,予定時間の重なり,"""松本さんの予定: 朝露会議は8時から9時、面談は7時から8時。終了と次の開始が同時刻の場合は重複とは扱いません。""",同時に二つの予定に出席しなければならない時間がありますか。,"{""false"":""いいえ。質問の命題は成立しない。"",""true"":""はい。質問の命題が成立する。""}",false
gen-choice-10-011,choice,generated,不在時の代理,"{""案件担当"":{""青空"":""山田"",""若葉"":""木村"",""水面"":""林"",""木漏れ日"":""吉田"",""春風"":""石田"",""灯台"":""加藤"",""山道"":""上田""},""代理者"":{""山田"":""木村"",""木村"":""林"",""林"":""吉田"",""吉田"":""石田"",""石田"":""加藤"",""加藤"":""上田"",""上田"":""山田""},""不在者"":[],""案件"":""水面"",""ルール"":""担当者が不在なら指定代理に一度だけ振替。代理の在席状況は問わない""}",一回だけの代理振替を適用した後の宛先を答えてください。,"{""石田"":""石田さん"",""木村"":""木村さん"",""吉田"":""吉田さん"",""上田"":""上田さん"",""山田"":""山田さん"",""加藤"":""加藤さん"",""林"":""林さん""}",林
gen-noul-03-002,noul,generated,いずれかの条件,"""春風の受付では紹介状・会員証のうち一つ以上があれば通れます。林さん: 紹介状はあり、会員証はなし。""",この人は受付基準を満たしていますか。,"{""false"":""いいえ。質問の命題は成立しない。"",""true"":""はい。質問の命題が成立する。""}",true
gen-choice-09-032,choice,generated,利用可能集合の差,"""貸出台帳で利用可能と記録されている品は用紙。予約済みの品はなしです。""",今貸せるのは利用可能かつ未予約の品です。該当するものはどれですか。,"{""ラベル"":""ラベル"",""用紙"":""用紙""}",用紙
gen-choice-07-036,choice,generated,複数属性の制約,"{""在庫表"":[{""品名"":""用紙"",""色"":""白"",""素材"":""ガラス"",""在庫あり"":true},{""品名"":""ノート"",""色"":""黒"",""素材"":""ガラス"",""在庫あり"":false},{""品名"":""テープ"",""色"":""黒"",""素材"":""ガラス"",""在庫あり"":true},{""品名"":""ペン"",""色"":""黒"",""素材"":""布"",""在庫あり"":true},{""品名"":""カード"",""色"":""白"",""素材"":""ガラス"",""在庫あり"":true},{""品名"":""ファイル"",""色"":""白"",""素材"":""ガラス"",""在庫あり"":true},{""品名"":""名札"",""色"":""赤"",""素材"":""ガラス"",""在庫あり"":true},{""品名"":""ラベル"",""色"":""黒"",""素材"":""金属"",""在庫あり"":true}]}",今注文できるガラス製の黒色の商品を答えてください。在庫なしは選べません。,"{""ファイル"":""ファイル"",""用紙"":""用紙"",""ノート"":""ノート"",""カード"":""カード"",""ペン"":""ペン"",""名札"":""名札"",""テープ"":""テープ"",""ラベル"":""ラベル""}",テープ
gen-score-10-026,score,generated,不足の段階,"{""申請"":""草原"",""必要書類"":[""受領票"",""見積書"",""承認書""],""届いた書類"":[""案内状""],""余分な書類で代用できる"":false}",必要書類の不足数に対応する段階を選んでください。,"[""不足が0種類"",""不足が1種類"",""不足が2種類"",""不足が3種類""]",3
gen-score-15-034,score,generated,軽重のある項目,"{""不備ごとの配点"":{""頁番号欠落"":2,""誤字"":1,""日付欠落"":1,""余白不備"":1},""不備あり"":{""頁番号欠落"":false,""誤字"":true,""日付欠落"":true,""余白不備"":true},""上限"":4}",見つかった不備の点数を合計し、上限を適用してください。,"[""不備点の合計が0点"",""不備点の合計が1点"",""不備点の合計が2点"",""不備点の合計が3点"",""不備点の合計が4点以上""]",3
gen-choice-06-037,choice,generated,時間枠の包含,"{""空き時間"":[{""部屋"":""茶"",""開始"":10,""終了"":14},{""部屋"":""白"",""開始"":11,""終了"":17},{""部屋"":""緑"",""開始"":13,""終了"":17}],""会議開始"":12,""会議終了"":15}",会議の全時間を連続して確保できる部屋を選んでください。開始・終了の一致は許可します。,"{""緑"":""緑室"",""茶"":""茶室"",""白"":""白室""}",白
gen-choice-11-046,choice,generated,小数量の比較,"""入出庫記録: ペンは在庫11個、そのうち予約3個、袋は在庫10個、そのうち予約4個、テープは在庫3個、そのうち予約3個。予約分は自由在庫に含めません。""",今使える個数が最も少ない品を答えてください。,"{""袋"":""袋"",""テープ"":""テープ"",""ペン"":""ペン""}",テープ
gen-noul-14-024,noul,generated,予定時間の重なり,"{""対象者"":""佐藤"",""会議"":[14,17],""面談"":[14,17],""規則"":""終了時刻と開始時刻が一致するだけなら重複なし""}",二つの予定の時間は重なっていますか。,"{""false"":""いいえ。質問の命題は成立しない。"",""true"":""はい。質問の命題が成立する。""}",true
gen-score-02-020,score,generated,記述の満足段階,"""青木さんは星空の体験について「期待に届かず、不満だった」と回答しました。追加の発言はありません。""",発言の意味に最も合う満足段階を選んでください。,"[""強い不満"",""不満"",""やや不満"",""どちらでもない"",""やや満足"",""満足"",""強い満足"",""最高の満足""]",1
gen-noul-04-048,noul,generated,例外の優先,"{""許可条件"":""講習修了"",""優先禁止条件"":""申請保留中"",""対象"":""山田"",""許可条件に該当"":true,""禁止条件に該当"":false}",例外を含む規則のもとで利用は許可されますか。,"{""false"":""いいえ。質問の命題は成立しない。"",""true"":""はい。質問の命題が成立する。""}",true
gen-noul-04-029,noul,generated,例外の優先,"{""許可条件"":""認定済み"",""優先禁止条件"":""入場制限中"",""対象"":""中村"",""許可条件に該当"":false,""禁止条件に該当"":false}",例外を含む規則のもとで利用は許可されますか。,"{""false"":""いいえ。質問の命題は成立しない。"",""true"":""はい。質問の命題が成立する。""}",false
gen-choice-10-008,choice,generated,不在時の代理,"{""案件担当"":{""草原"":""中村"",""山道"":""加藤"",""春風"":""松本"",""朝露"":""石田"",""星空"":""吉田"",""若葉"":""木村"",""灯台"":""大野"",""木漏れ日"":""上田""},""代理者"":{""中村"":""加藤"",""加藤"":""松本"",""松本"":""石田"",""石田"":""吉田"",""吉田"":""木村"",""木村"":""大野"",""大野"":""上田"",""上田"":""中村""},""不在者"":[""石田"",""松本"",""木村"",""中村""],""案件"":""山道"",""ルール"":""担当者が不在なら指定代理に一度だけ振替。代理の在席状況は問わない""}",一回だけの代理振替を適用した後の宛先を答えてください。,"{""中村"":""中村さん"",""加藤"":""加藤さん"",""吉田"":""吉田さん"",""大野"":""大野さん"",""木村"":""木村さん"",""上田"":""上田さん"",""松本"":""松本さん"",""石田"":""石田さん""}",加藤
gen-choice-05-006,choice,generated,否定条件で選択,"""検品記録: 袋は封なしで濡れていない、ファイルは封なしで濡れている、ラベルは封ありで濡れていない、名札は封ありで濡れている、用紙は封ありで濡れている、ノートは封なしで濡れていない、封筒は封ありで濡れている。""",濡れた品は除外し、封がある品を一つ選んでください。,"{""ラベル"":""ラベル"",""名札"":""名札"",""ファイル"":""ファイル"",""袋"":""袋"",""用紙"":""用紙"",""ノート"":""ノート"",""封筒"":""封筒""}",ラベル
gen-score-02-049,score,generated,記述の満足段階,"""吉田さんは山道の体験について「到底納得できず、強い不満を感じた」と回答しました。追加の発言はありません。""",回答者が表明した満足の程度を分類してください。,"[""強い不満"",""強い満足""]",0
gen-choice-02-015,choice,generated,条件と優先例外,"{""規則"":""会員かつ10個以上なら優待。ただし予約品は常に通常"",""会員"":true,""購入数"":2,""予約品"":false}",例外も踏まえて、今回の購入区分はどれですか。,"{""優待"":""優待の扱い"",""通常"":""通常の扱い""}",通常
gen-choice-11-041,choice,generated,小数量の比較,"{""在庫"":[{""品名"":""ファイル"",""総在庫"":13,""予約分"":3},{""品名"":""袋"",""総在庫"":15,""予約分"":3},{""品名"":""シール"",""総在庫"":8,""予約分"":4},{""品名"":""ケース"",""総在庫"":1,""予約分"":0},{""品名"":""ノート"",""総在庫"":14,""予約分"":3},{""品名"":""テープ"",""総在庫"":9,""予約分"":2},{""品名"":""付箋"",""総在庫"":0,""予約分"":0},{""品名"":""冊子"",""総在庫"":11,""予約分"":3}],""自由在庫"":""総在庫から予約分を引く""}",予約分を差し引いた残りが一番少ないのはどれですか。,"{""シール"":""シール"",""ノート"":""ノート"",""付箋"":""付箋"",""ケース"":""ケース"",""テープ"":""テープ"",""冊子"":""冊子"",""ファイル"":""ファイル"",""袋"":""袋""}",付箋
gen-noul-05-022,noul,generated,締切の境界,"""春風の提出は16時ちょうどまで受け付け、同時刻の提出も有効です。上田さんの提出記録は8時ちょうどです。""",記録された提出時刻は締切内ですか。,"{""false"":""いいえ。質問の命題は成立しない。"",""true"":""はい。質問の命題が成立する。""}",true
gen-noul-06-040,noul,generated,更新後の状態,"""春風の状態記録: 17時には受付中、19時には受付中、9時には空席あり。時刻が新しい記録が古い記録を上書きします。""",現在の状態は「受付中」ですか。,"{""false"":""いいえ。質問の命題は成立しない。"",""true"":""はい。質問の命題が成立する。""}",true
gen-choice-06-024,choice,generated,時間枠の包含,"{""空き時間"":[{""部屋"":""黒"",""開始"":8,""終了"":10},{""部屋"":""白"",""開始"":7,""終了"":12},{""部屋"":""青"",""開始"":10,""終了"":12},{""部屋"":""黄"",""開始"":7,""終了"":10},{""部屋"":""紫"",""開始"":10,""終了"":12},{""部屋"":""緑"",""開始"":7,""終了"":10},{""部屋"":""赤"",""開始"":10,""終了"":13},{""部屋"":""茶"",""開始"":10,""終了"":13}],""会議開始"":9,""会議終了"":11}",会議の全時間を連続して確保できる部屋を選んでください。開始・終了の一致は許可します。,"{""赤"":""赤室"",""黒"":""黒室"",""緑"":""緑室"",""白"":""白室"",""紫"":""紫室"",""黄"":""黄室"",""茶"":""茶室"",""青"":""青室""}",白
gen-noul-15-021,noul,generated,出来事の前後関係,"""松本さんの作業日誌は実施順に電話連絡→検品→休憩です。記載した各作業は一回ずつ実施しました。""",日誌では電話連絡の方が検品より先ですか。,"{""false"":""いいえ。質問の命題は成立しない。"",""true"":""はい。質問の命題が成立する。""}",true
gen-score-15-014,score,generated,軽重のある項目,"""この点検の配点: 誤字は2点、余白不備は1点、添付欠落は1点、署名欠落は1点、宛名不備は1点。見つかった不備: 誤字、署名欠落、宛名不備。該当項目の点を合計し、5点以上は段階5にまとめます。""",項目数ではなく指定された点数で評価してください。,"[""不備点の合計が0点"",""不備点の合計が1点"",""不備点の合計が2点"",""不備点の合計が3点"",""不備点の合計が4点"",""不備点の合計が5点以上""]",4
gen-noul-09-041,noul,generated,重複を除いた件数,"""星空棚で読み取った品名はペン、ケース、封筒、クリップ、用紙、封筒、ペン、封筒でした。同じ品名の繰り返しは一種類として数えます。""",異なる品名だけ数えると4種類以上ですか。,"{""false"":""いいえ。質問の命題は成立しない。"",""true"":""はい。質問の命題が成立する。""}",true
gen-noul-08-018,noul,generated,集合と否定所属,"""灯台の参加者名簿は遠藤、青木、森、木村、上田です。この名簿は完全で、記載のない人は参加者ではありません。""",名簿に基づき、中村さんが参加者ではないという判断に同意できますか。,"{""false"":""いいえ。質問の命題は成立しない。"",""true"":""はい。質問の命題が成立する。""}",true
gen-noul-02-032,noul,generated,全条件の充足,"{""すべて必要な条件"":[""同意書提出"",""会費支払い""],""対象"":""木村"",""完了状況"":{""同意書提出"":true,""会費支払い"":true}}",規則に照らし、この人の利用資格は成立しますか。,"{""false"":""いいえ。質問の命題は成立しない。"",""true"":""はい。質問の命題が成立する。""}",true
gen-score-12-006,score,generated,目標からの差,"{""案件"":""若葉"",""目標数"":10,""実績数"":7,""採点"":""差の絶対値。ただし4以上は段階4""}",示された上限を含め、実績のずれを段階に変換してください。,"[""目標との差が0個"",""目標との差が1個"",""目標との差が2個"",""目標との差が3個"",""目標との差が4個以上""]",3
gen-score-10-046,score,generated,不足の段階,"""若葉申請で必要なものは同意書、確認票。届いたものは確認票です。必要一覧にない書類は不足を埋めません。""",必要書類の不足数に対応する段階を選んでください。,"[""不足が0種類"",""不足が1種類"",""不足が2種類""]",1
gen-noul-13-038,noul,generated,範囲の開閉境界,"""草原の受付数は、4個より多い、かつ10個未満の場合に限り適合です。今回の数は3個です。""",下限と上限の両方の条件に合いますか。,"{""false"":""いいえ。質問の命題は成立しない。"",""true"":""はい。質問の命題が成立する。""}",false
gen-noul-14-004,noul,generated,予定時間の重なり,"""石田さんの予定: 山道会議は11時から14時、面談は11時から13時。終了と次の開始が同時刻の場合は重複とは扱いません。""",二つの予定の時間は重なっていますか。,"{""false"":""いいえ。質問の命題は成立しない。"",""true"":""はい。質問の命題が成立する。""}",true
gen-noul-03-022,noul,generated,いずれかの条件,"{""いずれか一つ以上必要"":[""会員証"",""事前予約票"",""当日券""],""所持状況"":{""会員証"":true,""事前予約票"":true,""当日券"":true},""対象"":""吉田""}",この人は受付基準を満たしていますか。,"{""false"":""いいえ。質問の命題は成立しない。"",""true"":""はい。質問の命題が成立する。""}",true
gen-choice-05-017,choice,generated,否定条件で選択,"{""検品"":[{""品名"":""袋"",""封がある"":true,""濡れている"":false},{""品名"":""名札"",""封がある"":false,""濡れている"":false},{""品名"":""ノート"",""封がある"":false,""濡れている"":true}]}",濡れた品は除外し、封がある品を一つ選んでください。,"{""ノート"":""ノート"",""袋"":""袋"",""名札"":""名札""}",袋
gen-score-14-048,score,generated,参照表の順序尺度,"{""検査対象"":""若葉"",""今回の対応表"":{""茶"":0,""黒"":1,""黄"":2,""紫"":3,""赤"":4},""確定票の印"":""紫""}",今回の対応表を使って検査票の段階を選んでください。,"[""表による段階0"",""表による段階1"",""表による段階2"",""表による段階3"",""表による段階4""]",3
gen-score-09-032,score,generated,例外による上限,"{""検査合格"":{""包装"":false,""外観"":true},""要再確認の印あり"":false,""採点規則"":""合格数が点数。ただし印があれば上限0点""}",例外条件を反映した評価段階を答えてください。,"[""最終点0点"",""最終点1点"",""最終点2点""]",1
gen-choice-12-002,choice,generated,条件付き不足書類,"""書類確認の優先順は同意書→承認書。承認書だけは代理申請の場合に限って必要で、それ以外は常に必要です。今回は本人申請。提出済みは同意書です。""",申請区分に応じて必要書類を確認し、最優先で追加提出を求めるものを答えてください。なければ追加不要です。,"{""追加不要"":""必要書類はすべて提出済み"",""承認書"":""承認書"",""同意書"":""同意書""}",追加不要
gen-score-02-038,score,generated,記述の満足段階,"""松本さんは草原の体験について「良い結果で、満足している」と回答しました。追加の発言はありません。""",発言の意味に最も合う満足段階を選んでください。,"[""不満"",""やや不満"",""満足"",""強い満足"",""最高の満足""]",2
gen-score-02-043,score,generated,記述の満足段階,"""森さんは春風の体験について「少し良いと感じ、やや満足した」と回答しました。追加の発言はありません。""",感想に明示された評価を尺度へ対応づけてください。,"[""やや不満"",""やや満足"",""満足""]",1
gen-noul-13-048,noul,generated,範囲の開閉境界,"{""下限条件"":""8個より多い"",""上限条件"":""15個以下"",""今回の個数"":16,""関係"":""両方を満たすこと""}",今回の個数は適合範囲に入っていますか。,"{""false"":""いいえ。質問の命題は成立しない。"",""true"":""はい。質問の命題が成立する。""}",false
gen-noul-13-011,noul,generated,範囲の開閉境界,"""白波の受付数は、6個以上、かつ14個未満の場合に限り適合です。今回の数は13個です。""",今回の個数は適合範囲に入っていますか。,"{""false"":""いいえ。質問の命題は成立しない。"",""true"":""はい。質問の命題が成立する。""}",true
gen-score-06-045,score,generated,約束時刻からの遅れ,"{""便"":""朝露"",""約束時刻"":6,""実際の到着時刻"":6,""同日"":true,""早着時の遅れ"":0}",遅れの時間に対応する段階を答えてください。,"[""遅れが2時間未満"",""遅れが2時間以上""]",0
gen-choice-14-024,choice,generated,二属性照合,"""展示品の札: 付箋は青色・布製、カードは茶色・金属製、封筒は茶色・紙製、冊子は黄色・木製。探しているのは茶色の紙製です。""",色だけ・素材だけの一致では足りません。該当品を答えてください。,"{""付箋"":""付箋"",""カード"":""カード"",""冊子"":""冊子"",""封筒"":""封筒""}",封筒
gen-choice-14-036,choice,generated,二属性照合,"{""展示品"":[{""品名"":""冊子"",""色"":""白"",""素材"":""樹脂""},{""品名"":""テープ"",""色"":""緑"",""素材"":""ガラス""},{""品名"":""ノート"",""色"":""黄"",""素材"":""樹脂""},{""品名"":""ラベル"",""色"":""赤"",""素材"":""木""},{""品名"":""封筒"",""色"":""白"",""素材"":""木""},{""品名"":""クリップ"",""色"":""黄"",""素材"":""金属""},{""品名"":""付箋"",""色"":""黄"",""素材"":""布""}],""指定色"":""白"",""指定素材"":""木""}",色だけ・素材だけの一致では足りません。該当品を答えてください。,"{""封筒"":""封筒"",""ラベル"":""ラベル"",""テープ"":""テープ"",""冊子"":""冊子"",""クリップ"":""クリップ"",""付箋"":""付箋"",""ノート"":""ノート""}",封筒
gen-noul-08-034,noul,generated,集合と否定所属,"{""催し"":""白波"",""完全な参加者名簿"":[""木村"",""吉田"",""上田"",""石田"",""佐藤""],""補足"":""名前のない人は参加者ではない""}",名簿に基づき、吉田さんが参加者であるという判断に同意できますか。,"{""false"":""いいえ。質問の命題は成立しない。"",""true"":""はい。質問の命題が成立する。""}",true
gen-score-06-041,score,generated,約束時刻からの遅れ,"""山道便は10時到着の約束でした。実際の到着は同じ日の13時です。早着した場合の遅れは0時間とします。""",約束時刻と到着時刻の差から、遅延段階を選んでください。,"[""遅れが2時間未満"",""遅れが2時間以上、4時間未満"",""遅れが4時間以上、6時間未満"",""遅れが6時間以上、8時間未満"",""遅れが8時間以上""]",1
gen-choice-06-010,choice,generated,時間枠の包含,"""部屋の連続利用可能時間: 赤室は8時から9時まで、紫室は8時から11時まで、茶室は8時から9時まで、緑室は10時から11時まで、白室は8時から9時まで。会議は9時開始、10時終了です。""",会議の全時間を連続して確保できる部屋を選んでください。開始・終了の一致は許可します。,"{""紫"":""紫室"",""赤"":""赤室"",""茶"":""茶室"",""白"":""白室"",""緑"":""緑室""}",紫
gen-noul-13-033,noul,generated,範囲の開閉境界,"{""下限条件"":""1個以上"",""上限条件"":""7個未満"",""今回の個数"":3,""関係"":""両方を満たすこと""}",今回の個数は適合範囲に入っていますか。,"{""false"":""いいえ。質問の命題は成立しない。"",""true"":""はい。質問の命題が成立する。""}",true
gen-noul-01-049,noul,generated,事実と否定質問,"""渡辺さんについての確定記録: 契約を更新しています。""",記録上、渡辺さんは契約を更新していないと言えますか。,"{""false"":""いいえ。質問の命題は成立しない。"",""true"":""はい。質問の命題が成立する。""}",false
gen-choice-10-035,choice,generated,不在時の代理,"{""案件担当"":{""山道"":""林"",""青空"":""大野"",""若葉"":""石田"",""草原"":""渡辺"",""星空"":""松本"",""白波"":""加藤""},""代理者"":{""林"":""大野"",""大野"":""石田"",""石田"":""渡辺"",""渡辺"":""松本"",""松本"":""加藤"",""加藤"":""林""},""不在者"":[""松本"",""加藤"",""渡辺""],""案件"":""若葉"",""ルール"":""担当者が不在なら指定代理に一度だけ振替。代理の在席状況は問わない""}",本日の規則に従う連絡相手を選んでください。,"{""大野"":""大野さん"",""林"":""林さん"",""渡辺"":""渡辺さん"",""松本"":""松本さん"",""加藤"":""加藤さん"",""石田"":""石田さん""}",石田
gen-noul-02-013,noul,generated,全条件の充足,"""草原の利用には講習受講・事前登録がすべて必要です。吉田さん: 講習受講は完了、事前登録は未完了。""",不足条件なく利用を許可できますか。,"{""false"":""いいえ。質問の命題は成立しない。"",""true"":""はい。質問の命題が成立する。""}",false
gen-noul-13-046,noul,generated,範囲の開閉境界,"{""下限条件"":""3個より多い"",""上限条件"":""9個以下"",""今回の個数"":10,""関係"":""両方を満たすこと""}",指定された範囲条件を満たしていますか。,"{""false"":""いいえ。質問の命題は成立しない。"",""true"":""はい。質問の命題が成立する。""}",false
gen-score-07-027,score,generated,証拠の最高到達段階,"{""調査"":""若葉"",""この調査の証拠段階"":{""第三者確認"":1,""一次資料"":2,""口頭メモ"":3,""署名済み文書"":4},""得られた証拠"":[""第三者確認""],""集約規則"":""得られた段階の最大。証拠なしは0""}",明示された段階表だけで証拠を評価してください。,"[""証拠なしの段階0"",""表に基づく最高証拠段階1"",""表に基づく最高証拠段階2"",""表に基づく最高証拠段階3"",""表に基づく最高証拠段階4""]",1
gen-noul-04-025,noul,generated,例外の優先,"{""許可条件"":""本人確認済み"",""優先禁止条件"":""登録凍結中"",""対象"":""吉田"",""許可条件に該当"":false,""禁止条件に該当"":true}",この人は現在、利用可能ですか。,"{""false"":""いいえ。質問の命題は成立しない。"",""true"":""はい。質問の命題が成立する。""}",false
gen-score-09-016,score,generated,例外による上限,"{""検査合格"":{""動作"":true,""外観"":false,""包装"":false,""記録"":false,""付属品"":true,""表示"":false,""寸法"":false},""要再確認の印あり"":false,""採点規則"":""合格数が点数。ただし印があれば上限4点""}",例外条件を反映した評価段階を答えてください。,"[""最終点0点"",""最終点1点"",""最終点2点"",""最終点3点"",""最終点4点"",""最終点5点"",""最終点6点"",""最終点7点""]",2
gen-score-12-039,score,generated,目標からの差,"""若葉の目標数は13個、実績は16個です。多すぎても少なすぎても、目標から何個離れたかで評価します。差が2個以上なら最終段階2にまとめます。""",目標からのずれの段階を選んでください。,"[""目標との差が0個"",""目標との差が1個"",""目標との差が2個以上""]",2
gen-noul-05-032,noul,generated,締切の境界,"{""受付規則"":""12時より前だけ受け付け、12時ちょうどは無効"",""提出者"":""中村"",""提出時刻"":10}",記録された提出時刻は締切内ですか。,"{""false"":""いいえ。質問の命題は成立しない。"",""true"":""はい。質問の命題が成立する。""}",true
gen-score-11-046,score,generated,時刻順の評価更新,"""草原の評価更新履歴: 20時に段階2、16時に段階0、9時に段階1、15時に段階1、11時に段階2。評価は最新時刻の値だけを採用します。""",履歴の記載順に惑わされず、最新評価を答えてください。,"[""評価段階0"",""評価段階1"",""評価段階2""]",2
gen-noul-14-005,noul,generated,予定時間の重なり,"{""対象者"":""森"",""会議"":[9,11],""面談"":[13,14],""規則"":""終了時刻と開始時刻が一致するだけなら重複なし""}",同時に二つの予定に出席しなければならない時間がありますか。,"{""false"":""いいえ。質問の命題は成立しない。"",""true"":""はい。質問の命題が成立する。""}",false
gen-score-10-003,score,generated,不足の段階,"""灯台申請で必要なものは見積書。届いたものは見積書です。必要一覧にない書類は不足を埋めません。""",必要一覧と届いた一覧を照合し、不足の程度を判定してください。,"[""不足が0種類"",""不足が1種類""]",0
gen-noul-12-008,noul,generated,記録と主張の照合,"{""施設"":""朝露"",""入口ごとの現在の確定記録"":{""北口"":""完全に閉じている"",""南口"":""完全に閉じている"",""東口"":""4分の1だけ開いている"",""西口"":""完全に閉じている"",""裏口"":""完全に開いている"",""搬入口"":""完全に閉じている""},""判定資料"":""現在の確定記録のみ""}",いま東口が4分の1だけ開いているという判断は正しいですか。,"{""false"":""いいえ。質問の命題は成立しない。"",""true"":""はい。質問の命題が成立する。""}",true
gen-score-01-048,score,generated,件数の段階境界,"{""案件"":""灯台"",""計数対象"":""未回答の質問"",""件数"":6,""処理済みを除外"":true}",件数だけを評価尺度に照らして判定してください。,"[""対象件数が1件未満"",""対象件数が1件以上、2件未満"",""対象件数が2件以上、3件未満"",""対象件数が3件以上、4件未満"",""対象件数が4件以上、5件未満"",""対象件数が5件以上、6件未満"",""対象件数が6件以上""]",6
gen-noul-13-024,noul,generated,範囲の開閉境界,"""灯台の受付数は、1個より多い、かつ7個以下の場合に限り適合です。今回の数は1個です。""",下限と上限の両方の条件に合いますか。,"{""false"":""いいえ。質問の命題は成立しない。"",""true"":""はい。質問の命題が成立する。""}",false
gen-noul-11-040,noul,generated,参照関係の真偽,"""担当表: 白波は高橋、青空は吉田、草原は森、朝露は渡辺、星空は木村、春風は上田。資料の関連先: 袋は草原、テープは星空、箱は朝露、冊子は青空、ノートは春風、ケースは白波。""",冊子に関連する案件の担当は上田さんですか。,"{""false"":""いいえ。質問の命題は成立しない。"",""true"":""はい。質問の命題が成立する。""}",false
gen-score-13-038,score,generated,取消しを反映した件数,"""夕凪の申込み記録: 森は受付済み・取消済み、渡辺は未受付・取消なし、青木は未受付・取消なし、吉田は受付済み・取消済み、石田は受付済み・取消済み、上田は受付済み・取消済み。取消済みの申込みは有効件数から除きます。1件以上は最終段階1にまとめます。""",現在有効な申込みだけを数えて評価してください。,"[""有効申込みが0件"",""有効申込みが1件以上""]",0
gen-choice-01-035,choice,generated,問い合わせ経路,"""受付分類表は次のとおりです。配送窓口: 届け先変更・荷物の遅延・追跡番号 / 製品窓口: 破損・初期不良・部品交換 / アカウント窓口: ログイン・パスワード・退会 / 契約窓口: 契約更新・プラン変更・解約手続き / 店舗窓口: 営業時間・店内設備・店舗の場所 / 請求窓口: 二重請求・領収書・返金。問い合わせ本文:「サービスの解約手続きを知りたいです」。受付担当が付けた主題は「解約手続き」です。""",記録された主題を扱う転送先はどこですか。,"{""アカウント"":""アカウントの窓口"",""契約"":""契約の窓口"",""請求"":""請求の窓口"",""製品"":""製品の窓口"",""店舗"":""店舗の窓口"",""配送"":""配送の窓口""}",契約
gen-score-10-006,score,generated,不足の段階,"""若葉申請で必要なものは申込書、添付図、見積書、同意書。届いたものは挨拶状です。必要一覧にない書類は不足を埋めません。""",未提出の必要書類はいくつの段階ですか。,"[""不足が0種類"",""不足が1種類"",""不足が2種類"",""不足が3種類"",""不足が4種類""]",4
gen-score-06-025,score,generated,約束時刻からの遅れ,"""草原便は8時到着の約束でした。実際の到着は同じ日の8時です。早着した場合の遅れは0時間とします。""",遅れの時間に対応する段階を答えてください。,"[""遅れが2時間未満"",""遅れが2時間以上、4時間未満"",""遅れが4時間以上""]",0
gen-noul-15-011,noul,generated,出来事の前後関係,"{""担当者"":""遠藤"",""実施順"":[""伝票記入"",""棚への配置"",""報告"",""休憩"",""検品""],""各作業の実施回数"":1}",報告は休憩より前に行われましたか。,"{""false"":""いいえ。質問の命題は成立しない。"",""true"":""はい。質問の命題が成立する。""}",true
gen-noul-13-028,noul,generated,範囲の開閉境界,"""草原の受付数は、5個より多い、かつ10個未満の場合に限り適合です。今回の数は11個です。""",指定された範囲条件を満たしていますか。,"{""false"":""いいえ。質問の命題は成立しない。"",""true"":""はい。質問の命題が成立する。""}",false
gen-noul-03-010,noul,generated,いずれかの条件,"""木漏れ日の受付では紹介状・招待券・当日券のうち一つ以上があれば通れます。石田さん: 紹介状はあり、招待券はなし、当日券はあり。""",この人は受付基準を満たしていますか。,"{""false"":""いいえ。質問の命題は成立しない。"",""true"":""はい。質問の命題が成立する。""}",true
gen-choice-02-009,choice,generated,条件と優先例外,"""灯台店では会員で購入数が6個以上なら優待扱いです。ただし予約品は購入数や会員資格にかかわらず通常扱いです。今回は5個、非会員、予約品です。""",例外も踏まえて、今回の購入区分はどれですか。,"{""優待"":""優待の扱い"",""通常"":""通常の扱い""}",通常
gen-noul-07-049,noul,generated,識別文字列の完全一致,"""商品ラベルの管理コードは「PQ3-D」、注文票の管理コードは「PQ3-D」です。照合では大文字と小文字、記号の違いも区別します。""",同一コードとして扱ってよいですか。,"{""false"":""いいえ。質問の命題は成立しない。"",""true"":""はい。質問の命題が成立する。""}",true
gen-noul-07-035,noul,generated,識別文字列の完全一致,"""商品ラベルの管理コードは「PQ4-C」、注文票の管理コードは「PQ4-C」です。照合では大文字と小文字、記号の違いも区別します。""",二つの管理コードは完全一致していますか。,"{""false"":""いいえ。質問の命題は成立しない。"",""true"":""はい。質問の命題が成立する。""}",true
gen-noul-03-047,noul,generated,いずれかの条件,"{""いずれか一つ以上必要"":[""会員証"",""招待券""],""所持状況"":{""会員証"":false,""招待券"":false},""対象"":""高橋""}",この人は受付基準を満たしていますか。,"{""false"":""いいえ。質問の命題は成立しない。"",""true"":""はい。質問の命題が成立する。""}",false
gen-score-10-018,score,generated,不足の段階,"""白波申請で必要なものは添付図、承認書。届いたものは添付図、承認書です。必要一覧にない書類は不足を埋めません。""",必要書類の不足数に対応する段階を選んでください。,"[""不足が0種類"",""不足が1種類"",""不足が2種類""]",0
gen-noul-10-034,noul,generated,条件付き義務,"""規則: 夜間受付のときだけ記録票の保存が必須です。それ以外の場合にはこの義務はなく、実施していても構いません。今回の案件は夜間受付に非該当で、記録票の保存は実施済みです。""",この義務に関して、規則上問題なしと判定できますか。,"{""false"":""いいえ。質問の命題は成立しない。"",""true"":""はい。質問の命題が成立する。""}",true
gen-score-09-001,score,generated,例外による上限,"{""検査合格"":{""記録"":true,""包装"":true,""付属品"":false,""表示"":true,""寸法"":true,""外観"":true},""要再確認の印あり"":true,""採点規則"":""合格数が点数。ただし印があれば上限0点""}",上限制限を適用した最終点を選んでください。,"[""最終点0点"",""最終点1点"",""最終点2点"",""最終点3点"",""最終点4点"",""最終点5点"",""最終点6点""]",0
gen-choice-13-027,choice,generated,工程の依存順,"""案件「水面」の工程順は受付→見積作成→内容確認です。途中の工程を飛ばすことはできません。完了済みは受付です。""",次に行う工程を選んでください。すべて済んでいれば完了を選びます。,"{""完了"":""全工程が完了"",""受付"":""受付"",""見積作成"":""見積作成"",""内容確認"":""内容確認""}",見積作成
gen-choice-11-024,choice,generated,小数量の比較,"{""在庫"":[{""品名"":""袋"",""総在庫"":12,""予約分"":1},{""品名"":""用紙"",""総在庫"":12,""予約分"":4}],""自由在庫"":""総在庫から予約分を引く""}",自由在庫が最も少ない品を選んでください。,"{""用紙"":""用紙"",""袋"":""袋""}",用紙
gen-score-14-012,score,generated,参照表の順序尺度,"{""検査対象"":""白波"",""今回の対応表"":{""紫"":0,""茶"":1,""白"":2,""赤"":3},""確定票の印"":""茶""}",検査票の印を指定尺度に変換してください。,"[""表による段階0"",""表による段階1"",""表による段階2"",""表による段階3""]",1
gen-noul-05-039,noul,generated,締切の境界,"""山道の提出は17時ちょうどまで受け付け、同時刻の提出も有効です。中村さんの提出記録は19時ちょうどです。""",記録された提出時刻は締切内ですか。,"{""false"":""いいえ。質問の命題は成立しない。"",""true"":""はい。質問の命題が成立する。""}",false
gen-noul-10-012,noul,generated,条件付き義務,"{""規則"":""当日申請なら上長の承認が必要。それ以外では義務なし"",""条件に該当"":false,""必要処置を実施"":true}",この義務に関して、規則上問題なしと判定できますか。,"{""false"":""いいえ。質問の命題は成立しない。"",""true"":""はい。質問の命題が成立する。""}",true
gen-noul-09-011,noul,generated,重複を除いた件数,"{""棚"":""若葉"",""読み取り品名"":[""ノート"",""シール"",""テープ"",""テープ"",""袋"",""シール"",""付箋"",""ラベル"",""冊子"",""付箋""],""数え方"":""同一品名の重複を除く""}",異なる品名だけ数えると4種類以上ですか。,"{""false"":""いいえ。質問の命題は成立しない。"",""true"":""はい。質問の命題が成立する。""}",true
gen-score-06-032,score,generated,約束時刻からの遅れ,"{""便"":""木漏れ日"",""約束時刻"":12,""実際の到着時刻"":15,""同日"":true,""早着時の遅れ"":0}",到着の遅れを段階基準で評価してください。,"[""遅れが2時間未満"",""遅れが2時間以上、4時間未満"",""遅れが4時間以上""]",1
gen-score-10-025,score,generated,不足の段階,"""灯台申請で必要なものは承認書、添付図。届いたものは承認書、挨拶状です。必要一覧にない書類は不足を埋めません。""",必要書類の不足数に対応する段階を選んでください。,"[""不足が0種類"",""不足が1種類"",""不足が2種類""]",1
gen-score-07-014,score,generated,証拠の最高到達段階,"""この調査固有の証拠段階表: 担当者報告は段階1、署名済み文書は段階2、口頭メモは段階3、写真記録は段階4、一次資料は段階5。灯台で得られた証拠は署名済み文書、担当者報告。複数ある場合は最大の段階を使い、なければ0です。""",明示された段階表だけで証拠を評価してください。,"[""証拠なしの段階0"",""表に基づく最高証拠段階1"",""表に基づく最高証拠段階2"",""表に基づく最高証拠段階3"",""表に基づく最高証拠段階4"",""表に基づく最高証拠段階5""]",2
gen-score-11-003,score,generated,時刻順の評価更新,"""山道の評価更新履歴: 12時に段階0、11時に段階1、21時に段階1、10時に段階1。評価は最新時刻の値だけを採用します。""",履歴の記載順に惑わされず、最新評価を答えてください。,"[""評価段階0"",""評価段階1""]",1
gen-noul-12-011,noul,generated,記録と主張の照合,"{""施設"":""水面"",""入口ごとの現在の確定記録"":{""北口"":""完全に閉じている"",""南口"":""完全に開いている"",""東口"":""4分の1だけ開いている"",""西口"":""半分だけ開いている"",""裏口"":""4分の1だけ開いている"",""搬入口"":""半分だけ開いている""},""判定資料"":""現在の確定記録のみ""}",『現在の南口は4分の1だけ開いている』という主張は確定記録と一致しますか。,"{""false"":""いいえ。質問の命題は成立しない。"",""true"":""はい。質問の命題が成立する。""}",false
gen-score-13-045,score,generated,取消しを反映した件数,"{""催し"":""夕凪"",""申込み"":[{""氏名"":""山田"",""受付済み"":true,""取消済み"":false},{""氏名"":""大野"",""受付済み"":true,""取消済み"":false},{""氏名"":""遠藤"",""受付済み"":true,""取消済み"":false},{""氏名"":""中村"",""受付済み"":true,""取消済み"":false},{""氏名"":""青木"",""受付済み"":true,""取消済み"":false},{""氏名"":""加藤"",""受付済み"":true,""取消済み"":false}],""まとめ方"":""1件以上は段階1""}",現在有効な申込みだけを数えて評価してください。,"[""有効申込みが0件"",""有効申込みが1件以上""]",1
gen-choice-01-018,choice,generated,問い合わせ経路,"""受付分類表は次のとおりです。店舗窓口: 営業時間・店内設備・店舗の場所 / 請求窓口: 二重請求・領収書・返金 / 契約窓口: 契約更新・プラン変更・解約手続き / 配送窓口: 届け先変更・荷物の遅延・追跡番号。問い合わせ本文:「サービスの解約手続きを知りたいです」。受付担当が付けた主題は「解約手続き」です。""",分類表に従い、この問い合わせを担当する窓口を一つ選んでください。,"{""契約"":""契約の窓口"",""店舗"":""店舗の窓口"",""請求"":""請求の窓口"",""配送"":""配送の窓口""}",契約
gen-choice-03-004,choice,generated,最終更新,"""案件「木漏れ日」の記録です。19時の更新: 取消。 17時の更新: 取消。 9時の更新: 差戻し。 14時の更新: 差戻し。 10時の更新: 受取済み。""",時刻が最も新しい更新に基づく状態を答えてください。,"{""受取済み"":""受取済み"",""差戻し"":""差戻し"",""取消"":""取消""}",取消
gen-score-12-036,score,generated,目標からの差,"""水面の目標数は14個、実績は19個です。多すぎても少なすぎても、目標から何個離れたかで評価します。差が6個以上なら最終段階6にまとめます。""",示された上限を含め、実績のずれを段階に変換してください。,"[""目標との差が0個"",""目標との差が1個"",""目標との差が2個"",""目標との差が3個"",""目標との差が4個"",""目標との差が5個"",""目標との差が6個以上""]",5
gen-choice-12-022,choice,generated,条件付き不足書類,"""書類確認の優先順は委任状→受領票→見積書→申込書。申込書だけは代理申請の場合に限って必要で、それ以外は常に必要です。今回は代理申請。提出済みは委任状です。""",申請区分に応じて必要書類を確認し、最優先で追加提出を求めるものを答えてください。なければ追加不要です。,"{""委任状"":""委任状"",""見積書"":""見積書"",""追加不要"":""必要書類はすべて提出済み"",""受領票"":""受領票"",""申込書"":""申込書""}",受領票
gen-noul-02-014,noul,generated,全条件の充足,"{""すべて必要な条件"":[""同意書提出"",""本人確認"",""講習受講"",""事前登録""],""対象"":""高橋"",""完了状況"":{""同意書提出"":true,""本人確認"":true,""講習受講"":true,""事前登録"":true}}",この人は記載された利用条件をすべて満たしていますか。,"{""false"":""いいえ。質問の命題は成立しない。"",""true"":""はい。質問の命題が成立する。""}",true
gen-choice-13-009,choice,generated,工程の依存順,"""案件「水面」の工程順は内容確認→実施→承認→準備→報告です。途中の工程を飛ばすことはできません。完了済みは内容確認、実施、承認です。""",次に行う工程を選んでください。すべて済んでいれば完了を選びます。,"{""内容確認"":""内容確認"",""準備"":""準備"",""完了"":""全工程が完了"",""実施"":""実施"",""報告"":""報告"",""承認"":""承認""}",準備
gen-noul-05-014,noul,generated,締切の境界,"{""受付規則"":""16時より前だけ受け付け、16時ちょうどは無効"",""提出者"":""大野"",""提出時刻"":10}",時刻だけを基準に、この提出を有効と判定できますか。,"{""false"":""いいえ。質問の命題は成立しない。"",""true"":""はい。質問の命題が成立する。""}",true
gen-noul-07-048,noul,generated,識別文字列の完全一致,"""商品ラベルの管理コードは「RS4-C」、注文票の管理コードは「rs4-c」です。照合では大文字と小文字、記号の違いも区別します。""",二つの管理コードは完全一致していますか。,"{""false"":""いいえ。質問の命題は成立しない。"",""true"":""はい。質問の命題が成立する。""}",false
gen-score-02-026,score,generated,記述の満足段階,"""中村さんは朝露の体験について「特に良くも悪くも感じなかった」と回答しました。追加の発言はありません。""",回答者が表明した満足の程度を分類してください。,"[""強い不満"",""不満"",""やや不満"",""どちらでもない"",""やや満足"",""満足"",""最高の満足""]",3
gen-noul-15-035,noul,generated,出来事の前後関係,"""吉田さんの作業日誌は実施順に休憩→棚への配置→引継ぎ→荷物受取→電話連絡→伝票記入です。記載した各作業は一回ずつ実施しました。""",電話連絡は伝票記入より前に行われましたか。,"{""false"":""いいえ。質問の命題は成立しない。"",""true"":""はい。質問の命題が成立する。""}",true
gen-choice-14-038,choice,generated,二属性照合,"""展示品の札: シールは黄色・紙製、ファイルは紫色・樹脂製、用紙は白色・布製、ペンは茶色・ガラス製。探しているのは茶色のガラス製です。""",色だけ・素材だけの一致では足りません。該当品を答えてください。,"{""ファイル"":""ファイル"",""ペン"":""ペン"",""用紙"":""用紙"",""シール"":""シール""}",ペン
gen-noul-10-030,noul,generated,条件付き義務,"""規則: 夜間受付のときだけ担当者の署名が必須です。それ以外の場合にはこの義務はなく、実施していても構いません。今回の案件は夜間受付に非該当で、担当者の署名は未実施です。""",この案件は記載された義務のルールに違反していませんか。違反がなければはいです。,"{""false"":""いいえ。質問の命題は成立しない。"",""true"":""はい。質問の命題が成立する。""}",true
gen-choice-10-029,choice,generated,不在時の代理,"{""案件担当"":{""水面"":""中村"",""灯台"":""佐藤"",""白波"":""石田"",""若葉"":""高橋""},""代理者"":{""中村"":""佐藤"",""佐藤"":""石田"",""石田"":""高橋"",""高橋"":""中村""},""不在者"":[""高橋"",""石田""],""案件"":""灯台"",""ルール"":""担当者が不在なら指定代理に一度だけ振替。代理の在席状況は問わない""}",一回だけの代理振替を適用した後の宛先を答えてください。,"{""中村"":""中村さん"",""石田"":""石田さん"",""佐藤"":""佐藤さん"",""高橋"":""高橋さん""}",佐藤
gen-noul-05-044,noul,generated,締切の境界,"{""受付規則"":""14時より前だけ受け付け、14時ちょうどは無効"",""提出者"":""加藤"",""提出時刻"":8}",この提出は時間条件を満たしていますか。,"{""false"":""いいえ。質問の命題は成立しない。"",""true"":""はい。質問の命題が成立する。""}",true
gen-choice-10-019,choice,generated,不在時の代理,"{""案件担当"":{""木漏れ日"":""石田"",""灯台"":""林"",""白波"":""青木"",""夕凪"":""中村"",""水面"":""木村""},""代理者"":{""石田"":""林"",""林"":""青木"",""青木"":""中村"",""中村"":""木村"",""木村"":""石田""},""不在者"":[""青木""],""案件"":""白波"",""ルール"":""担当者が不在なら指定代理に一度だけ振替。代理の在席状況は問わない""}",一回だけの代理振替を適用した後の宛先を答えてください。,"{""中村"":""中村さん"",""木村"":""木村さん"",""青木"":""青木さん"",""林"":""林さん"",""石田"":""石田さん""}",中村
gen-choice-13-010,choice,generated,工程の依存順,"{""案件"":""夕凪"",""工程順"":[""内容確認"",""見積作成"",""報告""],""完了済み"":[""内容確認""],""規則"":""順に実行し未完了工程を飛ばさない""}",次に行う工程を選んでください。すべて済んでいれば完了を選びます。,"{""見積作成"":""見積作成"",""内容確認"":""内容確認"",""報告"":""報告"",""完了"":""全工程が完了""}",見積作成
gen-noul-06-045,noul,generated,更新後の状態,"""木漏れ日の状態記録: 11時には受付中、10時には受付中、14時には受付中、12時には空席あり、15時には使用可能。時刻が新しい記録が古い記録を上書きします。""",最後の更新を適用すると、状態は「空席あり」になっていますか。,"{""false"":""いいえ。質問の命題は成立しない。"",""true"":""はい。質問の命題が成立する。""}",false
gen-score-04-006,score,generated,独立チェックの合計,"""若葉資料の点検: 題名ありは満たさない、承認印ありは満たす。各項目は一つずつ数えます。""",条件を満たした項目を一つ一点として集計してください。,"[""満たした項目が0個"",""満たした項目が1個"",""満たした項目が2個""]",1
gen-choice-05-003,choice,generated,否定条件で選択,"""検品記録: ラベルは封ありで濡れている、袋は封なしで濡れていない、クリップは封ありで濡れていない、冊子は封なしで濡れている、ノートは封なしで濡れている、シールは封なしで濡れている。""",濡れた品は除外し、封がない品を一つ選んでください。,"{""袋"":""袋"",""ノート"":""ノート"",""ラベル"":""ラベル"",""冊子"":""冊子"",""クリップ"":""クリップ"",""シール"":""シール""}",袋
gen-score-06-018,score,generated,約束時刻からの遅れ,"{""便"":""夕凪"",""約束時刻"":10,""実際の到着時刻"":14,""同日"":true,""早着時の遅れ"":0}",到着の遅れを段階基準で評価してください。,"[""遅れが2時間未満"",""遅れが2時間以上、4時間未満"",""遅れが4時間以上""]",2
gen-noul-12-034,noul,generated,記録と主張の照合,"{""施設"":""朝露"",""入口ごとの現在の確定記録"":{""北口"":""完全に開いている"",""南口"":""完全に閉じている"",""東口"":""半分だけ開いている"",""西口"":""半分だけ開いている"",""裏口"":""完全に閉じている"",""搬入口"":""完全に閉じている""},""判定資料"":""現在の確定記録のみ""}",『現在の東口は半分だけ開いている』という主張は確定記録と一致しますか。,"{""false"":""いいえ。質問の命題は成立しない。"",""true"":""はい。質問の命題が成立する。""}",true
gen-choice-07-035,choice,generated,複数属性の制約,"""在庫表: 冊子は白色・紙製・在庫あり、テープは白色・紙製・在庫なし、名札は白色・紙製・在庫なし、シールは赤色・紙製・在庫あり、袋は赤色・紙製・在庫あり。""",必要条件は白色、紙製、在庫ありの三つです。全部に合う品はどれですか。,"{""シール"":""シール"",""テープ"":""テープ"",""名札"":""名札"",""冊子"":""冊子"",""袋"":""袋""}",冊子
gen-choice-15-003,choice,generated,文章内の順序参照,"""木漏れ日会議では、発表者を発表順に「青木、木村、渡辺」と紹介しました。同じ人の再登場はありません。""",最初を1番目として、1番目の発表者を選んでください。,"{""木村"":""木村さん"",""青木"":""青木さん"",""渡辺"":""渡辺さん""}",青木
gen-noul-04-015,noul,generated,例外の優先,"""規則: 講習修了であれば若葉を利用できます。ただし申請保留中なら利用できません。渡辺さんは講習修了に非該当、申請保留中に該当です。""",この人は現在、利用可能ですか。,"{""false"":""いいえ。質問の命題は成立しない。"",""true"":""はい。質問の命題が成立する。""}",false
gen-noul-04-039,noul,generated,例外の優先,"{""許可条件"":""本人確認済み"",""優先禁止条件"":""利用停止中"",""対象"":""中村"",""許可条件に該当"":false,""禁止条件に該当"":false}",禁止例外を先に考慮すると、この利用を認められますか。,"{""false"":""いいえ。質問の命題は成立しない。"",""true"":""はい。質問の命題が成立する。""}",false
gen-choice-06-005,choice,generated,時間枠の包含,"""部屋の連続利用可能時間: 黒室は8時から12時まで、黄室は11時から14時まで、緑室は9時から14時まで、白室は8時から12時まで、茶室は11時から14時まで、赤室は8時から12時まで、青室は9時から12時まで、紫室は11時から14時まで。会議は10時開始、13時終了です。""",会議開始から終了まで空いている部屋はどれですか。境界時刻が一致していても利用できます。,"{""赤"":""赤室"",""紫"":""紫室"",""黒"":""黒室"",""黄"":""黄室"",""白"":""白室"",""茶"":""茶室"",""青"":""青室"",""緑"":""緑室""}",緑
gen-choice-08-038,choice,generated,改訂と例外の優先,"{""通常品ラベルの改訂・古い順"":[""黄"",""紫"",""赤""],""優先例外"":""冷蔵品は白"",""荷物"":""通常品"",""規則"":""後の改訂が前を上書きする""}",例外と改訂の順序を考慮して、使用する色はどれですか。,"{""茶"":""茶ラベル"",""赤"":""赤ラベル"",""黒"":""黒ラベル"",""黄"":""黄ラベル"",""紫"":""紫ラベル"",""白"":""白ラベル"",""青"":""青ラベル""}",赤
gen-score-02-017,score,generated,記述の満足段階,"""林さんは木漏れ日の体験について「期待を満たしていて、満足した」と回答しました。追加の発言はありません。""",発言の意味に最も合う満足段階を選んでください。,"[""強い不満"",""やや不満"",""どちらでもない"",""やや満足"",""満足""]",4
gen-choice-06-041,choice,generated,時間枠の包含,"{""空き時間"":[{""部屋"":""紫"",""開始"":12,""終了"":15},{""部屋"":""茶"",""開始"":12,""終了"":16},{""部屋"":""黄"",""開始"":10,""終了"":13},{""部屋"":""赤"",""開始"":10,""終了"":13},{""部屋"":""緑"",""開始"":9,""終了"":13},{""部屋"":""青"",""開始"":9,""終了"":15}],""会議開始"":11,""会議終了"":14}",会議の全時間を連続して確保できる部屋を選んでください。開始・終了の一致は許可します。,"{""黄"":""黄室"",""紫"":""紫室"",""青"":""青室"",""赤"":""赤室"",""茶"":""茶室"",""緑"":""緑室""}",青
gen-noul-08-004,noul,generated,集合と否定所属,"""若葉の参加者名簿は吉田、山田、中村、上田、高橋、木村です。この名簿は完全で、記載のない人は参加者ではありません。""",『中村さんは参加者である』という記述は正しいですか。,"{""false"":""いいえ。質問の命題は成立しない。"",""true"":""はい。質問の命題が成立する。""}",true
gen-noul-09-004,noul,generated,重複を除いた件数,"{""棚"":""朝露"",""読み取り品名"":[""用紙"",""用紙"",""付箋"",""用紙"",""用紙"",""ノート"",""ノート"",""封筒""],""数え方"":""同一品名の重複を除く""}",品物の種類は5種類以上ありますか。,"{""false"":""いいえ。質問の命題は成立しない。"",""true"":""はい。質問の命題が成立する。""}",false
gen-choice-10-005,choice,generated,不在時の代理,"{""案件担当"":{""白波"":""森"",""水面"":""大野"",""木漏れ日"":""木村"",""夕凪"":""加藤""},""代理者"":{""森"":""大野"",""大野"":""木村"",""木村"":""加藤"",""加藤"":""森""},""不在者"":[""大野""],""案件"":""白波"",""ルール"":""担当者が不在なら指定代理に一度だけ振替。代理の在席状況は問わない""}",一回だけの代理振替を適用した後の宛先を答えてください。,"{""木村"":""木村さん"",""森"":""森さん"",""加藤"":""加藤さん"",""大野"":""大野さん""}",森
gen-choice-01-002,choice,generated,問い合わせ経路,"""受付分類表は次のとおりです。製品窓口: 破損・初期不良・部品交換 / 店舗窓口: 営業時間・店内設備・店舗の場所 / 配送窓口: 届け先変更・荷物の遅延・追跡番号 / アカウント窓口: ログイン・パスワード・退会 / 契約窓口: 契約更新・プラン変更・解約手続き / 請求窓口: 二重請求・領収書・返金。問い合わせ本文:「支払い済みなので領収書を発行してほしいです」。受付担当が付けた主題は「領収書」です。""",記録された主題を扱う転送先はどこですか。,"{""請求"":""請求の窓口"",""店舗"":""店舗の窓口"",""契約"":""契約の窓口"",""製品"":""製品の窓口"",""配送"":""配送の窓口"",""アカウント"":""アカウントの窓口""}",請求
gen-score-12-046,score,generated,目標からの差,"""春風の目標数は9個、実績は9個です。多すぎても少なすぎても、目標から何個離れたかで評価します。差が2個以上なら最終段階2にまとめます。""",不足・超過の向きではなく差の大きさで評価してください。,"[""目標との差が0個"",""目標との差が1個"",""目標との差が2個以上""]",0
gen-score-01-042,score,generated,件数の段階境界,"{""案件"":""朝露"",""計数対象"":""未処理の連絡"",""件数"":11,""処理済みを除外"":true}",記録された数に対応する段階を選んでください。,"[""対象件数が2件未満"",""対象件数が2件以上、4件未満"",""対象件数が4件以上、6件未満"",""対象件数が6件以上、8件未満"",""対象件数が8件以上、10件未満"",""対象件数が10件以上、12件未満"",""対象件数が12件以上、14件未満"",""対象件数が14件以上""]",5
gen-choice-02-024,choice,generated,条件と優先例外,"""水面店では会員で購入数が11個以上なら優待扱いです。ただし予約品は購入数や会員資格にかかわらず通常扱いです。今回は11個、会員、予約品です。""",例外も踏まえて、今回の購入区分はどれですか。,"{""通常"":""通常の扱い"",""優待"":""優待の扱い""}",通常
gen-choice-14-001,choice,generated,二属性照合,"{""展示品"":[{""品名"":""ペン"",""色"":""紫"",""素材"":""ガラス""},{""品名"":""クリップ"",""色"":""黒"",""素材"":""木""},{""品名"":""箱"",""色"":""紫"",""素材"":""布""},{""品名"":""ノート"",""色"":""紫"",""素材"":""樹脂""},{""品名"":""ファイル"",""色"":""緑"",""素材"":""木""}],""指定色"":""紫"",""指定素材"":""布""}",二つの指定を同時に満たす展示品はどれですか。,"{""クリップ"":""クリップ"",""箱"":""箱"",""ペン"":""ペン"",""ファイル"":""ファイル"",""ノート"":""ノート""}",箱
gen-noul-08-010,noul,generated,集合と否定所属,"""草原の参加者名簿は吉田、山田、大野、林です。この名簿は完全で、記載のない人は参加者ではありません。""",森さんは参加者ではないと言えますか。,"{""false"":""いいえ。質問の命題は成立しない。"",""true"":""はい。質問の命題が成立する。""}",true
gen-noul-08-042,noul,generated,集合と否定所属,"{""催し"":""木漏れ日"",""完全な参加者名簿"":[""青木"",""森"",""遠藤"",""林""],""補足"":""名前のない人は参加者ではない""}",『林さんは参加者である』という記述は正しいですか。,"{""false"":""いいえ。質問の命題は成立しない。"",""true"":""はい。質問の命題が成立する。""}",true
gen-choice-02-050,choice,generated,条件と優先例外,"""木漏れ日店では会員で購入数が9個以上なら優待扱いです。ただし予約品は購入数や会員資格にかかわらず通常扱いです。今回は3個、会員、通常在庫品です。""",会計時の区分を一つ決めてください。,"{""通常"":""通常の扱い"",""優待"":""優待の扱い""}",通常
gen-score-15-047,score,generated,軽重のある項目,"""この点検の配点: 添付欠落は2点、署名欠落は1点、宛名不備は1点。見つかった不備: 宛名不備。該当項目の点を合計し、3点以上は段階3にまとめます。""",見つかった不備の点数を合計し、上限を適用してください。,"[""不備点の合計が0点"",""不備点の合計が1点"",""不備点の合計が2点"",""不備点の合計が3点以上""]",1
gen-score-06-046,score,generated,約束時刻からの遅れ,"""水面便は9時到着の約束でした。実際の到着は同じ日の10時です。早着した場合の遅れは0時間とします。""",約束時刻と到着時刻の差から、遅延段階を選んでください。,"[""遅れが2時間未満"",""遅れが2時間以上、4時間未満"",""遅れが4時間以上""]",0
gen-choice-13-001,choice,generated,工程の依存順,"""案件「青空」の工程順は承認→実施→見積作成→受付→内容確認→報告です。途中の工程を飛ばすことはできません。完了済みは承認、実施、見積作成、受付です。""",次に行う工程を選んでください。すべて済んでいれば完了を選びます。,"{""受付"":""受付"",""報告"":""報告"",""承認"":""承認"",""実施"":""実施"",""見積作成"":""見積作成"",""内容確認"":""内容確認"",""完了"":""全工程が完了""}",内容確認
gen-choice-10-021,choice,generated,不在時の代理,"""担当者: 草原は大野、山道は森、青空は中村、若葉は遠藤。代理者: 大野の代理は森、森の代理は中村、中村の代理は遠藤、遠藤の代理は大野。本日の不在者は大野。問い合わせ先の案件は若葉です。代理への振替は一回だけ行い、その先の不在は判定しません。""",一回だけの代理振替を適用した後の宛先を答えてください。,"{""遠藤"":""遠藤さん"",""大野"":""大野さん"",""中村"":""中村さん"",""森"":""森さん""}",遠藤
gen-score-01-040,score,generated,件数の段階境界,"""木漏れ日で未処理の連絡を数えたところ、現在17件でした。処理済みは数に含めていません。""",件数だけを評価尺度に照らして判定してください。,"[""対象件数が3件未満"",""対象件数が3件以上、6件未満"",""対象件数が6件以上、9件未満"",""対象件数が9件以上、12件未満"",""対象件数が12件以上、15件未満"",""対象件数が15件以上""]",5
gen-score-15-010,score,generated,軽重のある項目,"""この点検の配点: 署名欠落は2点、添付欠落は1点。見つかった不備: なし。該当項目の点を合計し、1点以上は段階1にまとめます。""",配点の違いを反映した最終段階を選んでください。,"[""不備点の合計が0点"",""不備点の合計が1点以上""]",0
gen-choice-07-028,choice,generated,複数属性の制約,"""在庫表: ファイルは黒色・布製・在庫あり、クリップは黄色・金属製・在庫あり、箱は黒色・金属製・在庫あり、付箋は緑色・金属製・在庫あり、テープは黄色・金属製・在庫あり。""",黒色で金属製、在庫もある品を選んでください。,"{""付箋"":""付箋"",""箱"":""箱"",""ファイル"":""ファイル"",""クリップ"":""クリップ"",""テープ"":""テープ""}",箱
gen-choice-09-025,choice,generated,利用可能集合の差,"""貸出台帳で利用可能と記録されている品はケース、用紙、冊子、名札、付箋、クリップ。予約済みの品は冊子、用紙、クリップ、ケース、付箋です。""",予約済みを利用可能一覧から除いたとき、残る品を答えてください。,"{""用紙"":""用紙"",""付箋"":""付箋"",""名札"":""名札"",""ケース"":""ケース"",""クリップ"":""クリップ"",""冊子"":""冊子""}",名札
gen-choice-02-011,choice,generated,条件と優先例外,"""若葉店では会員で購入数が3個以上なら優待扱いです。ただし予約品は購入数や会員資格にかかわらず通常扱いです。今回は5個、会員、予約品です。""",会計時の区分を一つ決めてください。,"{""優待"":""優待の扱い"",""通常"":""通常の扱い""}",通常
gen-choice-11-039,choice,generated,小数量の比較,"""入出庫記録: 用紙は在庫11個、そのうち予約2個、カードは在庫6個、そのうち予約5個、ファイルは在庫2個、そのうち予約0個。予約分は自由在庫に含めません。""",今使える個数が最も多い品を答えてください。,"{""用紙"":""用紙"",""ファイル"":""ファイル"",""カード"":""カード""}",用紙
gen-noul-08-008,noul,generated,集合と否定所属,"{""催し"":""春風"",""完全な参加者名簿"":[""上田"",""石田""],""補足"":""名前のない人は参加者ではない""}",名簿に基づき、石田さんが参加者であるという判断に同意できますか。,"{""false"":""いいえ。質問の命題は成立しない。"",""true"":""はい。質問の命題が成立する。""}",true
gen-choice-03-013,choice,generated,最終更新,"""案件「木漏れ日」の記録です。14時の更新: 発送済み。 17時の更新: 差戻し。 11時の更新: 発送済み。 12時の更新: 確認中。 15時の更新: 取消。""",記載順ではなく更新時刻を比べ、最新の状態を選んでください。,"{""保留"":""保留"",""未着手"":""未着手"",""取消"":""取消"",""差戻し"":""差戻し"",""発送済み"":""発送済み"",""受取済み"":""受取済み"",""承認"":""承認"",""確認中"":""確認中""}",差戻し
gen-choice-08-034,choice,generated,改訂と例外の優先,"""通常品の貼付ラベルについて、連絡は古い順に「白」「紫」「茶」でした。後の連絡が前の連絡を上書きします。ただし冷蔵品には連絡履歴に関係なく緑ラベルを貼ります。今回の荷物は通常品です。""",例外と改訂の順序を考慮して、使用する色はどれですか。,"{""白"":""白ラベル"",""紫"":""紫ラベル"",""茶"":""茶ラベル"",""赤"":""赤ラベル"",""緑"":""緑ラベル""}",茶
gen-choice-05-042,choice,generated,否定条件で選択,"{""検品"":[{""品名"":""冊子"",""封がある"":false,""濡れている"":true},{""品名"":""ノート"",""封がある"":true,""濡れている"":false},{""品名"":""ペン"",""封がある"":false,""濡れている"":true},{""品名"":""カード"",""封がある"":false,""濡れている"":false},{""品名"":""付箋"",""封がある"":true,""濡れている"":true},{""品名"":""ケース"",""封がある"":true,""濡れている"":true},{""品名"":""袋"",""封がある"":true,""濡れている"":false},{""品名"":""箱"",""封がある"":false,""濡れている"":true}]}",濡れた品は除外し、封がない品を一つ選んでください。,"{""ケース"":""ケース"",""ノート"":""ノート"",""袋"":""袋"",""箱"":""箱"",""付箋"":""付箋"",""カード"":""カード"",""ペン"":""ペン"",""冊子"":""冊子""}",カード
gen-choice-10-027,choice,generated,不在時の代理,"{""案件担当"":{""夕凪"":""石田"",""春風"":""加藤"",""星空"":""上田"",""青空"":""吉田"",""灯台"":""山田"",""朝露"":""林""},""代理者"":{""石田"":""加藤"",""加藤"":""上田"",""上田"":""吉田"",""吉田"":""山田"",""山田"":""林"",""林"":""石田""},""不在者"":[],""案件"":""朝露"",""ルール"":""担当者が不在なら指定代理に一度だけ振替。代理の在席状況は問わない""}",一回だけの代理振替を適用した後の宛先を答えてください。,"{""加藤"":""加藤さん"",""石田"":""石田さん"",""吉田"":""吉田さん"",""山田"":""山田さん"",""林"":""林さん"",""上田"":""上田さん""}",林
gen-choice-13-012,choice,generated,工程の依存順,"""案件「朝露」の工程順は見積作成→受付→承認→準備→内容確認です。途中の工程を飛ばすことはできません。完了済みは見積作成、受付です。""",この作業を一段進めるときに着手する工程を答えてください。残りがなければ完了です。,"{""見積作成"":""見積作成"",""準備"":""準備"",""承認"":""承認"",""内容確認"":""内容確認"",""受付"":""受付"",""完了"":""全工程が完了""}",承認
gen-score-11-018,score,generated,時刻順の評価更新,"{""案件"":""夕凪"",""評価更新"":[{""時刻"":9,""段階"":0},{""時刻"":18,""段階"":2},{""時刻"":8,""段階"":1},{""時刻"":16,""段階"":2},{""時刻"":21,""段階"":1},{""時刻"":14,""段階"":2}],""採用規則"":""最新時刻だけを採用""}",履歴の記載順に惑わされず、最新評価を答えてください。,"[""評価段階0"",""評価段階1"",""評価段階2""]",1
gen-choice-10-036,choice,generated,不在時の代理,"{""案件担当"":{""星空"":""大野"",""草原"":""佐藤"",""若葉"":""渡辺"",""木漏れ日"":""木村"",""朝露"":""中村""},""代理者"":{""大野"":""佐藤"",""佐藤"":""渡辺"",""渡辺"":""木村"",""木村"":""中村"",""中村"":""大野""},""不在者"":[""佐藤"",""大野"",""木村"",""中村""],""案件"":""星空"",""ルール"":""担当者が不在なら指定代理に一度だけ振替。代理の在席状況は問わない""}",本日の規則に従う連絡相手を選んでください。,"{""木村"":""木村さん"",""大野"":""大野さん"",""渡辺"":""渡辺さん"",""佐藤"":""佐藤さん"",""中村"":""中村さん""}",佐藤
gen-score-03-026,score,generated,順番に進む工程,"{""案件"":""草原"",""工程順"":[""実施"",""受付"",""調査"",""審査"",""準備"",""承認"",""報告""],""完了済み"":[""実施""],""着手中は完了に含めない"":true}",この案件は完了ベースでどの段階まで進みましたか。,"[""完了した工程はまだない"",""先頭から1工程が完了（最後に完了したのは実施）"",""先頭から2工程が完了（最後に完了したのは受付）"",""先頭から3工程が完了（最後に完了したのは調査）"",""先頭から4工程が完了（最後に完了したのは審査）"",""先頭から5工程が完了（最後に完了したのは準備）"",""先頭から6工程が完了（最後に完了したのは承認）"",""先頭から7工程が完了（最後に完了したのは報告）""]",1
gen-noul-15-017,noul,generated,出来事の前後関係,"""佐藤さんの作業日誌は実施順に荷物受取→棚への配置→休憩→伝票記入です。記載した各作業は一回ずつ実施しました。""",『棚への配置が先、休憩が後』という順序は正しいですか。,"{""false"":""いいえ。質問の命題は成立しない。"",""true"":""はい。質問の命題が成立する。""}",true
gen-noul-12-036,noul,generated,記録と主張の照合,"""灯台施設の入口について、いま確認した確定記録は北口は完全に開いている、南口は4分の1だけ開いている、東口は完全に開いている、西口は完全に閉じている、裏口は完全に開いている、搬入口は半分だけ開いているです。現在の判断にはこの確定記録だけを使います。""",『現在の西口は完全に閉じている』という主張は確定記録と一致しますか。,"{""false"":""いいえ。質問の命題は成立しない。"",""true"":""はい。質問の命題が成立する。""}",true
gen-choice-07-043,choice,generated,複数属性の制約,"""在庫表: ラベルは白色・金属製・在庫あり、テープは白色・金属製・在庫なし、ペンは白色・布製・在庫あり、ケースは青色・金属製・在庫あり、箱は白色・ガラス製・在庫あり、袋は白色・金属製・在庫なし、ノートは黄色・金属製・在庫あり、冊子は白色・ガラス製・在庫あり。""",白色で金属製、在庫もある品を選んでください。,"{""袋"":""袋"",""ラベル"":""ラベル"",""テープ"":""テープ"",""ノート"":""ノート"",""ケース"":""ケース"",""ペン"":""ペン"",""箱"":""箱"",""冊子"":""冊子""}",ラベル
gen-noul-05-030,noul,generated,締切の境界,"{""受付規則"":""17時ちょうどまで受け付け、同時刻の提出も有効"",""提出者"":""佐藤"",""提出時刻"":9}",この提出は時間条件を満たしていますか。,"{""false"":""いいえ。質問の命題は成立しない。"",""true"":""はい。質問の命題が成立する。""}",true
gen-choice-01-023,choice,generated,問い合わせ経路,"{""分類表"":{""アカウント"":[""ログイン"",""パスワード"",""退会""],""配送"":[""届け先変更"",""荷物の遅延"",""追跡番号""]},""本文"":""自分のアカウントにログインできません"",""受付主題"":""ログイン""}",受付分類表を使って、この相談の担当を決めてください。,"{""アカウント"":""アカウントの窓口"",""配送"":""配送の窓口""}",アカウント
gen-choice-06-029,choice,generated,時間枠の包含,"""部屋の連続利用可能時間: 青室は16時から19時まで、茶室は14時から17時まで、赤室は14時から18時まで。会議は15時開始、18時終了です。""",会議時間の一部だけでなく全体を含む空き時間を持つ部屋を答えてください。端の一致は可です。,"{""茶"":""茶室"",""赤"":""赤室"",""青"":""青室""}",赤
gen-score-15-025,score,generated,軽重のある項目,"""この点検の配点: 宛名不備は2点、添付欠落は1点。見つかった不備: なし。該当項目の点を合計し、2点以上は段階2にまとめます。""",項目数ではなく指定された点数で評価してください。,"[""不備点の合計が0点"",""不備点の合計が1点"",""不備点の合計が2点以上""]",0
gen-choice-03-022,choice,generated,最終更新,"{""案件"":""夕凪"",""更新記録"":[{""時"":13,""状態"":""差戻し""},{""時"":17,""状態"":""取消""},{""時"":16,""状態"":""未着手""},{""時"":15,""状態"":""差戻し""},{""時"":14,""状態"":""取消""}]}",時刻が最も新しい更新に基づく状態を答えてください。,"{""確認中"":""確認中"",""承認"":""承認"",""差戻し"":""差戻し"",""取消"":""取消"",""未着手"":""未着手""}",取消
gen-choice-01-036,choice,generated,問い合わせ経路,"{""分類表"":{""請求"":[""二重請求"",""領収書"",""返金""],""契約"":[""契約更新"",""プラン変更"",""解約手続き""],""製品"":[""破損"",""初期不良"",""部品交換""]},""本文"":""同じ代金が二回引き落とされています"",""受付主題"":""二重請求""}",分類表に従い、この問い合わせを担当する窓口を一つ選んでください。,"{""請求"":""請求の窓口"",""契約"":""契約の窓口"",""製品"":""製品の窓口""}",請求
gen-choice-08-030,choice,generated,改訂と例外の優先,"""通常品の貼付ラベルについて、連絡は古い順に「赤」「紫」「黄」でした。後の連絡が前の連絡を上書きします。ただし冷蔵品には連絡履歴に関係なく茶ラベルを貼ります。今回の荷物は冷蔵品です。""",この荷物に貼るラベルの色を選んでください。,"{""緑"":""緑ラベル"",""白"":""白ラベル"",""青"":""青ラベル"",""黒"":""黒ラベル"",""黄"":""黄ラベル"",""赤"":""赤ラベル"",""茶"":""茶ラベル"",""紫"":""紫ラベル""}",茶
gen-score-03-048,score,generated,順番に進む工程,"""水面の工程順は受付。先頭から順に進め、完了済みは受付です。着手中の工程は完了に含めません。""",工程の完了状況を段階尺度で評価してください。,"[""完了した工程はまだない"",""先頭から1工程が完了（最後に完了したのは受付）""]",1
gen-choice-10-046,choice,generated,不在時の代理,"""担当者: 木漏れ日は森、若葉は石田、星空は遠藤。代理者: 森の代理は石田、石田の代理は遠藤、遠藤の代理は森。本日の不在者はなし。問い合わせ先の案件は木漏れ日です。代理への振替は一回だけ行い、その先の不在は判定しません。""",この案件を担当本人または指定代理に連絡します。宛先は誰ですか。,"{""森"":""森さん"",""遠藤"":""遠藤さん"",""石田"":""石田さん""}",森
gen-score-06-010,score,generated,約束時刻からの遅れ,"""春風便は12時到着の約束でした。実際の到着は同じ日の15時です。早着した場合の遅れは0時間とします。""",到着の遅れを段階基準で評価してください。,"[""遅れが2時間未満"",""遅れが2時間以上""]",1
gen-noul-15-029,noul,generated,出来事の前後関係,"""石田さんの作業日誌は実施順に棚への配置→電話連絡→伝票記入→報告です。記載した各作業は一回ずつ実施しました。""",『棚への配置が先、電話連絡が後』という順序は正しいですか。,"{""false"":""いいえ。質問の命題は成立しない。"",""true"":""はい。質問の命題が成立する。""}",true
gen-score-14-021,score,generated,参照表の順序尺度,"""今回の検査用の対応表: 赤印は段階0、青印は段階1、白印は段階2、緑印は段階3、黄印は段階4、紫印は段階5。白波の確定検査票には黄印が付いています。色に一般的な良し悪しは仮定しません。""",一般常識ではなく示された表に従って段階を答えてください。,"[""表による段階0"",""表による段階1"",""表による段階2"",""表による段階3"",""表による段階4"",""表による段階5""]",4
gen-choice-14-039,choice,generated,二属性照合,"""展示品の札: 冊子は黄色・金属製、カードは茶色・ガラス製、袋は紫色・紙製、封筒は黒色・ガラス製。探しているのは紫色の紙製です。""",二つの指定を同時に満たす展示品はどれですか。,"{""封筒"":""封筒"",""カード"":""カード"",""袋"":""袋"",""冊子"":""冊子""}",袋
gen-choice-13-008,choice,generated,工程の依存順,"{""案件"":""草原"",""工程順"":[""見積作成"",""報告""],""完了済み"":[""見積作成""],""規則"":""順に実行し未完了工程を飛ばさない""}",次に行う工程を選んでください。すべて済んでいれば完了を選びます。,"{""報告"":""報告"",""完了"":""全工程が完了"",""見積作成"":""見積作成""}",報告
gen-noul-15-046,noul,generated,出来事の前後関係,"""森さんの作業日誌は実施順に伝票記入→荷物受取→休憩→検品→電話連絡→報告です。記載した各作業は一回ずつ実施しました。""",日誌では検品の方が伝票記入より先ですか。,"{""false"":""いいえ。質問の命題は成立しない。"",""true"":""はい。質問の命題が成立する。""}",false
gen-score-03-014,score,generated,順番に進む工程,"{""案件"":""若葉"",""工程順"":[""報告"",""実施""],""完了済み"":[""報告""],""着手中は完了に含めない"":true}",完了済みの到達段階を選んでください。,"[""完了した工程はまだない"",""先頭から1工程が完了（最後に完了したのは報告）"",""先頭から2工程が完了（最後に完了したのは実施）""]",1
gen-choice-15-009,choice,generated,文章内の順序参照,"{""会議"":""春風"",""発表順"":[""遠藤"",""中村"",""渡辺"",""森"",""松本"",""佐藤"",""林"",""吉田""]}",紹介された順番で2人目に発表する人は誰ですか。,"{""松本"":""松本さん"",""吉田"":""吉田さん"",""渡辺"":""渡辺さん"",""林"":""林さん"",""遠藤"":""遠藤さん"",""佐藤"":""佐藤さん"",""森"":""森さん"",""中村"":""中村さん""}",中村
gen-choice-04-027,choice,generated,参照先の担当,"""担当: 水面は渡辺、木漏れ日は吉田、山道は青木。資料の所属: シールは水面案件、ノートは木漏れ日案件、テープは山道案件。確認する資料はテープです。""",確認する資料の案件を担当している人を答えてください。,"{""吉田"":""吉田さん"",""青木"":""青木さん"",""渡辺"":""渡辺さん""}",青木
gen-noul-09-037,noul,generated,重複を除いた件数,"""木漏れ日棚で読み取った品名はシール、ファイル、冊子、名札、箱、ラベル、カード、名札、付箋でした。同じ品名の繰り返しは一種類として数えます。""",重複を除いた種類数は4以上という条件を満たしますか。,"{""false"":""いいえ。質問の命題は成立しない。"",""true"":""はい。質問の命題が成立する。""}",true
gen-choice-08-026,choice,generated,改訂と例外の優先,"{""通常品ラベルの改訂・古い順"":[""黄"",""紫"",""緑""],""優先例外"":""冷蔵品は紫"",""荷物"":""冷蔵品"",""規則"":""後の改訂が前を上書きする""}",例外と改訂の順序を考慮して、使用する色はどれですか。,"{""緑"":""緑ラベル"",""紫"":""紫ラベル"",""白"":""白ラベル"",""黄"":""黄ラベル"",""茶"":""茶ラベル""}",紫
gen-noul-05-006,noul,generated,締切の境界,"""灯台の提出は17時より前だけ受け付け、17時ちょうどは無効です。渡辺さんの提出記録は14時ちょうどです。""",この提出は時間条件を満たしていますか。,"{""false"":""いいえ。質問の命題は成立しない。"",""true"":""はい。質問の命題が成立する。""}",true
gen-choice-14-015,choice,generated,二属性照合,"{""展示品"":[{""品名"":""ノート"",""色"":""赤"",""素材"":""布""},{""品名"":""冊子"",""色"":""白"",""素材"":""布""},{""品名"":""シール"",""色"":""茶"",""素材"":""樹脂""},{""品名"":""封筒"",""色"":""黄"",""素材"":""紙""}],""指定色"":""茶"",""指定素材"":""樹脂""}",色だけ・素材だけの一致では足りません。該当品を答えてください。,"{""ノート"":""ノート"",""封筒"":""封筒"",""シール"":""シール"",""冊子"":""冊子""}",シール
gen-choice-01-040,choice,generated,問い合わせ経路,"""受付分類表は次のとおりです。請求窓口: 二重請求・領収書・返金 / 製品窓口: 破損・初期不良・部品交換。問い合わせ本文:「付属の部品だけ交換してほしいです」。受付担当が付けた主題は「部品交換」です。""",記録された主題を扱う転送先はどこですか。,"{""製品"":""製品の窓口"",""請求"":""請求の窓口""}",製品
gen-choice-05-047,choice,generated,否定条件で選択,"""検品記録: テープは封ありで濡れている、ケースは封なしで濡れている、名札は封ありで濡れている、用紙は封ありで濡れていない、封筒は封ありで濡れている、ラベルは封なしで濡れていない。""",封がないもので、かつ濡れていない品を選んでください。,"{""ケース"":""ケース"",""ラベル"":""ラベル"",""封筒"":""封筒"",""テープ"":""テープ"",""用紙"":""用紙"",""名札"":""名札""}",ラベル
gen-score-07-017,score,generated,証拠の最高到達段階,"{""調査"":""木漏れ日"",""この調査の証拠段階"":{""一次資料"":1},""得られた証拠"":[""一次資料""],""集約規則"":""得られた段階の最大。証拠なしは0""}",この調査の証拠段階を選んでください。,"[""証拠なしの段階0"",""表に基づく最高証拠段階1""]",1
gen-score-15-035,score,generated,軽重のある項目,"{""不備ごとの配点"":{""宛名不備"":2,""署名欠落"":1,""余白不備"":1,""添付欠落"":1,""誤字"":1},""不備あり"":{""宛名不備"":false,""署名欠落"":true,""余白不備"":false,""添付欠落"":false,""誤字"":false},""上限"":5}",配点の違いを反映した最終段階を選んでください。,"[""不備点の合計が0点"",""不備点の合計が1点"",""不備点の合計が2点"",""不備点の合計が3点"",""不備点の合計が4点"",""不備点の合計が5点以上""]",1
gen-noul-02-010,noul,generated,全条件の充足,"{""すべて必要な条件"":[""会費支払い"",""同意書提出"",""講習受講"",""事前登録""],""対象"":""石田"",""完了状況"":{""会費支払い"":true,""同意書提出"":true,""講習受講"":true,""事前登録"":true}}",不足条件なく利用を許可できますか。,"{""false"":""いいえ。質問の命題は成立しない。"",""true"":""はい。質問の命題が成立する。""}",true
gen-score-03-031,score,generated,順番に進む工程,"{""案件"":""山道"",""工程順"":[""調査"",""受付"",""実施"",""承認"",""審査""],""完了済み"":[],""着手中は完了に含めない"":true}",この案件は完了ベースでどの段階まで進みましたか。,"[""完了した工程はまだない"",""先頭から1工程が完了（最後に完了したのは調査）"",""先頭から2工程が完了（最後に完了したのは受付）"",""先頭から3工程が完了（最後に完了したのは実施）"",""先頭から4工程が完了（最後に完了したのは承認）"",""先頭から5工程が完了（最後に完了したのは審査）""]",0
gen-score-10-008,score,generated,不足の段階,"""春風申請で必要なものは受領票、同意書、申込書、見積書、承認書、添付図。届いたものは承認書、申込書、受領票、添付図、見積書です。必要一覧にない書類は不足を埋めません。""",必要一覧と届いた一覧を照合し、不足の程度を判定してください。,"[""不足が0種類"",""不足が1種類"",""不足が2種類"",""不足が3種類"",""不足が4種類"",""不足が5種類"",""不足が6種類""]",1
gen-choice-05-030,choice,generated,否定条件で選択,"""検品記録: ペンは封なしで濡れている、カードは封なしで濡れていない、ラベルは封ありで濡れていない。""",濡れた品は除外し、封がある品を一つ選んでください。,"{""カード"":""カード"",""ラベル"":""ラベル"",""ペン"":""ペン""}",ラベル
gen-choice-07-023,choice,generated,複数属性の制約,"{""在庫表"":[{""品名"":""クリップ"",""色"":""紫"",""素材"":""樹脂"",""在庫あり"":true},{""品名"":""袋"",""色"":""青"",""素材"":""布"",""在庫あり"":true},{""品名"":""ファイル"",""色"":""紫"",""素材"":""布"",""在庫あり"":true},{""品名"":""冊子"",""色"":""白"",""素材"":""布"",""在庫あり"":true}]}",必要条件は紫色、布製、在庫ありの三つです。全部に合う品はどれですか。,"{""冊子"":""冊子"",""ファイル"":""ファイル"",""袋"":""袋"",""クリップ"":""クリップ""}",ファイル
gen-choice-07-041,choice,generated,複数属性の制約,"""在庫表: 箱は紫色・木製・在庫なし、ペンは紫色・金属製・在庫あり、ラベルは紫色・金属製・在庫あり、シールは紫色・ガラス製・在庫あり、カードは紫色・木製・在庫なし、ケースは青色・木製・在庫あり、名札は青色・木製・在庫あり、テープは紫色・木製・在庫あり。""",紫色で木製、在庫もある品を選んでください。,"{""テープ"":""テープ"",""箱"":""箱"",""カード"":""カード"",""シール"":""シール"",""名札"":""名札"",""ラベル"":""ラベル"",""ペン"":""ペン"",""ケース"":""ケース""}",テープ
gen-noul-06-014,noul,generated,更新後の状態,"""夕凪の状態記録: 12時には点検中、10時には空席あり、16時には空席あり、7時には空席あり、19時には点検中。時刻が新しい記録が古い記録を上書きします。""",現在の状態は「点検中」ですか。,"{""false"":""いいえ。質問の命題は成立しない。"",""true"":""はい。質問の命題が成立する。""}",true
gen-choice-15-033,choice,generated,文章内の順序参照,"""朝露会議では、発表者を発表順に「遠藤、渡辺、佐藤、青木、林、高橋」と紹介しました。同じ人の再登場はありません。""",最初を1番目として、6番目の発表者を選んでください。,"{""佐藤"":""佐藤さん"",""渡辺"":""渡辺さん"",""林"":""林さん"",""高橋"":""高橋さん"",""遠藤"":""遠藤さん"",""青木"":""青木さん""}",高橋
gen-choice-09-024,choice,generated,利用可能集合の差,"""貸出台帳で利用可能と記録されている品はペン、付箋、ラベル。予約済みの品はラベル、ペンです。""",今貸せるのは利用可能かつ未予約の品です。該当するものはどれですか。,"{""ペン"":""ペン"",""付箋"":""付箋"",""名札"":""名札"",""ラベル"":""ラベル""}",付箋
gen-score-12-041,score,generated,目標からの差,"{""案件"":""若葉"",""目標数"":13,""実績数"":16,""採点"":""差の絶対値。ただし4以上は段階4""}",示された上限を含め、実績のずれを段階に変換してください。,"[""目標との差が0個"",""目標との差が1個"",""目標との差が2個"",""目標との差が3個"",""目標との差が4個以上""]",3
gen-noul-01-042,noul,generated,事実と否定質問,"{""対象者"":""木村"",""項目"":""出席を表明"",""実施済み"":false}",確定情報だけから、木村さんが出席を表明していないという判断は正しいですか。,"{""false"":""いいえ。質問の命題は成立しない。"",""true"":""はい。質問の命題が成立する。""}",true
gen-choice-04-006,choice,generated,参照先の担当,"""担当: 星空は加藤、若葉は青木、水面は大野、木漏れ日は遠藤、夕凪は中村。資料の所属: ペンは若葉案件、ケースは木漏れ日案件、箱は水面案件、用紙は夕凪案件、名札は星空案件。確認する資料は用紙です。""",この資料について、所属案件を通じて連絡すべき担当者は誰ですか。,"{""青木"":""青木さん"",""大野"":""大野さん"",""中村"":""中村さん"",""遠藤"":""遠藤さん"",""加藤"":""加藤さん""}",中村
gen-score-04-021,score,generated,独立チェックの合計,"{""資料"":""朝露"",""チェック項目"":{""承認印あり"":false,""添付あり"":false,""日付あり"":false},""各項目の重み"":1}",満たしたチェック項目の数を段階として選んでください。,"[""満たした項目が0個"",""満たした項目が1個"",""満たした項目が2個"",""満たした項目が3個""]",0
gen-choice-06-047,choice,generated,時間枠の包含,"{""空き時間"":[{""部屋"":""緑"",""開始"":17,""終了"":20},{""部屋"":""白"",""開始"":14,""終了"":20},{""部屋"":""赤"",""開始"":14,""終了"":18},{""部屋"":""紫"",""開始"":14,""終了"":18},{""部屋"":""黒"",""開始"":15,""終了"":18}],""会議開始"":16,""会議終了"":19}",会議の全時間を連続して確保できる部屋を選んでください。開始・終了の一致は許可します。,"{""紫"":""紫室"",""黒"":""黒室"",""赤"":""赤室"",""緑"":""緑室"",""白"":""白室""}",白
gen-score-10-049,score,generated,不足の段階,"{""申請"":""山道"",""必要書類"":[""承認書"",""確認票"",""見積書"",""同意書"",""申込書""],""届いた書類"":[""参考資料"",""承認書""],""余分な書類で代用できる"":false}",未提出の必要書類はいくつの段階ですか。,"[""不足が0種類"",""不足が1種類"",""不足が2種類"",""不足が3種類"",""不足が4種類"",""不足が5種類""]",4
gen-score-05-044,score,generated,緊急条件の加点,"{""案件"":""朝露"",""基本優先度"":6,""締切までの残り時間"":10,""規則"":""残り2時間以内なら1加点、それより長ければ0加点。上限6""}",条件付き加点後の優先度を選んでください。,"[""最終優先度0"",""最終優先度1"",""最終優先度2"",""最終優先度3"",""最終優先度4"",""最終優先度5"",""最終優先度6""]",6
gen-choice-01-038,choice,generated,問い合わせ経路,"{""分類表"":{""配送"":[""届け先変更"",""荷物の遅延"",""追跡番号""],""アカウント"":[""ログイン"",""パスワード"",""退会""],""契約"":[""契約更新"",""プラン変更"",""解約手続き""],""請求"":[""二重請求"",""領収書"",""返金""]},""本文"":""今の契約を更新したいです"",""受付主題"":""契約更新""}",受付分類表を使って、この相談の担当を決めてください。,"{""アカウント"":""アカウントの窓口"",""請求"":""請求の窓口"",""配送"":""配送の窓口"",""契約"":""契約の窓口""}",契約
gen-choice-01-032,choice,generated,問い合わせ経路,"""受付分類表は次のとおりです。製品窓口: 破損・初期不良・部品交換 / 店舗窓口: 営業時間・店内設備・店舗の場所 / 請求窓口: 二重請求・領収書・返金 / 契約窓口: 契約更新・プラン変更・解約手続き / アカウント窓口: ログイン・パスワード・退会 / 配送窓口: 届け先変更・荷物の遅延・追跡番号。問い合わせ本文:「配送状況を見るための追跡番号を教えてください」。受付担当が付けた主題は「追跡番号」です。""",記録された主題を扱う転送先はどこですか。,"{""配送"":""配送の窓口"",""アカウント"":""アカウントの窓口"",""製品"":""製品の窓口"",""契約"":""契約の窓口"",""請求"":""請求の窓口"",""店舗"":""店舗の窓口""}",配送
gen-score-12-009,score,generated,目標からの差,"""水面の目標数は13個、実績は7個です。多すぎても少なすぎても、目標から何個離れたかで評価します。差が7個以上なら最終段階7にまとめます。""",目標からのずれの段階を選んでください。,"[""目標との差が0個"",""目標との差が1個"",""目標との差が2個"",""目標との差が3個"",""目標との差が4個"",""目標との差が5個"",""目標との差が6個"",""目標との差が7個以上""]",6
gen-noul-14-034,noul,generated,予定時間の重なり,"{""対象者"":""渡辺"",""会議"":[8,10],""面談"":[9,12],""規則"":""終了時刻と開始時刻が一致するだけなら重複なし""}",二つの予定の時間は重なっていますか。,"{""false"":""いいえ。質問の命題は成立しない。"",""true"":""はい。質問の命題が成立する。""}",true
gen-noul-04-006,noul,generated,例外の優先,"""規則: 登録済みであれば木漏れ日を利用できます。ただし登録凍結中なら利用できません。吉田さんは登録済みに該当、登録凍結中に非該当です。""",禁止例外を先に考慮すると、この利用を認められますか。,"{""false"":""いいえ。質問の命題は成立しない。"",""true"":""はい。質問の命題が成立する。""}",true
gen-noul-13-006,noul,generated,範囲の開閉境界,"{""下限条件"":""5個以上"",""上限条件"":""11個未満"",""今回の個数"":4,""関係"":""両方を満たすこと""}",下限と上限の両方の条件に合いますか。,"{""false"":""いいえ。質問の命題は成立しない。"",""true"":""はい。質問の命題が成立する。""}",false
gen-choice-01-014,choice,generated,問い合わせ経路,"{""分類表"":{""アカウント"":[""ログイン"",""パスワード"",""退会""],""契約"":[""契約更新"",""プラン変更"",""解約手続き""],""配送"":[""届け先変更"",""荷物の遅延"",""追跡番号""],""請求"":[""二重請求"",""領収書"",""返金""],""店舗"":[""営業時間"",""店内設備"",""店舗の場所""]},""本文"":""同じ代金が二回引き落とされています"",""受付主題"":""二重請求""}",記録された主題を扱う転送先はどこですか。,"{""アカウント"":""アカウントの窓口"",""配送"":""配送の窓口"",""請求"":""請求の窓口"",""契約"":""契約の窓口"",""店舗"":""店舗の窓口""}",請求
gen-score-04-044,score,generated,独立チェックの合計,"""春風資料の点検: 題名ありは満たさない、ページ番号ありは満たさない、日付ありは満たす、署名ありは満たす、添付ありは満たす。各項目は一つずつ数えます。""",合格した項目数に対応する段階を答えてください。,"[""満たした項目が0個"",""満たした項目が1個"",""満たした項目が2個"",""満たした項目が3個"",""満たした項目が4個"",""満たした項目が5個""]",3
gen-score-13-009,score,generated,取消しを反映した件数,"""木漏れ日の申込み記録: 森は受付済み・取消なし、大野は受付済み・取消済み、松本は受付済み・取消なし、木村は受付済み・取消なし、青木は未受付・取消なし、林は受付済み・取消なし、遠藤は受付済み・取消なし。取消済みの申込みは有効件数から除きます。7件以上は最終段階7にまとめます。""",現在有効な申込みだけを数えて評価してください。,"[""有効申込みが0件"",""有効申込みが1件"",""有効申込みが2件"",""有効申込みが3件"",""有効申込みが4件"",""有効申込みが5件"",""有効申込みが6件"",""有効申込みが7件以上""]",5
gen-score-04-038,score,generated,独立チェックの合計,"{""資料"":""若葉"",""チェック項目"":{""日付あり"":true,""承認印あり"":true,""ページ番号あり"":false,""添付あり"":true,""宛先あり"":true,""題名あり"":true},""各項目の重み"":1}",条件を満たした項目を一つ一点として集計してください。,"[""満たした項目が0個"",""満たした項目が1個"",""満たした項目が2個"",""満たした項目が3個"",""満たした項目が4個"",""満たした項目が5個"",""満たした項目が6個""]",5
gen-noul-05-002,noul,generated,締切の境界,"{""受付規則"":""12時ちょうどまで受け付け、同時刻の提出も有効"",""提出者"":""青木"",""提出時刻"":10}",この提出は時間条件を満たしていますか。,"{""false"":""いいえ。質問の命題は成立しない。"",""true"":""はい。質問の命題が成立する。""}",true
gen-score-08-017,score,generated,要件への一致数,"{""注文要件"":{""サイズ"":""大""},""提案品"":{""サイズ"":""小""}}",提案品が満たす要件数はいくつの段階ですか。,"[""一致した要件が0項目"",""一致した要件が1項目""]",0
gen-choice-04-028,choice,generated,参照先の担当,"""担当: 山道は渡辺、春風は吉田、木漏れ日は松本。資料の所属: 名札は山道案件、ケースは春風案件、ラベルは木漏れ日案件。確認する資料はケースです。""",確認資料が属する案件の担当者を選んでください。,"{""松本"":""松本さん"",""渡辺"":""渡辺さん"",""吉田"":""吉田さん""}",吉田
gen-noul-10-003,noul,generated,条件付き義務,"{""規則"":""個人向けなら上長の承認が必要。それ以外では義務なし"",""条件に該当"":true,""必要処置を実施"":false}",この義務に関して、規則上問題なしと判定できますか。,"{""false"":""いいえ。質問の命題は成立しない。"",""true"":""はい。質問の命題が成立する。""}",false
gen-choice-01-009,choice,generated,問い合わせ経路,"{""分類表"":{""製品"":[""破損"",""初期不良"",""部品交換""],""契約"":[""契約更新"",""プラン変更"",""解約手続き""],""請求"":[""二重請求"",""領収書"",""返金""],""アカウント"":[""ログイン"",""パスワード"",""退会""]},""本文"":""サービスの解約手続きを知りたいです"",""受付主題"":""解約手続き""}",受付分類表を使って、この相談の担当を決めてください。,"{""アカウント"":""アカウントの窓口"",""製品"":""製品の窓口"",""契約"":""契約の窓口"",""請求"":""請求の窓口""}",契約
gen-score-03-022,score,generated,順番に進む工程,"""水面の工程順は承認→実施→調査。先頭から順に進め、完了済みは承認です。着手中の工程は完了に含めません。""",この案件は完了ベースでどの段階まで進みましたか。,"[""完了した工程はまだない"",""先頭から1工程が完了（最後に完了したのは承認）"",""先頭から2工程が完了（最後に完了したのは実施）"",""先頭から3工程が完了（最後に完了したのは調査）""]",1
gen-score-04-046,score,generated,独立チェックの合計,"{""資料"":""夕凪"",""チェック項目"":{""宛先あり"":true,""題名あり"":false,""署名あり"":false,""添付あり"":true,""日付あり"":false,""承認印あり"":true,""ページ番号あり"":false},""各項目の重み"":1}",合格した項目数に対応する段階を答えてください。,"[""満たした項目が0個"",""満たした項目が1個"",""満たした項目が2個"",""満たした項目が3個"",""満たした項目が4個"",""満たした項目が5個"",""満たした項目が6個"",""満たした項目が7個""]",3
gen-score-09-036,score,generated,例外による上限,"{""検査合格"":{""記録"":true,""包装"":true,""表示"":true,""付属品"":true,""外観"":true,""動作"":false},""要再確認の印あり"":false,""採点規則"":""合格数が点数。ただし印があれば上限0点""}",単純な合格数ではなく、上限ルール適用後の点数を求めてください。,"[""最終点0点"",""最終点1点"",""最終点2点"",""最終点3点"",""最終点4点"",""最終点5点"",""最終点6点""]",5
gen-noul-12-017,noul,generated,記録と主張の照合,"""若葉施設の入口について、いま確認した確定記録は北口は完全に開いている、南口は半分だけ開いている、東口は半分だけ開いている、西口は完全に開いている、裏口は半分だけ開いている、搬入口は半分だけ開いているです。現在の判断にはこの確定記録だけを使います。""",確定情報から、北口は半分だけ開いていると言えますか。,"{""false"":""いいえ。質問の命題は成立しない。"",""true"":""はい。質問の命題が成立する。""}",false
gen-noul-14-036,noul,generated,予定時間の重なり,"{""対象者"":""佐藤"",""会議"":[8,9],""面談"":[8,12],""規則"":""終了時刻と開始時刻が一致するだけなら重複なし""}",指定された端点の扱いで予定の重複はありますか。,"{""false"":""いいえ。質問の命題は成立しない。"",""true"":""はい。質問の命題が成立する。""}",true
gen-score-01-034,score,generated,件数の段階境界,"""白波で未処理の連絡を数えたところ、現在13件でした。処理済みは数に含めていません。""",件数だけを評価尺度に照らして判定してください。,"[""対象件数が3件未満"",""対象件数が3件以上、6件未満"",""対象件数が6件以上、9件未満"",""対象件数が9件以上、12件未満"",""対象件数が12件以上、15件未満"",""対象件数が15件以上、18件未満"",""対象件数が18件以上""]",4
gen-noul-11-028,noul,generated,参照関係の真偽,"{""案件担当"":{""星空"":""吉田"",""春風"":""大野""},""資料関連先"":{""ノート"":""春風"",""テープ"":""星空""}}",ノートの関連先を担当表で引くと吉田さんになりますか。,"{""false"":""いいえ。質問の命題は成立しない。"",""true"":""はい。質問の命題が成立する。""}",false
gen-score-07-032,score,generated,証拠の最高到達段階,"""この調査固有の証拠段階表: 監査記録は段階1、写真記録は段階2。若葉で得られた証拠は写真記録、監査記録。複数ある場合は最大の段階を使い、なければ0です。""",明示された段階表だけで証拠を評価してください。,"[""証拠なしの段階0"",""表に基づく最高証拠段階1"",""表に基づく最高証拠段階2""]",2
gen-score-04-030,score,generated,独立チェックの合計,"{""資料"":""春風"",""チェック項目"":{""承認印あり"":false,""日付あり"":false,""題名あり"":true,""署名あり"":false,""ページ番号あり"":false},""各項目の重み"":1}",条件を満たした項目を一つ一点として集計してください。,"[""満たした項目が0個"",""満たした項目が1個"",""満たした項目が2個"",""満たした項目が3個"",""満たした項目が4個"",""満たした項目が5個""]",1
gen-choice-09-006,choice,generated,利用可能集合の差,"{""利用可能品"":[""ファイル"",""ラベル"",""付箋""],""予約済み品"":[""ラベル"",""ファイル"",""名札""]}",予約済みを利用可能一覧から除いたとき、残る品を答えてください。,"{""ラベル"":""ラベル"",""箱"":""箱"",""ファイル"":""ファイル"",""付箋"":""付箋"",""名札"":""名札""}",付箋
gen-noul-04-032,noul,generated,例外の優先,"""規則: 認定済みであれば星空を利用できます。ただし登録凍結中なら利用できません。渡辺さんは認定済みに該当、登録凍結中に非該当です。""",この人は現在、利用可能ですか。,"{""false"":""いいえ。質問の命題は成立しない。"",""true"":""はい。質問の命題が成立する。""}",true
gen-score-10-039,score,generated,不足の段階,"""木漏れ日申請で必要なものは受領票、確認票。届いたものは確認票、受領票です。必要一覧にない書類は不足を埋めません。""",未提出の必要書類はいくつの段階ですか。,"[""不足が0種類"",""不足が1種類"",""不足が2種類""]",0
gen-choice-03-028,choice,generated,最終更新,"""案件「春風」の記録です。20時の更新: 保留。 19時の更新: 承認。 16時の更新: 確認中。 14時の更新: 確認中。 12時の更新: 承認。""",記載順ではなく更新時刻を比べ、最新の状態を選んでください。,"{""承認"":""承認"",""差戻し"":""差戻し"",""発送済み"":""発送済み"",""確認中"":""確認中"",""保留"":""保留""}",保留
gen-noul-15-023,noul,generated,出来事の前後関係,"{""担当者"":""渡辺"",""実施順"":[""荷物受取"",""休憩"",""報告"",""電話連絡"",""検品"",""棚への配置""],""各作業の実施回数"":1}",日誌では休憩の方が報告より先ですか。,"{""false"":""いいえ。質問の命題は成立しない。"",""true"":""はい。質問の命題が成立する。""}",true
gen-noul-06-029,noul,generated,更新後の状態,"""青空の状態記録: 12時には空席あり、18時には空席あり、15時には満席、14時には満席。時刻が新しい記録が古い記録を上書きします。""",現在の状態は「満席」ですか。,"{""false"":""いいえ。質問の命題は成立しない。"",""true"":""はい。質問の命題が成立する。""}",false
gen-choice-09-005,choice,generated,利用可能集合の差,"""貸出台帳で利用可能と記録されている品は付箋、封筒、名札、ラベル、袋、カード、ケース。予約済みの品はラベル、付箋、箱、名札、封筒、カード、袋です。""",予約済みを利用可能一覧から除いたとき、残る品を答えてください。,"{""付箋"":""付箋"",""ラベル"":""ラベル"",""カード"":""カード"",""箱"":""箱"",""ケース"":""ケース"",""袋"":""袋"",""封筒"":""封筒"",""名札"":""名札""}",ケース
gen-noul-08-029,noul,generated,集合と否定所属,"{""催し"":""白波"",""完全な参加者名簿"":[""大野"",""石田""],""補足"":""名前のない人は参加者ではない""}",石田さんは参加者ではないと言えますか。,"{""false"":""いいえ。質問の命題は成立しない。"",""true"":""はい。質問の命題が成立する。""}",false
gen-choice-13-021,choice,generated,工程の依存順,"{""案件"":""木漏れ日"",""工程順"":[""内容確認"",""準備""],""完了済み"":[],""規則"":""順に実行し未完了工程を飛ばさない""}",この作業を一段進めるときに着手する工程を答えてください。残りがなければ完了です。,"{""準備"":""準備"",""内容確認"":""内容確認"",""完了"":""全工程が完了""}",内容確認
gen-choice-07-017,choice,generated,複数属性の制約,"""在庫表: ペンは黒色・金属製・在庫あり、シールは黒色・紙製・在庫なし、付箋は黒色・紙製・在庫あり、ノートは白色・紙製・在庫あり。""",黒色で紙製、在庫もある品を選んでください。,"{""付箋"":""付箋"",""シール"":""シール"",""ペン"":""ペン"",""ノート"":""ノート""}",付箋
gen-noul-04-021,noul,generated,例外の優先,"""規則: 会員であれば山道を利用できます。ただし申請保留中なら利用できません。大野さんは会員に非該当、申請保留中に該当です。""",例外を含む規則のもとで利用は許可されますか。,"{""false"":""いいえ。質問の命題は成立しない。"",""true"":""はい。質問の命題が成立する。""}",false
gen-score-13-033,score,generated,取消しを反映した件数,"""夕凪の申込み記録: 佐藤は受付済み・取消済み、遠藤は受付済み・取消済み、渡辺は受付済み・取消済み、吉田は受付済み・取消済み、上田は受付済み・取消済み、森は受付済み・取消済み、松本は受付済み・取消なし、青木は受付済み・取消済み。取消済みの申込みは有効件数から除きます。3件以上は最終段階3にまとめます。""",取消し後に残る有効申込み数を段階として選んでください。,"[""有効申込みが0件"",""有効申込みが1件"",""有効申込みが2件"",""有効申込みが3件以上""]",1
gen-noul-06-035,noul,generated,更新後の状態,"""夕凪の状態記録: 10時には受付中、14時には受付中、11時には停止中。時刻が新しい記録が古い記録を上書きします。""",現在の状態は「満席」ですか。,"{""false"":""いいえ。質問の命題は成立しない。"",""true"":""はい。質問の命題が成立する。""}",false
gen-score-02-041,score,generated,記述の満足段階,"{""回答者"":""木村"",""対象"":""白波"",""感想原文"":""完全ではないが、少し満足している""}",回答者が表明した満足の程度を分類してください。,"[""強い不満"",""不満"",""やや不満"",""どちらでもない"",""やや満足"",""満足"",""強い満足"",""最高の満足""]",4
gen-noul-13-010,noul,generated,範囲の開閉境界,"""星空の受付数は、3個より多い、かつ8個未満の場合に限り適合です。今回の数は3個です。""",下限と上限の両方の条件に合いますか。,"{""false"":""いいえ。質問の命題は成立しない。"",""true"":""はい。質問の命題が成立する。""}",false
gen-score-01-007,score,generated,件数の段階境界,"{""案件"":""木漏れ日"",""計数対象"":""確認待ちの申請"",""件数"":0,""処理済みを除外"":true}",記録された数に対応する段階を選んでください。,"[""対象件数が1件未満"",""対象件数が1件以上、2件未満"",""対象件数が2件以上、3件未満"",""対象件数が3件以上、4件未満"",""対象件数が4件以上、5件未満"",""対象件数が5件以上、6件未満"",""対象件数が6件以上、7件未満"",""対象件数が7件以上""]",0
gen-noul-05-019,noul,generated,締切の境界,"{""受付規則"":""13時より前だけ受け付け、13時ちょうどは無効"",""提出者"":""渡辺"",""提出時刻"":21}",時刻だけを基準に、この提出を有効と判定できますか。,"{""false"":""いいえ。質問の命題は成立しない。"",""true"":""はい。質問の命題が成立する。""}",false
gen-choice-01-043,choice,generated,問い合わせ経路,"""受付分類表は次のとおりです。アカウント窓口: ログイン・パスワード・退会 / 製品窓口: 破損・初期不良・部品交換 / 店舗窓口: 営業時間・店内設備・店舗の場所 / 請求窓口: 二重請求・領収書・返金。問い合わせ本文:「お店は何時から何時まで開いていますか」。受付担当が付けた主題は「営業時間」です。""",分類表に従い、この問い合わせを担当する窓口を一つ選んでください。,"{""店舗"":""店舗の窓口"",""製品"":""製品の窓口"",""請求"":""請求の窓口"",""アカウント"":""アカウントの窓口""}",店舗
gen-choice-01-044,choice,generated,問い合わせ経路,"{""分類表"":{""製品"":[""破損"",""初期不良"",""部品交換""],""契約"":[""契約更新"",""プラン変更"",""解約手続き""],""請求"":[""二重請求"",""領収書"",""返金""]},""本文"":""支払い済みなので領収書を発行してほしいです"",""受付主題"":""領収書""}",分類表に従い、この問い合わせを担当する窓口を一つ選んでください。,"{""製品"":""製品の窓口"",""契約"":""契約の窓口"",""請求"":""請求の窓口""}",請求
gen-choice-01-016,choice,generated,問い合わせ経路,"{""分類表"":{""配送"":[""届け先変更"",""荷物の遅延"",""追跡番号""],""請求"":[""二重請求"",""領収書"",""返金""]},""本文"":""同じ代金が二回引き落とされています"",""受付主題"":""二重請求""}",受付分類表を使って、この相談の担当を決めてください。,"{""配送"":""配送の窓口"",""請求"":""請求の窓口""}",請求
gen-noul-02-024,noul,generated,全条件の充足,"{""すべて必要な条件"":[""事前登録"",""会費支払い"",""講習受講""],""対象"":""吉田"",""完了状況"":{""事前登録"":true,""会費支払い"":true,""講習受講"":true}}",この人は記載された利用条件をすべて満たしていますか。,"{""false"":""いいえ。質問の命題は成立しない。"",""true"":""はい。質問の命題が成立する。""}",true
gen-score-13-011,score,generated,取消しを反映した件数,"""草原の申込み記録: 森は受付済み・取消なし、林は受付済み・取消なし、上田は受付済み・取消なし、大野は受付済み・取消なし、佐藤は受付済み・取消なし、松本は受付済み・取消済み。取消済みの申込みは有効件数から除きます。2件以上は最終段階2にまとめます。""",受付済みから取消済みを除いた件数はいくつの段階ですか。,"[""有効申込みが0件"",""有効申込みが1件"",""有効申込みが2件以上""]",2
gen-choice-09-019,choice,generated,利用可能集合の差,"{""利用可能品"":[""用紙"",""冊子"",""ラベル""],""予約済み品"":[""名札"",""冊子"",""ラベル"",""ケース""]}",利用可能品のうち、予約されていない品を選んでください。,"{""用紙"":""用紙"",""冊子"":""冊子"",""ケース"":""ケース"",""ラベル"":""ラベル"",""名札"":""名札""}",用紙
gen-noul-12-046,noul,generated,記録と主張の照合,"""朝露施設の入口について、いま確認した確定記録は北口は4分の1だけ開いている、南口は完全に閉じている、東口は半分だけ開いている、西口は半分だけ開いている、裏口は完全に閉じている、搬入口は4分の1だけ開いているです。現在の判断にはこの確定記録だけを使います。""",確定情報から、東口は半分だけ開いていると言えますか。,"{""false"":""いいえ。質問の命題は成立しない。"",""true"":""はい。質問の命題が成立する。""}",true
gen-choice-14-006,choice,generated,二属性照合,"""展示品の札: シールは赤色・布製、ラベルは黄色・紙製、付箋は紫色・樹脂製、冊子は青色・樹脂製、箱は茶色・紙製。探しているのは青色の樹脂製です。""",指定された色と素材の両方が一致する品を選んでください。,"{""付箋"":""付箋"",""ラベル"":""ラベル"",""冊子"":""冊子"",""シール"":""シール"",""箱"":""箱""}",冊子
gen-score-04-048,score,generated,独立チェックの合計,"""星空資料の点検: 題名ありは満たす、宛先ありは満たさない。各項目は一つずつ数えます。""",条件を満たした項目を一つ一点として集計してください。,"[""満たした項目が0個"",""満たした項目が1個"",""満たした項目が2個""]",1
gen-score-07-011,score,generated,証拠の最高到達段階,"{""調査"":""青空"",""この調査の証拠段階"":{""担当者報告"":1,""第三者確認"":2},""得られた証拠"":[""担当者報告"",""第三者確認""],""集約規則"":""得られた段階の最大。証拠なしは0""}",明示された段階表だけで証拠を評価してください。,"[""証拠なしの段階0"",""表に基づく最高証拠段階1"",""表に基づく最高証拠段階2""]",2
gen-score-03-020,score,generated,順番に進む工程,"{""案件"":""夕凪"",""工程順"":[""準備""],""完了済み"":[""準備""],""着手中は完了に含めない"":true}",この案件は完了ベースでどの段階まで進みましたか。,"[""完了した工程はまだない"",""先頭から1工程が完了（最後に完了したのは準備）""]",1
gen-choice-11-035,choice,generated,小数量の比較,"{""在庫"":[{""品名"":""冊子"",""総在庫"":3,""予約分"":1},{""品名"":""付箋"",""総在庫"":9,""予約分"":0},{""品名"":""カード"",""総在庫"":12,""予約分"":0},{""品名"":""名札"",""総在庫"":1,""予約分"":1},{""品名"":""封筒"",""総在庫"":8,""予約分"":0}],""自由在庫"":""総在庫から予約分を引く""}",今使える個数が最も多い品を答えてください。,"{""名札"":""名札"",""付箋"":""付箋"",""封筒"":""封筒"",""冊子"":""冊子"",""カード"":""カード""}",カード
gen-score-04-023,score,generated,独立チェックの合計,"""夕凪資料の点検: 署名ありは満たさない、日付ありは満たさない、添付ありは満たさない、承認印ありは満たさない、宛先ありは満たさない。各項目は一つずつ数えます。""",合格した項目数に対応する段階を答えてください。,"[""満たした項目が0個"",""満たした項目が1個"",""満たした項目が2個"",""満たした項目が3個"",""満たした項目が4個"",""満たした項目が5個""]",0
gen-score-12-032,score,generated,目標からの差,"{""案件"":""春風"",""目標数"":10,""実績数"":11,""採点"":""差の絶対値。ただし2以上は段階2""}",目標からのずれの段階を選んでください。,"[""目標との差が0個"",""目標との差が1個"",""目標との差が2個以上""]",1
gen-score-06-044,score,generated,約束時刻からの遅れ,"{""便"":""木漏れ日"",""約束時刻"":11,""実際の到着時刻"":12,""同日"":true,""早着時の遅れ"":0}",約束時刻と到着時刻の差から、遅延段階を選んでください。,"[""遅れが1時間未満"",""遅れが1時間以上、2時間未満"",""遅れが2時間以上、3時間未満"",""遅れが3時間以上、4時間未満"",""遅れが4時間以上、5時間未満"",""遅れが5時間以上、6時間未満"",""遅れが6時間以上、7時間未満"",""遅れが7時間以上""]",1
gen-score-02-015,score,generated,記述の満足段階,"""高橋さんは春風の体験について「特に良くも悪くも感じなかった」と回答しました。追加の発言はありません。""",発言の意味に最も合う満足段階を選んでください。,"[""どちらでもない"",""満足"",""最高の満足""]",0
gen-noul-01-015,noul,generated,事実と否定質問,"""林さんについての確定記録: 面談に参加しています。""",確定情報だけから、林さんが面談に参加していないという判断は正しいですか。,"{""false"":""いいえ。質問の命題は成立しない。"",""true"":""はい。質問の命題が成立する。""}",false
gen-score-15-027,score,generated,軽重のある項目,"{""不備ごとの配点"":{""宛名不備"":2,""署名欠落"":1,""添付欠落"":1,""余白不備"":1},""不備あり"":{""宛名不備"":true,""署名欠落"":false,""添付欠落"":false,""余白不備"":false},""上限"":4}",項目数ではなく指定された点数で評価してください。,"[""不備点の合計が0点"",""不備点の合計が1点"",""不備点の合計が2点"",""不備点の合計が3点"",""不備点の合計が4点以上""]",2
gen-choice-02-037,choice,generated,条件と優先例外,"{""規則"":""会員かつ4個以上なら優待。ただし予約品は常に通常"",""会員"":false,""購入数"":14,""予約品"":true}",例外も踏まえて、今回の購入区分はどれですか。,"{""優待"":""優待の扱い"",""通常"":""通常の扱い""}",通常
gen-choice-15-035,choice,generated,文章内の順序参照,"{""会議"":""水面"",""発表順"":[""森"",""木村"",""上田""]}",発表順の先頭から1番目にいる人を答えてください。,"{""上田"":""上田さん"",""木村"":""木村さん"",""森"":""森さん""}",森
gen-choice-13-014,choice,generated,工程の依存順,"""案件「灯台」の工程順は受付→準備です。途中の工程を飛ばすことはできません。完了済みは受付、準備です。""",この作業を一段進めるときに着手する工程を答えてください。残りがなければ完了です。,"{""受付"":""受付"",""準備"":""準備"",""完了"":""全工程が完了""}",完了
gen-score-10-032,score,generated,不足の段階,"{""申請"":""山道"",""必要書類"":[""見積書"",""確認票""],""届いた書類"":[],""余分な書類で代用できる"":false}",未提出の必要書類はいくつの段階ですか。,"[""不足が0種類"",""不足が1種類"",""不足が2種類""]",2
gen-noul-15-022,noul,generated,出来事の前後関係,"{""担当者"":""木村"",""実施順"":[""伝票記入"",""引継ぎ"",""電話連絡"",""休憩"",""検品"",""棚への配置""],""各作業の実施回数"":1}",日誌では休憩の方が引継ぎより先ですか。,"{""false"":""いいえ。質問の命題は成立しない。"",""true"":""はい。質問の命題が成立する。""}",false
gen-noul-06-048,noul,generated,更新後の状態,"{""対象"":""山道"",""更新記録"":[{""時刻"":15,""状態"":""使用可能""},{""時刻"":20,""状態"":""使用可能""},{""時刻"":16,""状態"":""使用可能""},{""時刻"":17,""状態"":""使用可能""},{""時刻"":13,""状態"":""使用可能""}],""規則"":""最新時刻の記録が有効""}",最後の更新を適用すると、状態は「使用可能」になっていますか。,"{""false"":""いいえ。質問の命題は成立しない。"",""true"":""はい。質問の命題が成立する。""}",true
gen-choice-08-021,choice,generated,改訂と例外の優先,"""通常品の貼付ラベルについて、連絡は古い順に「茶」「紫」「緑」でした。後の連絡が前の連絡を上書きします。ただし冷蔵品には連絡履歴に関係なく赤ラベルを貼ります。今回の荷物は通常品です。""",今回適用されるラベルを一つ決めてください。,"{""紫"":""紫ラベル"",""緑"":""緑ラベル"",""赤"":""赤ラベル"",""青"":""青ラベル"",""白"":""白ラベル"",""茶"":""茶ラベル""}",緑
gen-choice-13-036,choice,generated,工程の依存順,"""案件「草原」の工程順は実施→受付→見積作成→承認→報告です。途中の工程を飛ばすことはできません。完了済みは実施です。""",まだ済んでいない最初の工程は何ですか。存在しない場合は完了です。,"{""受付"":""受付"",""見積作成"":""見積作成"",""報告"":""報告"",""実施"":""実施"",""承認"":""承認"",""完了"":""全工程が完了""}",受付
gen-noul-13-019,noul,generated,範囲の開閉境界,"{""下限条件"":""3個以上"",""上限条件"":""6個未満"",""今回の個数"":4,""関係"":""両方を満たすこと""}",今回の個数は適合範囲に入っていますか。,"{""false"":""いいえ。質問の命題は成立しない。"",""true"":""はい。質問の命題が成立する。""}",true
gen-noul-13-007,noul,generated,範囲の開閉境界,"{""下限条件"":""5個以上"",""上限条件"":""10個以下"",""今回の個数"":8,""関係"":""両方を満たすこと""}",指定された範囲条件を満たしていますか。,"{""false"":""いいえ。質問の命題は成立しない。"",""true"":""はい。質問の命題が成立する。""}",true
gen-score-08-026,score,generated,要件への一致数,"""注文要件: 形=三角、印字=あり、サイズ=中。提案品: 形=三角、印字=片面のみ、サイズ=大。""",各属性の完全一致を一点として採点してください。,"[""一致した要件が0項目"",""一致した要件が1項目"",""一致した要件が2項目"",""一致した要件が3項目""]",1
gen-noul-11-009,noul,generated,参照関係の真偽,"""担当表: 灯台は高橋、水面は佐藤、春風は吉田、木漏れ日は中村。資料の関連先: ケースは灯台、ペンは春風、袋は水面、付箋は木漏れ日。""",佐藤さんは袋が属する案件の担当者と言えますか。,"{""false"":""いいえ。質問の命題は成立しない。"",""true"":""はい。質問の命題が成立する。""}",true
gen-noul-14-041,noul,generated,予定時間の重なり,"{""対象者"":""高橋"",""会議"":[13,15],""面談"":[12,13],""規則"":""終了時刻と開始時刻が一致するだけなら重複なし""}",指定された端点の扱いで予定の重複はありますか。,"{""false"":""いいえ。質問の命題は成立しない。"",""true"":""はい。質問の命題が成立する。""}",false
gen-noul-05-018,noul,generated,締切の境界,"""星空の提出は13時ちょうどまで受け付け、同時刻の提出も有効です。大野さんの提出記録は12時ちょうどです。""",時刻だけを基準に、この提出を有効と判定できますか。,"{""false"":""いいえ。質問の命題は成立しない。"",""true"":""はい。質問の命題が成立する。""}",true
gen-choice-14-045,choice,generated,二属性照合,"{""展示品"":[{""品名"":""付箋"",""色"":""白"",""素材"":""ガラス""},{""品名"":""ペン"",""色"":""緑"",""素材"":""樹脂""},{""品名"":""テープ"",""色"":""白"",""素材"":""樹脂""},{""品名"":""ケース"",""色"":""赤"",""素材"":""金属""},{""品名"":""ラベル"",""色"":""青"",""素材"":""木""}],""指定色"":""白"",""指定素材"":""樹脂""}",指定された色と素材の両方が一致する品を選んでください。,"{""ペン"":""ペン"",""ケース"":""ケース"",""ラベル"":""ラベル"",""テープ"":""テープ"",""付箋"":""付箋""}",テープ
gen-score-11-024,score,generated,時刻順の評価更新,"""白波の評価更新履歴: 10時に段階1、9時に段階0、21時に段階0。評価は最新時刻の値だけを採用します。""",履歴の記載順に惑わされず、最新評価を答えてください。,"[""評価段階0"",""評価段階1""]",0
gen-choice-04-048,choice,generated,参照先の担当,"""担当: 草原は上田、白波は中村、夕凪は加藤、若葉は佐藤、青空は木村、水面は松本。資料の所属: クリップは夕凪案件、封筒は草原案件、カードは水面案件、名札は白波案件、シールは若葉案件、袋は青空案件。確認する資料はクリップです。""",この資料について、所属案件を通じて連絡すべき担当者は誰ですか。,"{""佐藤"":""佐藤さん"",""上田"":""上田さん"",""木村"":""木村さん"",""加藤"":""加藤さん"",""中村"":""中村さん"",""松本"":""松本さん""}",加藤
gen-choice-11-011,choice,generated,小数量の比較,"{""在庫"":[{""品名"":""ノート"",""総在庫"":8,""予約分"":4},{""品名"":""ケース"",""総在庫"":16,""予約分"":4},{""品名"":""名札"",""総在庫"":9,""予約分"":4},{""品名"":""シール"",""総在庫"":11,""予約分"":5},{""品名"":""ラベル"",""総在庫"":9,""予約分"":1},{""品名"":""ペン"",""総在庫"":12,""予約分"":1},{""品名"":""カード"",""総在庫"":5,""予約分"":2}],""自由在庫"":""総在庫から予約分を引く""}",自由在庫が最も多い品を選んでください。,"{""ラベル"":""ラベル"",""シール"":""シール"",""ペン"":""ペン"",""カード"":""カード"",""名札"":""名札"",""ケース"":""ケース"",""ノート"":""ノート""}",ケース
gen-score-07-024,score,generated,証拠の最高到達段階,"""この調査固有の証拠段階表: 担当者報告は段階1。春風で得られた証拠はなし。複数ある場合は最大の段階を使い、なければ0です。""",この調査の証拠段階を選んでください。,"[""証拠なしの段階0"",""表に基づく最高証拠段階1""]",0
gen-choice-11-045,choice,generated,小数量の比較,"{""在庫"":[{""品名"":""シール"",""総在庫"":4,""予約分"":4},{""品名"":""ノート"",""総在庫"":15,""予約分"":5},{""品名"":""袋"",""総在庫"":7,""予約分"":2},{""品名"":""ケース"",""総在庫"":9,""予約分"":0}],""自由在庫"":""総在庫から予約分を引く""}",今使える個数が最も多い品を答えてください。,"{""ノート"":""ノート"",""シール"":""シール"",""袋"":""袋"",""ケース"":""ケース""}",ノート
gen-choice-10-002,choice,generated,不在時の代理,"""担当者: 夕凪は加藤、木漏れ日は木村、朝露は林、水面は遠藤、春風は上田。代理者: 加藤の代理は木村、木村の代理は林、林の代理は遠藤、遠藤の代理は上田、上田の代理は加藤。本日の不在者はなし。問い合わせ先の案件は夕凪です。代理への振替は一回だけ行い、その先の不在は判定しません。""",この案件を担当本人または指定代理に連絡します。宛先は誰ですか。,"{""上田"":""上田さん"",""木村"":""木村さん"",""遠藤"":""遠藤さん"",""加藤"":""加藤さん"",""林"":""林さん""}",加藤
gen-noul-09-003,noul,generated,重複を除いた件数,"{""棚"":""灯台"",""読み取り品名"":[""カード"",""テープ"",""ラベル"",""テープ"",""付箋"",""付箋"",""ラベル"",""袋"",""ラベル"",""用紙"",""冊子"",""シール""],""数え方"":""同一品名の重複を除く""}",品物の種類は5種類以上ありますか。,"{""false"":""いいえ。質問の命題は成立しない。"",""true"":""はい。質問の命題が成立する。""}",true
gen-choice-10-010,choice,generated,不在時の代理,"{""案件担当"":{""朝露"":""遠藤"",""山道"":""森"",""草原"":""上田"",""春風"":""石田""},""代理者"":{""遠藤"":""森"",""森"":""上田"",""上田"":""石田"",""石田"":""遠藤""},""不在者"":[],""案件"":""春風"",""ルール"":""担当者が不在なら指定代理に一度だけ振替。代理の在席状況は問わない""}",この案件を担当本人または指定代理に連絡します。宛先は誰ですか。,"{""森"":""森さん"",""遠藤"":""遠藤さん"",""石田"":""石田さん"",""上田"":""上田さん""}",石田
gen-score-09-040,score,generated,例外による上限,"{""検査合格"":{""外観"":true,""付属品"":false,""動作"":true},""要再確認の印あり"":true,""採点規則"":""合格数が点数。ただし印があれば上限2点""}",上限制限を適用した最終点を選んでください。,"[""最終点0点"",""最終点1点"",""最終点2点"",""最終点3点""]",2
gen-noul-01-011,noul,generated,事実と否定質問,"""高橋さんについての確定記録: 申請の取り下げを実施していません。""",『高橋さんは申請の取り下げを実施している』はこの記録と一致しますか。,"{""false"":""いいえ。質問の命題は成立しない。"",""true"":""はい。質問の命題が成立する。""}",false
gen-score-15-036,score,generated,軽重のある項目,"{""不備ごとの配点"":{""頁番号欠落"":2,""署名欠落"":1,""余白不備"":1,""誤字"":1,""添付欠落"":1,""宛名不備"":1},""不備あり"":{""頁番号欠落"":true,""署名欠落"":false,""余白不備"":true,""誤字"":true,""添付欠落"":false,""宛名不備"":true},""上限"":6}",見つかった不備の点数を合計し、上限を適用してください。,"[""不備点の合計が0点"",""不備点の合計が1点"",""不備点の合計が2点"",""不備点の合計が3点"",""不備点の合計が4点"",""不備点の合計が5点"",""不備点の合計が6点以上""]",5
gen-score-12-002,score,generated,目標からの差,"{""案件"":""若葉"",""目標数"":11,""実績数"":6,""採点"":""差の絶対値。ただし7以上は段階7""}",示された上限を含め、実績のずれを段階に変換してください。,"[""目標との差が0個"",""目標との差が1個"",""目標との差が2個"",""目標との差が3個"",""目標との差が4個"",""目標との差が5個"",""目標との差が6個"",""目標との差が7個以上""]",5
gen-noul-15-049,noul,generated,出来事の前後関係,"""大野さんの作業日誌は実施順に電話連絡→荷物受取→引継ぎ→検品→棚への配置→休憩です。記載した各作業は一回ずつ実施しました。""",日誌では電話連絡の方が休憩より先ですか。,"{""false"":""いいえ。質問の命題は成立しない。"",""true"":""はい。質問の命題が成立する。""}",true
gen-choice-03-005,choice,generated,最終更新,"""案件「灯台」の記録です。9時の更新: 取消。 12時の更新: 承認。 19時の更新: 差戻し。 13時の更新: 差戻し。 8時の更新: 保留。""",記載順ではなく更新時刻を比べ、最新の状態を選んでください。,"{""差戻し"":""差戻し"",""受取済み"":""受取済み"",""保留"":""保留"",""取消"":""取消"",""承認"":""承認""}",差戻し
gen-score-08-012,score,generated,要件への一致数,"{""注文要件"":{""包装"":""なし"",""色"":""白"",""素材"":""布""},""提案品"":{""包装"":""なし"",""色"":""白"",""素材"":""布""}}",注文要件と一致している属性の数を段階として選んでください。,"[""一致した要件が0項目"",""一致した要件が1項目"",""一致した要件が2項目"",""一致した要件が3項目""]",3
gen-score-06-009,score,generated,約束時刻からの遅れ,"""木漏れ日便は5時到着の約束でした。実際の到着は同じ日の13時です。早着した場合の遅れは0時間とします。""",到着の遅れを段階基準で評価してください。,"[""遅れが2時間未満"",""遅れが2時間以上、4時間未満"",""遅れが4時間以上、6時間未満"",""遅れが6時間以上、8時間未満"",""遅れが8時間以上、10時間未満"",""遅れが10時間以上、12時間未満"",""遅れが12時間以上、14時間未満"",""遅れが14時間以上""]",4
gen-choice-12-004,choice,generated,条件付き不足書類,"""書類確認の優先順は同意書→申込書→承認書→本人確認票→委任状。承認書だけは代理申請の場合に限って必要で、それ以外は常に必要です。今回は本人申請。提出済みは同意書、本人確認票、委任状です。""",申請区分に応じて必要書類を確認し、最優先で追加提出を求めるものを答えてください。なければ追加不要です。,"{""本人確認票"":""本人確認票"",""委任状"":""委任状"",""承認書"":""承認書"",""追加不要"":""必要書類はすべて提出済み"",""申込書"":""申込書"",""同意書"":""同意書""}",申込書
gen-noul-06-020,noul,generated,更新後の状態,"{""対象"":""山道"",""更新記録"":[{""時刻"":17,""状態"":""受付中""},{""時刻"":13,""状態"":""受付中""},{""時刻"":15,""状態"":""受付中""},{""時刻"":19,""状態"":""使用可能""},{""時刻"":7,""状態"":""満席""}],""規則"":""最新時刻の記録が有効""}",現在の状態は「使用可能」ですか。,"{""false"":""いいえ。質問の命題は成立しない。"",""true"":""はい。質問の命題が成立する。""}",true
gen-score-04-010,score,generated,独立チェックの合計,"""白波資料の点検: 添付ありは満たさない、署名ありは満たさない、ページ番号ありは満たさない、宛先ありは満たさない、題名ありは満たす、承認印ありは満たさない。各項目は一つずつ数えます。""",条件を満たした項目を一つ一点として集計してください。,"[""満たした項目が0個"",""満たした項目が1個"",""満たした項目が2個"",""満たした項目が3個"",""満たした項目が4個"",""満たした項目が5個"",""満たした項目が6個""]",1
gen-score-05-030,score,generated,緊急条件の加点,"""水面の基本優先度は3です。締切まで残り4時間以内なら1だけ加点し、それより長ければ加点しません。上限は6です。今回は締切まで2時間です。""",条件付き加点後の優先度を選んでください。,"[""最終優先度0"",""最終優先度1"",""最終優先度2"",""最終優先度3"",""最終優先度4"",""最終優先度5"",""最終優先度6""]",4
gen-noul-12-033,noul,generated,記録と主張の照合,"{""施設"":""草原"",""入口ごとの現在の確定記録"":{""北口"":""半分だけ開いている"",""南口"":""完全に閉じている"",""東口"":""完全に閉じている"",""西口"":""完全に閉じている"",""裏口"":""完全に開いている"",""搬入口"":""半分だけ開いている""},""判定資料"":""現在の確定記録のみ""}",確定情報から、南口は半分だけ開いていると言えますか。,"{""false"":""いいえ。質問の命題は成立しない。"",""true"":""はい。質問の命題が成立する。""}",false
gen-choice-04-015,choice,generated,参照先の担当,"""担当: 夕凪は石田、水面は青木、春風は吉田、草原は佐藤、朝露は森、灯台は上田、星空は木村。資料の所属: シールは朝露案件、冊子は草原案件、ラベルは灯台案件、テープは星空案件、ファイルは水面案件、用紙は春風案件、ペンは夕凪案件。確認する資料は冊子です。""",確認資料が属する案件の担当者を選んでください。,"{""青木"":""青木さん"",""佐藤"":""佐藤さん"",""木村"":""木村さん"",""上田"":""上田さん"",""石田"":""石田さん"",""吉田"":""吉田さん"",""森"":""森さん""}",佐藤
gen-noul-01-048,noul,generated,事実と否定質問,"""遠藤さんについての確定記録: 内容を確認していません。""",記録上、遠藤さんは内容を確認していないと言えますか。,"{""false"":""いいえ。質問の命題は成立しない。"",""true"":""はい。質問の命題が成立する。""}",true
gen-noul-02-028,noul,generated,全条件の充足,"{""すべて必要な条件"":[""本人確認"",""講習受講""],""対象"":""中村"",""完了状況"":{""本人確認"":true,""講習受講"":true}}",不足条件なく利用を許可できますか。,"{""false"":""いいえ。質問の命題は成立しない。"",""true"":""はい。質問の命題が成立する。""}",true
gen-noul-02-034,noul,generated,全条件の充足,"{""すべて必要な条件"":[""事前登録"",""会費支払い""],""対象"":""青木"",""完了状況"":{""事前登録"":true,""会費支払い"":true}}",この人は記載された利用条件をすべて満たしていますか。,"{""false"":""いいえ。質問の命題は成立しない。"",""true"":""はい。質問の命題が成立する。""}",true
gen-score-09-046,score,generated,例外による上限,"{""検査合格"":{""動作"":false,""表示"":false},""要再確認の印あり"":false,""採点規則"":""合格数が点数。ただし印があれば上限1点""}",単純な合格数ではなく、上限ルール適用後の点数を求めてください。,"[""最終点0点"",""最終点1点"",""最終点2点""]",0
gen-choice-11-018,choice,generated,小数量の比較,"{""在庫"":[{""品名"":""付箋"",""総在庫"":4,""予約分"":3},{""品名"":""ペン"",""総在庫"":11,""予約分"":0}],""自由在庫"":""総在庫から予約分を引く""}",今使える個数が最も少ない品を答えてください。,"{""ペン"":""ペン"",""付箋"":""付箋""}",付箋
gen-choice-11-005,choice,generated,小数量の比較,"""入出庫記録: ラベルは在庫5個、そのうち予約2個、シールは在庫2個、そのうち予約1個、用紙は在庫8個、そのうち予約4個、ノートは在庫12個、そのうち予約3個、袋は在庫6個、そのうち予約4個。予約分は自由在庫に含めません。""",自由在庫が最も多い品を選んでください。,"{""ノート"":""ノート"",""袋"":""袋"",""ラベル"":""ラベル"",""シール"":""シール"",""用紙"":""用紙""}",ノート
gen-choice-15-005,choice,generated,文章内の順序参照,"{""会議"":""朝露"",""発表順"":[""林"",""大野"",""遠藤"",""松本""]}",発表順の先頭から1番目にいる人を答えてください。,"{""大野"":""大野さん"",""林"":""林さん"",""松本"":""松本さん"",""遠藤"":""遠藤さん""}",林
gen-choice-04-005,choice,generated,参照先の担当,"""担当: 青空は佐藤、灯台は大野、木漏れ日は吉田、白波は高橋。資料の所属: ペンは白波案件、ケースは木漏れ日案件、用紙は青空案件、名札は灯台案件。確認する資料はケースです。""",確認資料が属する案件の担当者を選んでください。,"{""吉田"":""吉田さん"",""佐藤"":""佐藤さん"",""大野"":""大野さん"",""高橋"":""高橋さん""}",吉田
gen-score-14-038,score,generated,参照表の順序尺度,"{""検査対象"":""夕凪"",""今回の対応表"":{""黒"":0,""赤"":1},""確定票の印"":""赤""}",今回の対応表を使って検査票の段階を選んでください。,"[""表による段階0"",""表による段階1""]",1
gen-choice-14-007,choice,generated,二属性照合,"{""展示品"":[{""品名"":""冊子"",""色"":""黄"",""素材"":""紙""},{""品名"":""名札"",""色"":""青"",""素材"":""ガラス""},{""品名"":""カード"",""色"":""赤"",""素材"":""金属""},{""品名"":""封筒"",""色"":""茶"",""素材"":""布""},{""品名"":""シール"",""色"":""黄"",""素材"":""布""},{""品名"":""袋"",""色"":""紫"",""素材"":""布""}],""指定色"":""黄"",""指定素材"":""紙""}",二つの指定を同時に満たす展示品はどれですか。,"{""封筒"":""封筒"",""カード"":""カード"",""名札"":""名札"",""冊子"":""冊子"",""シール"":""シール"",""袋"":""袋""}",冊子
gen-score-11-007,score,generated,時刻順の評価更新,"{""案件"":""春風"",""評価更新"":[{""時刻"":7,""段階"":4},{""時刻"":21,""段階"":5},{""時刻"":15,""段階"":0},{""時刻"":8,""段階"":5},{""時刻"":16,""段階"":1},{""時刻"":14,""段階"":0}],""採用規則"":""最新時刻だけを採用""}",現在採用すべき評価段階を選んでください。,"[""評価段階0"",""評価段階1"",""評価段階2"",""評価段階3"",""評価段階4"",""評価段階5""]",5
gen-choice-11-019,choice,generated,小数量の比較,"{""在庫"":[{""品名"":""冊子"",""総在庫"":10,""予約分"":5},{""品名"":""ラベル"",""総在庫"":7,""予約分"":5},{""品名"":""ノート"",""総在庫"":6,""予約分"":3},{""品名"":""クリップ"",""総在庫"":16,""予約分"":4},{""品名"":""封筒"",""総在庫"":8,""予約分"":2}],""自由在庫"":""総在庫から予約分を引く""}",予約分を差し引いた残りが一番少ないのはどれですか。,"{""封筒"":""封筒"",""ノート"":""ノート"",""ラベル"":""ラベル"",""クリップ"":""クリップ"",""冊子"":""冊子""}",ラベル
gen-choice-08-022,choice,generated,改訂と例外の優先,"{""通常品ラベルの改訂・古い順"":[""白"",""緑"",""紫""],""優先例外"":""冷蔵品は白"",""荷物"":""冷蔵品"",""規則"":""後の改訂が前を上書きする""}",この荷物に貼るラベルの色を選んでください。,"{""白"":""白ラベル"",""紫"":""紫ラベル"",""緑"":""緑ラベル""}",白
gen-choice-08-002,choice,generated,改訂と例外の優先,"""通常品の貼付ラベルについて、連絡は古い順に「黄」「黒」「青」でした。後の連絡が前の連絡を上書きします。ただし冷蔵品には連絡履歴に関係なく白ラベルを貼ります。今回の荷物は通常品です。""",今回適用されるラベルを一つ決めてください。,"{""黄"":""黄ラベル"",""白"":""白ラベル"",""青"":""青ラベル"",""紫"":""紫ラベル"",""黒"":""黒ラベル"",""緑"":""緑ラベル"",""赤"":""赤ラベル"",""茶"":""茶ラベル""}",青
gen-noul-07-003,noul,generated,識別文字列の完全一致,"""商品ラベルの管理コードは「PQ2-B」、注文票の管理コードは「PQ2-B」です。照合では大文字と小文字、記号の違いも区別します。""",指定された照合規則で一致と判定できますか。,"{""false"":""いいえ。質問の命題は成立しない。"",""true"":""はい。質問の命題が成立する。""}",true
gen-noul-02-038,noul,generated,全条件の充足,"{""すべて必要な条件"":[""同意書提出"",""本人確認""],""対象"":""渡辺"",""完了状況"":{""同意書提出"":true,""本人確認"":true}}",不足条件なく利用を許可できますか。,"{""false"":""いいえ。質問の命題は成立しない。"",""true"":""はい。質問の命題が成立する。""}",true
gen-choice-03-018,choice,generated,最終更新,"{""案件"":""山道"",""更新記録"":[{""時"":20,""状態"":""確認中""},{""時"":10,""状態"":""受取済み""},{""時"":13,""状態"":""受取済み""},{""時"":11,""状態"":""保留""}]}",時刻が最も新しい更新に基づく状態を答えてください。,"{""取消"":""取消"",""差戻し"":""差戻し"",""保留"":""保留"",""未着手"":""未着手"",""承認"":""承認"",""確認中"":""確認中"",""発送済み"":""発送済み"",""受取済み"":""受取済み""}",確認中
gen-noul-13-044,noul,generated,範囲の開閉境界,"{""下限条件"":""8個より多い"",""上限条件"":""14個以下"",""今回の個数"":8,""関係"":""両方を満たすこと""}",下限と上限の両方の条件に合いますか。,"{""false"":""いいえ。質問の命題は成立しない。"",""true"":""はい。質問の命題が成立する。""}",false
gen-noul-02-033,noul,generated,全条件の充足,"""夕凪の利用には会費支払い・本人確認・同意書提出がすべて必要です。渡辺さん: 会費支払いは完了、本人確認は未完了、同意書提出は完了。""",この人は記載された利用条件をすべて満たしていますか。,"{""false"":""いいえ。質問の命題は成立しない。"",""true"":""はい。質問の命題が成立する。""}",false
gen-score-13-042,score,generated,取消しを反映した件数,"""朝露の申込み記録: 中村は受付済み・取消済み、佐藤は受付済み・取消済み、森は受付済み・取消済み、加藤は受付済み・取消済み、林は未受付・取消なし、渡辺は受付済み・取消済み、木村は未受付・取消なし。取消済みの申込みは有効件数から除きます。5件以上は最終段階5にまとめます。""",現在有効な申込みだけを数えて評価してください。,"[""有効申込みが0件"",""有効申込みが1件"",""有効申込みが2件"",""有効申込みが3件"",""有効申込みが4件"",""有効申込みが5件以上""]",0
gen-score-05-002,score,generated,緊急条件の加点,"""木漏れ日の基本優先度は0です。締切まで残り3時間以内なら1だけ加点し、それより長ければ加点しません。上限は6です。今回は締切まで10時間です。""",締切までの時間による条件を反映した段階を答えてください。,"[""最終優先度0"",""最終優先度1"",""最終優先度2"",""最終優先度3"",""最終優先度4"",""最終優先度5"",""最終優先度6""]",0
gen-choice-14-013,choice,generated,二属性照合,"{""展示品"":[{""品名"":""箱"",""色"":""茶"",""素材"":""ガラス""},{""品名"":""ファイル"",""色"":""黒"",""素材"":""木""},{""品名"":""封筒"",""色"":""赤"",""素材"":""金属""},{""品名"":""シール"",""色"":""緑"",""素材"":""紙""},{""品名"":""名札"",""色"":""青"",""素材"":""ガラス""},{""品名"":""付箋"",""色"":""赤"",""素材"":""紙""},{""品名"":""テープ"",""色"":""白"",""素材"":""ガラス""}],""指定色"":""緑"",""指定素材"":""紙""}",指定された色と素材の両方が一致する品を選んでください。,"{""名札"":""名札"",""シール"":""シール"",""テープ"":""テープ"",""付箋"":""付箋"",""封筒"":""封筒"",""ファイル"":""ファイル"",""箱"":""箱""}",シール
gen-choice-11-023,choice,generated,小数量の比較,"""入出庫記録: ノートは在庫10個、そのうち予約2個、名札は在庫6個、そのうち予約0個、冊子は在庫13個、そのうち予約1個、ファイルは在庫3個、そのうち予約3個、ラベルは在庫8個、そのうち予約1個、シールは在庫7個、そのうち予約5個、ペンは在庫15個、そのうち予約5個、封筒は在庫14個、そのうち予約3個。予約分は自由在庫に含めません。""",予約分を差し引いた残りが一番多いのはどれですか。,"{""冊子"":""冊子"",""ラベル"":""ラベル"",""封筒"":""封筒"",""ノート"":""ノート"",""シール"":""シール"",""ファイル"":""ファイル"",""名札"":""名札"",""ペン"":""ペン""}",冊子
gen-score-08-040,score,generated,要件への一致数,"{""注文要件"":{""形"":""四角"",""素材"":""紙"",""印字"":""あり""},""提案品"":{""形"":""四角"",""素材"":""紙"",""印字"":""あり""}}",注文要件と一致している属性の数を段階として選んでください。,"[""一致した要件が0項目"",""一致した要件が1項目"",""一致した要件が2項目"",""一致した要件が3項目""]",3
gen-score-12-022,score,generated,目標からの差,"{""案件"":""朝露"",""目標数"":13,""実績数"":10,""採点"":""差の絶対値。ただし6以上は段階6""}",不足・超過の向きではなく差の大きさで評価してください。,"[""目標との差が0個"",""目標との差が1個"",""目標との差が2個"",""目標との差が3個"",""目標との差が4個"",""目標との差が5個"",""目標との差が6個以上""]",3
gen-choice-04-011,choice,generated,参照先の担当,"{""案件担当"":{""星空"":""上田"",""山道"":""松本"",""若葉"":""青木"",""水面"":""高橋"",""木漏れ日"":""佐藤"",""青空"":""渡辺"",""草原"":""石田"",""夕凪"":""林""},""資料の所属案件"":{""袋"":""山道"",""ラベル"":""星空"",""ペン"":""青空"",""付箋"":""若葉"",""箱"":""草原"",""テープ"":""夕凪"",""カード"":""水面"",""ノート"":""木漏れ日""},""確認資料"":""カード""}",この資料について、所属案件を通じて連絡すべき担当者は誰ですか。,"{""佐藤"":""佐藤さん"",""青木"":""青木さん"",""松本"":""松本さん"",""高橋"":""高橋さん"",""渡辺"":""渡辺さん"",""林"":""林さん"",""上田"":""上田さん"",""石田"":""石田さん""}",高橋
gen-choice-05-016,choice,generated,否定条件で選択,"""検品記録: テープは封ありで濡れている、付箋は封なしで濡れている、クリップは封なしで濡れていない、用紙は封ありで濡れていない。""",封があるもので、かつ濡れていない品を選んでください。,"{""用紙"":""用紙"",""クリップ"":""クリップ"",""付箋"":""付箋"",""テープ"":""テープ""}",用紙
gen-choice-12-010,choice,generated,条件付き不足書類,"""書類確認の優先順は見積書→本人確認票→受領票→承認書→委任状→申込書→同意書。承認書だけは代理申請の場合に限って必要で、それ以外は常に必要です。今回は代理申請。提出済みは承認書、受領票、同意書、見積書です。""",申請区分に応じて必要書類を確認し、最優先で追加提出を求めるものを答えてください。なければ追加不要です。,"{""承認書"":""承認書"",""追加不要"":""必要書類はすべて提出済み"",""委任状"":""委任状"",""本人確認票"":""本人確認票"",""申込書"":""申込書"",""見積書"":""見積書"",""同意書"":""同意書"",""受領票"":""受領票""}",本人確認票
gen-noul-05-040,noul,generated,締切の境界,"""白波の提出は12時ちょうどまで受け付け、同時刻の提出も有効です。山田さんの提出記録は9時ちょうどです。""",記録された提出時刻は締切内ですか。,"{""false"":""いいえ。質問の命題は成立しない。"",""true"":""はい。質問の命題が成立する。""}",true
gen-choice-05-027,choice,generated,否定条件で選択,"{""検品"":[{""品名"":""名札"",""封がある"":false,""濡れている"":true},{""品名"":""用紙"",""封がある"":true,""濡れている"":false}]}",封があるもので、かつ濡れていない品を選んでください。,"{""名札"":""名札"",""用紙"":""用紙""}",用紙
gen-noul-15-004,noul,generated,出来事の前後関係,"""青木さんの作業日誌は実施順に引継ぎ→報告→電話連絡→伝票記入→休憩→荷物受取→棚への配置→検品です。記載した各作業は一回ずつ実施しました。""",日誌では荷物受取の方が報告より先ですか。,"{""false"":""いいえ。質問の命題は成立しない。"",""true"":""はい。質問の命題が成立する。""}",false
gen-noul-04-019,noul,generated,例外の優先,"{""許可条件"":""認定済み"",""優先禁止条件"":""登録凍結中"",""対象"":""林"",""許可条件に該当"":true,""禁止条件に該当"":true}",この人は現在、利用可能ですか。,"{""false"":""いいえ。質問の命題は成立しない。"",""true"":""はい。質問の命題が成立する。""}",false
gen-noul-12-028,noul,generated,記録と主張の照合,"{""施設"":""草原"",""入口ごとの現在の確定記録"":{""北口"":""4分の1だけ開いている"",""南口"":""4分の1だけ開いている"",""東口"":""4分の1だけ開いている"",""西口"":""完全に開いている"",""裏口"":""完全に閉じている"",""搬入口"":""完全に閉じている""},""判定資料"":""現在の確定記録のみ""}",いま東口が4分の1だけ開いているという判断は正しいですか。,"{""false"":""いいえ。質問の命題は成立しない。"",""true"":""はい。質問の命題が成立する。""}",true
gen-choice-10-020,choice,generated,不在時の代理,"{""案件担当"":{""山道"":""松本"",""木漏れ日"":""上田"",""朝露"":""吉田"",""青空"":""山田""},""代理者"":{""松本"":""上田"",""上田"":""吉田"",""吉田"":""山田"",""山田"":""松本""},""不在者"":[""吉田"",""上田""],""案件"":""朝露"",""ルール"":""担当者が不在なら指定代理に一度だけ振替。代理の在席状況は問わない""}",本日の規則に従う連絡相手を選んでください。,"{""上田"":""上田さん"",""松本"":""松本さん"",""吉田"":""吉田さん"",""山田"":""山田さん""}",山田
gen-choice-06-031,choice,generated,時間枠の包含,"""部屋の連続利用可能時間: 赤室は17時から19時まで、緑室は15時から16時まで、黒室は15時から19時まで、茶室は17時から18時まで、白室は15時から16時まで、紫室は17時から18時まで、青室は17時から19時まで、黄室は14時から16時まで。会議は16時開始、17時終了です。""",会議の全時間を連続して確保できる部屋を選んでください。開始・終了の一致は許可します。,"{""緑"":""緑室"",""茶"":""茶室"",""青"":""青室"",""白"":""白室"",""紫"":""紫室"",""黒"":""黒室"",""赤"":""赤室"",""黄"":""黄室""}",黒
gen-noul-15-012,noul,generated,出来事の前後関係,"""加藤さんの作業日誌は実施順に棚への配置→検品→報告→荷物受取→引継ぎ→伝票記入です。記載した各作業は一回ずつ実施しました。""",日誌では引継ぎの方が報告より先ですか。,"{""false"":""いいえ。質問の命題は成立しない。"",""true"":""はい。質問の命題が成立する。""}",false
gen-noul-07-038,noul,generated,識別文字列の完全一致,"""商品ラベルの管理コードは「EF6-A」、注文票の管理コードは「EF6A」です。照合では大文字と小文字、記号の違いも区別します。""",同一コードとして扱ってよいですか。,"{""false"":""いいえ。質問の命題は成立しない。"",""true"":""はい。質問の命題が成立する。""}",false
gen-score-07-049,score,generated,証拠の最高到達段階,"""この調査固有の証拠段階表: 口頭メモは段階1、担当者報告は段階2、写真記録は段階3、一次資料は段階4、第三者確認は段階5。朝露で得られた証拠は口頭メモ。複数ある場合は最大の段階を使い、なければ0です。""",この調査の証拠段階を選んでください。,"[""証拠なしの段階0"",""表に基づく最高証拠段階1"",""表に基づく最高証拠段階2"",""表に基づく最高証拠段階3"",""表に基づく最高証拠段階4"",""表に基づく最高証拠段階5""]",1
gen-choice-11-003,choice,generated,小数量の比較,"{""在庫"":[{""品名"":""冊子"",""総在庫"":13,""予約分"":5},{""品名"":""クリップ"",""総在庫"":11,""予約分"":2},{""品名"":""袋"",""総在庫"":6,""予約分"":1}],""自由在庫"":""総在庫から予約分を引く""}",自由在庫が最も多い品を選んでください。,"{""袋"":""袋"",""冊子"":""冊子"",""クリップ"":""クリップ""}",クリップ
gen-score-08-030,score,generated,要件への一致数,"{""注文要件"":{""素材"":""紙"",""形"":""四角"",""サイズ"":""小"",""印字"":""片面のみ"",""配送"":""宅配"",""色"":""赤"",""包装"":""袋""},""提案品"":{""素材"":""布"",""形"":""四角"",""サイズ"":""小"",""印字"":""なし"",""配送"":""宅配"",""色"":""赤"",""包装"":""袋""}}",注文要件と一致している属性の数を段階として選んでください。,"[""一致した要件が0項目"",""一致した要件が1項目"",""一致した要件が2項目"",""一致した要件が3項目"",""一致した要件が4項目"",""一致した要件が5項目"",""一致した要件が6項目"",""一致した要件が7項目""]",5
gen-score-06-001,score,generated,約束時刻からの遅れ,"{""便"":""若葉"",""約束時刻"":5,""実際の到着時刻"":5,""同日"":true,""早着時の遅れ"":0}",到着の遅れを段階基準で評価してください。,"[""遅れが1時間未満"",""遅れが1時間以上、2時間未満"",""遅れが2時間以上、3時間未満"",""遅れが3時間以上、4時間未満"",""遅れが4時間以上、5時間未満"",""遅れが5時間以上、6時間未満"",""遅れが6時間以上""]",0
gen-score-10-015,score,generated,不足の段階,"{""申請"":""白波"",""必要書類"":[""承認書"",""同意書"",""申込書"",""見積書"",""添付図"",""確認票""],""届いた書類"":[""同意書"",""申込書"",""確認票"",""見積書"",""参考資料""],""余分な書類で代用できる"":false}",必要書類の不足数に対応する段階を選んでください。,"[""不足が0種類"",""不足が1種類"",""不足が2種類"",""不足が3種類"",""不足が4種類"",""不足が5種類"",""不足が6種類""]",2
gen-noul-04-005,noul,generated,例外の優先,"{""許可条件"":""事前承認済み"",""優先禁止条件"":""入場制限中"",""対象"":""松本"",""許可条件に該当"":false,""禁止条件に該当"":false}",この人は現在、利用可能ですか。,"{""false"":""いいえ。質問の命題は成立しない。"",""true"":""はい。質問の命題が成立する。""}",false
gen-noul-13-042,noul,generated,範囲の開閉境界,"""春風の受付数は、5個以上、かつ10個以下の場合に限り適合です。今回の数は11個です。""",下限と上限の両方の条件に合いますか。,"{""false"":""いいえ。質問の命題は成立しない。"",""true"":""はい。質問の命題が成立する。""}",false
gen-choice-12-042,choice,generated,条件付き不足書類,"{""確認優先順"":[""申込書"",""同意書"",""承認書"",""受領票"",""委任状"",""本人確認票""],""代理申請だけに必要"":""同意書"",""代理申請"":true,""提出済み"":[""本人確認票""]}",必要な不足書類を先頭から一つだけ案内します。どれですか。必要書類に不足がなければ追加不要です。,"{""委任状"":""委任状"",""同意書"":""同意書"",""追加不要"":""必要書類はすべて提出済み"",""申込書"":""申込書"",""本人確認票"":""本人確認票"",""受領票"":""受領票"",""承認書"":""承認書""}",申込書
gen-score-05-040,score,generated,緊急条件の加点,"{""案件"":""草原"",""基本優先度"":0,""締切までの残り時間"":0,""規則"":""残り2時間以内なら1加点、それより長ければ0加点。上限2""}",条件付き加点後の優先度を選んでください。,"[""最終優先度0"",""最終優先度1"",""最終優先度2""]",1
gen-score-01-023,score,generated,件数の段階境界,"""春風で確認待ちの申請を数えたところ、現在2件でした。処理済みは数に含めていません。""",件数だけを評価尺度に照らして判定してください。,"[""対象件数が3件未満"",""対象件数が3件以上、6件未満"",""対象件数が6件以上""]",0
gen-score-03-008,score,generated,順番に進む工程,"{""案件"":""白波"",""工程順"":[""調査"",""実施"",""準備""],""完了済み"":[""調査"",""実施"",""準備""],""着手中は完了に含めない"":true}",工程の完了状況を段階尺度で評価してください。,"[""完了した工程はまだない"",""先頭から1工程が完了（最後に完了したのは調査）"",""先頭から2工程が完了（最後に完了したのは実施）"",""先頭から3工程が完了（最後に完了したのは準備）""]",3
gen-choice-01-026,choice,generated,問い合わせ経路,"{""分類表"":{""アカウント"":[""ログイン"",""パスワード"",""退会""],""契約"":[""契約更新"",""プラン変更"",""解約手続き""],""製品"":[""破損"",""初期不良"",""部品交換""],""店舗"":[""営業時間"",""店内設備"",""店舗の場所""]},""本文"":""アカウントを退会したいです"",""受付主題"":""退会""}",受付分類表を使って、この相談の担当を決めてください。,"{""製品"":""製品の窓口"",""アカウント"":""アカウントの窓口"",""店舗"":""店舗の窓口"",""契約"":""契約の窓口""}",アカウント
gen-noul-14-028,noul,generated,予定時間の重なり,"{""対象者"":""石田"",""会議"":[11,12],""面談"":[11,13],""規則"":""終了時刻と開始時刻が一致するだけなら重複なし""}",指定された端点の扱いで予定の重複はありますか。,"{""false"":""いいえ。質問の命題は成立しない。"",""true"":""はい。質問の命題が成立する。""}",true
gen-score-11-011,score,generated,時刻順の評価更新,"{""案件"":""春風"",""評価更新"":[{""時刻"":8,""段階"":1},{""時刻"":19,""段階"":0},{""時刻"":14,""段階"":0}],""採用規則"":""最新時刻だけを採用""}",現在採用すべき評価段階を選んでください。,"[""評価段階0"",""評価段階1"",""評価段階2""]",0
gen-score-11-040,score,generated,時刻順の評価更新,"""朝露の評価更新履歴: 18時に段階2、7時に段階2、20時に段階0。評価は最新時刻の値だけを採用します。""",最後に更新された有効な段階はいくつですか。,"[""評価段階0"",""評価段階1"",""評価段階2"",""評価段階3""]",0
gen-choice-02-002,choice,generated,条件と優先例外,"{""規則"":""会員かつ7個以上なら優待。ただし予約品は常に通常"",""会員"":true,""購入数"":9,""予約品"":false}",会計時の区分を一つ決めてください。,"{""優待"":""優待の扱い"",""通常"":""通常の扱い""}",優待
gen-noul-14-021,noul,generated,予定時間の重なり,"{""対象者"":""加藤"",""会議"":[11,13],""面談"":[14,17],""規則"":""終了時刻と開始時刻が一致するだけなら重複なし""}",二つの予定の時間は重なっていますか。,"{""false"":""いいえ。質問の命題は成立しない。"",""true"":""はい。質問の命題が成立する。""}",false
gen-noul-01-031,noul,generated,事実と否定質問,"""松本さんについての確定記録: 報告書を提出していません。""",確定情報だけから、松本さんが報告書を提出しているという判断は正しいですか。,"{""false"":""いいえ。質問の命題は成立しない。"",""true"":""はい。質問の命題が成立する。""}",false
gen-choice-03-038,choice,generated,最終更新,"{""案件"":""青空"",""更新記録"":[{""時"":15,""状態"":""受取済み""},{""時"":19,""状態"":""確認中""},{""時"":14,""状態"":""受取済み""}]}",最後の時刻の記録が有効です。現在の状態はどれですか。,"{""受取済み"":""受取済み"",""発送済み"":""発送済み"",""確認中"":""確認中"",""取消"":""取消""}",確認中
gen-noul-10-011,noul,generated,条件付き義務,"{""規則"":""社外向けなら記録票の保存が必要。それ以外では義務なし"",""条件に該当"":true,""必要処置を実施"":false}",この義務に関して、規則上問題なしと判定できますか。,"{""false"":""いいえ。質問の命題は成立しない。"",""true"":""はい。質問の命題が成立する。""}",false
gen-noul-04-007,noul,generated,例外の優先,"{""許可条件"":""事前承認済み"",""優先禁止条件"":""再審査中"",""対象"":""木村"",""許可条件に該当"":true,""禁止条件に該当"":true}",この人は現在、利用可能ですか。,"{""false"":""いいえ。質問の命題は成立しない。"",""true"":""はい。質問の命題が成立する。""}",false
gen-noul-13-040,noul,generated,範囲の開閉境界,"""星空の受付数は、1個以上、かつ8個未満の場合に限り適合です。今回の数は8個です。""",今回の個数は適合範囲に入っていますか。,"{""false"":""いいえ。質問の命題は成立しない。"",""true"":""はい。質問の命題が成立する。""}",false
gen-score-08-022,score,generated,要件への一致数,"""注文要件: 包装=なし、配送=郵送、サイズ=小、素材=紙、形=四角、印字=あり。提案品: 包装=なし、配送=郵送、サイズ=小、素材=布、形=丸、印字=片面のみ。""",提案品が満たす要件数はいくつの段階ですか。,"[""一致した要件が0項目"",""一致した要件が1項目"",""一致した要件が2項目"",""一致した要件が3項目"",""一致した要件が4項目"",""一致した要件が5項目"",""一致した要件が6項目""]",3
gen-choice-12-048,choice,generated,条件付き不足書類,"""書類確認の優先順は申込書→委任状→同意書→受領票→承認書→見積書→本人確認票。本人確認票だけは代理申請の場合に限って必要で、それ以外は常に必要です。今回は代理申請。提出済みは委任状、受領票、申込書です。""",申請区分に応じて必要書類を確認し、最優先で追加提出を求めるものを答えてください。なければ追加不要です。,"{""見積書"":""見積書"",""追加不要"":""必要書類はすべて提出済み"",""本人確認票"":""本人確認票"",""申込書"":""申込書"",""受領票"":""受領票"",""委任状"":""委任状"",""承認書"":""承認書"",""同意書"":""同意書""}",同意書
gen-score-13-004,score,generated,取消しを反映した件数,"{""催し"":""若葉"",""申込み"":[{""氏名"":""山田"",""受付済み"":true,""取消済み"":false},{""氏名"":""松本"",""受付済み"":true,""取消済み"":true},{""氏名"":""青木"",""受付済み"":true,""取消済み"":true}],""まとめ方"":""2件以上は段階2""}",取消し後に残る有効申込み数を段階として選んでください。,"[""有効申込みが0件"",""有効申込みが1件"",""有効申込みが2件以上""]",1
gen-score-05-014,score,generated,緊急条件の加点,"""若葉の基本優先度は0です。締切まで残り5時間以内なら1だけ加点し、それより長ければ加点しません。上限は4です。今回は締切まで12時間です。""",今回の最終優先段階を求めてください。,"[""最終優先度0"",""最終優先度1"",""最終優先度2"",""最終優先度3"",""最終優先度4""]",0
gen-noul-01-021,noul,generated,事実と否定質問,"""高橋さんについての確定記録: 内容を確認していません。""",『高橋さんは内容を確認している』はこの記録と一致しますか。,"{""false"":""いいえ。質問の命題は成立しない。"",""true"":""はい。質問の命題が成立する。""}",false
gen-score-01-004,score,generated,件数の段階境界,"""星空で確認待ちの申請を数えたところ、現在2件でした。処理済みは数に含めていません。""",記録された数に対応する段階を選んでください。,"[""対象件数が3件未満"",""対象件数が3件以上、6件未満"",""対象件数が6件以上、9件未満"",""対象件数が9件以上、12件未満"",""対象件数が12件以上""]",0
gen-noul-08-022,noul,generated,集合と否定所属,"{""催し"":""若葉"",""完全な参加者名簿"":[""木村"",""山田"",""中村"",""松本""],""補足"":""名前のない人は参加者ではない""}",名簿に基づき、大野さんが参加者ではないという判断に同意できますか。,"{""false"":""いいえ。質問の命題は成立しない。"",""true"":""はい。質問の命題が成立する。""}",true
gen-choice-15-030,choice,generated,文章内の順序参照,"""草原会議では、発表者を発表順に「遠藤、森、吉田、石田」と紹介しました。同じ人の再登場はありません。""",発表順の先頭から1番目にいる人を答えてください。,"{""遠藤"":""遠藤さん"",""石田"":""石田さん"",""森"":""森さん"",""吉田"":""吉田さん""}",遠藤
gen-score-01-036,score,generated,件数の段階境界,"{""案件"":""朝露"",""計数対象"":""未回答の質問"",""件数"":3,""処理済みを除外"":true}",件数だけを評価尺度に照らして判定してください。,"[""対象件数が3件未満"",""対象件数が3件以上""]",1
gen-noul-08-007,noul,generated,集合と否定所属,"""木漏れ日の参加者名簿は石田、上田、渡辺、遠藤、佐藤です。この名簿は完全で、記載のない人は参加者ではありません。""",木村さんは参加者であると言えますか。,"{""false"":""いいえ。質問の命題は成立しない。"",""true"":""はい。質問の命題が成立する。""}",false
gen-choice-05-001,choice,generated,否定条件で選択,"""検品記録: 用紙は封なしで濡れていない、ケースは封なしで濡れていない、ノートは封なしで濡れている、テープは封なしで濡れている、付箋は封ありで濡れていない、袋は封ありで濡れている、ファイルは封ありで濡れている、名札は封なしで濡れていない。""",対象は『封がある』『濡れていない』の両方を満たす品です。どれですか。,"{""ノート"":""ノート"",""用紙"":""用紙"",""テープ"":""テープ"",""名札"":""名札"",""ケース"":""ケース"",""袋"":""袋"",""ファイル"":""ファイル"",""付箋"":""付箋""}",付箋
gen-choice-12-033,choice,generated,条件付き不足書類,"""書類確認の優先順は申込書→委任状。委任状だけは代理申請の場合に限って必要で、それ以外は常に必要です。今回は代理申請。提出済みはなしです。""",申請区分に応じて必要書類を確認し、最優先で追加提出を求めるものを答えてください。なければ追加不要です。,"{""追加不要"":""必要書類はすべて提出済み"",""委任状"":""委任状"",""申込書"":""申込書""}",申込書
gen-score-04-041,score,generated,独立チェックの合計,"{""資料"":""草原"",""チェック項目"":{""宛先あり"":false,""日付あり"":false},""各項目の重み"":1}",条件を満たした項目を一つ一点として集計してください。,"[""満たした項目が0個"",""満たした項目が1個"",""満たした項目が2個""]",0
gen-choice-04-037,choice,generated,参照先の担当,"""担当: 春風は吉田、朝露は渡辺、水面は佐藤、木漏れ日は木村、山道は松本。資料の所属: 冊子は木漏れ日案件、用紙は朝露案件、ペンは水面案件、封筒は春風案件、付箋は山道案件。確認する資料はペンです。""",確認資料が属する案件の担当者を選んでください。,"{""佐藤"":""佐藤さん"",""木村"":""木村さん"",""松本"":""松本さん"",""吉田"":""吉田さん"",""渡辺"":""渡辺さん""}",佐藤
gen-noul-10-043,noul,generated,条件付き義務,"""規則: 法人向けのときだけ記録票の保存が必須です。それ以外の場合にはこの義務はなく、実施していても構いません。今回の案件は法人向けに該当で、記録票の保存は未実施です。""",この義務に関して、規則上問題なしと判定できますか。,"{""false"":""いいえ。質問の命題は成立しない。"",""true"":""はい。質問の命題が成立する。""}",false
gen-noul-04-031,noul,generated,例外の優先,"{""許可条件"":""会員"",""優先禁止条件"":""再審査中"",""対象"":""佐藤"",""許可条件に該当"":false,""禁止条件に該当"":true}",禁止例外を先に考慮すると、この利用を認められますか。,"{""false"":""いいえ。質問の命題は成立しない。"",""true"":""はい。質問の命題が成立する。""}",false
gen-score-14-040,score,generated,参照表の順序尺度,"{""検査対象"":""若葉"",""今回の対応表"":{""赤"":0,""白"":1,""黄"":2,""黒"":3},""確定票の印"":""白""}",今回の対応表を使って検査票の段階を選んでください。,"[""表による段階0"",""表による段階1"",""表による段階2"",""表による段階3""]",1
gen-choice-05-013,choice,generated,否定条件で選択,"{""検品"":[{""品名"":""テープ"",""封がある"":false,""濡れている"":false},{""品名"":""袋"",""封がある"":true,""濡れている"":false},{""品名"":""シール"",""封がある"":true,""濡れている"":false},{""品名"":""ノート"",""封がある"":true,""濡れている"":false},{""品名"":""カード"",""封がある"":false,""濡れている"":true},{""品名"":""用紙"",""封がある"":false,""濡れている"":true},{""品名"":""名札"",""封がある"":false,""濡れている"":true}]}",濡れた品は除外し、封がない品を一つ選んでください。,"{""シール"":""シール"",""名札"":""名札"",""テープ"":""テープ"",""カード"":""カード"",""袋"":""袋"",""ノート"":""ノート"",""用紙"":""用紙""}",テープ
gen-score-12-028,score,generated,目標からの差,"""灯台の目標数は15個、実績は18個です。多すぎても少なすぎても、目標から何個離れたかで評価します。差が5個以上なら最終段階5にまとめます。""",示された上限を含め、実績のずれを段階に変換してください。,"[""目標との差が0個"",""目標との差が1個"",""目標との差が2個"",""目標との差が3個"",""目標との差が4個"",""目標との差が5個以上""]",3
gen-choice-09-042,choice,generated,利用可能集合の差,"""貸出台帳で利用可能と記録されている品はノート、袋。予約済みの品は袋です。""",予約済みを利用可能一覧から除いたとき、残る品を答えてください。,"{""カード"":""カード"",""袋"":""袋"",""ノート"":""ノート""}",ノート
gen-choice-04-021,choice,generated,参照先の担当,"""担当: 星空は松本、夕凪は渡辺、青空は森、白波は吉田、草原は木村、若葉は林、山道は加藤、朝露は佐藤。資料の所属: ケースは夕凪案件、ノートは星空案件、カードは草原案件、袋は青空案件、クリップは朝露案件、テープは白波案件、付箋は山道案件、ラベルは若葉案件。確認する資料はノートです。""",確認する資料の案件を担当している人を答えてください。,"{""佐藤"":""佐藤さん"",""加藤"":""加藤さん"",""林"":""林さん"",""渡辺"":""渡辺さん"",""松本"":""松本さん"",""吉田"":""吉田さん"",""森"":""森さん"",""木村"":""木村さん""}",松本
gen-choice-02-042,choice,generated,条件と優先例外,"{""規則"":""会員かつ6個以上なら優待。ただし予約品は常に通常"",""会員"":true,""購入数"":6,""予約品"":true}",例外も踏まえて、今回の購入区分はどれですか。,"{""通常"":""通常の扱い"",""優待"":""優待の扱い""}",通常
gen-score-02-035,score,generated,記述の満足段階,"""上田さんは星空の体験について「強い不満があり、受け入れられない」と回答しました。追加の発言はありません。""",回答者が表明した満足の程度を分類してください。,"[""強い不満"",""やや満足""]",0
gen-noul-08-041,noul,generated,集合と否定所属,"""木漏れ日の参加者名簿は渡辺、上田、林、松本、佐藤、青木です。この名簿は完全で、記載のない人は参加者ではありません。""",名簿に基づき、上田さんが参加者ではないという判断に同意できますか。,"{""false"":""いいえ。質問の命題は成立しない。"",""true"":""はい。質問の命題が成立する。""}",false
gen-noul-14-011,noul,generated,予定時間の重なり,"{""対象者"":""吉田"",""会議"":[11,14],""面談"":[14,17],""規則"":""終了時刻と開始時刻が一致するだけなら重複なし""}",同時に二つの予定に出席しなければならない時間がありますか。,"{""false"":""いいえ。質問の命題は成立しない。"",""true"":""はい。質問の命題が成立する。""}",false
gen-choice-15-049,choice,generated,文章内の順序参照,"{""会議"":""水面"",""発表順"":[""高橋"",""松本"",""森"",""遠藤"",""大野"",""吉田""]}",最初を1番目として、1番目の発表者を選んでください。,"{""大野"":""大野さん"",""松本"":""松本さん"",""遠藤"":""遠藤さん"",""吉田"":""吉田さん"",""森"":""森さん"",""高橋"":""高橋さん""}",高橋
gen-noul-01-003,noul,generated,事実と否定質問,"{""対象者"":""遠藤"",""項目"":""作業を中断"",""実施済み"":true}",『遠藤さんは作業を中断していない』はこの記録と一致しますか。,"{""false"":""いいえ。質問の命題は成立しない。"",""true"":""はい。質問の命題が成立する。""}",false
gen-score-09-043,score,generated,例外による上限,"{""検査合格"":{""動作"":true,""外観"":true,""記録"":true,""表示"":true,""包装"":true,""付属品"":true},""要再確認の印あり"":false,""採点規則"":""合格数が点数。ただし印があれば上限2点""}",単純な合格数ではなく、上限ルール適用後の点数を求めてください。,"[""最終点0点"",""最終点1点"",""最終点2点"",""最終点3点"",""最終点4点"",""最終点5点"",""最終点6点""]",6
gen-score-09-020,score,generated,例外による上限,"""検査合格状況: 包装は合格、寸法は合格、動作は合格、表示は合格。合格項目一つにつき1点ですが、要再確認の印があれば上限1点に制限します。今回その印はありません。""",例外条件を反映した評価段階を答えてください。,"[""最終点0点"",""最終点1点"",""最終点2点"",""最終点3点"",""最終点4点""]",4
gen-choice-04-040,choice,generated,参照先の担当,"""担当: 朝露は石田、春風は加藤。資料の所属: クリップは春風案件、ラベルは朝露案件。確認する資料はクリップです。""",確認する資料の案件を担当している人を答えてください。,"{""石田"":""石田さん"",""加藤"":""加藤さん""}",加藤
gen-choice-03-010,choice,generated,最終更新,"""案件「春風」の記録です。15時の更新: 承認。 14時の更新: 承認。 9時の更新: 保留。 19時の更新: 保留。 12時の更新: 受取済み。""",時刻が最も新しい更新に基づく状態を答えてください。,"{""保留"":""保留"",""受取済み"":""受取済み"",""承認"":""承認""}",保留
gen-score-13-044,score,generated,取消しを反映した件数,"{""催し"":""水面"",""申込み"":[{""氏名"":""佐藤"",""受付済み"":false,""取消済み"":false},{""氏名"":""遠藤"",""受付済み"":false,""取消済み"":false},{""氏名"":""木村"",""受付済み"":false,""取消済み"":false},{""氏名"":""石田"",""受付済み"":false,""取消済み"":false},{""氏名"":""松本"",""受付済み"":false,""取消済み"":false},{""氏名"":""渡辺"",""受付済み"":false,""取消済み"":false},{""氏名"":""中村"",""受付済み"":true,""取消済み"":false},{""氏名"":""林"",""受付済み"":true,""取消済み"":false}],""まとめ方"":""7件以上は段階7""}",取消し後に残る有効申込み数を段階として選んでください。,"[""有効申込みが0件"",""有効申込みが1件"",""有効申込みが2件"",""有効申込みが3件"",""有効申込みが4件"",""有効申込みが5件"",""有効申込みが6件"",""有効申込みが7件以上""]",2
gen-score-05-007,score,generated,緊急条件の加点,"{""案件"":""朝露"",""基本優先度"":4,""締切までの残り時間"":13,""規則"":""残り6時間以内なら1加点、それより長ければ0加点。上限4""}",締切までの時間による条件を反映した段階を答えてください。,"[""最終優先度0"",""最終優先度1"",""最終優先度2"",""最終優先度3"",""最終優先度4""]",4
gen-score-06-006,score,generated,約束時刻からの遅れ,"{""便"":""山道"",""約束時刻"":5,""実際の到着時刻"":6,""同日"":true,""早着時の遅れ"":0}",約束時刻と到着時刻の差から、遅延段階を選んでください。,"[""遅れが1時間未満"",""遅れが1時間以上、2時間未満"",""遅れが2時間以上、3時間未満"",""遅れが3時間以上、4時間未満"",""遅れが4時間以上""]",1
gen-choice-09-026,choice,generated,利用可能集合の差,"{""利用可能品"":[""箱"",""ファイル"",""クリップ"",""ペン""],""予約済み品"":[""ペン"",""箱"",""ファイル""]}",利用可能品のうち、予約されていない品を選んでください。,"{""ファイル"":""ファイル"",""ペン"":""ペン"",""クリップ"":""クリップ"",""箱"":""箱""}",クリップ
gen-choice-03-042,choice,generated,最終更新,"{""案件"":""春風"",""更新記録"":[{""時"":16,""状態"":""確認中""},{""時"":10,""状態"":""受取済み""},{""時"":18,""状態"":""保留""},{""時"":9,""状態"":""未着手""}]}",記載順ではなく更新時刻を比べ、最新の状態を選んでください。,"{""確認中"":""確認中"",""未着手"":""未着手"",""取消"":""取消"",""承認"":""承認"",""保留"":""保留"",""受取済み"":""受取済み"",""差戻し"":""差戻し""}",保留
gen-score-10-002,score,generated,不足の段階,"""青空申請で必要なものは確認票、同意書、見積書、添付図、承認書、受領票、申込書。届いたものは挨拶状です。必要一覧にない書類は不足を埋めません。""",必要書類の不足数に対応する段階を選んでください。,"[""不足が0種類"",""不足が1種類"",""不足が2種類"",""不足が3種類"",""不足が4種類"",""不足が5種類"",""不足が6種類"",""不足が7種類""]",7
gen-score-10-010,score,generated,不足の段階,"""草原申請で必要なものは申込書。届いたものは参考資料です。必要一覧にない書類は不足を埋めません。""",必要書類の不足数に対応する段階を選んでください。,"[""不足が0種類"",""不足が1種類""]",1
gen-noul-08-030,noul,generated,集合と否定所属,"""夕凪の参加者名簿は加藤、大野、林、森、高橋、木村です。この名簿は完全で、記載のない人は参加者ではありません。""",『渡辺さんは参加者ではない』という記述は正しいですか。,"{""false"":""いいえ。質問の命題は成立しない。"",""true"":""はい。質問の命題が成立する。""}",true
gen-score-06-024,score,generated,約束時刻からの遅れ,"{""便"":""夕凪"",""約束時刻"":10,""実際の到着時刻"":12,""同日"":true,""早着時の遅れ"":0}",遅れの時間に対応する段階を答えてください。,"[""遅れが2時間未満"",""遅れが2時間以上""]",1
gen-choice-10-009,choice,generated,不在時の代理,"{""案件担当"":{""水面"":""中村"",""青空"":""大野"",""山道"":""高橋"",""木漏れ日"":""石田"",""夕凪"":""林"",""春風"":""木村""},""代理者"":{""中村"":""大野"",""大野"":""高橋"",""高橋"":""石田"",""石田"":""林"",""林"":""木村"",""木村"":""中村""},""不在者"":[""中村"",""林"",""大野""],""案件"":""山道"",""ルール"":""担当者が不在なら指定代理に一度だけ振替。代理の在席状況は問わない""}",本日の規則に従う連絡相手を選んでください。,"{""石田"":""石田さん"",""中村"":""中村さん"",""木村"":""木村さん"",""高橋"":""高橋さん"",""林"":""林さん"",""大野"":""大野さん""}",高橋
gen-choice-04-025,choice,generated,参照先の担当,"{""案件担当"":{""灯台"":""森"",""白波"":""中村"",""朝露"":""上田"",""山道"":""高橋""},""資料の所属案件"":{""箱"":""山道"",""冊子"":""灯台"",""付箋"":""朝露"",""ノート"":""白波""},""確認資料"":""付箋""}",この資料について、所属案件を通じて連絡すべき担当者は誰ですか。,"{""中村"":""中村さん"",""高橋"":""高橋さん"",""森"":""森さん"",""上田"":""上田さん""}",上田
gen-noul-13-008,noul,generated,範囲の開閉境界,"""水面の受付数は、1個以上、かつ9個以下の場合に限り適合です。今回の数は10個です。""",今回の個数は適合範囲に入っていますか。,"{""false"":""いいえ。質問の命題は成立しない。"",""true"":""はい。質問の命題が成立する。""}",false
gen-choice-14-044,choice,generated,二属性照合,"{""展示品"":[{""品名"":""付箋"",""色"":""緑"",""素材"":""樹脂""},{""品名"":""用紙"",""色"":""黄"",""素材"":""紙""},{""品名"":""名札"",""色"":""赤"",""素材"":""ガラス""},{""品名"":""シール"",""色"":""赤"",""素材"":""樹脂""}],""指定色"":""黄"",""指定素材"":""紙""}",二つの指定を同時に満たす展示品はどれですか。,"{""用紙"":""用紙"",""シール"":""シール"",""付箋"":""付箋"",""名札"":""名札""}",用紙
gen-noul-04-049,noul,generated,例外の優先,"""規則: 登録済みであれば春風を利用できます。ただし資格取消中なら利用できません。石田さんは登録済みに非該当、資格取消中に該当です。""",禁止例外を先に考慮すると、この利用を認められますか。,"{""false"":""いいえ。質問の命題は成立しない。"",""true"":""はい。質問の命題が成立する。""}",false
gen-noul-06-030,noul,generated,更新後の状態,"{""対象"":""白波"",""更新記録"":[{""時刻"":12,""状態"":""受付中""},{""時刻"":17,""状態"":""停止中""},{""時刻"":20,""状態"":""満席""},{""時刻"":9,""状態"":""使用可能""}],""規則"":""最新時刻の記録が有効""}",最新の有効な記録から「満席」と言えますか。,"{""false"":""いいえ。質問の命題は成立しない。"",""true"":""はい。質問の命題が成立する。""}",true
gen-score-04-002,score,generated,独立チェックの合計,"""青空資料の点検: ページ番号ありは満たさない、添付ありは満たさない、承認印ありは満たす、題名ありは満たす、署名ありは満たす。各項目は一つずつ数えます。""",合格した項目数に対応する段階を答えてください。,"[""満たした項目が0個"",""満たした項目が1個"",""満たした項目が2個"",""満たした項目が3個"",""満たした項目が4個"",""満たした項目が5個""]",3
gen-noul-14-018,noul,generated,予定時間の重なり,"{""対象者"":""高橋"",""会議"":[13,15],""面談"":[13,16],""規則"":""終了時刻と開始時刻が一致するだけなら重複なし""}",指定された端点の扱いで予定の重複はありますか。,"{""false"":""いいえ。質問の命題は成立しない。"",""true"":""はい。質問の命題が成立する。""}",true
gen-score-05-038,score,generated,緊急条件の加点,"""春風の基本優先度は1です。締切まで残り7時間以内なら1だけ加点し、それより長ければ加点しません。上限は7です。今回は締切まで14時間です。""",今回の最終優先段階を求めてください。,"[""最終優先度0"",""最終優先度1"",""最終優先度2"",""最終優先度3"",""最終優先度4"",""最終優先度5"",""最終優先度6"",""最終優先度7""]",1
gen-choice-15-044,choice,generated,文章内の順序参照,"{""会議"":""朝露"",""発表順"":[""松本"",""大野"",""上田""]}",発表順の先頭から2番目にいる人を答えてください。,"{""上田"":""上田さん"",""大野"":""大野さん"",""松本"":""松本さん""}",大野
gen-noul-12-002,noul,generated,記録と主張の照合,"""草原施設の入口について、いま確認した確定記録は北口は4分の1だけ開いている、南口は4分の1だけ開いている、東口は完全に閉じている、西口は半分だけ開いている、裏口は半分だけ開いている、搬入口は4分の1だけ開いているです。現在の判断にはこの確定記録だけを使います。""",『現在の南口は4分の1だけ開いている』という主張は確定記録と一致しますか。,"{""false"":""いいえ。質問の命題は成立しない。"",""true"":""はい。質問の命題が成立する。""}",true
gen-choice-07-027,choice,generated,複数属性の制約,"{""在庫表"":[{""品名"":""テープ"",""色"":""緑"",""素材"":""木"",""在庫あり"":true},{""品名"":""ペン"",""色"":""緑"",""素材"":""ガラス"",""在庫あり"":true},{""品名"":""袋"",""色"":""緑"",""素材"":""金属"",""在庫あり"":true},{""品名"":""ケース"",""色"":""緑"",""素材"":""紙"",""在庫あり"":true},{""品名"":""冊子"",""色"":""緑"",""素材"":""木"",""在庫あり"":false}]}",必要条件は緑色、木製、在庫ありの三つです。全部に合う品はどれですか。,"{""テープ"":""テープ"",""袋"":""袋"",""冊子"":""冊子"",""ペン"":""ペン"",""ケース"":""ケース""}",テープ
gen-choice-11-015,choice,generated,小数量の比較,"{""在庫"":[{""品名"":""ラベル"",""総在庫"":5,""予約分"":3},{""品名"":""ノート"",""総在庫"":14,""予約分"":2},{""品名"":""冊子"",""総在庫"":16,""予約分"":5},{""品名"":""用紙"",""総在庫"":15,""予約分"":5},{""品名"":""袋"",""総在庫"":11,""予約分"":2},{""品名"":""箱"",""総在庫"":4,""予約分"":3},{""品名"":""クリップ"",""総在庫"":5,""予約分"":2},{""品名"":""付箋"",""総在庫"":5,""予約分"":5}],""自由在庫"":""総在庫から予約分を引く""}",自由在庫が最も少ない品を選んでください。,"{""冊子"":""冊子"",""ラベル"":""ラベル"",""箱"":""箱"",""用紙"":""用紙"",""クリップ"":""クリップ"",""袋"":""袋"",""付箋"":""付箋"",""ノート"":""ノート""}",付箋
gen-score-13-015,score,generated,取消しを反映した件数,"""夕凪の申込み記録: 上田は未受付・取消なし、林は未受付・取消なし、加藤は受付済み・取消なし、青木は受付済み・取消なし、高橋は未受付・取消なし、石田は未受付・取消なし、松本は未受付・取消なし。取消済みの申込みは有効件数から除きます。6件以上は最終段階6にまとめます。""",取消し後に残る有効申込み数を段階として選んでください。,"[""有効申込みが0件"",""有効申込みが1件"",""有効申込みが2件"",""有効申込みが3件"",""有効申込みが4件"",""有効申込みが5件"",""有効申込みが6件以上""]",2
gen-noul-06-028,noul,generated,更新後の状態,"{""対象"":""灯台"",""更新記録"":[{""時刻"":7,""状態"":""点検中""},{""時刻"":16,""状態"":""使用可能""},{""時刻"":14,""状態"":""使用可能""}],""規則"":""最新時刻の記録が有効""}",現在の状態は「使用可能」ですか。,"{""false"":""いいえ。質問の命題は成立しない。"",""true"":""はい。質問の命題が成立する。""}",true
gen-score-01-008,score,generated,件数の段階境界,"{""案件"":""星空"",""計数対象"":""検品で見つかった不備"",""件数"":4,""処理済みを除外"":true}",現在の件数を指定の段階基準に当てはめてください。,"[""対象件数が3件未満"",""対象件数が3件以上""]",1
gen-choice-12-029,choice,generated,条件付き不足書類,"{""確認優先順"":[""申込書"",""受領票"",""見積書"",""同意書""],""代理申請だけに必要"":""同意書"",""代理申請"":false,""提出済み"":[""同意書"",""見積書""]}",必要な不足書類を先頭から一つだけ案内します。どれですか。必要書類に不足がなければ追加不要です。,"{""見積書"":""見積書"",""受領票"":""受領票"",""追加不要"":""必要書類はすべて提出済み"",""同意書"":""同意書"",""申込書"":""申込書""}",申込書
gen-choice-03-044,choice,generated,最終更新,"{""案件"":""星空"",""更新記録"":[{""時"":19,""状態"":""未着手""},{""時"":16,""状態"":""承認""},{""時"":9,""状態"":""確認中""},{""時"":14,""状態"":""未着手""},{""時"":12,""状態"":""差戻し""}]}",記載順ではなく更新時刻を比べ、最新の状態を選んでください。,"{""発送済み"":""発送済み"",""保留"":""保留"",""確認中"":""確認中"",""差戻し"":""差戻し"",""承認"":""承認"",""未着手"":""未着手"",""受取済み"":""受取済み""}",未着手
gen-score-14-011,score,generated,参照表の順序尺度,"{""検査対象"":""水面"",""今回の対応表"":{""青"":0,""黒"":1,""赤"":2},""確定票の印"":""青""}",今回の対応表を使って検査票の段階を選んでください。,"[""表による段階0"",""表による段階1"",""表による段階2""]",0
gen-noul-05-038,noul,generated,締切の境界,"{""受付規則"":""11時ちょうどまで受け付け、同時刻の提出も有効"",""提出者"":""森"",""提出時刻"":8}",この提出は時間条件を満たしていますか。,"{""false"":""いいえ。質問の命題は成立しない。"",""true"":""はい。質問の命題が成立する。""}",true
gen-score-14-035,score,generated,参照表の順序尺度,"{""検査対象"":""白波"",""今回の対応表"":{""黄"":0,""緑"":1,""青"":2,""赤"":3,""黒"":4,""白"":5},""確定票の印"":""黄""}",今回の対応表を使って検査票の段階を選んでください。,"[""表による段階0"",""表による段階1"",""表による段階2"",""表による段階3"",""表による段階4"",""表による段階5""]",0
gen-score-05-048,score,generated,緊急条件の加点,"{""案件"":""灯台"",""基本優先度"":2,""締切までの残り時間"":2,""規則"":""残り7時間以内なら1加点、それより長ければ0加点。上限3""}",締切までの時間による条件を反映した段階を答えてください。,"[""最終優先度0"",""最終優先度1"",""最終優先度2"",""最終優先度3""]",3
gen-choice-13-046,choice,generated,工程の依存順,"""案件「木漏れ日」の工程順は準備→見積作成→受付→承認→内容確認→報告→実施です。途中の工程を飛ばすことはできません。完了済みは準備、見積作成、受付です。""",まだ済んでいない最初の工程は何ですか。存在しない場合は完了です。,"{""実施"":""実施"",""承認"":""承認"",""準備"":""準備"",""見積作成"":""見積作成"",""報告"":""報告"",""内容確認"":""内容確認"",""受付"":""受付"",""完了"":""全工程が完了""}",承認
gen-noul-12-013,noul,generated,記録と主張の照合,"{""施設"":""若葉"",""入口ごとの現在の確定記録"":{""北口"":""完全に閉じている"",""南口"":""完全に閉じている"",""東口"":""完全に開いている"",""西口"":""半分だけ開いている"",""裏口"":""完全に閉じている"",""搬入口"":""完全に開いている""},""判定資料"":""現在の確定記録のみ""}",『現在の北口は完全に開いている』という主張は確定記録と一致しますか。,"{""false"":""いいえ。質問の命題は成立しない。"",""true"":""はい。質問の命題が成立する。""}",false
gen-score-03-040,score,generated,順番に進む工程,"""水面の工程順は実施→報告→承認→調査→受付→準備→審査。先頭から順に進め、完了済みは実施、報告、承認です。着手中の工程は完了に含めません。""",この案件は完了ベースでどの段階まで進みましたか。,"[""完了した工程はまだない"",""先頭から1工程が完了（最後に完了したのは実施）"",""先頭から2工程が完了（最後に完了したのは報告）"",""先頭から3工程が完了（最後に完了したのは承認）"",""先頭から4工程が完了（最後に完了したのは調査）"",""先頭から5工程が完了（最後に完了したのは受付）"",""先頭から6工程が完了（最後に完了したのは準備）"",""先頭から7工程が完了（最後に完了したのは審査）""]",3
gen-noul-11-036,noul,generated,参照関係の真偽,"""担当表: 山道は森、青空は吉田。資料の関連先: ノートは山道、ラベルは青空。""",ラベルの関連先を担当表で引くと森さんになりますか。,"{""false"":""いいえ。質問の命題は成立しない。"",""true"":""はい。質問の命題が成立する。""}",false
gen-noul-01-039,noul,generated,事実と否定質問,"{""対象者"":""松本"",""項目"":""支払いを完了"",""実施済み"":false}",確定情報だけから、松本さんが支払いを完了しているという判断は正しいですか。,"{""false"":""いいえ。質問の命題は成立しない。"",""true"":""はい。質問の命題が成立する。""}",false
gen-choice-01-007,choice,generated,問い合わせ経路,"{""分類表"":{""契約"":[""契約更新"",""プラン変更"",""解約手続き""],""請求"":[""二重請求"",""領収書"",""返金""],""店舗"":[""営業時間"",""店内設備"",""店舗の場所""]},""本文"":""サービスの解約手続きを知りたいです"",""受付主題"":""解約手続き""}",受付分類表を使って、この相談の担当を決めてください。,"{""契約"":""契約の窓口"",""請求"":""請求の窓口"",""店舗"":""店舗の窓口""}",契約
gen-choice-01-028,choice,generated,問い合わせ経路,"{""分類表"":{""店舗"":[""営業時間"",""店内設備"",""店舗の場所""],""アカウント"":[""ログイン"",""パスワード"",""退会""],""製品"":[""破損"",""初期不良"",""部品交換""],""配送"":[""届け先変更"",""荷物の遅延"",""追跡番号""]},""本文"":""発送前の荷物の届け先を変えたいです"",""受付主題"":""届け先変更""}",受付分類表を使って、この相談の担当を決めてください。,"{""店舗"":""店舗の窓口"",""製品"":""製品の窓口"",""アカウント"":""アカウントの窓口"",""配送"":""配送の窓口""}",配送
gen-score-12-019,score,generated,目標からの差,"{""案件"":""白波"",""目標数"":15,""実績数"":15,""採点"":""差の絶対値。ただし3以上は段階3""}",不足・超過の向きではなく差の大きさで評価してください。,"[""目標との差が0個"",""目標との差が1個"",""目標との差が2個"",""目標との差が3個以上""]",0
gen-score-10-019,score,generated,不足の段階,"{""申請"":""星空"",""必要書類"":[""承認書"",""確認票"",""同意書""],""届いた書類"":[""承認書"",""参考資料""],""余分な書類で代用できる"":false}",未提出の必要書類はいくつの段階ですか。,"[""不足が0種類"",""不足が1種類"",""不足が2種類"",""不足が3種類""]",2
gen-score-09-047,score,generated,例外による上限,"{""検査合格"":{""寸法"":true,""動作"":true,""付属品"":true},""要再確認の印あり"":false,""採点規則"":""合格数が点数。ただし印があれば上限2点""}",単純な合格数ではなく、上限ルール適用後の点数を求めてください。,"[""最終点0点"",""最終点1点"",""最終点2点"",""最終点3点""]",3
gen-choice-06-013,choice,generated,時間枠の包含,"""部屋の連続利用可能時間: 青室は11時から18時まで、紫室は14時から18時まで。会議は13時開始、16時終了です。""",会議の全時間を連続して確保できる部屋を選んでください。開始・終了の一致は許可します。,"{""紫"":""紫室"",""青"":""青室""}",青
gen-score-06-040,score,generated,約束時刻からの遅れ,"{""便"":""春風"",""約束時刻"":6,""実際の到着時刻"":8,""同日"":true,""早着時の遅れ"":0}",遅れの時間に対応する段階を答えてください。,"[""遅れが2時間未満"",""遅れが2時間以上、4時間未満"",""遅れが4時間以上、6時間未満"",""遅れが6時間以上""]",1
gen-noul-14-013,noul,generated,予定時間の重なり,"""中村さんの予定: 夕凪会議は15時から17時、面談は12時から15時。終了と次の開始が同時刻の場合は重複とは扱いません。""",二つの予定の時間は重なっていますか。,"{""false"":""いいえ。質問の命題は成立しない。"",""true"":""はい。質問の命題が成立する。""}",false
gen-choice-11-040,choice,generated,小数量の比較,"""入出庫記録: ペンは在庫8個、そのうち予約5個、袋は在庫5個、そのうち予約3個、冊子は在庫16個、そのうち予約4個。予約分は自由在庫に含めません。""",今使える個数が最も多い品を答えてください。,"{""ペン"":""ペン"",""冊子"":""冊子"",""袋"":""袋""}",冊子
gen-noul-03-025,noul,generated,いずれかの条件,"""水面の受付では事前予約票・招待券・紹介状・当日券のうち一つ以上があれば通れます。高橋さん: 事前予約票はなし、招待券はなし、紹介状はなし、当日券はなし。""",記載された条件で受付を通れますか。,"{""false"":""いいえ。質問の命題は成立しない。"",""true"":""はい。質問の命題が成立する。""}",false
gen-score-13-019,score,generated,取消しを反映した件数,"{""催し"":""夕凪"",""申込み"":[{""氏名"":""石田"",""受付済み"":true,""取消済み"":false},{""氏名"":""林"",""受付済み"":false,""取消済み"":false},{""氏名"":""加藤"",""受付済み"":true,""取消済み"":true},{""氏名"":""佐藤"",""受付済み"":true,""取消済み"":false},{""氏名"":""松本"",""受付済み"":true,""取消済み"":false}],""まとめ方"":""3件以上は段階3""}",受付済みから取消済みを除いた件数はいくつの段階ですか。,"[""有効申込みが0件"",""有効申込みが1件"",""有効申込みが2件"",""有効申込みが3件以上""]",3
gen-choice-08-049,choice,generated,改訂と例外の優先,"{""通常品ラベルの改訂・古い順"":[""黄"",""赤"",""茶""],""優先例外"":""冷蔵品は茶"",""荷物"":""冷蔵品"",""規則"":""後の改訂が前を上書きする""}",例外と改訂の順序を考慮して、使用する色はどれですか。,"{""赤"":""赤ラベル"",""茶"":""茶ラベル"",""黄"":""黄ラベル""}",茶
gen-choice-11-042,choice,generated,小数量の比較,"""入出庫記録: 用紙は在庫14個、そのうち予約4個、袋は在庫6個、そのうち予約4個、冊子は在庫4個、そのうち予約4個。予約分は自由在庫に含めません。""",予約分を差し引いた残りが一番少ないのはどれですか。,"{""用紙"":""用紙"",""袋"":""袋"",""冊子"":""冊子""}",冊子
gen-noul-12-012,noul,generated,記録と主張の照合,"""若葉施設の入口について、いま確認した確定記録は北口は半分だけ開いている、南口は完全に開いている、東口は完全に開いている、西口は完全に開いている、裏口は半分だけ開いている、搬入口は完全に閉じているです。現在の判断にはこの確定記録だけを使います。""",『現在の裏口は半分だけ開いている』という主張は確定記録と一致しますか。,"{""false"":""いいえ。質問の命題は成立しない。"",""true"":""はい。質問の命題が成立する。""}",true
gen-noul-11-033,noul,generated,参照関係の真偽,"{""案件担当"":{""夕凪"":""渡辺"",""朝露"":""山田"",""青空"":""松本"",""星空"":""石田"",""木漏れ日"":""森"",""若葉"":""林""},""資料関連先"":{""用紙"":""星空"",""箱"":""夕凪"",""ケース"":""木漏れ日"",""封筒"":""青空"",""カード"":""若葉"",""ファイル"":""朝露""}}",ケースに関連する案件の担当は森さんですか。,"{""false"":""いいえ。質問の命題は成立しない。"",""true"":""はい。質問の命題が成立する。""}",true
gen-noul-04-040,noul,generated,例外の優先,"""規則: 講習修了であれば青空を利用できます。ただし再審査中なら利用できません。木村さんは講習修了に該当、再審査中に非該当です。""",禁止例外を先に考慮すると、この利用を認められますか。,"{""false"":""いいえ。質問の命題は成立しない。"",""true"":""はい。質問の命題が成立する。""}",true
gen-choice-02-046,choice,generated,条件と優先例外,"{""規則"":""会員かつ4個以上なら優待。ただし予約品は常に通常"",""会員"":false,""購入数"":8,""予約品"":false}",この購入に適用する扱いを選んでください。,"{""通常"":""通常の扱い"",""優待"":""優待の扱い""}",通常
gen-score-07-031,score,generated,証拠の最高到達段階,"{""調査"":""夕凪"",""この調査の証拠段階"":{""監査記録"":1},""得られた証拠"":[""監査記録""],""集約規則"":""得られた段階の最大。証拠なしは0""}",記録済みの証拠から得られる最高段階はどれですか。,"[""証拠なしの段階0"",""表に基づく最高証拠段階1""]",1
gen-score-03-035,score,generated,順番に進む工程,"""青空の工程順は受付→調査。先頭から順に進め、完了済みは受付です。着手中の工程は完了に含めません。""",工程の完了状況を段階尺度で評価してください。,"[""完了した工程はまだない"",""先頭から1工程が完了（最後に完了したのは受付）"",""先頭から2工程が完了（最後に完了したのは調査）""]",1
gen-score-02-025,score,generated,記述の満足段階,"""吉田さんは灯台の体験について「期待を満たしていて、満足した」と回答しました。追加の発言はありません。""",回答者が表明した満足の程度を分類してください。,"[""強い不満"",""不満"",""やや不満"",""やや満足"",""満足"",""最高の満足""]",4
gen-choice-02-023,choice,generated,条件と優先例外,"{""規則"":""会員かつ5個以上なら優待。ただし予約品は常に通常"",""会員"":false,""購入数"":7,""予約品"":true}",会計時の区分を一つ決めてください。,"{""優待"":""優待の扱い"",""通常"":""通常の扱い""}",通常
gen-score-15-006,score,generated,軽重のある項目,"""この点検の配点: 宛名不備は2点、誤字は1点、署名欠落は1点、余白不備は1点。見つかった不備: 宛名不備、署名欠落、余白不備。該当項目の点を合計し、4点以上は段階4にまとめます。""",配点の違いを反映した最終段階を選んでください。,"[""不備点の合計が0点"",""不備点の合計が1点"",""不備点の合計が2点"",""不備点の合計が3点"",""不備点の合計が4点以上""]",4
gen-noul-14-009,noul,generated,予定時間の重なり,"""遠藤さんの予定: 青空会議は11時から12時、面談は10時から11時。終了と次の開始が同時刻の場合は重複とは扱いません。""",指定された端点の扱いで予定の重複はありますか。,"{""false"":""いいえ。質問の命題は成立しない。"",""true"":""はい。質問の命題が成立する。""}",false
gen-choice-13-022,choice,generated,工程の依存順,"""案件「山道」の工程順は内容確認→見積作成→準備→実施→報告→受付→承認です。途中の工程を飛ばすことはできません。完了済みは内容確認です。""",この作業を一段進めるときに着手する工程を答えてください。残りがなければ完了です。,"{""受付"":""受付"",""報告"":""報告"",""内容確認"":""内容確認"",""見積作成"":""見積作成"",""準備"":""準備"",""承認"":""承認"",""実施"":""実施"",""完了"":""全工程が完了""}",見積作成
gen-noul-07-014,noul,generated,識別文字列の完全一致,"{""商品ラベル"":""CD7-B"",""注文票"":""cd7-b"",""照合規則"":""大文字小文字と記号も含む完全一致""}",同一コードとして扱ってよいですか。,"{""false"":""いいえ。質問の命題は成立しない。"",""true"":""はい。質問の命題が成立する。""}",false
gen-choice-02-026,choice,generated,条件と優先例外,"""山道店では会員で購入数が10個以上なら優待扱いです。ただし予約品は購入数や会員資格にかかわらず通常扱いです。今回は6個、会員、予約品です。""",例外も踏まえて、今回の購入区分はどれですか。,"{""通常"":""通常の扱い"",""優待"":""優待の扱い""}",通常
gen-score-11-038,score,generated,時刻順の評価更新,"""水面の評価更新履歴: 7時に段階0、8時に段階0、20時に段階0、13時に段階0、14時に段階0。評価は最新時刻の値だけを採用します。""",現在採用すべき評価段階を選んでください。,"[""評価段階0"",""評価段階1""]",0
gen-choice-09-046,choice,generated,利用可能集合の差,"{""利用可能品"":[""ラベル"",""テープ""],""予約済み品"":[""テープ""]}",利用可能品のうち、予約されていない品を選んでください。,"{""ラベル"":""ラベル"",""テープ"":""テープ""}",ラベル
gen-choice-05-011,choice,generated,否定条件で選択,"{""検品"":[{""品名"":""ラベル"",""封がある"":true,""濡れている"":true},{""品名"":""用紙"",""封がある"":true,""濡れている"":false},{""品名"":""クリップ"",""封がある"":true,""濡れている"":false},{""品名"":""冊子"",""封がある"":true,""濡れている"":false},{""品名"":""封筒"",""封がある"":true,""濡れている"":true},{""品名"":""名札"",""封がある"":false,""濡れている"":true},{""品名"":""ノート"",""封がある"":false,""濡れている"":false},{""品名"":""ケース"",""封がある"":true,""濡れている"":true}]}",封がないもので、かつ濡れていない品を選んでください。,"{""ケース"":""ケース"",""ノート"":""ノート"",""クリップ"":""クリップ"",""名札"":""名札"",""冊子"":""冊子"",""封筒"":""封筒"",""ラベル"":""ラベル"",""用紙"":""用紙""}",ノート
gen-score-07-003,score,generated,証拠の最高到達段階,"""この調査固有の証拠段階表: 担当者報告は段階1。春風で得られた証拠は担当者報告。複数ある場合は最大の段階を使い、なければ0です。""",記録済みの証拠から得られる最高段階はどれですか。,"[""証拠なしの段階0"",""表に基づく最高証拠段階1""]",1
gen-score-04-031,score,generated,独立チェックの合計,"{""資料"":""木漏れ日"",""チェック項目"":{""承認印あり"":true,""題名あり"":true,""日付あり"":true,""宛先あり"":false,""署名あり"":false,""ページ番号あり"":true},""各項目の重み"":1}",条件を満たした項目を一つ一点として集計してください。,"[""満たした項目が0個"",""満たした項目が1個"",""満たした項目が2個"",""満たした項目が3個"",""満たした項目が4個"",""満たした項目が5個"",""満たした項目が6個""]",4
gen-score-13-048,score,generated,取消しを反映した件数,"{""催し"":""朝露"",""申込み"":[{""氏名"":""森"",""受付済み"":false,""取消済み"":false},{""氏名"":""林"",""受付済み"":false,""取消済み"":false},{""氏名"":""遠藤"",""受付済み"":false,""取消済み"":false},{""氏名"":""高橋"",""受付済み"":false,""取消済み"":false},{""氏名"":""中村"",""受付済み"":true,""取消済み"":false},{""氏名"":""青木"",""受付済み"":true,""取消済み"":true},{""氏名"":""木村"",""受付済み"":false,""取消済み"":false},{""氏名"":""加藤"",""受付済み"":false,""取消済み"":false}],""まとめ方"":""4件以上は段階4""}",現在有効な申込みだけを数えて評価してください。,"[""有効申込みが0件"",""有効申込みが1件"",""有効申込みが2件"",""有効申込みが3件"",""有効申込みが4件以上""]",1
gen-choice-08-016,choice,generated,改訂と例外の優先,"{""通常品ラベルの改訂・古い順"":[""白"",""黒"",""紫""],""優先例外"":""冷蔵品は青"",""荷物"":""通常品"",""規則"":""後の改訂が前を上書きする""}",今回適用されるラベルを一つ決めてください。,"{""紫"":""紫ラベル"",""赤"":""赤ラベル"",""黄"":""黄ラベル"",""青"":""青ラベル"",""白"":""白ラベル"",""黒"":""黒ラベル""}",紫
gen-noul-03-023,noul,generated,いずれかの条件,"{""いずれか一つ以上必要"":[""当日券"",""招待券"",""紹介状""],""所持状況"":{""当日券"":false,""招待券"":false,""紹介状"":false},""対象"":""林""}",記載された条件で受付を通れますか。,"{""false"":""いいえ。質問の命題は成立しない。"",""true"":""はい。質問の命題が成立する。""}",false
gen-noul-06-026,noul,generated,更新後の状態,"""朝露の状態記録: 14時には受付中、15時には受付中、7時には空席あり、17時には使用可能。時刻が新しい記録が古い記録を上書きします。""",現在の状態は「使用可能」ですか。,"{""false"":""いいえ。質問の命題は成立しない。"",""true"":""はい。質問の命題が成立する。""}",true
gen-choice-03-039,choice,generated,最終更新,"""案件「木漏れ日」の記録です。20時の更新: 承認。 8時の更新: 保留。 14時の更新: 保留。""",記載順ではなく更新時刻を比べ、最新の状態を選んでください。,"{""未着手"":""未着手"",""発送済み"":""発送済み"",""取消"":""取消"",""承認"":""承認"",""差戻し"":""差戻し"",""保留"":""保留"",""受取済み"":""受取済み""}",承認
gen-choice-12-015,choice,generated,条件付き不足書類,"{""確認優先順"":[""受領票"",""申込書"",""見積書"",""本人確認票"",""同意書"",""委任状""],""代理申請だけに必要"":""同意書"",""代理申請"":true,""提出済み"":[""見積書"",""委任状"",""同意書"",""本人確認票"",""受領票"",""申込書""]}",申請区分に応じて必要書類を確認し、最優先で追加提出を求めるものを答えてください。なければ追加不要です。,"{""本人確認票"":""本人確認票"",""受領票"":""受領票"",""委任状"":""委任状"",""申込書"":""申込書"",""追加不要"":""必要書類はすべて提出済み"",""同意書"":""同意書"",""見積書"":""見積書""}",追加不要
gen-noul-10-015,noul,generated,条件付き義務,"{""規則"":""追加申請なら事前連絡が必要。それ以外では義務なし"",""条件に該当"":true,""必要処置を実施"":false}",この義務に関して、規則上問題なしと判定できますか。,"{""false"":""いいえ。質問の命題は成立しない。"",""true"":""はい。質問の命題が成立する。""}",false
gen-score-07-015,score,generated,証拠の最高到達段階,"""この調査固有の証拠段階表: 第三者確認は段階1、担当者報告は段階2、監査記録は段階3、一次資料は段階4、写真記録は段階5、口頭メモは段階6。朝露で得られた証拠は第三者確認、担当者報告。複数ある場合は最大の段階を使い、なければ0です。""",記録済みの証拠から得られる最高段階はどれですか。,"[""証拠なしの段階0"",""表に基づく最高証拠段階1"",""表に基づく最高証拠段階2"",""表に基づく最高証拠段階3"",""表に基づく最高証拠段階4"",""表に基づく最高証拠段階5"",""表に基づく最高証拠段階6""]",2
gen-noul-12-035,noul,generated,記録と主張の照合,"""草原施設の入口について、いま確認した確定記録は北口は完全に開いている、南口は4分の1だけ開いている、東口は4分の1だけ開いている、西口は完全に開いている、裏口は4分の1だけ開いている、搬入口は半分だけ開いているです。現在の判断にはこの確定記録だけを使います。""",確定情報から、搬入口は完全に閉じていると言えますか。,"{""false"":""いいえ。質問の命題は成立しない。"",""true"":""はい。質問の命題が成立する。""}",false
gen-choice-05-039,choice,generated,否定条件で選択,"""検品記録: ラベルは封ありで濡れていない、テープは封なしで濡れている、ペンは封ありで濡れている、箱は封なしで濡れている、ノートは封なしで濡れている、袋は封なしで濡れている。""",封があるもので、かつ濡れていない品を選んでください。,"{""テープ"":""テープ"",""袋"":""袋"",""ペン"":""ペン"",""ノート"":""ノート"",""ラベル"":""ラベル"",""箱"":""箱""}",ラベル
gen-score-04-009,score,generated,独立チェックの合計,"""山道資料の点検: 日付ありは満たす、題名ありは満たさない、宛先ありは満たす、添付ありは満たす、承認印ありは満たす。各項目は一つずつ数えます。""",条件を満たした項目を一つ一点として集計してください。,"[""満たした項目が0個"",""満たした項目が1個"",""満たした項目が2個"",""満たした項目が3個"",""満たした項目が4個"",""満たした項目が5個""]",4
gen-choice-02-029,choice,generated,条件と優先例外,"{""規則"":""会員かつ10個以上なら優待。ただし予約品は常に通常"",""会員"":true,""購入数"":6,""予約品"":false}",会計時の区分を一つ決めてください。,"{""優待"":""優待の扱い"",""通常"":""通常の扱い""}",通常
gen-noul-12-029,noul,generated,記録と主張の照合,"""春風施設の入口について、いま確認した確定記録は北口は4分の1だけ開いている、南口は半分だけ開いている、東口は完全に閉じている、西口は4分の1だけ開いている、裏口は4分の1だけ開いている、搬入口は半分だけ開いているです。現在の判断にはこの確定記録だけを使います。""",いま東口が半分だけ開いているという判断は正しいですか。,"{""false"":""いいえ。質問の命題は成立しない。"",""true"":""はい。質問の命題が成立する。""}",false
gen-noul-10-040,noul,generated,条件付き義務,"""規則: 個人向けのときだけ受付印の押印が必須です。それ以外の場合にはこの義務はなく、実施していても構いません。今回の案件は個人向けに非該当で、受付印の押印は未実施です。""",この記録は規則を守っていますか。,"{""false"":""いいえ。質問の命題は成立しない。"",""true"":""はい。質問の命題が成立する。""}",true
gen-score-04-015,score,generated,独立チェックの合計,"""朝露資料の点検: 添付ありは満たす、宛先ありは満たす、署名ありは満たす、ページ番号ありは満たさない。各項目は一つずつ数えます。""",条件を満たした項目を一つ一点として集計してください。,"[""満たした項目が0個"",""満たした項目が1個"",""満たした項目が2個"",""満たした項目が3個"",""満たした項目が4個""]",3
gen-choice-13-002,choice,generated,工程の依存順,"""案件「木漏れ日」の工程順は準備→報告→実施→内容確認です。途中の工程を飛ばすことはできません。完了済みは準備、報告、実施、内容確認です。""",次に行う工程を選んでください。すべて済んでいれば完了を選びます。,"{""報告"":""報告"",""完了"":""全工程が完了"",""実施"":""実施"",""準備"":""準備"",""内容確認"":""内容確認""}",完了
gen-noul-03-014,noul,generated,いずれかの条件,"{""いずれか一つ以上必要"":[""事前予約票"",""紹介状"",""招待券"",""会員証""],""所持状況"":{""事前予約票"":true,""紹介状"":true,""招待券"":true,""会員証"":true},""対象"":""加藤""}",記載された条件で受付を通れますか。,"{""false"":""いいえ。質問の命題は成立しない。"",""true"":""はい。質問の命題が成立する。""}",true
gen-score-11-006,score,generated,時刻順の評価更新,"{""案件"":""灯台"",""評価更新"":[{""時刻"":19,""段階"":1},{""時刻"":13,""段階"":3},{""時刻"":7,""段階"":2},{""時刻"":10,""段階"":4},{""時刻"":12,""段階"":1},{""時刻"":18,""段階"":3}],""採用規則"":""最新時刻だけを採用""}",履歴の記載順に惑わされず、最新評価を答えてください。,"[""評価段階0"",""評価段階1"",""評価段階2"",""評価段階3"",""評価段階4""]",1
gen-score-03-029,score,generated,順番に進む工程,"""朝露の工程順は受付→承認→審査。先頭から順に進め、完了済みは受付、承認です。着手中の工程は完了に含めません。""",工程の完了状況を段階尺度で評価してください。,"[""完了した工程はまだない"",""先頭から1工程が完了（最後に完了したのは受付）"",""先頭から2工程が完了（最後に完了したのは承認）"",""先頭から3工程が完了（最後に完了したのは審査）""]",2
gen-choice-12-009,choice,generated,条件付き不足書類,"{""確認優先順"":[""申込書"",""見積書"",""委任状"",""受領票"",""承認書"",""同意書""],""代理申請だけに必要"":""受領票"",""代理申請"":true,""提出済み"":[""委任状"",""申込書"",""同意書"",""承認書"",""受領票"",""見積書""]}",申請区分に応じて必要書類を確認し、最優先で追加提出を求めるものを答えてください。なければ追加不要です。,"{""委任状"":""委任状"",""見積書"":""見積書"",""承認書"":""承認書"",""追加不要"":""必要書類はすべて提出済み"",""申込書"":""申込書"",""受領票"":""受領票"",""同意書"":""同意書""}",追加不要
gen-score-12-021,score,generated,目標からの差,"{""案件"":""草原"",""目標数"":12,""実績数"":10,""採点"":""差の絶対値。ただし5以上は段階5""}",不足・超過の向きではなく差の大きさで評価してください。,"[""目標との差が0個"",""目標との差が1個"",""目標との差が2個"",""目標との差が3個"",""目標との差が4個"",""目標との差が5個以上""]",2
gen-choice-13-042,choice,generated,工程の依存順,"""案件「若葉」の工程順は見積作成→受付→内容確認→準備→承認→報告です。途中の工程を飛ばすことはできません。完了済みは見積作成、受付、内容確認、準備、承認、報告です。""",この作業を一段進めるときに着手する工程を答えてください。残りがなければ完了です。,"{""受付"":""受付"",""報告"":""報告"",""完了"":""全工程が完了"",""承認"":""承認"",""見積作成"":""見積作成"",""準備"":""準備"",""内容確認"":""内容確認""}",完了
gen-score-03-039,score,generated,順番に進む工程,"""山道の工程順は報告→承認→審査→準備→受付→調査。先頭から順に進め、完了済みは報告、承認、審査、準備、受付です。着手中の工程は完了に含めません。""",工程の完了状況を段階尺度で評価してください。,"[""完了した工程はまだない"",""先頭から1工程が完了（最後に完了したのは報告）"",""先頭から2工程が完了（最後に完了したのは承認）"",""先頭から3工程が完了（最後に完了したのは審査）"",""先頭から4工程が完了（最後に完了したのは準備）"",""先頭から5工程が完了（最後に完了したのは受付）"",""先頭から6工程が完了（最後に完了したのは調査）""]",5
gen-score-11-047,score,generated,時刻順の評価更新,"{""案件"":""夕凪"",""評価更新"":[{""時刻"":21,""段階"":1},{""時刻"":20,""段階"":3},{""時刻"":11,""段階"":0},{""時刻"":8,""段階"":2},{""時刻"":14,""段階"":3},{""時刻"":13,""段階"":1}],""採用規則"":""最新時刻だけを採用""}",現在採用すべき評価段階を選んでください。,"[""評価段階0"",""評価段階1"",""評価段階2"",""評価段階3""]",1
gen-noul-01-043,noul,generated,事実と否定質問,"{""対象者"":""大野"",""項目"":""資料を受領"",""実施済み"":false}",確定情報だけから、大野さんが資料を受領しているという判断は正しいですか。,"{""false"":""いいえ。質問の命題は成立しない。"",""true"":""はい。質問の命題が成立する。""}",false
gen-noul-07-030,noul,generated,識別文字列の完全一致,"""商品ラベルの管理コードは「JK9-C」、注文票の管理コードは「jk9-c」です。照合では大文字と小文字、記号の違いも区別します。""",指定された照合規則で一致と判定できますか。,"{""false"":""いいえ。質問の命題は成立しない。"",""true"":""はい。質問の命題が成立する。""}",false
gen-choice-08-041,choice,generated,改訂と例外の優先,"{""通常品ラベルの改訂・古い順"":[""茶"",""黄"",""白""],""優先例外"":""冷蔵品は茶"",""荷物"":""冷蔵品"",""規則"":""後の改訂が前を上書きする""}",今回適用されるラベルを一つ決めてください。,"{""黒"":""黒ラベル"",""緑"":""緑ラベル"",""黄"":""黄ラベル"",""白"":""白ラベル"",""茶"":""茶ラベル"",""紫"":""紫ラベル""}",茶
gen-score-09-023,score,generated,例外による上限,"""検査合格状況: 記録は合格、外観は合格、表示は不合格、寸法は合格、包装は合格、動作は不合格、付属品は合格。合格項目一つにつき1点ですが、要再確認の印があれば上限3点に制限します。今回その印はあります。""",上限制限を適用した最終点を選んでください。,"[""最終点0点"",""最終点1点"",""最終点2点"",""最終点3点"",""最終点4点"",""最終点5点"",""最終点6点"",""最終点7点""]",3
gen-noul-07-025,noul,generated,識別文字列の完全一致,"{""商品ラベル"":""GH6-C"",""注文票"":""GH6-C"",""照合規則"":""大文字小文字と記号も含む完全一致""}",同一コードとして扱ってよいですか。,"{""false"":""いいえ。質問の命題は成立しない。"",""true"":""はい。質問の命題が成立する。""}",true
gen-score-07-007,score,generated,証拠の最高到達段階,"{""調査"":""朝露"",""この調査の証拠段階"":{""担当者報告"":1,""写真記録"":2,""一次資料"":3,""監査記録"":4,""口頭メモ"":5},""得られた証拠"":[""担当者報告""],""集約規則"":""得られた段階の最大。証拠なしは0""}",この調査の証拠段階を選んでください。,"[""証拠なしの段階0"",""表に基づく最高証拠段階1"",""表に基づく最高証拠段階2"",""表に基づく最高証拠段階3"",""表に基づく最高証拠段階4"",""表に基づく最高証拠段階5""]",1
gen-score-02-027,score,generated,記述の満足段階,"""森さんは若葉の体験について「惜しい点があり、少し不満だった」と回答しました。追加の発言はありません。""",感想に明示された評価を尺度へ対応づけてください。,"[""強い不満"",""不満"",""やや不満"",""どちらでもない"",""やや満足"",""満足"",""強い満足"",""最高の満足""]",2
gen-choice-11-017,choice,generated,小数量の比較,"{""在庫"":[{""品名"":""名札"",""総在庫"":11,""予約分"":4},{""品名"":""封筒"",""総在庫"":12,""予約分"":4},{""品名"":""袋"",""総在庫"":13,""予約分"":4},{""品名"":""箱"",""総在庫"":6,""予約分"":1},{""品名"":""クリップ"",""総在庫"":1,""予約分"":1},{""品名"":""シール"",""総在庫"":9,""予約分"":3},{""品名"":""付箋"",""総在庫"":3,""予約分"":1},{""品名"":""ノート"",""総在庫"":7,""予約分"":4}],""自由在庫"":""総在庫から予約分を引く""}",自由在庫が最も多い品を選んでください。,"{""クリップ"":""クリップ"",""付箋"":""付箋"",""封筒"":""封筒"",""シール"":""シール"",""箱"":""箱"",""ノート"":""ノート"",""名札"":""名札"",""袋"":""袋""}",袋
gen-noul-01-016,noul,generated,事実と否定質問,"""吉田さんについての確定記録: 同意書に署名しています。""",記録上、吉田さんは同意書に署名していると言えますか。,"{""false"":""いいえ。質問の命題は成立しない。"",""true"":""はい。質問の命題が成立する。""}",true
gen-noul-02-030,noul,generated,全条件の充足,"{""すべて必要な条件"":[""同意書提出"",""事前登録""],""対象"":""佐藤"",""完了状況"":{""同意書提出"":true,""事前登録"":true}}",規則に照らし、この人の利用資格は成立しますか。,"{""false"":""いいえ。質問の命題は成立しない。"",""true"":""はい。質問の命題が成立する。""}",true
gen-noul-08-017,noul,generated,集合と否定所属,"""夕凪の参加者名簿は木村、中村、加藤です。この名簿は完全で、記載のない人は参加者ではありません。""",加藤さんは参加者ではないと言えますか。,"{""false"":""いいえ。質問の命題は成立しない。"",""true"":""はい。質問の命題が成立する。""}",false
gen-score-10-029,score,generated,不足の段階,"""星空申請で必要なものは添付図、承認書、受領票、申込書、同意書、見積書。届いたものは見積書、同意書です。必要一覧にない書類は不足を埋めません。""",必要書類の不足数に対応する段階を選んでください。,"[""不足が0種類"",""不足が1種類"",""不足が2種類"",""不足が3種類"",""不足が4種類"",""不足が5種類"",""不足が6種類""]",4
gen-choice-05-028,choice,generated,否定条件で選択,"{""検品"":[{""品名"":""ラベル"",""封がある"":false,""濡れている"":false},{""品名"":""袋"",""封がある"":false,""濡れている"":true}]}",対象は『封がない』『濡れていない』の両方を満たす品です。どれですか。,"{""ラベル"":""ラベル"",""袋"":""袋""}",ラベル
gen-noul-11-048,noul,generated,参照関係の真偽,"""担当表: 灯台は石田、水面は木村、青空は上田、星空は佐藤。資料の関連先: 名札は灯台、ノートは青空、冊子は星空、カードは水面。""",カードに関連する案件の担当は上田さんですか。,"{""false"":""いいえ。質問の命題は成立しない。"",""true"":""はい。質問の命題が成立する。""}",false
gen-score-06-012,score,generated,約束時刻からの遅れ,"{""便"":""山道"",""約束時刻"":12,""実際の到着時刻"":13,""同日"":true,""早着時の遅れ"":0}",遅れの時間に対応する段階を答えてください。,"[""遅れが1時間未満"",""遅れが1時間以上、2時間未満"",""遅れが2時間以上、3時間未満"",""遅れが3時間以上""]",1
gen-choice-01-048,choice,generated,問い合わせ経路,"""受付分類表は次のとおりです。請求窓口: 二重請求・領収書・返金 / アカウント窓口: ログイン・パスワード・退会 / 製品窓口: 破損・初期不良・部品交換 / 配送窓口: 届け先変更・荷物の遅延・追跡番号 / 契約窓口: 契約更新・プラン変更・解約手続き / 店舗窓口: 営業時間・店内設備・店舗の場所。問い合わせ本文:「契約中のプランを変更したいです」。受付担当が付けた主題は「プラン変更」です。""",分類表に従い、この問い合わせを担当する窓口を一つ選んでください。,"{""請求"":""請求の窓口"",""配送"":""配送の窓口"",""店舗"":""店舗の窓口"",""契約"":""契約の窓口"",""アカウント"":""アカウントの窓口"",""製品"":""製品の窓口""}",契約
gen-score-11-036,score,generated,時刻順の評価更新,"""木漏れ日の評価更新履歴: 12時に段階4、8時に段階1、14時に段階2、9時に段階3、15時に段階4、16時に段階5。評価は最新時刻の値だけを採用します。""",履歴の記載順に惑わされず、最新評価を答えてください。,"[""評価段階0"",""評価段階1"",""評価段階2"",""評価段階3"",""評価段階4"",""評価段階5"",""評価段階6""]",5
gen-noul-15-030,noul,generated,出来事の前後関係,"""林さんの作業日誌は実施順に電話連絡→引継ぎ→検品です。記載した各作業は一回ずつ実施しました。""",『検品が先、引継ぎが後』という順序は正しいですか。,"{""false"":""いいえ。質問の命題は成立しない。"",""true"":""はい。質問の命題が成立する。""}",false
gen-score-07-008,score,generated,証拠の最高到達段階,"{""調査"":""木漏れ日"",""この調査の証拠段階"":{""担当者報告"":1,""口頭メモ"":2,""署名済み文書"":3,""一次資料"":4,""第三者確認"":5,""監査記録"":6},""得られた証拠"":[""担当者報告""],""集約規則"":""得られた段階の最大。証拠なしは0""}",この調査の証拠段階を選んでください。,"[""証拠なしの段階0"",""表に基づく最高証拠段階1"",""表に基づく最高証拠段階2"",""表に基づく最高証拠段階3"",""表に基づく最高証拠段階4"",""表に基づく最高証拠段階5"",""表に基づく最高証拠段階6""]",1
gen-choice-12-028,choice,generated,条件付き不足書類,"""書類確認の優先順は委任状→申込書→本人確認票。申込書だけは代理申請の場合に限って必要で、それ以外は常に必要です。今回は代理申請。提出済みは委任状、申込書です。""",未提出の必要書類のうち優先順が最初のものを選んでください。全部そろっていれば追加不要です。,"{""委任状"":""委任状"",""追加不要"":""必要書類はすべて提出済み"",""本人確認票"":""本人確認票"",""申込書"":""申込書""}",本人確認票
gen-noul-07-042,noul,generated,識別文字列の完全一致,"""商品ラベルの管理コードは「MN8-A」、注文票の管理コードは「MN8A」です。照合では大文字と小文字、記号の違いも区別します。""",指定された照合規則で一致と判定できますか。,"{""false"":""いいえ。質問の命題は成立しない。"",""true"":""はい。質問の命題が成立する。""}",false
gen-score-13-034,score,generated,取消しを反映した件数,"{""催し"":""白波"",""申込み"":[{""氏名"":""山田"",""受付済み"":true,""取消済み"":false},{""氏名"":""佐藤"",""受付済み"":true,""取消済み"":false},{""氏名"":""遠藤"",""受付済み"":true,""取消済み"":false},{""氏名"":""青木"",""受付済み"":true,""取消済み"":false},{""氏名"":""高橋"",""受付済み"":true,""取消済み"":false},{""氏名"":""加藤"",""受付済み"":true,""取消済み"":false},{""氏名"":""林"",""受付済み"":true,""取消済み"":false},{""氏名"":""森"",""受付済み"":true,""取消済み"":false}],""まとめ方"":""4件以上は段階4""}",受付済みから取消済みを除いた件数はいくつの段階ですか。,"[""有効申込みが0件"",""有効申込みが1件"",""有効申込みが2件"",""有効申込みが3件"",""有効申込みが4件以上""]",4
gen-choice-04-008,choice,generated,参照先の担当,"{""案件担当"":{""朝露"":""山田"",""星空"":""石田"",""草原"":""松本""},""資料の所属案件"":{""テープ"":""星空"",""冊子"":""草原"",""クリップ"":""朝露""},""確認資料"":""冊子""}",確認資料が属する案件の担当者を選んでください。,"{""松本"":""松本さん"",""山田"":""山田さん"",""石田"":""石田さん""}",松本
gen-score-03-017,score,generated,順番に進む工程,"{""案件"":""夕凪"",""工程順"":[""承認"",""準備"",""審査"",""実施"",""受付""],""完了済み"":[""承認"",""準備"",""審査"",""実施""],""着手中は完了に含めない"":true}",この案件は完了ベースでどの段階まで進みましたか。,"[""完了した工程はまだない"",""先頭から1工程が完了（最後に完了したのは承認）"",""先頭から2工程が完了（最後に完了したのは準備）"",""先頭から3工程が完了（最後に完了したのは審査）"",""先頭から4工程が完了（最後に完了したのは実施）"",""先頭から5工程が完了（最後に完了したのは受付）""]",4
gen-score-07-038,score,generated,証拠の最高到達段階,"{""調査"":""山道"",""この調査の証拠段階"":{""署名済み文書"":1},""得られた証拠"":[],""集約規則"":""得られた段階の最大。証拠なしは0""}",明示された段階表だけで証拠を評価してください。,"[""証拠なしの段階0"",""表に基づく最高証拠段階1""]",0
gen-noul-07-032,noul,generated,識別文字列の完全一致,"{""商品ラベル"":""RS7-C"",""注文票"":""RS7-D"",""照合規則"":""大文字小文字と記号も含む完全一致""}",同一コードとして扱ってよいですか。,"{""false"":""いいえ。質問の命題は成立しない。"",""true"":""はい。質問の命題が成立する。""}",false
gen-choice-15-007,choice,generated,文章内の順序参照,"{""会議"":""水面"",""発表順"":[""佐藤"",""松本"",""中村"",""上田"",""木村"",""森"",""林"",""青木""]}",最初を1番目として、8番目の発表者を選んでください。,"{""上田"":""上田さん"",""中村"":""中村さん"",""佐藤"":""佐藤さん"",""松本"":""松本さん"",""木村"":""木村さん"",""林"":""林さん"",""青木"":""青木さん"",""森"":""森さん""}",青木
gen-score-15-012,score,generated,軽重のある項目,"""この点検の配点: 日付欠落は2点、誤字は1点、宛名不備は1点。見つかった不備: なし。該当項目の点を合計し、3点以上は段階3にまとめます。""",項目数ではなく指定された点数で評価してください。,"[""不備点の合計が0点"",""不備点の合計が1点"",""不備点の合計が2点"",""不備点の合計が3点以上""]",0
gen-score-03-033,score,generated,順番に進む工程,"{""案件"":""水面"",""工程順"":[""準備"",""承認"",""調査"",""報告"",""実施"",""審査"",""受付""],""完了済み"":[""準備"",""承認""],""着手中は完了に含めない"":true}",この案件は完了ベースでどの段階まで進みましたか。,"[""完了した工程はまだない"",""先頭から1工程が完了（最後に完了したのは準備）"",""先頭から2工程が完了（最後に完了したのは承認）"",""先頭から3工程が完了（最後に完了したのは調査）"",""先頭から4工程が完了（最後に完了したのは報告）"",""先頭から5工程が完了（最後に完了したのは実施）"",""先頭から6工程が完了（最後に完了したのは審査）"",""先頭から7工程が完了（最後に完了したのは受付）""]",2
gen-choice-03-041,choice,generated,最終更新,"{""案件"":""朝露"",""更新記録"":[{""時"":13,""状態"":""確認中""},{""時"":10,""状態"":""確認中""},{""時"":20,""状態"":""承認""},{""時"":8,""状態"":""承認""}]}",時刻が最も新しい更新に基づく状態を答えてください。,"{""確認中"":""確認中"",""承認"":""承認""}",承認
gen-choice-11-034,choice,generated,小数量の比較,"{""在庫"":[{""品名"":""袋"",""総在庫"":7,""予約分"":4},{""品名"":""テープ"",""総在庫"":14,""予約分"":4}],""自由在庫"":""総在庫から予約分を引く""}",今使える個数が最も少ない品を答えてください。,"{""袋"":""袋"",""テープ"":""テープ""}",袋
gen-noul-10-027,noul,generated,条件付き義務,"{""規則"":""個人向けなら控えの交付が必要。それ以外では義務なし"",""条件に該当"":true,""必要処置を実施"":false}",この案件は記載された義務のルールに違反していませんか。違反がなければはいです。,"{""false"":""いいえ。質問の命題は成立しない。"",""true"":""はい。質問の命題が成立する。""}",false
gen-noul-13-029,noul,generated,範囲の開閉境界,"{""下限条件"":""6個以上"",""上限条件"":""12個以下"",""今回の個数"":11,""関係"":""両方を満たすこと""}",指定された範囲条件を満たしていますか。,"{""false"":""いいえ。質問の命題は成立しない。"",""true"":""はい。質問の命題が成立する。""}",true
gen-noul-10-047,noul,generated,条件付き義務,"""規則: 当日申請のときだけ控えの交付が必須です。それ以外の場合にはこの義務はなく、実施していても構いません。今回の案件は当日申請に該当で、控えの交付は未実施です。""",この案件は記載された義務のルールに違反していませんか。違反がなければはいです。,"{""false"":""いいえ。質問の命題は成立しない。"",""true"":""はい。質問の命題が成立する。""}",false
gen-choice-08-017,choice,generated,改訂と例外の優先,"""通常品の貼付ラベルについて、連絡は古い順に「緑」「赤」「黄」でした。後の連絡が前の連絡を上書きします。ただし冷蔵品には連絡履歴に関係なく赤ラベルを貼ります。今回の荷物は冷蔵品です。""",この荷物に貼るラベルの色を選んでください。,"{""黄"":""黄ラベル"",""緑"":""緑ラベル"",""赤"":""赤ラベル""}",赤
gen-choice-15-006,choice,generated,文章内の順序参照,"""若葉会議では、発表者を発表順に「渡辺、山田、石田、高橋、佐藤、木村、加藤」と紹介しました。同じ人の再登場はありません。""",最初を1番目として、1番目の発表者を選んでください。,"{""高橋"":""高橋さん"",""山田"":""山田さん"",""加藤"":""加藤さん"",""渡辺"":""渡辺さん"",""佐藤"":""佐藤さん"",""木村"":""木村さん"",""石田"":""石田さん""}",渡辺
gen-choice-11-002,choice,generated,小数量の比較,"{""在庫"":[{""品名"":""シール"",""総在庫"":14,""予約分"":2},{""品名"":""クリップ"",""総在庫"":6,""予約分"":0},{""品名"":""ケース"",""総在庫"":8,""予約分"":4},{""品名"":""ノート"",""総在庫"":12,""予約分"":5},{""品名"":""用紙"",""総在庫"":3,""予約分"":0},{""品名"":""箱"",""総在庫"":12,""予約分"":3},{""品名"":""封筒"",""総在庫"":10,""予約分"":2}],""自由在庫"":""総在庫から予約分を引く""}",自由在庫が最も少ない品を選んでください。,"{""ノート"":""ノート"",""シール"":""シール"",""封筒"":""封筒"",""用紙"":""用紙"",""ケース"":""ケース"",""クリップ"":""クリップ"",""箱"":""箱""}",用紙
gen-noul-03-011,noul,generated,いずれかの条件,"{""いずれか一つ以上必要"":[""事前予約票"",""招待券"",""当日券""],""所持状況"":{""事前予約票"":false,""招待券"":false,""当日券"":false},""対象"":""吉田""}",記載された条件で受付を通れますか。,"{""false"":""いいえ。質問の命題は成立しない。"",""true"":""はい。質問の命題が成立する。""}",false
gen-choice-03-043,choice,generated,最終更新,"""案件「灯台」の記録です。19時の更新: 確認中。 15時の更新: 保留。 16時の更新: 承認。""",時刻が最も新しい更新に基づく状態を答えてください。,"{""保留"":""保留"",""確認中"":""確認中"",""承認"":""承認""}",確認中
gen-noul-15-013,noul,generated,出来事の前後関係,"{""担当者"":""大野"",""実施順"":[""伝票記入"",""検品"",""休憩"",""報告"",""棚への配置"",""引継ぎ""],""各作業の実施回数"":1}",検品は報告より前に行われましたか。,"{""false"":""いいえ。質問の命題は成立しない。"",""true"":""はい。質問の命題が成立する。""}",true
gen-noul-06-006,noul,generated,更新後の状態,"""白波の状態記録: 13時には停止中、8時には受付中、19時には点検中、15時には使用可能。時刻が新しい記録が古い記録を上書きします。""",最新の有効な記録から「点検中」と言えますか。,"{""false"":""いいえ。質問の命題は成立しない。"",""true"":""はい。質問の命題が成立する。""}",true
gen-choice-08-046,choice,generated,改訂と例外の優先,"""通常品の貼付ラベルについて、連絡は古い順に「青」「緑」「黒」でした。後の連絡が前の連絡を上書きします。ただし冷蔵品には連絡履歴に関係なく黒ラベルを貼ります。今回の荷物は通常品です。""",例外と改訂の順序を考慮して、使用する色はどれですか。,"{""黒"":""黒ラベル"",""茶"":""茶ラベル"",""緑"":""緑ラベル"",""赤"":""赤ラベル"",""青"":""青ラベル""}",黒
gen-choice-07-018,choice,generated,複数属性の制約,"""在庫表: 名札は緑色・金属製・在庫あり、ペンは紫色・金属製・在庫あり、付箋は緑色・ガラス製・在庫あり。""",今注文できる金属製の緑色の商品を答えてください。在庫なしは選べません。,"{""名札"":""名札"",""ペン"":""ペン"",""付箋"":""付箋""}",名札
gen-choice-08-032,choice,generated,改訂と例外の優先,"""通常品の貼付ラベルについて、連絡は古い順に「黒」「紫」「白」でした。後の連絡が前の連絡を上書きします。ただし冷蔵品には連絡履歴に関係なく白ラベルを貼ります。今回の荷物は冷蔵品です。""",今回適用されるラベルを一つ決めてください。,"{""紫"":""紫ラベル"",""黒"":""黒ラベル"",""白"":""白ラベル""}",白
gen-noul-06-034,noul,generated,更新後の状態,"{""対象"":""山道"",""更新記録"":[{""時刻"":7,""状態"":""使用可能""},{""時刻"":17,""状態"":""使用可能""},{""時刻"":10,""状態"":""使用可能""},{""時刻"":8,""状態"":""使用可能""}],""規則"":""最新時刻の記録が有効""}",最後の更新を適用すると、状態は「使用可能」になっていますか。,"{""false"":""いいえ。質問の命題は成立しない。"",""true"":""はい。質問の命題が成立する。""}",true
gen-noul-13-025,noul,generated,範囲の開閉境界,"{""下限条件"":""2個より多い"",""上限条件"":""10個以下"",""今回の個数"":4,""関係"":""両方を満たすこと""}",今回の個数は適合範囲に入っていますか。,"{""false"":""いいえ。質問の命題は成立しない。"",""true"":""はい。質問の命題が成立する。""}",true
gen-choice-06-008,choice,generated,時間枠の包含,"{""空き時間"":[{""部屋"":""白"",""開始"":14,""終了"":16},{""部屋"":""緑"",""開始"":16,""終了"":19},{""部屋"":""茶"",""開始"":16,""終了"":19},{""部屋"":""黄"",""開始"":16,""終了"":18},{""部屋"":""赤"",""開始"":14,""終了"":16},{""部屋"":""黒"",""開始"":13,""終了"":16},{""部屋"":""紫"",""開始"":16,""終了"":19},{""部屋"":""青"",""開始"":15,""終了"":18}],""会議開始"":15,""会議終了"":17}",会議の全時間を連続して確保できる部屋を選んでください。開始・終了の一致は許可します。,"{""青"":""青室"",""白"":""白室"",""赤"":""赤室"",""黒"":""黒室"",""緑"":""緑室"",""茶"":""茶室"",""黄"":""黄室"",""紫"":""紫室""}",青
gen-score-14-045,score,generated,参照表の順序尺度,"{""検査対象"":""白波"",""今回の対応表"":{""茶"":0,""赤"":1},""確定票の印"":""茶""}",今回の対応表を使って検査票の段階を選んでください。,"[""表による段階0"",""表による段階1""]",0
gen-score-12-037,score,generated,目標からの差,"{""案件"":""青空"",""目標数"":15,""実績数"":17,""採点"":""差の絶対値。ただし7以上は段階7""}",目標からのずれの段階を選んでください。,"[""目標との差が0個"",""目標との差が1個"",""目標との差が2個"",""目標との差が3個"",""目標との差が4個"",""目標との差が5個"",""目標との差が6個"",""目標との差が7個以上""]",2
gen-choice-05-043,choice,generated,否定条件で選択,"{""検品"":[{""品名"":""ノート"",""封がある"":false,""濡れている"":false},{""品名"":""テープ"",""封がある"":true,""濡れている"":false},{""品名"":""シール"",""封がある"":true,""濡れている"":false},{""品名"":""ケース"",""封がある"":true,""濡れている"":true},{""品名"":""封筒"",""封がある"":true,""濡れている"":false},{""品名"":""名札"",""封がある"":false,""濡れている"":true}]}",対象は『封がない』『濡れていない』の両方を満たす品です。どれですか。,"{""ノート"":""ノート"",""名札"":""名札"",""封筒"":""封筒"",""ケース"":""ケース"",""シール"":""シール"",""テープ"":""テープ""}",ノート
gen-choice-06-016,choice,generated,時間枠の包含,"""部屋の連続利用可能時間: 緑室は11時から15時まで、白室は13時から17時まで、黒室は13時から16時まで、黄室は11時から14時まで、青室は13時から16時まで、茶室は13時から17時まで、紫室は10時から14時まで、赤室は13時から16時まで。会議は12時開始、15時終了です。""",会議時間の一部だけでなく全体を含む空き時間を持つ部屋を答えてください。端の一致は可です。,"{""茶"":""茶室"",""緑"":""緑室"",""赤"":""赤室"",""青"":""青室"",""白"":""白室"",""黄"":""黄室"",""紫"":""紫室"",""黒"":""黒室""}",緑
gen-score-07-036,score,generated,証拠の最高到達段階,"""この調査固有の証拠段階表: 担当者報告は段階1、口頭メモは段階2、監査記録は段階3、一次資料は段階4、第三者確認は段階5、写真記録は段階6。山道で得られた証拠は第三者確認、口頭メモ。複数ある場合は最大の段階を使い、なければ0です。""",この調査の証拠段階を選んでください。,"[""証拠なしの段階0"",""表に基づく最高証拠段階1"",""表に基づく最高証拠段階2"",""表に基づく最高証拠段階3"",""表に基づく最高証拠段階4"",""表に基づく最高証拠段階5"",""表に基づく最高証拠段階6""]",5
gen-choice-04-017,choice,generated,参照先の担当,"{""案件担当"":{""夕凪"":""青木"",""山道"":""佐藤"",""青空"":""松本"",""灯台"":""大野"",""朝露"":""木村"",""草原"":""遠藤"",""春風"":""吉田""},""資料の所属案件"":{""テープ"":""春風"",""ラベル"":""青空"",""付箋"":""朝露"",""ノート"":""山道"",""ファイル"":""夕凪"",""封筒"":""草原"",""ペン"":""灯台""},""確認資料"":""ペン""}",確認資料が属する案件の担当者を選んでください。,"{""佐藤"":""佐藤さん"",""吉田"":""吉田さん"",""大野"":""大野さん"",""松本"":""松本さん"",""遠藤"":""遠藤さん"",""青木"":""青木さん"",""木村"":""木村さん""}",大野
gen-choice-15-013,choice,generated,文章内の順序参照,"{""会議"":""白波"",""発表順"":[""林"",""山田"",""石田"",""青木""]}",紹介された順番で4人目に発表する人は誰ですか。,"{""山田"":""山田さん"",""林"":""林さん"",""青木"":""青木さん"",""石田"":""石田さん""}",青木
gen-noul-07-039,noul,generated,識別文字列の完全一致,"""商品ラベルの管理コードは「GH3-B」、注文票の管理コードは「GH3-B」です。照合では大文字と小文字、記号の違いも区別します。""",二つの管理コードは完全一致していますか。,"{""false"":""いいえ。質問の命題は成立しない。"",""true"":""はい。質問の命題が成立する。""}",true
gen-choice-07-047,choice,generated,複数属性の制約,"{""在庫表"":[{""品名"":""ノート"",""色"":""緑"",""素材"":""ガラス"",""在庫あり"":true},{""品名"":""クリップ"",""色"":""赤"",""素材"":""ガラス"",""在庫あり"":true},{""品名"":""テープ"",""色"":""黒"",""素材"":""ガラス"",""在庫あり"":false},{""品名"":""ファイル"",""色"":""黒"",""素材"":""ガラス"",""在庫あり"":true}]}",必要条件は黒色、ガラス製、在庫ありの三つです。全部に合う品はどれですか。,"{""クリップ"":""クリップ"",""ノート"":""ノート"",""ファイル"":""ファイル"",""テープ"":""テープ""}",ファイル
gen-noul-10-024,noul,generated,条件付き義務,"{""規則"":""追加申請なら控えの交付が必要。それ以外では義務なし"",""条件に該当"":true,""必要処置を実施"":true}",この案件は記載された義務のルールに違反していませんか。違反がなければはいです。,"{""false"":""いいえ。質問の命題は成立しない。"",""true"":""はい。質問の命題が成立する。""}",true
gen-noul-10-010,noul,generated,条件付き義務,"{""規則"":""個人向けなら記録票の保存が必要。それ以外では義務なし"",""条件に該当"":false,""必要処置を実施"":false}",この義務に関して、規則上問題なしと判定できますか。,"{""false"":""いいえ。質問の命題は成立しない。"",""true"":""はい。質問の命題が成立する。""}",true
gen-choice-11-048,choice,generated,小数量の比較,"""入出庫記録: 冊子は在庫8個、そのうち予約4個、ケースは在庫13個、そのうち予約4個、名札は在庫6個、そのうち予約4個、テープは在庫9個、そのうち予約4個、クリップは在庫8個、そのうち予約5個。予約分は自由在庫に含めません。""",自由在庫が最も多い品を選んでください。,"{""クリップ"":""クリップ"",""名札"":""名札"",""ケース"":""ケース"",""冊子"":""冊子"",""テープ"":""テープ""}",ケース
gen-score-03-037,score,generated,順番に進む工程,"{""案件"":""木漏れ日"",""工程順"":[""準備"",""実施"",""調査"",""報告""],""完了済み"":[""準備"",""実施"",""調査"",""報告""],""着手中は完了に含めない"":true}",この案件は完了ベースでどの段階まで進みましたか。,"[""完了した工程はまだない"",""先頭から1工程が完了（最後に完了したのは準備）"",""先頭から2工程が完了（最後に完了したのは実施）"",""先頭から3工程が完了（最後に完了したのは調査）"",""先頭から4工程が完了（最後に完了したのは報告）""]",4
gen-score-07-022,score,generated,証拠の最高到達段階,"{""調査"":""朝露"",""この調査の証拠段階"":{""口頭メモ"":1,""監査記録"":2,""署名済み文書"":3,""担当者報告"":4,""第三者確認"":5,""一次資料"":6},""得られた証拠"":[""署名済み文書"",""監査記録""],""集約規則"":""得られた段階の最大。証拠なしは0""}",この調査の証拠段階を選んでください。,"[""証拠なしの段階0"",""表に基づく最高証拠段階1"",""表に基づく最高証拠段階2"",""表に基づく最高証拠段階3"",""表に基づく最高証拠段階4"",""表に基づく最高証拠段階5"",""表に基づく最高証拠段階6""]",3
gen-noul-11-035,noul,generated,参照関係の真偽,"{""案件担当"":{""木漏れ日"":""吉田"",""春風"":""松本"",""白波"":""高橋""},""資料関連先"":{""ケース"":""春風"",""ノート"":""白波"",""シール"":""木漏れ日""}}",ケースの関連先を担当表で引くと松本さんになりますか。,"{""false"":""いいえ。質問の命題は成立しない。"",""true"":""はい。質問の命題が成立する。""}",true
gen-noul-14-046,noul,generated,予定時間の重なり,"""松本さんの予定: 灯台会議は15時から19時、面談は16時から18時。終了と次の開始が同時刻の場合は重複とは扱いません。""",二つの予定の時間は重なっていますか。,"{""false"":""いいえ。質問の命題は成立しない。"",""true"":""はい。質問の命題が成立する。""}",true
gen-choice-01-042,choice,generated,問い合わせ経路,"{""分類表"":{""配送"":[""届け先変更"",""荷物の遅延"",""追跡番号""],""製品"":[""破損"",""初期不良"",""部品交換""],""契約"":[""契約更新"",""プラン変更"",""解約手続き""]},""本文"":""買った製品が最初から動きません"",""受付主題"":""初期不良""}",分類表に従い、この問い合わせを担当する窓口を一つ選んでください。,"{""契約"":""契約の窓口"",""製品"":""製品の窓口"",""配送"":""配送の窓口""}",製品
gen-score-14-039,score,generated,参照表の順序尺度,"{""検査対象"":""木漏れ日"",""今回の対応表"":{""青"":0,""紫"":1,""茶"":2},""確定票の印"":""紫""}",一般常識ではなく示された表に従って段階を答えてください。,"[""表による段階0"",""表による段階1"",""表による段階2""]",1
gen-choice-07-003,choice,generated,複数属性の制約,"{""在庫表"":[{""品名"":""ケース"",""色"":""紫"",""素材"":""樹脂"",""在庫あり"":true},{""品名"":""封筒"",""色"":""黄"",""素材"":""樹脂"",""在庫あり"":false},{""品名"":""クリップ"",""色"":""黄"",""素材"":""金属"",""在庫あり"":true},{""品名"":""テープ"",""色"":""黄"",""素材"":""樹脂"",""在庫あり"":true},{""品名"":""ラベル"",""色"":""黄"",""素材"":""樹脂"",""在庫あり"":false},{""品名"":""冊子"",""色"":""黄"",""素材"":""布"",""在庫あり"":true}]}",今注文できる樹脂製の黄色の商品を答えてください。在庫なしは選べません。,"{""ケース"":""ケース"",""ラベル"":""ラベル"",""封筒"":""封筒"",""クリップ"":""クリップ"",""テープ"":""テープ"",""冊子"":""冊子""}",テープ
gen-noul-15-018,noul,generated,出来事の前後関係,"""上田さんの作業日誌は実施順に検品→棚への配置→報告→伝票記入です。記載した各作業は一回ずつ実施しました。""",伝票記入は報告より前に行われましたか。,"{""false"":""いいえ。質問の命題は成立しない。"",""true"":""はい。質問の命題が成立する。""}",false
gen-choice-09-040,choice,generated,利用可能集合の差,"{""利用可能品"":[""シール""],""予約済み品"":[]}",今貸せるのは利用可能かつ未予約の品です。該当するものはどれですか。,"{""用紙"":""用紙"",""シール"":""シール""}",シール
gen-choice-10-006,choice,generated,不在時の代理,"{""案件担当"":{""若葉"":""林"",""春風"":""青木"",""白波"":""中村"",""山道"":""佐藤"",""朝露"":""大野"",""青空"":""石田"",""水面"":""加藤""},""代理者"":{""林"":""青木"",""青木"":""中村"",""中村"":""佐藤"",""佐藤"":""大野"",""大野"":""石田"",""石田"":""加藤"",""加藤"":""林""},""不在者"":[""青木"",""石田"",""林"",""大野"",""中村"",""加藤""],""案件"":""水面"",""ルール"":""担当者が不在なら指定代理に一度だけ振替。代理の在席状況は問わない""}",本日の規則に従う連絡相手を選んでください。,"{""加藤"":""加藤さん"",""佐藤"":""佐藤さん"",""中村"":""中村さん"",""石田"":""石田さん"",""林"":""林さん"",""青木"":""青木さん"",""大野"":""大野さん""}",林
gen-choice-10-016,choice,generated,不在時の代理,"""担当者: 草原は山田、山道は松本、白波は大野。代理者: 山田の代理は松本、松本の代理は大野、大野の代理は山田。本日の不在者は山田、大野。問い合わせ先の案件は草原です。代理への振替は一回だけ行い、その先の不在は判定しません。""",本日の規則に従う連絡相手を選んでください。,"{""山田"":""山田さん"",""松本"":""松本さん"",""大野"":""大野さん""}",松本
gen-choice-15-008,choice,generated,文章内の順序参照,"""白波会議では、発表者を発表順に「林、高橋」と紹介しました。同じ人の再登場はありません。""",最初を1番目として、1番目の発表者を選んでください。,"{""林"":""林さん"",""高橋"":""高橋さん""}",林
gen-noul-01-041,noul,generated,事実と否定質問,"{""対象者"":""高橋"",""項目"":""資料を受領"",""実施済み"":true}",『高橋さんは資料を受領していない』はこの記録と一致しますか。,"{""false"":""いいえ。質問の命題は成立しない。"",""true"":""はい。質問の命題が成立する。""}",false
gen-choice-07-042,choice,generated,複数属性の制約,"""在庫表: ノートは青色・ガラス製・在庫あり、テープは青色・ガラス製・在庫あり、ラベルは赤色・布製・在庫あり、袋は青色・木製・在庫あり、封筒は青色・布製・在庫あり。""",必要条件は青色、布製、在庫ありの三つです。全部に合う品はどれですか。,"{""封筒"":""封筒"",""袋"":""袋"",""ラベル"":""ラベル"",""ノート"":""ノート"",""テープ"":""テープ""}",封筒
gen-noul-14-016,noul,generated,予定時間の重なり,"{""対象者"":""吉田"",""会議"":[15,16],""面談"":[15,16],""規則"":""終了時刻と開始時刻が一致するだけなら重複なし""}",同時に二つの予定に出席しなければならない時間がありますか。,"{""false"":""いいえ。質問の命題は成立しない。"",""true"":""はい。質問の命題が成立する。""}",true
gen-choice-02-006,choice,generated,条件と優先例外,"""青空店では会員で購入数が6個以上なら優待扱いです。ただし予約品は購入数や会員資格にかかわらず通常扱いです。今回は9個、会員、通常在庫品です。""",例外も踏まえて、今回の購入区分はどれですか。,"{""優待"":""優待の扱い"",""通常"":""通常の扱い""}",優待
gen-noul-11-020,noul,generated,参照関係の真偽,"""担当表: 朝露は渡辺、白波は大野、夕凪は林、若葉は佐藤、星空は吉田。資料の関連先: ケースは夕凪、袋は白波、冊子は朝露、テープは星空、封筒は若葉。""",林さんは冊子が属する案件の担当者と言えますか。,"{""false"":""いいえ。質問の命題は成立しない。"",""true"":""はい。質問の命題が成立する。""}",false
gen-noul-06-011,noul,generated,更新後の状態,"{""対象"":""灯台"",""更新記録"":[{""時刻"":9,""状態"":""点検中""},{""時刻"":14,""状態"":""空席あり""},{""時刻"":8,""状態"":""満席""},{""時刻"":21,""状態"":""使用可能""},{""時刻"":17,""状態"":""満席""}],""規則"":""最新時刻の記録が有効""}",最後の更新を適用すると、状態は「満席」になっていますか。,"{""false"":""いいえ。質問の命題は成立しない。"",""true"":""はい。質問の命題が成立する。""}",false
gen-choice-05-045,choice,generated,否定条件で選択,"{""検品"":[{""品名"":""用紙"",""封がある"":true,""濡れている"":true},{""品名"":""ラベル"",""封がある"":true,""濡れている"":false},{""品名"":""冊子"",""封がある"":true,""濡れている"":true},{""品名"":""クリップ"",""封がある"":false,""濡れている"":true}]}",対象は『封がある』『濡れていない』の両方を満たす品です。どれですか。,"{""クリップ"":""クリップ"",""用紙"":""用紙"",""冊子"":""冊子"",""ラベル"":""ラベル""}",ラベル
gen-choice-02-003,choice,generated,条件と優先例外,"""夕凪店では会員で購入数が3個以上なら優待扱いです。ただし予約品は購入数や会員資格にかかわらず通常扱いです。今回は5個、非会員、予約品です。""",例外も踏まえて、今回の購入区分はどれですか。,"{""優待"":""優待の扱い"",""通常"":""通常の扱い""}",通常
gen-choice-14-047,choice,generated,二属性照合,"""展示品の札: 袋は赤色・樹脂製、ペンは赤色・金属製、箱は黄色・木製、封筒は緑色・木製、テープは黒色・ガラス製、シールは紫色・紙製、クリップは紫色・布製。探しているのは黄色の木製です。""",指定された色と素材の両方が一致する品を選んでください。,"{""封筒"":""封筒"",""袋"":""袋"",""箱"":""箱"",""ペン"":""ペン"",""シール"":""シール"",""クリップ"":""クリップ"",""テープ"":""テープ""}",箱
gen-noul-12-022,noul,generated,記録と主張の照合,"{""施設"":""山道"",""入口ごとの現在の確定記録"":{""北口"":""完全に開いている"",""南口"":""4分の1だけ開いている"",""東口"":""半分だけ開いている"",""西口"":""4分の1だけ開いている"",""裏口"":""完全に閉じている"",""搬入口"":""4分の1だけ開いている""},""判定資料"":""現在の確定記録のみ""}",確定情報から、裏口は完全に閉じていると言えますか。,"{""false"":""いいえ。質問の命題は成立しない。"",""true"":""はい。質問の命題が成立する。""}",true
gen-choice-14-049,choice,generated,二属性照合,"{""展示品"":[{""品名"":""カード"",""色"":""紫"",""素材"":""紙""},{""品名"":""ケース"",""色"":""黒"",""素材"":""木""},{""品名"":""ラベル"",""色"":""紫"",""素材"":""金属""},{""品名"":""用紙"",""色"":""茶"",""素材"":""樹脂""},{""品名"":""ペン"",""色"":""黒"",""素材"":""樹脂""},{""品名"":""封筒"",""色"":""青"",""素材"":""木""}],""指定色"":""黒"",""指定素材"":""木""}",色だけ・素材だけの一致では足りません。該当品を答えてください。,"{""ケース"":""ケース"",""封筒"":""封筒"",""ペン"":""ペン"",""用紙"":""用紙"",""ラベル"":""ラベル"",""カード"":""カード""}",ケース
gen-noul-07-046,noul,generated,識別文字列の完全一致,"""商品ラベルの管理コードは「MN6-C」、注文票の管理コードは「mn6-c」です。照合では大文字と小文字、記号の違いも区別します。""",指定された照合規則で一致と判定できますか。,"{""false"":""いいえ。質問の命題は成立しない。"",""true"":""はい。質問の命題が成立する。""}",false
gen-score-11-023,score,generated,時刻順の評価更新,"{""案件"":""草原"",""評価更新"":[{""時刻"":15,""段階"":1},{""時刻"":9,""段階"":5},{""時刻"":13,""段階"":4},{""時刻"":12,""段階"":2},{""時刻"":14,""段階"":3},{""時刻"":8,""段階"":4}],""採用規則"":""最新時刻だけを採用""}",履歴の記載順に惑わされず、最新評価を答えてください。,"[""評価段階0"",""評価段階1"",""評価段階2"",""評価段階3"",""評価段階4"",""評価段階5"",""評価段階6"",""評価段階7""]",1
gen-noul-05-041,noul,generated,締切の境界,"{""受付規則"":""18時ちょうどまで受け付け、同時刻の提出も有効"",""提出者"":""木村"",""提出時刻"":21}",この提出は時間条件を満たしていますか。,"{""false"":""いいえ。質問の命題は成立しない。"",""true"":""はい。質問の命題が成立する。""}",false
gen-choice-10-030,choice,generated,不在時の代理,"""担当者: 灯台は林、春風は中村、水面は佐藤。代理者: 林の代理は中村、中村の代理は佐藤、佐藤の代理は林。本日の不在者はなし。問い合わせ先の案件は灯台です。代理への振替は一回だけ行い、その先の不在は判定しません。""",この案件を担当本人または指定代理に連絡します。宛先は誰ですか。,"{""林"":""林さん"",""佐藤"":""佐藤さん"",""中村"":""中村さん""}",林
gen-score-02-006,score,generated,記述の満足段階,"""松本さんは木漏れ日の体験について「これ以上は考えられず、最高に満足した」と回答しました。追加の発言はありません。""",回答者が表明した満足の程度を分類してください。,"[""強い不満"",""不満"",""やや不満"",""どちらでもない"",""やや満足"",""満足"",""強い満足"",""最高の満足""]",7
gen-choice-13-048,choice,generated,工程の依存順,"{""案件"":""青空"",""工程順"":[""承認"",""報告"",""実施"",""受付"",""見積作成"",""内容確認"",""準備""],""完了済み"":[],""規則"":""順に実行し未完了工程を飛ばさない""}",まだ済んでいない最初の工程は何ですか。存在しない場合は完了です。,"{""実施"":""実施"",""完了"":""全工程が完了"",""承認"":""承認"",""報告"":""報告"",""見積作成"":""見積作成"",""準備"":""準備"",""内容確認"":""内容確認"",""受付"":""受付""}",承認
gen-noul-03-046,noul,generated,いずれかの条件,"""星空の受付では会員証・紹介状のうち一つ以上があれば通れます。林さん: 会員証はあり、紹介状はなし。""",記載された条件で受付を通れますか。,"{""false"":""いいえ。質問の命題は成立しない。"",""true"":""はい。質問の命題が成立する。""}",true
gen-score-01-010,score,generated,件数の段階境界,"{""案件"":""山道"",""計数対象"":""検品で見つかった不備"",""件数"":1,""処理済みを除外"":true}",現在の件数を指定の段階基準に当てはめてください。,"[""対象件数が1件未満"",""対象件数が1件以上、2件未満"",""対象件数が2件以上、3件未満"",""対象件数が3件以上""]",1
gen-choice-13-006,choice,generated,工程の依存順,"""案件「木漏れ日」の工程順は見積作成→受付→承認→実施→報告です。途中の工程を飛ばすことはできません。完了済みは見積作成、受付です。""",この作業を一段進めるときに着手する工程を答えてください。残りがなければ完了です。,"{""完了"":""全工程が完了"",""報告"":""報告"",""実施"":""実施"",""見積作成"":""見積作成"",""受付"":""受付"",""承認"":""承認""}",承認
gen-noul-11-022,noul,generated,参照関係の真偽,"{""案件担当"":{""木漏れ日"":""吉田"",""山道"":""高橋"",""灯台"":""森"",""白波"":""青木"",""青空"":""遠藤"",""春風"":""石田""},""資料関連先"":{""カード"":""白波"",""箱"":""青空"",""ペン"":""木漏れ日"",""シール"":""春風"",""付箋"":""灯台"",""名札"":""山道""}}",ペンの関連先を担当表で引くと高橋さんになりますか。,"{""false"":""いいえ。質問の命題は成立しない。"",""true"":""はい。質問の命題が成立する。""}",false
gen-noul-08-040,noul,generated,集合と否定所属,"""水面の参加者名簿は青木、石田、上田、木村、高橋、渡辺、加藤です。この名簿は完全で、記載のない人は参加者ではありません。""",遠藤さんは参加者ではないと言えますか。,"{""false"":""いいえ。質問の命題は成立しない。"",""true"":""はい。質問の命題が成立する。""}",true
gen-choice-07-029,choice,generated,複数属性の制約,"""在庫表: テープは黄色・紙製・在庫あり、シールは黄色・木製・在庫なし、袋は黄色・布製・在庫あり、ファイルは黄色・木製・在庫あり、ケースは黄色・木製・在庫なし、カードは黄色・紙製・在庫あり、ラベルは黄色・布製・在庫あり。""",必要条件は黄色、木製、在庫ありの三つです。全部に合う品はどれですか。,"{""ラベル"":""ラベル"",""シール"":""シール"",""テープ"":""テープ"",""ケース"":""ケース"",""カード"":""カード"",""袋"":""袋"",""ファイル"":""ファイル""}",ファイル
gen-noul-06-025,noul,generated,更新後の状態,"""山道の状態記録: 16時には受付中、19時には使用可能、14時には受付中、17時には受付中、20時には使用可能。時刻が新しい記録が古い記録を上書きします。""",現在の状態は「受付中」ですか。,"{""false"":""いいえ。質問の命題は成立しない。"",""true"":""はい。質問の命題が成立する。""}",false
gen-score-08-006,score,generated,要件への一致数,"{""注文要件"":{""印字"":""片面のみ"",""包装"":""袋"",""配送"":""宅配"",""素材"":""木""},""提案品"":{""印字"":""なし"",""包装"":""箱"",""配送"":""郵送"",""素材"":""布""}}",注文要件と一致している属性の数を段階として選んでください。,"[""一致した要件が0項目"",""一致した要件が1項目"",""一致した要件が2項目"",""一致した要件が3項目"",""一致した要件が4項目""]",0
gen-choice-14-041,choice,generated,二属性照合,"""展示品の札: 箱は緑色・金属製、付箋は白色・樹脂製、冊子は黄色・金属製、袋は赤色・金属製、ペンは青色・木製、クリップは赤色・紙製、ケースは茶色・金属製。探しているのは青色の木製です。""",二つの指定を同時に満たす展示品はどれですか。,"{""箱"":""箱"",""ペン"":""ペン"",""冊子"":""冊子"",""付箋"":""付箋"",""袋"":""袋"",""ケース"":""ケース"",""クリップ"":""クリップ""}",ペン
gen-score-02-013,score,generated,記述の満足段階,"{""回答者"":""中村"",""対象"":""夕凪"",""感想原文"":""強い不満があり、受け入れられない""}",発言の意味に最も合う満足段階を選んでください。,"[""強い不満"",""不満"",""やや不満"",""どちらでもない"",""やや満足"",""満足"",""強い満足"",""最高の満足""]",0
gen-noul-03-033,noul,generated,いずれかの条件,"{""いずれか一つ以上必要"":[""招待券"",""会員証"",""紹介状""],""所持状況"":{""招待券"":false,""会員証"":false,""紹介状"":false},""対象"":""渡辺""}",記載された条件で受付を通れますか。,"{""false"":""いいえ。質問の命題は成立しない。"",""true"":""はい。質問の命題が成立する。""}",false
gen-noul-09-038,noul,generated,重複を除いた件数,"{""棚"":""灯台"",""読み取り品名"":[""封筒"",""封筒"",""袋"",""袋"",""封筒""],""数え方"":""同一品名の重複を除く""}",異なる品名だけ数えると6種類以上ですか。,"{""false"":""いいえ。質問の命題は成立しない。"",""true"":""はい。質問の命題が成立する。""}",false
gen-score-15-001,score,generated,軽重のある項目,"{""不備ごとの配点"":{""署名欠落"":2,""宛名不備"":1,""誤字"":1,""日付欠落"":1,""添付欠落"":1,""頁番号欠落"":1},""不備あり"":{""署名欠落"":false,""宛名不備"":false,""誤字"":false,""日付欠落"":false,""添付欠落"":false,""頁番号欠落"":false},""上限"":6}",配点の違いを反映した最終段階を選んでください。,"[""不備点の合計が0点"",""不備点の合計が1点"",""不備点の合計が2点"",""不備点の合計が3点"",""不備点の合計が4点"",""不備点の合計が5点"",""不備点の合計が6点以上""]",0
gen-noul-12-018,noul,generated,記録と主張の照合,"""朝露施設の入口について、いま確認した確定記録は北口は完全に開いている、南口は半分だけ開いている、東口は4分の1だけ開いている、西口は完全に開いている、裏口は半分だけ開いている、搬入口は完全に閉じているです。現在の判断にはこの確定記録だけを使います。""",確定情報から、西口は完全に開いていると言えますか。,"{""false"":""いいえ。質問の命題は成立しない。"",""true"":""はい。質問の命題が成立する。""}",true
gen-score-14-031,score,generated,参照表の順序尺度,"""今回の検査用の対応表: 赤印は段階0、黒印は段階1。星空の確定検査票には赤印が付いています。色に一般的な良し悪しは仮定しません。""",一般常識ではなく示された表に従って段階を答えてください。,"[""表による段階0"",""表による段階1""]",0
gen-noul-07-036,noul,generated,識別文字列の完全一致,"""商品ラベルの管理コードは「RS3-C」、注文票の管理コードは「rs3-c」です。照合では大文字と小文字、記号の違いも区別します。""",指定された照合規則で一致と判定できますか。,"{""false"":""いいえ。質問の命題は成立しない。"",""true"":""はい。質問の命題が成立する。""}",false
gen-noul-14-008,noul,generated,予定時間の重なり,"""吉田さんの予定: 木漏れ日会議は11時から13時、面談は12時から16時。終了と次の開始が同時刻の場合は重複とは扱いません。""",指定された端点の扱いで予定の重複はありますか。,"{""false"":""いいえ。質問の命題は成立しない。"",""true"":""はい。質問の命題が成立する。""}",true
gen-score-10-027,score,generated,不足の段階,"""草原申請で必要なものは添付図、確認票、申込書、見積書。届いたものは申込書、見積書、案内状です。必要一覧にない書類は不足を埋めません。""",未提出の必要書類はいくつの段階ですか。,"[""不足が0種類"",""不足が1種類"",""不足が2種類"",""不足が3種類"",""不足が4種類""]",2
gen-noul-07-031,noul,generated,識別文字列の完全一致,"""商品ラベルの管理コードは「PQ2-C」、注文票の管理コードは「PQ2-C」です。照合では大文字と小文字、記号の違いも区別します。""",指定された照合規則で一致と判定できますか。,"{""false"":""いいえ。質問の命題は成立しない。"",""true"":""はい。質問の命題が成立する。""}",true
gen-noul-03-017,noul,generated,いずれかの条件,"{""いずれか一つ以上必要"":[""当日券"",""会員証""],""所持状況"":{""当日券"":false,""会員証"":false},""対象"":""加藤""}",記載された条件で受付を通れますか。,"{""false"":""いいえ。質問の命題は成立しない。"",""true"":""はい。質問の命題が成立する。""}",false
gen-score-15-015,score,generated,軽重のある項目,"{""不備ごとの配点"":{""日付欠落"":2,""宛名不備"":1,""余白不備"":1,""添付欠落"":1,""署名欠落"":1,""誤字"":1},""不備あり"":{""日付欠落"":false,""宛名不備"":false,""余白不備"":true,""添付欠落"":true,""署名欠落"":false,""誤字"":false},""上限"":6}",項目数ではなく指定された点数で評価してください。,"[""不備点の合計が0点"",""不備点の合計が1点"",""不備点の合計が2点"",""不備点の合計が3点"",""不備点の合計が4点"",""不備点の合計が5点"",""不備点の合計が6点以上""]",2
gen-noul-10-029,noul,generated,条件付き義務,"{""規則"":""新規申請なら確認票の添付が必要。それ以外では義務なし"",""条件に該当"":true,""必要処置を実施"":false}",この義務に関して、規則上問題なしと判定できますか。,"{""false"":""いいえ。質問の命題は成立しない。"",""true"":""はい。質問の命題が成立する。""}",false
gen-noul-14-020,noul,generated,予定時間の重なり,"""森さんの予定: 木漏れ日会議は14時から18時、面談は16時から19時。終了と次の開始が同時刻の場合は重複とは扱いません。""",同時に二つの予定に出席しなければならない時間がありますか。,"{""false"":""いいえ。質問の命題は成立しない。"",""true"":""はい。質問の命題が成立する。""}",true
gen-score-07-018,score,generated,証拠の最高到達段階,"{""調査"":""木漏れ日"",""この調査の証拠段階"":{""監査記録"":1,""一次資料"":2},""得られた証拠"":[],""集約規則"":""得られた段階の最大。証拠なしは0""}",この調査の証拠段階を選んでください。,"[""証拠なしの段階0"",""表に基づく最高証拠段階1"",""表に基づく最高証拠段階2""]",0
gen-choice-02-048,choice,generated,条件と優先例外,"{""規則"":""会員かつ3個以上なら優待。ただし予約品は常に通常"",""会員"":false,""購入数"":3,""予約品"":true}",会計時の区分を一つ決めてください。,"{""通常"":""通常の扱い"",""優待"":""優待の扱い""}",通常
gen-noul-01-037,noul,generated,事実と否定質問,"{""対象者"":""大野"",""項目"":""研修を修了"",""実施済み"":false}",記録上、大野さんは研修を修了していると言えますか。,"{""false"":""いいえ。質問の命題は成立しない。"",""true"":""はい。質問の命題が成立する。""}",false
gen-score-11-029,score,generated,時刻順の評価更新,"{""案件"":""青空"",""評価更新"":[{""時刻"":16,""段階"":6},{""時刻"":7,""段階"":6},{""時刻"":17,""段階"":4}],""採用規則"":""最新時刻だけを採用""}",履歴の記載順に惑わされず、最新評価を答えてください。,"[""評価段階0"",""評価段階1"",""評価段階2"",""評価段階3"",""評価段階4"",""評価段階5"",""評価段階6""]",4
gen-noul-10-021,noul,generated,条件付き義務,"{""規則"":""代理申請なら依頼者への通知が必要。それ以外では義務なし"",""条件に該当"":true,""必要処置を実施"":false}",この記録は規則を守っていますか。,"{""false"":""いいえ。質問の命題は成立しない。"",""true"":""はい。質問の命題が成立する。""}",false
gen-noul-03-043,noul,generated,いずれかの条件,"""白波の受付では事前予約票・紹介状のうち一つ以上があれば通れます。青木さん: 事前予約票はなし、紹介状はなし。""",少なくとも一つの必要条件が成立していますか。,"{""false"":""いいえ。質問の命題は成立しない。"",""true"":""はい。質問の命題が成立する。""}",false
gen-score-08-025,score,generated,要件への一致数,"""注文要件: 形=四角、色=白。提案品: 形=四角、色=白。""",各属性の完全一致を一点として採点してください。,"[""一致した要件が0項目"",""一致した要件が1項目"",""一致した要件が2項目""]",2
gen-noul-03-004,noul,generated,いずれかの条件,"{""いずれか一つ以上必要"":[""事前予約票"",""招待券""],""所持状況"":{""事前予約票"":true,""招待券"":true},""対象"":""山田""}",記載された条件で受付を通れますか。,"{""false"":""いいえ。質問の命題は成立しない。"",""true"":""はい。質問の命題が成立する。""}",true
gen-choice-12-036,choice,generated,条件付き不足書類,"""書類確認の優先順は申込書→承認書→同意書。同意書だけは代理申請の場合に限って必要で、それ以外は常に必要です。今回は本人申請。提出済みはなしです。""",申請区分に応じて必要書類を確認し、最優先で追加提出を求めるものを答えてください。なければ追加不要です。,"{""追加不要"":""必要書類はすべて提出済み"",""承認書"":""承認書"",""同意書"":""同意書"",""申込書"":""申込書""}",申込書
gen-noul-01-013,noul,generated,事実と否定質問,"""木村さんについての確定記録: 本人確認を完了していません。""",『木村さんは本人確認を完了している』はこの記録と一致しますか。,"{""false"":""いいえ。質問の命題は成立しない。"",""true"":""はい。質問の命題が成立する。""}",false
gen-choice-07-039,choice,generated,複数属性の制約,"""在庫表: ノートは白色・布製・在庫あり、箱は白色・木製・在庫なし、クリップは白色・木製・在庫あり、ペンは赤色・木製・在庫あり、付箋は黄色・木製・在庫あり、テープは白色・木製・在庫なし、ケースは白色・紙製・在庫あり、冊子は赤色・木製・在庫あり。""",今注文できる木製の白色の商品を答えてください。在庫なしは選べません。,"{""付箋"":""付箋"",""冊子"":""冊子"",""ノート"":""ノート"",""ペン"":""ペン"",""テープ"":""テープ"",""箱"":""箱"",""ケース"":""ケース"",""クリップ"":""クリップ""}",クリップ
gen-choice-02-030,choice,generated,条件と優先例外,"""星空店では会員で購入数が11個以上なら優待扱いです。ただし予約品は購入数や会員資格にかかわらず通常扱いです。今回は15個、会員、予約品です。""",例外も踏まえて、今回の購入区分はどれですか。,"{""通常"":""通常の扱い"",""優待"":""優待の扱い""}",通常
gen-noul-13-049,noul,generated,範囲の開閉境界,"{""下限条件"":""5個より多い"",""上限条件"":""12個未満"",""今回の個数"":8,""関係"":""両方を満たすこと""}",下限と上限の両方の条件に合いますか。,"{""false"":""いいえ。質問の命題は成立しない。"",""true"":""はい。質問の命題が成立する。""}",true
gen-choice-12-003,choice,generated,条件付き不足書類,"""書類確認の優先順は申込書→同意書→受領票→見積書。同意書だけは代理申請の場合に限って必要で、それ以外は常に必要です。今回は代理申請。提出済みは申込書、同意書です。""",必要な不足書類を先頭から一つだけ案内します。どれですか。必要書類に不足がなければ追加不要です。,"{""追加不要"":""必要書類はすべて提出済み"",""見積書"":""見積書"",""同意書"":""同意書"",""受領票"":""受領票"",""申込書"":""申込書""}",受領票
gen-score-05-012,score,generated,緊急条件の加点,"{""案件"":""朝露"",""基本優先度"":0,""締切までの残り時間"":5,""規則"":""残り3時間以内なら1加点、それより長ければ0加点。上限2""}",条件付き加点後の優先度を選んでください。,"[""最終優先度0"",""最終優先度1"",""最終優先度2""]",0
gen-score-01-038,score,generated,件数の段階境界,"{""案件"":""白波"",""計数対象"":""検品で見つかった不備"",""件数"":3,""処理済みを除外"":true}",現在の件数を指定の段階基準に当てはめてください。,"[""対象件数が3件未満"",""対象件数が3件以上、6件未満"",""対象件数が6件以上、9件未満"",""対象件数が9件以上""]",1
gen-choice-13-033,choice,generated,工程の依存順,"""案件「夕凪」の工程順は内容確認→承認→受付→実施です。途中の工程を飛ばすことはできません。完了済みは内容確認、承認、受付です。""",この作業を一段進めるときに着手する工程を答えてください。残りがなければ完了です。,"{""完了"":""全工程が完了"",""承認"":""承認"",""内容確認"":""内容確認"",""受付"":""受付"",""実施"":""実施""}",実施
gen-noul-05-011,noul,generated,締切の境界,"""朝露の提出は10時ちょうどまで受け付け、同時刻の提出も有効です。吉田さんの提出記録は19時ちょうどです。""",時刻だけを基準に、この提出を有効と判定できますか。,"{""false"":""いいえ。質問の命題は成立しない。"",""true"":""はい。質問の命題が成立する。""}",false
gen-noul-15-032,noul,generated,出来事の前後関係,"{""担当者"":""青木"",""実施順"":[""荷物受取"",""電話連絡"",""引継ぎ"",""棚への配置"",""報告""],""各作業の実施回数"":1}",日誌では棚への配置の方が引継ぎより先ですか。,"{""false"":""いいえ。質問の命題は成立しない。"",""true"":""はい。質問の命題が成立する。""}",false
gen-noul-05-037,noul,generated,締切の境界,"""朝露の提出は17時より前だけ受け付け、17時ちょうどは無効です。林さんの提出記録は17時ちょうどです。""",時刻だけを基準に、この提出を有効と判定できますか。,"{""false"":""いいえ。質問の命題は成立しない。"",""true"":""はい。質問の命題が成立する。""}",false
gen-score-15-044,score,generated,軽重のある項目,"""この点検の配点: 頁番号欠落は2点、添付欠落は1点、余白不備は1点、日付欠落は1点、署名欠落は1点、誤字は1点、宛名不備は1点。見つかった不備: なし。該当項目の点を合計し、7点以上は段階7にまとめます。""",項目数ではなく指定された点数で評価してください。,"[""不備点の合計が0点"",""不備点の合計が1点"",""不備点の合計が2点"",""不備点の合計が3点"",""不備点の合計が4点"",""不備点の合計が5点"",""不備点の合計が6点"",""不備点の合計が7点以上""]",0
gen-choice-08-039,choice,generated,改訂と例外の優先,"""通常品の貼付ラベルについて、連絡は古い順に「赤」「緑」「茶」でした。後の連絡が前の連絡を上書きします。ただし冷蔵品には連絡履歴に関係なく茶ラベルを貼ります。今回の荷物は通常品です。""",今回適用されるラベルを一つ決めてください。,"{""茶"":""茶ラベル"",""緑"":""緑ラベル"",""紫"":""紫ラベル"",""赤"":""赤ラベル""}",茶
gen-score-11-005,score,generated,時刻順の評価更新,"{""案件"":""山道"",""評価更新"":[{""時刻"":20,""段階"":3},{""時刻"":21,""段階"":3},{""時刻"":7,""段階"":1},{""時刻"":13,""段階"":1},{""時刻"":15,""段階"":0}],""採用規則"":""最新時刻だけを採用""}",現在採用すべき評価段階を選んでください。,"[""評価段階0"",""評価段階1"",""評価段階2"",""評価段階3""]",3
gen-score-13-027,score,generated,取消しを反映した件数,"{""催し"":""若葉"",""申込み"":[{""氏名"":""上田"",""受付済み"":true,""取消済み"":false},{""氏名"":""渡辺"",""受付済み"":true,""取消済み"":false},{""氏名"":""木村"",""受付済み"":true,""取消済み"":false},{""氏名"":""大野"",""受付済み"":true,""取消済み"":true}],""まとめ方"":""4件以上は段階4""}",取消し後に残る有効申込み数を段階として選んでください。,"[""有効申込みが0件"",""有効申込みが1件"",""有効申込みが2件"",""有効申込みが3件"",""有効申込みが4件以上""]",3
gen-choice-01-005,choice,generated,問い合わせ経路,"""受付分類表は次のとおりです。請求窓口: 二重請求・領収書・返金 / アカウント窓口: ログイン・パスワード・退会 / 製品窓口: 破損・初期不良・部品交換 / 配送窓口: 届け先変更・荷物の遅延・追跡番号。問い合わせ本文:「自分のアカウントにログインできません」。受付担当が付けた主題は「ログイン」です。""",受付分類表を使って、この相談の担当を決めてください。,"{""アカウント"":""アカウントの窓口"",""配送"":""配送の窓口"",""製品"":""製品の窓口"",""請求"":""請求の窓口""}",アカウント
gen-score-10-035,score,generated,不足の段階,"""草原申請で必要なものは確認票、見積書、同意書、添付図、受領票。届いたものは参考資料、同意書、受領票、添付図です。必要一覧にない書類は不足を埋めません。""",必要書類の不足数に対応する段階を選んでください。,"[""不足が0種類"",""不足が1種類"",""不足が2種類"",""不足が3種類"",""不足が4種類"",""不足が5種類""]",2
gen-choice-08-045,choice,generated,改訂と例外の優先,"{""通常品ラベルの改訂・古い順"":[""青"",""緑"",""黒""],""優先例外"":""冷蔵品は赤"",""荷物"":""通常品"",""規則"":""後の改訂が前を上書きする""}",この荷物に貼るラベルの色を選んでください。,"{""黄"":""黄ラベル"",""青"":""青ラベル"",""黒"":""黒ラベル"",""赤"":""赤ラベル"",""緑"":""緑ラベル"",""茶"":""茶ラベル"",""紫"":""紫ラベル"",""白"":""白ラベル""}",黒
gen-choice-04-016,choice,generated,参照先の担当,"""担当: 朝露は林、水面は大野、山道は山田。資料の所属: ラベルは朝露案件、名札は山道案件、ペンは水面案件。確認する資料はラベルです。""",この資料について、所属案件を通じて連絡すべき担当者は誰ですか。,"{""山田"":""山田さん"",""林"":""林さん"",""大野"":""大野さん""}",林
gen-choice-14-035,choice,generated,二属性照合,"""展示品の札: ノートは黄色・紙製、用紙は紫色・樹脂製、ファイルは赤色・樹脂製、テープは紫色・布製、シールは赤色・紙製、箱は白色・樹脂製。探しているのは赤色の紙製です。""",色だけ・素材だけの一致では足りません。該当品を答えてください。,"{""テープ"":""テープ"",""ノート"":""ノート"",""用紙"":""用紙"",""箱"":""箱"",""シール"":""シール"",""ファイル"":""ファイル""}",シール
gen-score-11-033,score,generated,時刻順の評価更新,"""夕凪の評価更新履歴: 11時に段階3、17時に段階3、16時に段階0。評価は最新時刻の値だけを採用します。""",現在採用すべき評価段階を選んでください。,"[""評価段階0"",""評価段階1"",""評価段階2"",""評価段階3""]",3
gen-choice-09-016,choice,generated,利用可能集合の差,"{""利用可能品"":[""テープ"",""箱"",""シール""],""予約済み品"":[""シール"",""テープ"",""封筒""]}",今貸せるのは利用可能かつ未予約の品です。該当するものはどれですか。,"{""シール"":""シール"",""テープ"":""テープ"",""封筒"":""封筒"",""箱"":""箱""}",箱
gen-noul-15-037,noul,generated,出来事の前後関係,"""森さんの作業日誌は実施順に検品→荷物受取→報告→伝票記入→電話連絡→休憩→引継ぎです。記載した各作業は一回ずつ実施しました。""",『荷物受取が先、休憩が後』という順序は正しいですか。,"{""false"":""いいえ。質問の命題は成立しない。"",""true"":""はい。質問の命題が成立する。""}",true
gen-choice-14-021,choice,generated,二属性照合,"{""展示品"":[{""品名"":""箱"",""色"":""黒"",""素材"":""樹脂""},{""品名"":""付箋"",""色"":""白"",""素材"":""木""}],""指定色"":""黒"",""指定素材"":""樹脂""}",二つの指定を同時に満たす展示品はどれですか。,"{""付箋"":""付箋"",""箱"":""箱""}",箱
gen-choice-04-032,choice,generated,参照先の担当,"{""案件担当"":{""夕凪"":""渡辺"",""木漏れ日"":""上田"",""白波"":""加藤"",""水面"":""青木"",""青空"":""遠藤"",""春風"":""大野""},""資料の所属案件"":{""用紙"":""水面"",""袋"":""春風"",""カード"":""木漏れ日"",""ラベル"":""夕凪"",""箱"":""青空"",""シール"":""白波""},""確認資料"":""袋""}",確認資料が属する案件の担当者を選んでください。,"{""大野"":""大野さん"",""渡辺"":""渡辺さん"",""上田"":""上田さん"",""遠藤"":""遠藤さん"",""青木"":""青木さん"",""加藤"":""加藤さん""}",大野
gen-choice-12-016,choice,generated,条件付き不足書類,"{""確認優先順"":[""申込書"",""承認書"",""本人確認票"",""見積書"",""同意書"",""委任状"",""受領票""],""代理申請だけに必要"":""受領票"",""代理申請"":true,""提出済み"":[""承認書"",""委任状"",""同意書""]}",申請区分に応じて必要書類を確認し、最優先で追加提出を求めるものを答えてください。なければ追加不要です。,"{""同意書"":""同意書"",""本人確認票"":""本人確認票"",""受領票"":""受領票"",""承認書"":""承認書"",""追加不要"":""必要書類はすべて提出済み"",""申込書"":""申込書"",""見積書"":""見積書"",""委任状"":""委任状""}",申込書
gen-score-15-002,score,generated,軽重のある項目,"{""不備ごとの配点"":{""日付欠落"":2,""誤字"":1,""余白不備"":1,""頁番号欠落"":1,""添付欠落"":1,""署名欠落"":1,""宛名不備"":1},""不備あり"":{""日付欠落"":false,""誤字"":false,""余白不備"":false,""頁番号欠落"":true,""添付欠落"":false,""署名欠落"":false,""宛名不備"":true},""上限"":7}",項目数ではなく指定された点数で評価してください。,"[""不備点の合計が0点"",""不備点の合計が1点"",""不備点の合計が2点"",""不備点の合計が3点"",""不備点の合計が4点"",""不備点の合計が5点"",""不備点の合計が6点"",""不備点の合計が7点以上""]",2
gen-choice-03-012,choice,generated,最終更新,"{""案件"":""灯台"",""更新記録"":[{""時"":10,""状態"":""受取済み""},{""時"":20,""状態"":""受取済み""},{""時"":18,""状態"":""受取済み""}]}",記載順ではなく更新時刻を比べ、最新の状態を選んでください。,"{""未着手"":""未着手"",""受取済み"":""受取済み""}",受取済み
gen-score-03-038,score,generated,順番に進む工程,"{""案件"":""山道"",""工程順"":[""審査"",""調査"",""実施"",""受付"",""準備""],""完了済み"":[""審査""],""着手中は完了に含めない"":true}",工程の完了状況を段階尺度で評価してください。,"[""完了した工程はまだない"",""先頭から1工程が完了（最後に完了したのは審査）"",""先頭から2工程が完了（最後に完了したのは調査）"",""先頭から3工程が完了（最後に完了したのは実施）"",""先頭から4工程が完了（最後に完了したのは受付）"",""先頭から5工程が完了（最後に完了したのは準備）""]",1
gen-score-04-037,score,generated,独立チェックの合計,"{""資料"":""春風"",""チェック項目"":{""題名あり"":true,""日付あり"":false,""承認印あり"":false,""署名あり"":false,""添付あり"":true},""各項目の重み"":1}",合格した項目数に対応する段階を答えてください。,"[""満たした項目が0個"",""満たした項目が1個"",""満たした項目が2個"",""満たした項目が3個"",""満たした項目が4個"",""満たした項目が5個""]",2
gen-choice-07-021,choice,generated,複数属性の制約,"{""在庫表"":[{""品名"":""クリップ"",""色"":""黒"",""素材"":""木"",""在庫あり"":false},{""品名"":""袋"",""色"":""黒"",""素材"":""樹脂"",""在庫あり"":true},{""品名"":""冊子"",""色"":""黒"",""素材"":""紙"",""在庫あり"":true},{""品名"":""ペン"",""色"":""黒"",""素材"":""樹脂"",""在庫あり"":true},{""品名"":""名札"",""色"":""黒"",""素材"":""木"",""在庫あり"":false},{""品名"":""付箋"",""色"":""黒"",""素材"":""ガラス"",""在庫あり"":true},{""品名"":""ファイル"",""色"":""黒"",""素材"":""木"",""在庫あり"":true}]}",必要条件は黒色、木製、在庫ありの三つです。全部に合う品はどれですか。,"{""付箋"":""付箋"",""冊子"":""冊子"",""袋"":""袋"",""ペン"":""ペン"",""名札"":""名札"",""ファイル"":""ファイル"",""クリップ"":""クリップ""}",ファイル
gen-choice-11-012,choice,generated,小数量の比較,"""入出庫記録: 箱は在庫8個、そのうち予約5個、ラベルは在庫1個、そのうち予約1個。予約分は自由在庫に含めません。""",自由在庫が最も多い品を選んでください。,"{""箱"":""箱"",""ラベル"":""ラベル""}",箱
gen-score-05-008,score,generated,緊急条件の加点,"""春風の基本優先度は5です。締切まで残り7時間以内なら1だけ加点し、それより長ければ加点しません。上限は5です。今回は締切まで14時間です。""",条件付き加点後の優先度を選んでください。,"[""最終優先度0"",""最終優先度1"",""最終優先度2"",""最終優先度3"",""最終優先度4"",""最終優先度5""]",5
gen-noul-09-047,noul,generated,重複を除いた件数,"{""棚"":""山道"",""読み取り品名"":[""ファイル"",""箱"",""付箋"",""ペン"",""シール"",""袋"",""名札"",""名札"",""シール"",""ペン"",""ファイル""],""数え方"":""同一品名の重複を除く""}",品物の種類は5種類以上ありますか。,"{""false"":""いいえ。質問の命題は成立しない。"",""true"":""はい。質問の命題が成立する。""}",true
gen-score-03-003,score,generated,順番に進む工程,"{""案件"":""水面"",""工程順"":[""調査"",""承認"",""審査"",""準備"",""受付""],""完了済み"":[""調査"",""承認""],""着手中は完了に含めない"":true}",工程の完了状況を段階尺度で評価してください。,"[""完了した工程はまだない"",""先頭から1工程が完了（最後に完了したのは調査）"",""先頭から2工程が完了（最後に完了したのは承認）"",""先頭から3工程が完了（最後に完了したのは審査）"",""先頭から4工程が完了（最後に完了したのは準備）"",""先頭から5工程が完了（最後に完了したのは受付）""]",2
gen-noul-11-017,noul,generated,参照関係の真偽,"{""案件担当"":{""山道"":""中村"",""草原"":""青木"",""木漏れ日"":""石田""},""資料関連先"":{""カード"":""木漏れ日"",""冊子"":""山道"",""用紙"":""草原""}}",カードの関連先を担当表で引くと石田さんになりますか。,"{""false"":""いいえ。質問の命題は成立しない。"",""true"":""はい。質問の命題が成立する。""}",true
gen-noul-11-049,noul,generated,参照関係の真偽,"""担当表: 春風は木村、青空は中村、木漏れ日は松本、山道は山田、朝露は吉田。資料の関連先: 封筒は山道、ファイルは木漏れ日、箱は青空、付箋は朝露、ペンは春風。""",ペンに関連する案件の担当は木村さんですか。,"{""false"":""いいえ。質問の命題は成立しない。"",""true"":""はい。質問の命題が成立する。""}",true
gen-noul-12-004,noul,generated,記録と主張の照合,"""草原施設の入口について、いま確認した確定記録は北口は半分だけ開いている、南口は半分だけ開いている、東口は完全に閉じている、西口は完全に開いている、裏口は完全に閉じている、搬入口は4分の1だけ開いているです。現在の判断にはこの確定記録だけを使います。""",いま北口が半分だけ開いているという判断は正しいですか。,"{""false"":""いいえ。質問の命題は成立しない。"",""true"":""はい。質問の命題が成立する。""}",true
gen-choice-04-014,choice,generated,参照先の担当,"{""案件担当"":{""木漏れ日"":""林"",""水面"":""高橋"",""草原"":""上田"",""春風"":""石田""},""資料の所属案件"":{""カード"":""水面"",""箱"":""木漏れ日"",""用紙"":""春風"",""クリップ"":""草原""},""確認資料"":""クリップ""}",確認資料が属する案件の担当者を選んでください。,"{""高橋"":""高橋さん"",""石田"":""石田さん"",""上田"":""上田さん"",""林"":""林さん""}",上田
gen-noul-01-028,noul,generated,事実と否定質問,"{""対象者"":""中村"",""項目"":""承認を取得"",""実施済み"":true}",確定情報だけから、中村さんが承認を取得しているという判断は正しいですか。,"{""false"":""いいえ。質問の命題は成立しない。"",""true"":""はい。質問の命題が成立する。""}",true
gen-score-02-010,score,generated,記述の満足段階,"{""回答者"":""上田"",""対象"":""星空"",""感想原文"":""とても良い結果で、強い満足がある""}",発言の意味に最も合う満足段階を選んでください。,"[""強い不満"",""どちらでもない"",""やや満足"",""強い満足"",""最高の満足""]",3
gen-score-02-040,score,generated,記述の満足段階,"{""回答者"":""高橋"",""対象"":""朝露"",""感想原文"":""予想を超えており、強く満足した""}",発言の意味に最も合う満足段階を選んでください。,"[""強い不満"",""やや不満"",""どちらでもない"",""やや満足"",""満足"",""強い満足"",""最高の満足""]",5
gen-score-03-004,score,generated,順番に進む工程,"""白波の工程順は報告→承認→受付→準備→審査→調査。先頭から順に進め、完了済みはなしです。着手中の工程は完了に含めません。""",工程の完了状況を段階尺度で評価してください。,"[""完了した工程はまだない"",""先頭から1工程が完了（最後に完了したのは報告）"",""先頭から2工程が完了（最後に完了したのは承認）"",""先頭から3工程が完了（最後に完了したのは受付）"",""先頭から4工程が完了（最後に完了したのは準備）"",""先頭から5工程が完了（最後に完了したのは審査）"",""先頭から6工程が完了（最後に完了したのは調査）""]",0
gen-noul-01-050,noul,generated,事実と否定質問,"{""対象者"":""高橋"",""項目"":""本人確認を完了"",""実施済み"":true}",『高橋さんは本人確認を完了している』はこの記録と一致しますか。,"{""false"":""いいえ。質問の命題は成立しない。"",""true"":""はい。質問の命題が成立する。""}",true
gen-noul-11-046,noul,generated,参照関係の真偽,"""担当表: 草原は森、若葉は渡辺、星空は佐藤、青空は吉田、灯台は遠藤。資料の関連先: シールは灯台、ペンは若葉、名札は青空、ノートは星空、袋は草原。""",吉田さんはノートが属する案件の担当者と言えますか。,"{""false"":""いいえ。質問の命題は成立しない。"",""true"":""はい。質問の命題が成立する。""}",false
gen-noul-11-027,noul,generated,参照関係の真偽,"""担当表: 星空は佐藤、夕凪は高橋、木漏れ日は大野、草原は山田、水面は遠藤、青空は上田。資料の関連先: カードは星空、ペンは青空、名札は水面、シールは夕凪、封筒は木漏れ日、テープは草原。""",シールに関連する案件の担当は高橋さんですか。,"{""false"":""いいえ。質問の命題は成立しない。"",""true"":""はい。質問の命題が成立する。""}",true
gen-choice-08-023,choice,generated,改訂と例外の優先,"{""通常品ラベルの改訂・古い順"":[""赤"",""茶"",""白""],""優先例外"":""冷蔵品は白"",""荷物"":""冷蔵品"",""規則"":""後の改訂が前を上書きする""}",この荷物に貼るラベルの色を選んでください。,"{""茶"":""茶ラベル"",""白"":""白ラベル"",""赤"":""赤ラベル""}",白
gen-choice-12-043,choice,generated,条件付き不足書類,"{""確認優先順"":[""見積書"",""委任状"",""本人確認票"",""受領票"",""承認書"",""同意書""],""代理申請だけに必要"":""本人確認票"",""代理申請"":false,""提出済み"":[""委任状""]}",未提出の必要書類のうち優先順が最初のものを選んでください。全部そろっていれば追加不要です。,"{""本人確認票"":""本人確認票"",""委任状"":""委任状"",""承認書"":""承認書"",""受領票"":""受領票"",""見積書"":""見積書"",""同意書"":""同意書"",""追加不要"":""必要書類はすべて提出済み""}",見積書
gen-choice-09-022,choice,generated,利用可能集合の差,"{""利用可能品"":[""用紙"",""付箋"",""ノート"",""ペン""],""予約済み品"":[""用紙"",""付箋"",""ノート""]}",今貸せるのは利用可能かつ未予約の品です。該当するものはどれですか。,"{""ペン"":""ペン"",""用紙"":""用紙"",""付箋"":""付箋"",""ノート"":""ノート""}",ペン
gen-score-02-034,score,generated,記述の満足段階,"""山田さんは木漏れ日の体験について「特に良くも悪くも感じなかった」と回答しました。追加の発言はありません。""",発言の意味に最も合う満足段階を選んでください。,"[""強い不満"",""不満"",""やや不満"",""どちらでもない"",""やや満足"",""満足"",""強い満足"",""最高の満足""]",3
gen-score-05-025,score,generated,緊急条件の加点,"""白波の基本優先度は0です。締切まで残り2時間以内なら1だけ加点し、それより長ければ加点しません。上限は1です。今回は締切まで7時間です。""",今回の最終優先段階を求めてください。,"[""最終優先度0"",""最終優先度1""]",0
gen-score-02-019,score,generated,記述の満足段階,"""佐藤さんは夕凪の体験について「満足でも不満でもない」と回答しました。追加の発言はありません。""",回答者が表明した満足の程度を分類してください。,"[""強い不満"",""やや不満"",""どちらでもない"",""やや満足"",""満足"",""強い満足"",""最高の満足""]",2
gen-choice-04-001,choice,generated,参照先の担当,"{""案件担当"":{""春風"":""林"",""朝露"":""山田""},""資料の所属案件"":{""ラベル"":""朝露"",""シール"":""春風""},""確認資料"":""シール""}",確認資料が属する案件の担当者を選んでください。,"{""林"":""林さん"",""山田"":""山田さん""}",林
gen-score-14-030,score,generated,参照表の順序尺度,"{""検査対象"":""草原"",""今回の対応表"":{""赤"":0,""茶"":1,""黒"":2,""緑"":3,""白"":4,""紫"":5,""青"":6,""黄"":7},""確定票の印"":""黄""}",今回の対応表を使って検査票の段階を選んでください。,"[""表による段階0"",""表による段階1"",""表による段階2"",""表による段階3"",""表による段階4"",""表による段階5"",""表による段階6"",""表による段階7""]",7
gen-choice-13-032,choice,generated,工程の依存順,"""案件「灯台」の工程順は実施→準備→見積作成→承認です。途中の工程を飛ばすことはできません。完了済みは実施、準備です。""",この作業を一段進めるときに着手する工程を答えてください。残りがなければ完了です。,"{""完了"":""全工程が完了"",""実施"":""実施"",""承認"":""承認"",""見積作成"":""見積作成"",""準備"":""準備""}",見積作成
gen-score-03-036,score,generated,順番に進む工程,"""春風の工程順は報告→実施→準備。先頭から順に進め、完了済みは報告、実施、準備です。着手中の工程は完了に含めません。""",工程の完了状況を段階尺度で評価してください。,"[""完了した工程はまだない"",""先頭から1工程が完了（最後に完了したのは報告）"",""先頭から2工程が完了（最後に完了したのは実施）"",""先頭から3工程が完了（最後に完了したのは準備）""]",3
gen-noul-01-027,noul,generated,事実と否定質問,"""山田さんについての確定記録: 内容を確認しています。""",確定情報だけから、山田さんが内容を確認していないという判断は正しいですか。,"{""false"":""いいえ。質問の命題は成立しない。"",""true"":""はい。質問の命題が成立する。""}",false
gen-noul-09-017,noul,generated,重複を除いた件数,"{""棚"":""青空"",""読み取り品名"":[""ノート"",""シール"",""付箋"",""用紙"",""用紙"",""ケース"",""ケース"",""ラベル"",""ケース"",""付箋""],""数え方"":""同一品名の重複を除く""}",異なる品名だけ数えると6種類以上ですか。,"{""false"":""いいえ。質問の命題は成立しない。"",""true"":""はい。質問の命題が成立する。""}",true
gen-noul-10-023,noul,generated,条件付き義務,"""規則: 社外向けのときだけ担当者の署名が必須です。それ以外の場合にはこの義務はなく、実施していても構いません。今回の案件は社外向けに該当で、担当者の署名は未実施です。""",この記録は規則を守っていますか。,"{""false"":""いいえ。質問の命題は成立しない。"",""true"":""はい。質問の命題が成立する。""}",false
gen-noul-09-008,noul,generated,重複を除いた件数,"""水面棚で読み取った品名はノート、ノート、ノート、封筒、名札でした。同じ品名の繰り返しは一種類として数えます。""",異なる品名だけ数えると6種類以上ですか。,"{""false"":""いいえ。質問の命題は成立しない。"",""true"":""はい。質問の命題が成立する。""}",false
gen-choice-02-032,choice,generated,条件と優先例外,"""夕凪店では会員で購入数が8個以上なら優待扱いです。ただし予約品は購入数や会員資格にかかわらず通常扱いです。今回は12個、非会員、通常在庫品です。""",この購入に適用する扱いを選んでください。,"{""通常"":""通常の扱い"",""優待"":""優待の扱い""}",通常
gen-noul-02-004,noul,generated,全条件の充足,"{""すべて必要な条件"":[""事前登録"",""本人確認"",""会費支払い"",""講習受講""],""対象"":""大野"",""完了状況"":{""事前登録"":true,""本人確認"":true,""会費支払い"":true,""講習受講"":true}}",この人は記載された利用条件をすべて満たしていますか。,"{""false"":""いいえ。質問の命題は成立しない。"",""true"":""はい。質問の命題が成立する。""}",true
gen-noul-05-047,noul,generated,締切の境界,"""白波の提出は15時ちょうどまで受け付け、同時刻の提出も有効です。木村さんの提出記録は20時ちょうどです。""",記録された提出時刻は締切内ですか。,"{""false"":""いいえ。質問の命題は成立しない。"",""true"":""はい。質問の命題が成立する。""}",false
gen-noul-10-017,noul,generated,条件付き義務,"""規則: 法人向けのときだけ受付印の押印が必須です。それ以外の場合にはこの義務はなく、実施していても構いません。今回の案件は法人向けに該当で、受付印の押印は未実施です。""",この義務に関して、規則上問題なしと判定できますか。,"{""false"":""いいえ。質問の命題は成立しない。"",""true"":""はい。質問の命題が成立する。""}",false
gen-choice-06-023,choice,generated,時間枠の包含,"""部屋の連続利用可能時間: 黄室は13時から15時まで、白室は13時から14時まで、青室は13時から14時まで、茶室は11時から12時まで、紫室は13時から14時まで、黒室は12時から14時まで。会議は12時開始、13時終了です。""",会議時間の一部だけでなく全体を含む空き時間を持つ部屋を答えてください。端の一致は可です。,"{""白"":""白室"",""黄"":""黄室"",""茶"":""茶室"",""青"":""青室"",""黒"":""黒室"",""紫"":""紫室""}",黒
gen-choice-04-004,choice,generated,参照先の担当,"{""案件担当"":{""朝露"":""松本"",""水面"":""林"",""灯台"":""遠藤"",""星空"":""木村"",""夕凪"":""高橋"",""青空"":""青木"",""木漏れ日"":""大野""},""資料の所属案件"":{""封筒"":""水面"",""箱"":""朝露"",""名札"":""灯台"",""付箋"":""青空"",""用紙"":""星空"",""ペン"":""夕凪"",""ラベル"":""木漏れ日""},""確認資料"":""封筒""}",この資料について、所属案件を通じて連絡すべき担当者は誰ですか。,"{""林"":""林さん"",""高橋"":""高橋さん"",""木村"":""木村さん"",""大野"":""大野さん"",""遠藤"":""遠藤さん"",""松本"":""松本さん"",""青木"":""青木さん""}",林
gen-score-08-028,score,generated,要件への一致数,"""注文要件: 配送=郵送、包装=袋、色=白、素材=布、形=丸。提案品: 配送=郵送、包装=袋、色=白、素材=布、形=丸。""",注文要件と一致している属性の数を段階として選んでください。,"[""一致した要件が0項目"",""一致した要件が1項目"",""一致した要件が2項目"",""一致した要件が3項目"",""一致した要件が4項目"",""一致した要件が5項目""]",5
gen-choice-10-048,choice,generated,不在時の代理,"""担当者: 星空は佐藤、朝露は大野、草原は加藤、水面は青木。代理者: 佐藤の代理は大野、大野の代理は加藤、加藤の代理は青木、青木の代理は佐藤。本日の不在者は大野、加藤。問い合わせ先の案件は水面です。代理への振替は一回だけ行い、その先の不在は判定しません。""",本日の規則に従う連絡相手を選んでください。,"{""加藤"":""加藤さん"",""青木"":""青木さん"",""大野"":""大野さん"",""佐藤"":""佐藤さん""}",青木
gen-score-02-028,score,generated,記述の満足段階,"""吉田さんは若葉の体験について「少し良いと感じ、やや満足した」と回答しました。追加の発言はありません。""",発言の意味に最も合う満足段階を選んでください。,"[""不満"",""やや満足""]",1
gen-choice-03-048,choice,generated,最終更新,"{""案件"":""水面"",""更新記録"":[{""時"":15,""状態"":""保留""},{""時"":20,""状態"":""未着手""},{""時"":10,""状態"":""発送済み""}]}",最後の時刻の記録が有効です。現在の状態はどれですか。,"{""発送済み"":""発送済み"",""承認"":""承認"",""確認中"":""確認中"",""差戻し"":""差戻し"",""保留"":""保留"",""取消"":""取消"",""未着手"":""未着手""}",未着手
gen-noul-11-021,noul,generated,参照関係の真偽,"{""案件担当"":{""春風"":""木村"",""朝露"":""遠藤"",""水面"":""大野""},""資料関連先"":{""カード"":""春風"",""用紙"":""水面"",""ノート"":""朝露""}}",遠藤さんはノートが属する案件の担当者と言えますか。,"{""false"":""いいえ。質問の命題は成立しない。"",""true"":""はい。質問の命題が成立する。""}",true
gen-noul-07-047,noul,generated,識別文字列の完全一致,"""商品ラベルの管理コードは「AB8-B」、注文票の管理コードは「AB8-B」です。照合では大文字と小文字、記号の違いも区別します。""",同一コードとして扱ってよいですか。,"{""false"":""いいえ。質問の命題は成立しない。"",""true"":""はい。質問の命題が成立する。""}",true
gen-score-01-045,score,generated,件数の段階境界,"{""案件"":""若葉"",""計数対象"":""未処理の連絡"",""件数"":5,""処理済みを除外"":true}",記録された数に対応する段階を選んでください。,"[""対象件数が2件未満"",""対象件数が2件以上、4件未満"",""対象件数が4件以上、6件未満"",""対象件数が6件以上""]",2
gen-noul-07-019,noul,generated,識別文字列の完全一致,"""商品ラベルの管理コードは「RS3-D」、注文票の管理コードは「RS3-D」です。照合では大文字と小文字、記号の違いも区別します。""",指定された照合規則で一致と判定できますか。,"{""false"":""いいえ。質問の命題は成立しない。"",""true"":""はい。質問の命題が成立する。""}",true
gen-noul-13-012,noul,generated,範囲の開閉境界,"{""下限条件"":""3個より多い"",""上限条件"":""8個以下"",""今回の個数"":9,""関係"":""両方を満たすこと""}",今回の個数は適合範囲に入っていますか。,"{""false"":""いいえ。質問の命題は成立しない。"",""true"":""はい。質問の命題が成立する。""}",false
gen-noul-12-041,noul,generated,記録と主張の照合,"{""施設"":""山道"",""入口ごとの現在の確定記録"":{""北口"":""完全に閉じている"",""南口"":""半分だけ開いている"",""東口"":""半分だけ開いている"",""西口"":""完全に開いている"",""裏口"":""半分だけ開いている"",""搬入口"":""完全に開いている""},""判定資料"":""現在の確定記録のみ""}",『現在の東口は完全に閉じている』という主張は確定記録と一致しますか。,"{""false"":""いいえ。質問の命題は成立しない。"",""true"":""はい。質問の命題が成立する。""}",false
gen-noul-06-043,noul,generated,更新後の状態,"{""対象"":""水面"",""更新記録"":[{""時刻"":10,""状態"":""停止中""},{""時刻"":9,""状態"":""点検中""},{""時刻"":13,""状態"":""点検中""}],""規則"":""最新時刻の記録が有効""}",現在の状態は「停止中」ですか。,"{""false"":""いいえ。質問の命題は成立しない。"",""true"":""はい。質問の命題が成立する。""}",false
gen-noul-02-044,noul,generated,全条件の充足,"{""すべて必要な条件"":[""会費支払い"",""講習受講"",""本人確認""],""対象"":""林"",""完了状況"":{""会費支払い"":true,""講習受講"":true,""本人確認"":true}}",規則に照らし、この人の利用資格は成立しますか。,"{""false"":""いいえ。質問の命題は成立しない。"",""true"":""はい。質問の命題が成立する。""}",true
gen-choice-04-050,choice,generated,参照先の担当,"{""案件担当"":{""木漏れ日"":""中村"",""青空"":""上田"",""星空"":""木村"",""春風"":""森""},""資料の所属案件"":{""箱"":""春風"",""ノート"":""青空"",""袋"":""木漏れ日"",""シール"":""星空""},""確認資料"":""シール""}",この資料について、所属案件を通じて連絡すべき担当者は誰ですか。,"{""中村"":""中村さん"",""上田"":""上田さん"",""木村"":""木村さん"",""森"":""森さん""}",木村
gen-choice-12-046,choice,generated,条件付き不足書類,"""書類確認の優先順は本人確認票→委任状→申込書。申込書だけは代理申請の場合に限って必要で、それ以外は常に必要です。今回は本人申請。提出済みは委任状、申込書、本人確認票です。""",未提出の必要書類のうち優先順が最初のものを選んでください。全部そろっていれば追加不要です。,"{""本人確認票"":""本人確認票"",""委任状"":""委任状"",""追加不要"":""必要書類はすべて提出済み"",""申込書"":""申込書""}",追加不要
gen-choice-10-049,choice,generated,不在時の代理,"{""案件担当"":{""白波"":""松本"",""夕凪"":""吉田"",""青空"":""森"",""水面"":""中村"",""草原"":""大野"",""山道"":""渡辺""},""代理者"":{""松本"":""吉田"",""吉田"":""森"",""森"":""中村"",""中村"":""大野"",""大野"":""渡辺"",""渡辺"":""松本""},""不在者"":[],""案件"":""水面"",""ルール"":""担当者が不在なら指定代理に一度だけ振替。代理の在席状況は問わない""}",本日の規則に従う連絡相手を選んでください。,"{""松本"":""松本さん"",""中村"":""中村さん"",""吉田"":""吉田さん"",""森"":""森さん"",""渡辺"":""渡辺さん"",""大野"":""大野さん""}",中村
gen-noul-11-034,noul,generated,参照関係の真偽,"{""案件担当"":{""山道"":""渡辺"",""朝露"":""木村"",""青空"":""林"",""白波"":""石田""},""資料関連先"":{""名札"":""青空"",""冊子"":""山道"",""箱"":""朝露"",""付箋"":""白波""}}",名札の関連先を担当表で引くと木村さんになりますか。,"{""false"":""いいえ。質問の命題は成立しない。"",""true"":""はい。質問の命題が成立する。""}",false
gen-noul-02-045,noul,generated,全条件の充足,"{""すべて必要な条件"":[""事前登録"",""本人確認"",""同意書提出"",""会費支払い""],""対象"":""高橋"",""完了状況"":{""事前登録"":true,""本人確認"":false,""同意書提出"":true,""会費支払い"":true}}",この人は記載された利用条件をすべて満たしていますか。,"{""false"":""いいえ。質問の命題は成立しない。"",""true"":""はい。質問の命題が成立する。""}",false
gen-choice-08-025,choice,generated,改訂と例外の優先,"""通常品の貼付ラベルについて、連絡は古い順に「赤」「茶」「緑」でした。後の連絡が前の連絡を上書きします。ただし冷蔵品には連絡履歴に関係なく青ラベルを貼ります。今回の荷物は通常品です。""",例外と改訂の順序を考慮して、使用する色はどれですか。,"{""茶"":""茶ラベル"",""紫"":""紫ラベル"",""黒"":""黒ラベル"",""青"":""青ラベル"",""黄"":""黄ラベル"",""緑"":""緑ラベル"",""赤"":""赤ラベル"",""白"":""白ラベル""}",緑
gen-noul-13-003,noul,generated,範囲の開閉境界,"{""下限条件"":""2個以上"",""上限条件"":""7個未満"",""今回の個数"":2,""関係"":""両方を満たすこと""}",今回の個数は適合範囲に入っていますか。,"{""false"":""いいえ。質問の命題は成立しない。"",""true"":""はい。質問の命題が成立する。""}",true
gen-choice-09-015,choice,generated,利用可能集合の差,"""貸出台帳で利用可能と記録されている品は冊子、箱。予約済みの品はケース、箱です。""",予約済みを利用可能一覧から除いたとき、残る品を答えてください。,"{""冊子"":""冊子"",""付箋"":""付箋"",""箱"":""箱"",""ケース"":""ケース"",""シール"":""シール"",""クリップ"":""クリップ""}",冊子
gen-score-04-029,score,generated,独立チェックの合計,"{""資料"":""朝露"",""チェック項目"":{""日付あり"":false,""添付あり"":false,""署名あり"":false,""承認印あり"":false},""各項目の重み"":1}",条件を満たした項目を一つ一点として集計してください。,"[""満たした項目が0個"",""満たした項目が1個"",""満たした項目が2個"",""満たした項目が3個"",""満たした項目が4個""]",0
gen-score-08-038,score,generated,要件への一致数,"{""注文要件"":{""色"":""白""},""提案品"":{""色"":""白""}}",注文要件と一致している属性の数を段階として選んでください。,"[""一致した要件が0項目"",""一致した要件が1項目""]",1
gen-score-09-042,score,generated,例外による上限,"{""検査合格"":{""記録"":false,""付属品"":false,""表示"":true,""外観"":true,""包装"":false},""要再確認の印あり"":false,""採点規則"":""合格数が点数。ただし印があれば上限0点""}",例外条件を反映した評価段階を答えてください。,"[""最終点0点"",""最終点1点"",""最終点2点"",""最終点3点"",""最終点4点"",""最終点5点""]",2
gen-score-04-005,score,generated,独立チェックの合計,"{""資料"":""水面"",""チェック項目"":{""添付あり"":false},""各項目の重み"":1}",満たしたチェック項目の数を段階として選んでください。,"[""満たした項目が0個"",""満たした項目が1個""]",0
gen-noul-02-016,noul,generated,全条件の充足,"{""すべて必要な条件"":[""事前登録"",""本人確認""],""対象"":""山田"",""完了状況"":{""事前登録"":true,""本人確認"":true}}",規則に照らし、この人の利用資格は成立しますか。,"{""false"":""いいえ。質問の命題は成立しない。"",""true"":""はい。質問の命題が成立する。""}",true
gen-choice-03-011,choice,generated,最終更新,"{""案件"":""灯台"",""更新記録"":[{""時"":8,""状態"":""未着手""},{""時"":15,""状態"":""確認中""},{""時"":12,""状態"":""保留""}]}",記載順ではなく更新時刻を比べ、最新の状態を選んでください。,"{""確認中"":""確認中"",""取消"":""取消"",""受取済み"":""受取済み"",""未着手"":""未着手"",""保留"":""保留"",""発送済み"":""発送済み"",""差戻し"":""差戻し""}",確認中
gen-score-07-037,score,generated,証拠の最高到達段階,"{""調査"":""木漏れ日"",""この調査の証拠段階"":{""担当者報告"":1,""監査記録"":2,""第三者確認"":3,""口頭メモ"":4,""写真記録"":5,""一次資料"":6,""署名済み文書"":7},""得られた証拠"":[""署名済み文書"",""監査記録"",""担当者報告"",""一次資料""],""集約規則"":""得られた段階の最大。証拠なしは0""}",明示された段階表だけで証拠を評価してください。,"[""証拠なしの段階0"",""表に基づく最高証拠段階1"",""表に基づく最高証拠段階2"",""表に基づく最高証拠段階3"",""表に基づく最高証拠段階4"",""表に基づく最高証拠段階5"",""表に基づく最高証拠段階6"",""表に基づく最高証拠段階7""]",7
gen-choice-15-039,choice,generated,文章内の順序参照,"""若葉会議では、発表者を発表順に「山田、佐藤」と紹介しました。同じ人の再登場はありません。""",発表順の先頭から1番目にいる人を答えてください。,"{""山田"":""山田さん"",""佐藤"":""佐藤さん""}",山田
gen-noul-13-004,noul,generated,範囲の開閉境界,"""若葉の受付数は、7個以上、かつ10個以下の場合に限り適合です。今回の数は6個です。""",指定された範囲条件を満たしていますか。,"{""false"":""いいえ。質問の命題は成立しない。"",""true"":""はい。質問の命題が成立する。""}",false
gen-noul-07-002,noul,generated,識別文字列の完全一致,"""商品ラベルの管理コードは「AB7-C」、注文票の管理コードは「AB7-D」です。照合では大文字と小文字、記号の違いも区別します。""",同一コードとして扱ってよいですか。,"{""false"":""いいえ。質問の命題は成立しない。"",""true"":""はい。質問の命題が成立する。""}",false
gen-choice-07-005,choice,generated,複数属性の制約,"""在庫表: 用紙は黄色・ガラス製・在庫あり、冊子は黄色・ガラス製・在庫なし、ノートは黄色・ガラス製・在庫なし、ラベルは黄色・ガラス製・在庫なし、箱は青色・ガラス製・在庫あり、ペンは紫色・ガラス製・在庫あり、カードは黒色・ガラス製・在庫あり、シールは黄色・ガラス製・在庫なし。""",今注文できるガラス製の黄色の商品を答えてください。在庫なしは選べません。,"{""ラベル"":""ラベル"",""ペン"":""ペン"",""カード"":""カード"",""用紙"":""用紙"",""ノート"":""ノート"",""冊子"":""冊子"",""シール"":""シール"",""箱"":""箱""}",用紙
gen-score-01-020,score,generated,件数の段階境界,"""水面で検品で見つかった不備を数えたところ、現在2件でした。処理済みは数に含めていません。""",記録された数に対応する段階を選んでください。,"[""対象件数が1件未満"",""対象件数が1件以上、2件未満"",""対象件数が2件以上、3件未満"",""対象件数が3件以上、4件未満"",""対象件数が4件以上、5件未満"",""対象件数が5件以上、6件未満"",""対象件数が6件以上""]",2
gen-noul-09-026,noul,generated,重複を除いた件数,"{""棚"":""朝露"",""読み取り品名"":[""冊子"",""冊子"",""冊子"",""冊子""],""数え方"":""同一品名の重複を除く""}",重複を除いた種類数は2以上という条件を満たしますか。,"{""false"":""いいえ。質問の命題は成立しない。"",""true"":""はい。質問の命題が成立する。""}",false
gen-score-09-021,score,generated,例外による上限,"""検査合格状況: 包装は合格、寸法は合格、付属品は合格、動作は合格、表示は合格。合格項目一つにつき1点ですが、要再確認の印があれば上限0点に制限します。今回その印はありません。""",上限制限を適用した最終点を選んでください。,"[""最終点0点"",""最終点1点"",""最終点2点"",""最終点3点"",""最終点4点"",""最終点5点""]",5
gen-score-12-049,score,generated,目標からの差,"""星空の目標数は9個、実績は9個です。多すぎても少なすぎても、目標から何個離れたかで評価します。差が5個以上なら最終段階5にまとめます。""",目標からのずれの段階を選んでください。,"[""目標との差が0個"",""目標との差が1個"",""目標との差が2個"",""目標との差が3個"",""目標との差が4個"",""目標との差が5個以上""]",0
gen-noul-02-031,noul,generated,全条件の充足,"""木漏れ日の利用には会費支払い・事前登録・講習受講がすべて必要です。高橋さん: 会費支払いは未完了、事前登録は完了、講習受講は完了。""",この人は記載された利用条件をすべて満たしていますか。,"{""false"":""いいえ。質問の命題は成立しない。"",""true"":""はい。質問の命題が成立する。""}",false
gen-noul-01-012,noul,generated,事実と否定質問,"{""対象者"":""林"",""項目"":""研修を修了"",""実施済み"":false}",確定情報だけから、林さんが研修を修了していないという判断は正しいですか。,"{""false"":""いいえ。質問の命題は成立しない。"",""true"":""はい。質問の命題が成立する。""}",true
gen-score-15-041,score,generated,軽重のある項目,"{""不備ごとの配点"":{""署名欠落"":2,""宛名不備"":1,""余白不備"":1,""添付欠落"":1},""不備あり"":{""署名欠落"":true,""宛名不備"":true,""余白不備"":false,""添付欠落"":true},""上限"":4}",見つかった不備の点数を合計し、上限を適用してください。,"[""不備点の合計が0点"",""不備点の合計が1点"",""不備点の合計が2点"",""不備点の合計が3点"",""不備点の合計が4点以上""]",4
gen-choice-10-047,choice,generated,不在時の代理,"{""案件担当"":{""水面"":""森"",""春風"":""佐藤"",""草原"":""高橋""},""代理者"":{""森"":""佐藤"",""佐藤"":""高橋"",""高橋"":""森""},""不在者"":[""佐藤""],""案件"":""草原"",""ルール"":""担当者が不在なら指定代理に一度だけ振替。代理の在席状況は問わない""}",一回だけの代理振替を適用した後の宛先を答えてください。,"{""森"":""森さん"",""高橋"":""高橋さん"",""佐藤"":""佐藤さん""}",高橋
gen-score-15-005,score,generated,軽重のある項目,"{""不備ごとの配点"":{""誤字"":2,""宛名不備"":1,""署名欠落"":1},""不備あり"":{""誤字"":true,""宛名不備"":true,""署名欠落"":false},""上限"":3}",見つかった不備の点数を合計し、上限を適用してください。,"[""不備点の合計が0点"",""不備点の合計が1点"",""不備点の合計が2点"",""不備点の合計が3点以上""]",3
gen-score-06-049,score,generated,約束時刻からの遅れ,"""星空便は8時到着の約束でした。実際の到着は同じ日の6時です。早着した場合の遅れは0時間とします。""",約束時刻と到着時刻の差から、遅延段階を選んでください。,"[""遅れが1時間未満"",""遅れが1時間以上、2時間未満"",""遅れが2時間以上、3時間未満"",""遅れが3時間以上、4時間未満"",""遅れが4時間以上、5時間未満"",""遅れが5時間以上""]",0
gen-choice-01-049,choice,generated,問い合わせ経路,"{""分類表"":{""店舗"":[""営業時間"",""店内設備"",""店舗の場所""],""請求"":[""二重請求"",""領収書"",""返金""],""契約"":[""契約更新"",""プラン変更"",""解約手続き""],""配送"":[""届け先変更"",""荷物の遅延"",""追跡番号""],""アカウント"":[""ログイン"",""パスワード"",""退会""]},""本文"":""お店に車いす用の設備はありますか"",""受付主題"":""店内設備""}",受付分類表を使って、この相談の担当を決めてください。,"{""請求"":""請求の窓口"",""配送"":""配送の窓口"",""アカウント"":""アカウントの窓口"",""店舗"":""店舗の窓口"",""契約"":""契約の窓口""}",店舗
gen-score-14-027,score,generated,参照表の順序尺度,"""今回の検査用の対応表: 青印は段階0、黄印は段階1、茶印は段階2、赤印は段階3、緑印は段階4。若葉の確定検査票には青印が付いています。色に一般的な良し悪しは仮定しません。""",一般常識ではなく示された表に従って段階を答えてください。,"[""表による段階0"",""表による段階1"",""表による段階2"",""表による段階3"",""表による段階4""]",0
gen-choice-07-040,choice,generated,複数属性の制約,"""在庫表: 名札は黒色・樹脂製・在庫あり、袋は黒色・布製・在庫あり、用紙は黒色・ガラス製・在庫あり、ペンは白色・ガラス製・在庫あり、ケースは黒色・ガラス製・在庫なし。""",必要条件は黒色、ガラス製、在庫ありの三つです。全部に合う品はどれですか。,"{""ケース"":""ケース"",""袋"":""袋"",""ペン"":""ペン"",""名札"":""名札"",""用紙"":""用紙""}",用紙
gen-noul-03-036,noul,generated,いずれかの条件,"{""いずれか一つ以上必要"":[""事前予約票"",""当日券""],""所持状況"":{""事前予約票"":false,""当日券"":true},""対象"":""石田""}",少なくとも一つの必要条件が成立していますか。,"{""false"":""いいえ。質問の命題は成立しない。"",""true"":""はい。質問の命題が成立する。""}",true
gen-noul-09-034,noul,generated,重複を除いた件数,"{""棚"":""夕凪"",""読み取り品名"":[""封筒"",""封筒""],""数え方"":""同一品名の重複を除く""}",異なる品名だけ数えると2種類以上ですか。,"{""false"":""いいえ。質問の命題は成立しない。"",""true"":""はい。質問の命題が成立する。""}",false
gen-score-10-005,score,generated,不足の段階,"""木漏れ日申請で必要なものは承認書、申込書、受領票。届いたものは申込書、参考資料、受領票、承認書です。必要一覧にない書類は不足を埋めません。""",必要書類の不足数に対応する段階を選んでください。,"[""不足が0種類"",""不足が1種類"",""不足が2種類"",""不足が3種類""]",0
gen-choice-11-032,choice,generated,小数量の比較,"""入出庫記録: ケースは在庫9個、そのうち予約5個、付箋は在庫8個、そのうち予約0個、箱は在庫11個、そのうち予約4個。予約分は自由在庫に含めません。""",自由在庫が最も少ない品を選んでください。,"{""付箋"":""付箋"",""箱"":""箱"",""ケース"":""ケース""}",ケース
gen-choice-01-030,choice,generated,問い合わせ経路,"""受付分類表は次のとおりです。配送窓口: 届け先変更・荷物の遅延・追跡番号 / 請求窓口: 二重請求・領収書・返金 / 店舗窓口: 営業時間・店内設備・店舗の場所。問い合わせ本文:「同じ代金が二回引き落とされています」。受付担当が付けた主題は「二重請求」です。""",記録された主題を扱う転送先はどこですか。,"{""店舗"":""店舗の窓口"",""配送"":""配送の窓口"",""請求"":""請求の窓口""}",請求
gen-score-04-042,score,generated,独立チェックの合計,"""山道資料の点検: ページ番号ありは満たす、添付ありは満たす、題名ありは満たす。各項目は一つずつ数えます。""",条件を満たした項目を一つ一点として集計してください。,"[""満たした項目が0個"",""満たした項目が1個"",""満たした項目が2個"",""満たした項目が3個""]",3
gen-choice-02-005,choice,generated,条件と優先例外,"{""規則"":""会員かつ8個以上なら優待。ただし予約品は常に通常"",""会員"":true,""購入数"":3,""予約品"":false}",会計時の区分を一つ決めてください。,"{""優待"":""優待の扱い"",""通常"":""通常の扱い""}",通常
gen-choice-02-031,choice,generated,条件と優先例外,"{""規則"":""会員かつ6個以上なら優待。ただし予約品は常に通常"",""会員"":true,""購入数"":11,""予約品"":true}",この購入に適用する扱いを選んでください。,"{""優待"":""優待の扱い"",""通常"":""通常の扱い""}",通常
gen-choice-02-018,choice,generated,条件と優先例外,"""若葉店では会員で購入数が10個以上なら優待扱いです。ただし予約品は購入数や会員資格にかかわらず通常扱いです。今回は8個、非会員、通常在庫品です。""",会計時の区分を一つ決めてください。,"{""通常"":""通常の扱い"",""優待"":""優待の扱い""}",通常
gen-score-14-003,score,generated,参照表の順序尺度,"""今回の検査用の対応表: 青印は段階0、白印は段階1。水面の確定検査票には青印が付いています。色に一般的な良し悪しは仮定しません。""",今回の対応表を使って検査票の段階を選んでください。,"[""表による段階0"",""表による段階1""]",0
gen-choice-08-015,choice,generated,改訂と例外の優先,"{""通常品ラベルの改訂・古い順"":[""白"",""緑""],""優先例外"":""冷蔵品は白"",""荷物"":""通常品"",""規則"":""後の改訂が前を上書きする""}",例外と改訂の順序を考慮して、使用する色はどれですか。,"{""白"":""白ラベル"",""緑"":""緑ラベル""}",緑
gen-score-08-047,score,generated,要件への一致数,"{""注文要件"":{""サイズ"":""大"",""素材"":""木"",""印字"":""片面のみ""},""提案品"":{""サイズ"":""中"",""素材"":""布"",""印字"":""なし""}}",注文要件と一致している属性の数を段階として選んでください。,"[""一致した要件が0項目"",""一致した要件が1項目"",""一致した要件が2項目"",""一致した要件が3項目""]",0
gen-score-01-046,score,generated,件数の段階境界,"{""案件"":""若葉"",""計数対象"":""検品で見つかった不備"",""件数"":2,""処理済みを除外"":true}",現在の件数を指定の段階基準に当てはめてください。,"[""対象件数が2件未満"",""対象件数が2件以上、4件未満"",""対象件数が4件以上、6件未満"",""対象件数が6件以上、8件未満"",""対象件数が8件以上""]",1
gen-choice-14-040,choice,generated,二属性照合,"{""展示品"":[{""品名"":""シール"",""色"":""黒"",""素材"":""樹脂""},{""品名"":""ケース"",""色"":""紫"",""素材"":""ガラス""},{""品名"":""付箋"",""色"":""白"",""素材"":""木""},{""品名"":""封筒"",""色"":""黄"",""素材"":""樹脂""},{""品名"":""ペン"",""色"":""黄"",""素材"":""布""}],""指定色"":""白"",""指定素材"":""木""}",二つの指定を同時に満たす展示品はどれですか。,"{""封筒"":""封筒"",""シール"":""シール"",""付箋"":""付箋"",""ケース"":""ケース"",""ペン"":""ペン""}",付箋
gen-score-03-049,score,generated,順番に進む工程,"{""案件"":""草原"",""工程順"":[""実施"",""承認""],""完了済み"":[],""着手中は完了に含めない"":true}",工程の完了状況を段階尺度で評価してください。,"[""完了した工程はまだない"",""先頭から1工程が完了（最後に完了したのは実施）"",""先頭から2工程が完了（最後に完了したのは承認）""]",0
gen-noul-08-035,noul,generated,集合と否定所属,"""木漏れ日の参加者名簿は吉田、石田、佐藤、加藤です。この名簿は完全で、記載のない人は参加者ではありません。""",『渡辺さんは参加者である』という記述は正しいですか。,"{""false"":""いいえ。質問の命題は成立しない。"",""true"":""はい。質問の命題が成立する。""}",false
gen-score-14-016,score,generated,参照表の順序尺度,"""今回の検査用の対応表: 黄印は段階0、青印は段階1、白印は段階2、黒印は段階3、紫印は段階4、赤印は段階5、茶印は段階6、緑印は段階7。夕凪の確定検査票には赤印が付いています。色に一般的な良し悪しは仮定しません。""",今回の対応表を使って検査票の段階を選んでください。,"[""表による段階0"",""表による段階1"",""表による段階2"",""表による段階3"",""表による段階4"",""表による段階5"",""表による段階6"",""表による段階7""]",5
gen-choice-06-012,choice,generated,時間枠の包含,"{""空き時間"":[{""部屋"":""赤"",""開始"":11,""終了"":15},{""部屋"":""白"",""開始"":10,""終了"":15}],""会議開始"":10,""会議終了"":13}",会議時間の一部だけでなく全体を含む空き時間を持つ部屋を答えてください。端の一致は可です。,"{""白"":""白室"",""赤"":""赤室""}",白
gen-noul-03-026,noul,generated,いずれかの条件,"""夕凪の受付では会員証・当日券のうち一つ以上があれば通れます。木村さん: 会員証はあり、当日券はなし。""",少なくとも一つの必要条件が成立していますか。,"{""false"":""いいえ。質問の命題は成立しない。"",""true"":""はい。質問の命題が成立する。""}",true
gen-score-15-020,score,generated,軽重のある項目,"{""不備ごとの配点"":{""宛名不備"":2,""日付欠落"":1,""添付欠落"":1,""署名欠落"":1},""不備あり"":{""宛名不備"":false,""日付欠落"":false,""添付欠落"":true,""署名欠落"":false},""上限"":4}",項目数ではなく指定された点数で評価してください。,"[""不備点の合計が0点"",""不備点の合計が1点"",""不備点の合計が2点"",""不備点の合計が3点"",""不備点の合計が4点以上""]",1
gen-choice-14-012,choice,generated,二属性照合,"{""展示品"":[{""品名"":""ペン"",""色"":""青"",""素材"":""ガラス""},{""品名"":""袋"",""色"":""茶"",""素材"":""紙""},{""品名"":""箱"",""色"":""黒"",""素材"":""布""},{""品名"":""テープ"",""色"":""黒"",""素材"":""紙""},{""品名"":""シール"",""色"":""緑"",""素材"":""紙""},{""品名"":""ファイル"",""色"":""黒"",""素材"":""樹脂""},{""品名"":""付箋"",""色"":""黒"",""素材"":""ガラス""}],""指定色"":""黒"",""指定素材"":""布""}",二つの指定を同時に満たす展示品はどれですか。,"{""箱"":""箱"",""シール"":""シール"",""付箋"":""付箋"",""ペン"":""ペン"",""ファイル"":""ファイル"",""テープ"":""テープ"",""袋"":""袋""}",箱
gen-score-05-018,score,generated,緊急条件の加点,"{""案件"":""青空"",""基本優先度"":0,""締切までの残り時間"":2,""規則"":""残り5時間以内なら1加点、それより長ければ0加点。上限1""}",今回の最終優先段階を求めてください。,"[""最終優先度0"",""最終優先度1""]",1
gen-choice-02-036,choice,generated,条件と優先例外,"""若葉店では会員で購入数が7個以上なら優待扱いです。ただし予約品は購入数や会員資格にかかわらず通常扱いです。今回は11個、非会員、通常在庫品です。""",例外も踏まえて、今回の購入区分はどれですか。,"{""通常"":""通常の扱い"",""優待"":""優待の扱い""}",通常
gen-score-03-005,score,generated,順番に進む工程,"{""案件"":""星空"",""工程順"":[""審査"",""受付"",""調査"",""承認"",""準備"",""実施"",""報告""],""完了済み"":[""審査"",""受付"",""調査"",""承認"",""準備"",""実施""],""着手中は完了に含めない"":true}",完了済みの到達段階を選んでください。,"[""完了した工程はまだない"",""先頭から1工程が完了（最後に完了したのは審査）"",""先頭から2工程が完了（最後に完了したのは受付）"",""先頭から3工程が完了（最後に完了したのは調査）"",""先頭から4工程が完了（最後に完了したのは承認）"",""先頭から5工程が完了（最後に完了したのは準備）"",""先頭から6工程が完了（最後に完了したのは実施）"",""先頭から7工程が完了（最後に完了したのは報告）""]",6
gen-score-13-022,score,generated,取消しを反映した件数,"{""催し"":""星空"",""申込み"":[{""氏名"":""上田"",""受付済み"":true,""取消済み"":false},{""氏名"":""青木"",""受付済み"":false,""取消済み"":false},{""氏名"":""渡辺"",""受付済み"":true,""取消済み"":false},{""氏名"":""大野"",""受付済み"":true,""取消済み"":false},{""氏名"":""松本"",""受付済み"":true,""取消済み"":true},{""氏名"":""加藤"",""受付済み"":false,""取消済み"":false}],""まとめ方"":""6件以上は段階6""}",取消し後に残る有効申込み数を段階として選んでください。,"[""有効申込みが0件"",""有効申込みが1件"",""有効申込みが2件"",""有効申込みが3件"",""有効申込みが4件"",""有効申込みが5件"",""有効申込みが6件以上""]",3
gen-noul-15-024,noul,generated,出来事の前後関係,"""佐藤さんの作業日誌は実施順に電話連絡→伝票記入→報告です。記載した各作業は一回ずつ実施しました。""",日誌では報告の方が伝票記入より先ですか。,"{""false"":""いいえ。質問の命題は成立しない。"",""true"":""はい。質問の命題が成立する。""}",false
gen-score-13-037,score,generated,取消しを反映した件数,"""山道の申込み記録: 吉田は未受付・取消なし、青木は未受付・取消なし、上田は受付済み・取消なし、高橋は未受付・取消なし、佐藤は未受付・取消なし、山田は未受付・取消なし、加藤は未受付・取消なし。取消済みの申込みは有効件数から除きます。7件以上は最終段階7にまとめます。""",現在有効な申込みだけを数えて評価してください。,"[""有効申込みが0件"",""有効申込みが1件"",""有効申込みが2件"",""有効申込みが3件"",""有効申込みが4件"",""有効申込みが5件"",""有効申込みが6件"",""有効申込みが7件以上""]",1
gen-choice-11-031,choice,generated,小数量の比較,"{""在庫"":[{""品名"":""名札"",""総在庫"":5,""予約分"":3},{""品名"":""封筒"",""総在庫"":7,""予約分"":4},{""品名"":""付箋"",""総在庫"":14,""予約分"":3},{""品名"":""ラベル"",""総在庫"":4,""予約分"":0}],""自由在庫"":""総在庫から予約分を引く""}",自由在庫が最も少ない品を選んでください。,"{""付箋"":""付箋"",""封筒"":""封筒"",""名札"":""名札"",""ラベル"":""ラベル""}",名札
gen-score-06-008,score,generated,約束時刻からの遅れ,"{""便"":""灯台"",""約束時刻"":10,""実際の到着時刻"":13,""同日"":true,""早着時の遅れ"":0}",遅れの時間に対応する段階を答えてください。,"[""遅れが2時間未満"",""遅れが2時間以上、4時間未満"",""遅れが4時間以上、6時間未満"",""遅れが6時間以上、8時間未満"",""遅れが8時間以上、10時間未満"",""遅れが10時間以上、12時間未満"",""遅れが12時間以上""]",1
gen-choice-05-036,choice,generated,否定条件で選択,"""検品記録: ラベルは封ありで濡れている、箱は封ありで濡れていない、ペンは封なしで濡れていない、クリップは封ありで濡れている、テープは封なしで濡れていない、ファイルは封ありで濡れている、ケースは封ありで濡れている、冊子は封ありで濡れている。""",濡れた品は除外し、封がある品を一つ選んでください。,"{""ペン"":""ペン"",""テープ"":""テープ"",""冊子"":""冊子"",""ラベル"":""ラベル"",""箱"":""箱"",""ケース"":""ケース"",""ファイル"":""ファイル"",""クリップ"":""クリップ""}",箱
gen-score-10-022,score,generated,不足の段階,"""夕凪申請で必要なものは同意書、見積書、承認書、受領票、申込書、添付図。届いたものは参考資料、受領票、同意書、見積書です。必要一覧にない書類は不足を埋めません。""",未提出の必要書類はいくつの段階ですか。,"[""不足が0種類"",""不足が1種類"",""不足が2種類"",""不足が3種類"",""不足が4種類"",""不足が5種類"",""不足が6種類""]",3
gen-noul-09-028,noul,generated,重複を除いた件数,"""青空棚で読み取った品名はカード、カード、カードでした。同じ品名の繰り返しは一種類として数えます。""",異なる品名だけ数えると4種類以上ですか。,"{""false"":""いいえ。質問の命題は成立しない。"",""true"":""はい。質問の命題が成立する。""}",false
gen-choice-10-040,choice,generated,不在時の代理,"""担当者: 白波は森、朝露は木村、青空は吉田、木漏れ日は加藤、春風は山田、若葉は松本、山道は渡辺、夕凪は青木。代理者: 森の代理は木村、木村の代理は吉田、吉田の代理は加藤、加藤の代理は山田、山田の代理は松本、松本の代理は渡辺、渡辺の代理は青木、青木の代理は森。本日の不在者は渡辺、木村。問い合わせ先の案件は若葉です。代理への振替は一回だけ行い、その先の不在は判定しません。""",本日の規則に従う連絡相手を選んでください。,"{""青木"":""青木さん"",""加藤"":""加藤さん"",""木村"":""木村さん"",""森"":""森さん"",""松本"":""松本さん"",""吉田"":""吉田さん"",""渡辺"":""渡辺さん"",""山田"":""山田さん""}",松本
gen-score-15-018,score,generated,軽重のある項目,"{""不備ごとの配点"":{""余白不備"":2,""日付欠落"":1},""不備あり"":{""余白不備"":true,""日付欠落"":true},""上限"":2}",項目数ではなく指定された点数で評価してください。,"[""不備点の合計が0点"",""不備点の合計が1点"",""不備点の合計が2点以上""]",2
gen-noul-05-020,noul,generated,締切の境界,"""若葉の提出は13時より前だけ受け付け、13時ちょうどは無効です。松本さんの提出記録は11時ちょうどです。""",この提出は時間条件を満たしていますか。,"{""false"":""いいえ。質問の命題は成立しない。"",""true"":""はい。質問の命題が成立する。""}",true
gen-noul-06-010,noul,generated,更新後の状態,"""水面の状態記録: 16時には受付中、8時には満席、17時には使用可能。時刻が新しい記録が古い記録を上書きします。""",最新の有効な記録から「使用可能」と言えますか。,"{""false"":""いいえ。質問の命題は成立しない。"",""true"":""はい。質問の命題が成立する。""}",true
gen-choice-09-048,choice,generated,利用可能集合の差,"{""利用可能品"":[""ラベル"",""封筒"",""箱"",""付箋"",""テープ"",""ファイル"",""袋""],""予約済み品"":[""テープ"",""ファイル"",""封筒"",""袋"",""ラベル"",""箱""]}",今貸せるのは利用可能かつ未予約の品です。該当するものはどれですか。,"{""ラベル"":""ラベル"",""袋"":""袋"",""付箋"":""付箋"",""ファイル"":""ファイル"",""テープ"":""テープ"",""封筒"":""封筒"",""箱"":""箱""}",付箋
gen-noul-15-005,noul,generated,出来事の前後関係,"{""担当者"":""松本"",""実施順"":[""報告"",""荷物受取"",""引継ぎ"",""伝票記入"",""休憩"",""検品"",""棚への配置""],""各作業の実施回数"":1}",報告は荷物受取より前に行われましたか。,"{""false"":""いいえ。質問の命題は成立しない。"",""true"":""はい。質問の命題が成立する。""}",true
gen-noul-14-015,noul,generated,予定時間の重なり,"""松本さんの予定: 若葉会議は9時から11時、面談は12時から13時。終了と次の開始が同時刻の場合は重複とは扱いません。""",指定された端点の扱いで予定の重複はありますか。,"{""false"":""いいえ。質問の命題は成立しない。"",""true"":""はい。質問の命題が成立する。""}",false
gen-choice-07-048,choice,generated,複数属性の制約,"{""在庫表"":[{""品名"":""付箋"",""色"":""緑"",""素材"":""ガラス"",""在庫あり"":true},{""品名"":""シール"",""色"":""赤"",""素材"":""布"",""在庫あり"":true},{""品名"":""箱"",""色"":""赤"",""素材"":""ガラス"",""在庫あり"":false},{""品名"":""ケース"",""色"":""赤"",""素材"":""ガラス"",""在庫あり"":false},{""品名"":""クリップ"",""色"":""赤"",""素材"":""ガラス"",""在庫あり"":true},{""品名"":""カード"",""色"":""赤"",""素材"":""樹脂"",""在庫あり"":true},{""品名"":""袋"",""色"":""赤"",""素材"":""ガラス"",""在庫あり"":false}]}",必要条件は赤色、ガラス製、在庫ありの三つです。全部に合う品はどれですか。,"{""袋"":""袋"",""箱"":""箱"",""クリップ"":""クリップ"",""付箋"":""付箋"",""シール"":""シール"",""カード"":""カード"",""ケース"":""ケース""}",クリップ
gen-choice-14-020,choice,generated,二属性照合,"{""展示品"":[{""品名"":""テープ"",""色"":""黒"",""素材"":""木""},{""品名"":""ラベル"",""色"":""赤"",""素材"":""ガラス""},{""品名"":""冊子"",""色"":""黄"",""素材"":""金属""},{""品名"":""付箋"",""色"":""黒"",""素材"":""樹脂""},{""品名"":""用紙"",""色"":""紫"",""素材"":""ガラス""},{""品名"":""ケース"",""色"":""赤"",""素材"":""布""},{""品名"":""ファイル"",""色"":""茶"",""素材"":""樹脂""}],""指定色"":""黒"",""指定素材"":""木""}",色だけ・素材だけの一致では足りません。該当品を答えてください。,"{""ラベル"":""ラベル"",""ファイル"":""ファイル"",""冊子"":""冊子"",""テープ"":""テープ"",""用紙"":""用紙"",""ケース"":""ケース"",""付箋"":""付箋""}",テープ
gen-choice-10-032,choice,generated,不在時の代理,"""担当者: 灯台は遠藤、青空は渡辺、夕凪は吉田。代理者: 遠藤の代理は渡辺、渡辺の代理は吉田、吉田の代理は遠藤。本日の不在者は吉田。問い合わせ先の案件は夕凪です。代理への振替は一回だけ行い、その先の不在は判定しません。""",本日の規則に従う連絡相手を選んでください。,"{""渡辺"":""渡辺さん"",""遠藤"":""遠藤さん"",""吉田"":""吉田さん""}",遠藤
gen-score-01-012,score,generated,件数の段階境界,"""灯台で確認待ちの申請を数えたところ、現在4件でした。処理済みは数に含めていません。""",記録された数に対応する段階を選んでください。,"[""対象件数が3件未満"",""対象件数が3件以上、6件未満"",""対象件数が6件以上、9件未満"",""対象件数が9件以上、12件未満"",""対象件数が12件以上、15件未満"",""対象件数が15件以上""]",1
gen-noul-09-032,noul,generated,重複を除いた件数,"""灯台棚で読み取った品名は用紙、ラベル、用紙でした。同じ品名の繰り返しは一種類として数えます。""",品物の種類は3種類以上ありますか。,"{""false"":""いいえ。質問の命題は成立しない。"",""true"":""はい。質問の命題が成立する。""}",false
gen-noul-12-026,noul,generated,記録と主張の照合,"""朝露施設の入口について、いま確認した確定記録は北口は4分の1だけ開いている、南口は半分だけ開いている、東口は完全に開いている、西口は4分の1だけ開いている、裏口は4分の1だけ開いている、搬入口は半分だけ開いているです。現在の判断にはこの確定記録だけを使います。""",『現在の東口は完全に開いている』という主張は確定記録と一致しますか。,"{""false"":""いいえ。質問の命題は成立しない。"",""true"":""はい。質問の命題が成立する。""}",true
gen-choice-02-033,choice,generated,条件と優先例外,"""若葉店では会員で購入数が6個以上なら優待扱いです。ただし予約品は購入数や会員資格にかかわらず通常扱いです。今回は6個、非会員、予約品です。""",会計時の区分を一つ決めてください。,"{""優待"":""優待の扱い"",""通常"":""通常の扱い""}",通常
gen-choice-07-008,choice,generated,複数属性の制約,"""在庫表: 冊子は緑色・布製・在庫あり、テープは青色・樹脂製・在庫あり、クリップは青色・布製・在庫なし、封筒は青色・布製・在庫なし、ラベルは青色・布製・在庫なし、袋は青色・金属製・在庫あり、ペンは青色・布製・在庫あり。""",青色で布製、在庫もある品を選んでください。,"{""ラベル"":""ラベル"",""テープ"":""テープ"",""ペン"":""ペン"",""冊子"":""冊子"",""袋"":""袋"",""クリップ"":""クリップ"",""封筒"":""封筒""}",ペン
gen-noul-09-049,noul,generated,重複を除いた件数,"""木漏れ日棚で読み取った品名はペン、箱、テープ、ケース、ラベル、シール、袋、カード、袋でした。同じ品名の繰り返しは一種類として数えます。""",品物の種類は6種類以上ありますか。,"{""false"":""いいえ。質問の命題は成立しない。"",""true"":""はい。質問の命題が成立する。""}",true
gen-noul-01-010,noul,generated,事実と否定質問,"{""対象者"":""森"",""項目"":""資料を受領"",""実施済み"":false}",記録上、森さんは資料を受領していないと言えますか。,"{""false"":""いいえ。質問の命題は成立しない。"",""true"":""はい。質問の命題が成立する。""}",true
gen-choice-14-046,choice,generated,二属性照合,"""展示品の札: 用紙は茶色・紙製、箱は黄色・紙製。探しているのは黄色の紙製です。""",指定された色と素材の両方が一致する品を選んでください。,"{""箱"":""箱"",""用紙"":""用紙""}",箱
gen-score-14-019,score,generated,参照表の順序尺度,"""今回の検査用の対応表: 赤印は段階0、紫印は段階1、茶印は段階2、青印は段階3。草原の確定検査票には茶印が付いています。色に一般的な良し悪しは仮定しません。""",検査票の印を指定尺度に変換してください。,"[""表による段階0"",""表による段階1"",""表による段階2"",""表による段階3""]",2
gen-noul-04-020,noul,generated,例外の優先,"""規則: 認定済みであれば草原を利用できます。ただし会費滞納なら利用できません。吉田さんは認定済みに該当、会費滞納に非該当です。""",禁止例外を先に考慮すると、この利用を認められますか。,"{""false"":""いいえ。質問の命題は成立しない。"",""true"":""はい。質問の命題が成立する。""}",true
gen-score-15-011,score,generated,軽重のある項目,"""この点検の配点: 余白不備は2点、誤字は1点。見つかった不備: 誤字。該当項目の点を合計し、2点以上は段階2にまとめます。""",項目数ではなく指定された点数で評価してください。,"[""不備点の合計が0点"",""不備点の合計が1点"",""不備点の合計が2点以上""]",1
gen-choice-12-018,choice,generated,条件付き不足書類,"{""確認優先順"":[""承認書"",""本人確認票"",""見積書"",""受領票""],""代理申請だけに必要"":""受領票"",""代理申請"":false,""提出済み"":[]}",未提出の必要書類のうち優先順が最初のものを選んでください。全部そろっていれば追加不要です。,"{""受領票"":""受領票"",""見積書"":""見積書"",""承認書"":""承認書"",""本人確認票"":""本人確認票"",""追加不要"":""必要書類はすべて提出済み""}",承認書
gen-noul-02-015,noul,generated,全条件の充足,"{""すべて必要な条件"":[""本人確認"",""同意書提出"",""講習受講"",""会費支払い""],""対象"":""大野"",""完了状況"":{""本人確認"":false,""同意書提出"":false,""講習受講"":false,""会費支払い"":false}}",この人は記載された利用条件をすべて満たしていますか。,"{""false"":""いいえ。質問の命題は成立しない。"",""true"":""はい。質問の命題が成立する。""}",false
gen-noul-10-026,noul,generated,条件付き義務,"""規則: 法人向けのときだけ控えの交付が必須です。それ以外の場合にはこの義務はなく、実施していても構いません。今回の案件は法人向けに非該当で、控えの交付は未実施です。""",この案件は記載された義務のルールに違反していませんか。違反がなければはいです。,"{""false"":""いいえ。質問の命題は成立しない。"",""true"":""はい。質問の命題が成立する。""}",true
gen-choice-02-034,choice,generated,条件と優先例外,"""若葉店では会員で購入数が4個以上なら優待扱いです。ただし予約品は購入数や会員資格にかかわらず通常扱いです。今回は14個、会員、通常在庫品です。""",この購入に適用する扱いを選んでください。,"{""優待"":""優待の扱い"",""通常"":""通常の扱い""}",優待
gen-choice-11-013,choice,generated,小数量の比較,"{""在庫"":[{""品名"":""箱"",""総在庫"":11,""予約分"":2},{""品名"":""ファイル"",""総在庫"":7,""予約分"":1},{""品名"":""名札"",""総在庫"":1,""予約分"":1},{""品名"":""テープ"",""総在庫"":2,""予約分"":1},{""品名"":""カード"",""総在庫"":6,""予約分"":3},{""品名"":""付箋"",""総在庫"":6,""予約分"":2},{""品名"":""用紙"",""総在庫"":10,""予約分"":3},{""品名"":""ペン"",""総在庫"":13,""予約分"":1}],""自由在庫"":""総在庫から予約分を引く""}",自由在庫が最も多い品を選んでください。,"{""箱"":""箱"",""ファイル"":""ファイル"",""用紙"":""用紙"",""カード"":""カード"",""付箋"":""付箋"",""ペン"":""ペン"",""名札"":""名札"",""テープ"":""テープ""}",ペン
gen-noul-10-041,noul,generated,条件付き義務,"""規則: 当日申請のときだけ確認票の添付が必須です。それ以外の場合にはこの義務はなく、実施していても構いません。今回の案件は当日申請に該当で、確認票の添付は未実施です。""",この義務に関して、規則上問題なしと判定できますか。,"{""false"":""いいえ。質問の命題は成立しない。"",""true"":""はい。質問の命題が成立する。""}",false
gen-choice-08-036,choice,generated,改訂と例外の優先,"""通常品の貼付ラベルについて、連絡は古い順に「黒」「赤」「茶」でした。後の連絡が前の連絡を上書きします。ただし冷蔵品には連絡履歴に関係なく青ラベルを貼ります。今回の荷物は冷蔵品です。""",例外と改訂の順序を考慮して、使用する色はどれですか。,"{""青"":""青ラベル"",""黒"":""黒ラベル"",""白"":""白ラベル"",""黄"":""黄ラベル"",""緑"":""緑ラベル"",""赤"":""赤ラベル"",""茶"":""茶ラベル"",""紫"":""紫ラベル""}",青
gen-noul-05-004,noul,generated,締切の境界,"""若葉の提出は18時ちょうどまで受け付け、同時刻の提出も有効です。青木さんの提出記録は13時ちょうどです。""",時刻だけを基準に、この提出を有効と判定できますか。,"{""false"":""いいえ。質問の命題は成立しない。"",""true"":""はい。質問の命題が成立する。""}",true
gen-choice-02-035,choice,generated,条件と優先例外,"{""規則"":""会員かつ5個以上なら優待。ただし予約品は常に通常"",""会員"":false,""購入数"":13,""予約品"":false}",この購入に適用する扱いを選んでください。,"{""優待"":""優待の扱い"",""通常"":""通常の扱い""}",通常
gen-score-13-024,score,generated,取消しを反映した件数,"""春風の申込み記録: 佐藤は受付済み・取消済み、山田は受付済み・取消済み、高橋は受付済み・取消済み、木村は受付済み・取消済み、上田は受付済み・取消済み、中村は受付済み・取消済み。取消済みの申込みは有効件数から除きます。1件以上は最終段階1にまとめます。""",現在有効な申込みだけを数えて評価してください。,"[""有効申込みが0件"",""有効申込みが1件以上""]",0
gen-score-14-002,score,generated,参照表の順序尺度,"{""検査対象"":""若葉"",""今回の対応表"":{""紫"":0,""茶"":1,""赤"":2,""黒"":3,""白"":4,""黄"":5,""緑"":6,""青"":7},""確定票の印"":""黒""}",今回の対応表を使って検査票の段階を選んでください。,"[""表による段階0"",""表による段階1"",""表による段階2"",""表による段階3"",""表による段階4"",""表による段階5"",""表による段階6"",""表による段階7""]",3
gen-noul-06-039,noul,generated,更新後の状態,"""木漏れ日の状態記録: 9時には空席あり、17時には停止中、10時には空席あり、14時には満席。時刻が新しい記録が古い記録を上書きします。""",最後の更新を適用すると、状態は「満席」になっていますか。,"{""false"":""いいえ。質問の命題は成立しない。"",""true"":""はい。質問の命題が成立する。""}",false
gen-choice-11-044,choice,generated,小数量の比較,"{""在庫"":[{""品名"":""ケース"",""総在庫"":1,""予約分"":0},{""品名"":""箱"",""総在庫"":14,""予約分"":3},{""品名"":""ノート"",""総在庫"":10,""予約分"":3},{""品名"":""付箋"",""総在庫"":10,""予約分"":0},{""品名"":""名札"",""総在庫"":6,""予約分"":2},{""品名"":""クリップ"",""総在庫"":6,""予約分"":4},{""品名"":""用紙"",""総在庫"":13,""予約分"":4}],""自由在庫"":""総在庫から予約分を引く""}",今使える個数が最も少ない品を答えてください。,"{""付箋"":""付箋"",""ケース"":""ケース"",""ノート"":""ノート"",""用紙"":""用紙"",""名札"":""名札"",""箱"":""箱"",""クリップ"":""クリップ""}",ケース
gen-choice-11-009,choice,generated,小数量の比較,"""入出庫記録: 付箋は在庫17個、そのうち予約5個、テープは在庫16個、そのうち予約5個、用紙は在庫12個、そのうち予約5個、封筒は在庫11個、そのうち予約5個。予約分は自由在庫に含めません。""",今使える個数が最も少ない品を答えてください。,"{""用紙"":""用紙"",""付箋"":""付箋"",""テープ"":""テープ"",""封筒"":""封筒""}",封筒
gen-noul-06-022,noul,generated,更新後の状態,"""白波の状態記録: 21時には使用可能、15時には空席あり、17時には使用可能、14時には使用可能、16時には使用可能。時刻が新しい記録が古い記録を上書きします。""",現在の状態は「使用可能」ですか。,"{""false"":""いいえ。質問の命題は成立しない。"",""true"":""はい。質問の命題が成立する。""}",true
gen-choice-03-045,choice,generated,最終更新,"{""案件"":""若葉"",""更新記録"":[{""時"":14,""状態"":""発送済み""},{""時"":19,""状態"":""未着手""},{""時"":16,""状態"":""未着手""},{""時"":15,""状態"":""未着手""}]}",記載順ではなく更新時刻を比べ、最新の状態を選んでください。,"{""未着手"":""未着手"",""発送済み"":""発送済み""}",未着手
gen-noul-12-047,noul,generated,記録と主張の照合,"{""施設"":""山道"",""入口ごとの現在の確定記録"":{""北口"":""完全に開いている"",""南口"":""4分の1だけ開いている"",""東口"":""完全に開いている"",""西口"":""完全に開いている"",""裏口"":""4分の1だけ開いている"",""搬入口"":""半分だけ開いている""},""判定資料"":""現在の確定記録のみ""}",確定情報から、南口は完全に閉じていると言えますか。,"{""false"":""いいえ。質問の命題は成立しない。"",""true"":""はい。質問の命題が成立する。""}",false
gen-noul-13-030,noul,generated,範囲の開閉境界,"""春風の受付数は、3個以上、かつ10個未満の場合に限り適合です。今回の数は2個です。""",下限と上限の両方の条件に合いますか。,"{""false"":""いいえ。質問の命題は成立しない。"",""true"":""はい。質問の命題が成立する。""}",false
gen-choice-04-026,choice,generated,参照先の担当,"{""案件担当"":{""水面"":""大野"",""若葉"":""遠藤"",""木漏れ日"":""林"",""青空"":""上田"",""朝露"":""森"",""春風"":""山田"",""夕凪"":""佐藤"",""星空"":""加藤""},""資料の所属案件"":{""冊子"":""木漏れ日"",""名札"":""春風"",""付箋"":""青空"",""封筒"":""水面"",""用紙"":""朝露"",""ケース"":""星空"",""箱"":""若葉"",""ノート"":""夕凪""},""確認資料"":""封筒""}",確認する資料の案件を担当している人を答えてください。,"{""上田"":""上田さん"",""林"":""林さん"",""森"":""森さん"",""遠藤"":""遠藤さん"",""山田"":""山田さん"",""大野"":""大野さん"",""加藤"":""加藤さん"",""佐藤"":""佐藤さん""}",大野
gen-choice-01-006,choice,generated,問い合わせ経路,"""受付分類表は次のとおりです。製品窓口: 破損・初期不良・部品交換 / 請求窓口: 二重請求・領収書・返金 / アカウント窓口: ログイン・パスワード・退会 / 契約窓口: 契約更新・プラン変更・解約手続き。問い合わせ本文:「返金の入金予定を知りたいです」。受付担当が付けた主題は「返金」です。""",記録された主題を扱う転送先はどこですか。,"{""アカウント"":""アカウントの窓口"",""請求"":""請求の窓口"",""製品"":""製品の窓口"",""契約"":""契約の窓口""}",請求
gen-score-08-044,score,generated,要件への一致数,"""注文要件: 包装=袋、色=赤、素材=紙、配送=宅配、サイズ=中、印字=片面のみ、形=四角。提案品: 包装=袋、色=赤、素材=紙、配送=宅配、サイズ=中、印字=片面のみ、形=四角。""",注文要件と一致している属性の数を段階として選んでください。,"[""一致した要件が0項目"",""一致した要件が1項目"",""一致した要件が2項目"",""一致した要件が3項目"",""一致した要件が4項目"",""一致した要件が5項目"",""一致した要件が6項目"",""一致した要件が7項目""]",7
gen-noul-15-020,noul,generated,出来事の前後関係,"{""担当者"":""遠藤"",""実施順"":[""荷物受取"",""棚への配置"",""引継ぎ"",""検品"",""報告"",""伝票記入"",""休憩""],""各作業の実施回数"":1}",日誌では検品の方が棚への配置より先ですか。,"{""false"":""いいえ。質問の命題は成立しない。"",""true"":""はい。質問の命題が成立する。""}",false
gen-score-03-012,score,generated,順番に進む工程,"{""案件"":""夕凪"",""工程順"":[""受付"",""準備"",""審査"",""報告"",""調査"",""承認"",""実施""],""完了済み"":[""受付"",""準備"",""審査"",""報告"",""調査"",""承認"",""実施""],""着手中は完了に含めない"":true}",この案件は完了ベースでどの段階まで進みましたか。,"[""完了した工程はまだない"",""先頭から1工程が完了（最後に完了したのは受付）"",""先頭から2工程が完了（最後に完了したのは準備）"",""先頭から3工程が完了（最後に完了したのは審査）"",""先頭から4工程が完了（最後に完了したのは報告）"",""先頭から5工程が完了（最後に完了したのは調査）"",""先頭から6工程が完了（最後に完了したのは承認）"",""先頭から7工程が完了（最後に完了したのは実施）""]",7
gen-score-10-041,score,generated,不足の段階,"{""申請"":""白波"",""必要書類"":[""申込書"",""添付図"",""見積書"",""承認書""],""届いた書類"":[""参考資料""],""余分な書類で代用できる"":false}",必要一覧と届いた一覧を照合し、不足の程度を判定してください。,"[""不足が0種類"",""不足が1種類"",""不足が2種類"",""不足が3種類"",""不足が4種類""]",4
gen-score-05-035,score,generated,緊急条件の加点,"""夕凪の基本優先度は3です。締切まで残り3時間以内なら1だけ加点し、それより長ければ加点しません。上限は4です。今回は締切まで8時間です。""",条件付き加点後の優先度を選んでください。,"[""最終優先度0"",""最終優先度1"",""最終優先度2"",""最終優先度3"",""最終優先度4""]",3
gen-noul-09-012,noul,generated,重複を除いた件数,"""星空棚で読み取った品名は冊子、冊子でした。同じ品名の繰り返しは一種類として数えます。""",重複を除いた種類数は6以上という条件を満たしますか。,"{""false"":""いいえ。質問の命題は成立しない。"",""true"":""はい。質問の命題が成立する。""}",false
gen-noul-01-032,noul,generated,事実と否定質問,"""遠藤さんについての確定記録: 連絡を受領しています。""",記録上、遠藤さんは連絡を受領していると言えますか。,"{""false"":""いいえ。質問の命題は成立しない。"",""true"":""はい。質問の命題が成立する。""}",true
gen-score-09-003,score,generated,例外による上限,"""検査合格状況: 外観は合格。合格項目一つにつき1点ですが、要再確認の印があれば上限0点に制限します。今回その印はありません。""",例外条件を反映した評価段階を答えてください。,"[""最終点0点"",""最終点1点""]",1
gen-choice-06-036,choice,generated,時間枠の包含,"""部屋の連続利用可能時間: 黒室は10時から13時まで、青室は10時から13時まで、赤室は13時から15時まで、白室は13時から15時まで、茶室は13時から16時まで、緑室は11時から15時まで、紫室は13時から15時まで。会議は12時開始、14時終了です。""",会議時間の一部だけでなく全体を含む空き時間を持つ部屋を答えてください。端の一致は可です。,"{""紫"":""紫室"",""黒"":""黒室"",""茶"":""茶室"",""白"":""白室"",""赤"":""赤室"",""緑"":""緑室"",""青"":""青室""}",緑
gen-score-06-020,score,generated,約束時刻からの遅れ,"{""便"":""草原"",""約束時刻"":5,""実際の到着時刻"":8,""同日"":true,""早着時の遅れ"":0}",遅れの時間に対応する段階を答えてください。,"[""遅れが1時間未満"",""遅れが1時間以上、2時間未満"",""遅れが2時間以上、3時間未満"",""遅れが3時間以上、4時間未満"",""遅れが4時間以上""]",3
gen-score-07-035,score,generated,証拠の最高到達段階,"{""調査"":""灯台"",""この調査の証拠段階"":{""署名済み文書"":1,""口頭メモ"":2,""監査記録"":3,""担当者報告"":4,""一次資料"":5},""得られた証拠"":[""一次資料"",""口頭メモ""],""集約規則"":""得られた段階の最大。証拠なしは0""}",記録済みの証拠から得られる最高段階はどれですか。,"[""証拠なしの段階0"",""表に基づく最高証拠段階1"",""表に基づく最高証拠段階2"",""表に基づく最高証拠段階3"",""表に基づく最高証拠段階4"",""表に基づく最高証拠段階5""]",5
gen-noul-05-003,noul,generated,締切の境界,"{""受付規則"":""10時より前だけ受け付け、10時ちょうどは無効"",""提出者"":""松本"",""提出時刻"":12}",この提出は時間条件を満たしていますか。,"{""false"":""いいえ。質問の命題は成立しない。"",""true"":""はい。質問の命題が成立する。""}",false
gen-score-05-039,score,generated,緊急条件の加点,"{""案件"":""木漏れ日"",""基本優先度"":0,""締切までの残り時間"":9,""規則"":""残り3時間以内なら1加点、それより長ければ0加点。上限1""}",締切までの時間による条件を反映した段階を答えてください。,"[""最終優先度0"",""最終優先度1""]",0
gen-choice-04-044,choice,generated,参照先の担当,"""担当: 夕凪は松本、朝露は上田、白波は青木、水面は石田、山道は大野、木漏れ日は森。資料の所属: ペンは水面案件、ラベルは夕凪案件、ケースは木漏れ日案件、名札は山道案件、クリップは朝露案件、カードは白波案件。確認する資料はカードです。""",確認する資料の案件を担当している人を答えてください。,"{""青木"":""青木さん"",""森"":""森さん"",""松本"":""松本さん"",""上田"":""上田さん"",""石田"":""石田さん"",""大野"":""大野さん""}",青木
gen-noul-08-043,noul,generated,集合と否定所属,"{""催し"":""草原"",""完全な参加者名簿"":[""渡辺"",""高橋""],""補足"":""名前のない人は参加者ではない""}",『大野さんは参加者である』という記述は正しいですか。,"{""false"":""いいえ。質問の命題は成立しない。"",""true"":""はい。質問の命題が成立する。""}",false
gen-noul-02-005,noul,generated,全条件の充足,"""草原の利用には講習受講・同意書提出がすべて必要です。中村さん: 講習受講は未完了、同意書提出は完了。""",この人は記載された利用条件をすべて満たしていますか。,"{""false"":""いいえ。質問の命題は成立しない。"",""true"":""はい。質問の命題が成立する。""}",false
gen-score-01-037,score,generated,件数の段階境界,"""青空で未回答の質問を数えたところ、現在8件でした。処理済みは数に含めていません。""",件数だけを評価尺度に照らして判定してください。,"[""対象件数が3件未満"",""対象件数が3件以上、6件未満"",""対象件数が6件以上""]",2
gen-noul-15-006,noul,generated,出来事の前後関係,"{""担当者"":""佐藤"",""実施順"":[""報告"",""引継ぎ"",""伝票記入"",""検品"",""荷物受取""],""各作業の実施回数"":1}",日誌では引継ぎの方が報告より先ですか。,"{""false"":""いいえ。質問の命題は成立しない。"",""true"":""はい。質問の命題が成立する。""}",false
gen-choice-09-045,choice,generated,利用可能集合の差,"{""利用可能品"":[""名札"",""封筒"",""箱"",""ケース"",""クリップ"",""冊子""],""予約済み品"":[""封筒"",""ケース"",""名札"",""冊子"",""箱""]}",予約済みを利用可能一覧から除いたとき、残る品を答えてください。,"{""ケース"":""ケース"",""クリップ"":""クリップ"",""箱"":""箱"",""封筒"":""封筒"",""冊子"":""冊子"",""名札"":""名札""}",クリップ
gen-choice-10-041,choice,generated,不在時の代理,"""担当者: 星空は大野、白波は青木、夕凪は松本。代理者: 大野の代理は青木、青木の代理は松本、松本の代理は大野。本日の不在者は松本、青木。問い合わせ先の案件は夕凪です。代理への振替は一回だけ行い、その先の不在は判定しません。""",この案件を担当本人または指定代理に連絡します。宛先は誰ですか。,"{""大野"":""大野さん"",""青木"":""青木さん"",""松本"":""松本さん""}",大野
gen-choice-06-039,choice,generated,時間枠の包含,"{""空き時間"":[{""部屋"":""青"",""開始"":10,""終了"":14},{""部屋"":""紫"",""開始"":10,""終了"":13},{""部屋"":""緑"",""開始"":7,""終了"":11},{""部屋"":""茶"",""開始"":7,""終了"":11},{""部屋"":""黒"",""開始"":8,""終了"":11},{""部屋"":""白"",""開始"":7,""終了"":11},{""部屋"":""赤"",""開始"":8,""終了"":11},{""部屋"":""黄"",""開始"":8,""終了"":14}],""会議開始"":9,""会議終了"":12}",会議開始から終了まで空いている部屋はどれですか。境界時刻が一致していても利用できます。,"{""赤"":""赤室"",""紫"":""紫室"",""緑"":""緑室"",""茶"":""茶室"",""白"":""白室"",""青"":""青室"",""黄"":""黄室"",""黒"":""黒室""}",黄
gen-noul-01-022,noul,generated,事実と否定質問,"{""対象者"":""高橋"",""項目"":""報告書を提出"",""実施済み"":true}",記録上、高橋さんは報告書を提出していると言えますか。,"{""false"":""いいえ。質問の命題は成立しない。"",""true"":""はい。質問の命題が成立する。""}",true
gen-choice-12-044,choice,generated,条件付き不足書類,"{""確認優先順"":[""同意書"",""見積書""],""代理申請だけに必要"":""見積書"",""代理申請"":true,""提出済み"":[""見積書"",""同意書""]}",必要な不足書類を先頭から一つだけ案内します。どれですか。必要書類に不足がなければ追加不要です。,"{""見積書"":""見積書"",""同意書"":""同意書"",""追加不要"":""必要書類はすべて提出済み""}",追加不要
gen-score-11-008,score,generated,時刻順の評価更新,"{""案件"":""青空"",""評価更新"":[{""時刻"":19,""段階"":1},{""時刻"":18,""段階"":0},{""時刻"":8,""段階"":6},{""時刻"":13,""段階"":6},{""時刻"":16,""段階"":2}],""採用規則"":""最新時刻だけを採用""}",履歴の記載順に惑わされず、最新評価を答えてください。,"[""評価段階0"",""評価段階1"",""評価段階2"",""評価段階3"",""評価段階4"",""評価段階5"",""評価段階6""]",1
gen-noul-09-019,noul,generated,重複を除いた件数,"{""棚"":""星空"",""読み取り品名"":[""ケース"",""封筒"",""箱"",""テープ"",""用紙"",""テープ"",""用紙"",""ラベル""],""数え方"":""同一品名の重複を除く""}",品物の種類は4種類以上ありますか。,"{""false"":""いいえ。質問の命題は成立しない。"",""true"":""はい。質問の命題が成立する。""}",true
gen-noul-02-036,noul,generated,全条件の充足,"""白波の利用には会費支払い・本人確認がすべて必要です。山田さん: 会費支払いは完了、本人確認は完了。""",不足条件なく利用を許可できますか。,"{""false"":""いいえ。質問の命題は成立しない。"",""true"":""はい。質問の命題が成立する。""}",true
gen-choice-10-033,choice,generated,不在時の代理,"""担当者: 水面は加藤、春風は吉田、夕凪は松本、灯台は青木。代理者: 加藤の代理は吉田、吉田の代理は松本、松本の代理は青木、青木の代理は加藤。本日の不在者は松本、加藤、青木。問い合わせ先の案件は春風です。代理への振替は一回だけ行い、その先の不在は判定しません。""",一回だけの代理振替を適用した後の宛先を答えてください。,"{""吉田"":""吉田さん"",""松本"":""松本さん"",""加藤"":""加藤さん"",""青木"":""青木さん""}",吉田
gen-noul-09-048,noul,generated,重複を除いた件数,"{""棚"":""夕凪"",""読み取り品名"":[""箱"",""箱"",""箱"",""箱"",""箱""],""数え方"":""同一品名の重複を除く""}",品物の種類は4種類以上ありますか。,"{""false"":""いいえ。質問の命題は成立しない。"",""true"":""はい。質問の命題が成立する。""}",false
gen-choice-07-032,choice,generated,複数属性の制約,"""在庫表: 名札は茶色・木製・在庫あり、封筒は茶色・ガラス製・在庫なし、ケースは茶色・布製・在庫あり、ファイルは赤色・ガラス製・在庫あり、用紙は茶色・ガラス製・在庫あり、冊子は茶色・ガラス製・在庫なし、箱は緑色・ガラス製・在庫あり。""",必要条件は茶色、ガラス製、在庫ありの三つです。全部に合う品はどれですか。,"{""ケース"":""ケース"",""用紙"":""用紙"",""名札"":""名札"",""箱"":""箱"",""冊子"":""冊子"",""封筒"":""封筒"",""ファイル"":""ファイル""}",用紙
gen-score-01-015,score,generated,件数の段階境界,"""草原で検品で見つかった不備を数えたところ、現在0件でした。処理済みは数に含めていません。""",件数だけを評価尺度に照らして判定してください。,"[""対象件数が3件未満"",""対象件数が3件以上""]",0
gen-choice-02-044,choice,generated,条件と優先例外,"{""規則"":""会員かつ10個以上なら優待。ただし予約品は常に通常"",""会員"":true,""購入数"":12,""予約品"":true}",会計時の区分を一つ決めてください。,"{""通常"":""通常の扱い"",""優待"":""優待の扱い""}",通常
gen-choice-04-042,choice,generated,参照先の担当,"""担当: 春風は青木、朝露は佐藤、若葉は林、草原は上田、灯台は森、山道は遠藤。資料の所属: クリップは灯台案件、ケースは春風案件、ラベルは草原案件、ノートは山道案件、封筒は朝露案件、付箋は若葉案件。確認する資料はクリップです。""",確認する資料の案件を担当している人を答えてください。,"{""上田"":""上田さん"",""青木"":""青木さん"",""林"":""林さん"",""遠藤"":""遠藤さん"",""佐藤"":""佐藤さん"",""森"":""森さん""}",森
gen-choice-14-005,choice,generated,二属性照合,"{""展示品"":[{""品名"":""ラベル"",""色"":""茶"",""素材"":""樹脂""},{""品名"":""クリップ"",""色"":""黒"",""素材"":""布""}],""指定色"":""黒"",""指定素材"":""布""}",指定された色と素材の両方が一致する品を選んでください。,"{""ラベル"":""ラベル"",""クリップ"":""クリップ""}",クリップ
gen-noul-15-028,noul,generated,出来事の前後関係,"{""担当者"":""遠藤"",""実施順"":[""引継ぎ"",""休憩"",""報告"",""棚への配置"",""伝票記入"",""電話連絡"",""荷物受取""],""各作業の実施回数"":1}",『荷物受取が先、伝票記入が後』という順序は正しいですか。,"{""false"":""いいえ。質問の命題は成立しない。"",""true"":""はい。質問の命題が成立する。""}",false
gen-score-02-036,score,generated,記述の満足段階,"{""回答者"":""佐藤"",""対象"":""木漏れ日"",""感想原文"":""大きな問題ではないが、やや不満がある""}",感想に明示された評価を尺度へ対応づけてください。,"[""やや不満"",""どちらでもない"",""最高の満足""]",0
gen-choice-10-038,choice,generated,不在時の代理,"""担当者: 青空は中村、朝露は松本、白波は吉田、水面は山田、星空は木村。代理者: 中村の代理は松本、松本の代理は吉田、吉田の代理は山田、山田の代理は木村、木村の代理は中村。本日の不在者は吉田、中村、山田、木村。問い合わせ先の案件は水面です。代理への振替は一回だけ行い、その先の不在は判定しません。""",一回だけの代理振替を適用した後の宛先を答えてください。,"{""松本"":""松本さん"",""中村"":""中村さん"",""山田"":""山田さん"",""吉田"":""吉田さん"",""木村"":""木村さん""}",木村
gen-score-05-034,score,generated,緊急条件の加点,"{""案件"":""青空"",""基本優先度"":1,""締切までの残り時間"":13,""規則"":""残り5時間以内なら1加点、それより長ければ0加点。上限3""}",締切までの時間による条件を反映した段階を答えてください。,"[""最終優先度0"",""最終優先度1"",""最終優先度2"",""最終優先度3""]",1
gen-score-03-011,score,generated,順番に進む工程,"""灯台の工程順は実施→準備→承認→報告→調査→審査。先頭から順に進め、完了済みは実施です。着手中の工程は完了に含めません。""",完了済みの到達段階を選んでください。,"[""完了した工程はまだない"",""先頭から1工程が完了（最後に完了したのは実施）"",""先頭から2工程が完了（最後に完了したのは準備）"",""先頭から3工程が完了（最後に完了したのは承認）"",""先頭から4工程が完了（最後に完了したのは報告）"",""先頭から5工程が完了（最後に完了したのは調査）"",""先頭から6工程が完了（最後に完了したのは審査）""]",1
gen-score-12-043,score,generated,目標からの差,"{""案件"":""木漏れ日"",""目標数"":15,""実績数"":21,""採点"":""差の絶対値。ただし6以上は段階6""}",示された上限を含め、実績のずれを段階に変換してください。,"[""目標との差が0個"",""目標との差が1個"",""目標との差が2個"",""目標との差が3個"",""目標との差が4個"",""目標との差が5個"",""目標との差が6個以上""]",6
gen-noul-02-029,noul,generated,全条件の充足,"""夕凪の利用には本人確認・事前登録がすべて必要です。中村さん: 本人確認は完了、事前登録は未完了。""",不足条件なく利用を許可できますか。,"{""false"":""いいえ。質問の命題は成立しない。"",""true"":""はい。質問の命題が成立する。""}",false
gen-score-07-001,score,generated,証拠の最高到達段階,"""この調査固有の証拠段階表: 第三者確認は段階1、監査記録は段階2、署名済み文書は段階3、口頭メモは段階4、担当者報告は段階5、写真記録は段階6。水面で得られた証拠はなし。複数ある場合は最大の段階を使い、なければ0です。""",この調査の証拠段階を選んでください。,"[""証拠なしの段階0"",""表に基づく最高証拠段階1"",""表に基づく最高証拠段階2"",""表に基づく最高証拠段階3"",""表に基づく最高証拠段階4"",""表に基づく最高証拠段階5"",""表に基づく最高証拠段階6""]",0
gen-choice-08-042,choice,generated,改訂と例外の優先,"{""通常品ラベルの改訂・古い順"":[""青"",""赤"",""茶""],""優先例外"":""冷蔵品は青"",""荷物"":""通常品"",""規則"":""後の改訂が前を上書きする""}",今回適用されるラベルを一つ決めてください。,"{""茶"":""茶ラベル"",""赤"":""赤ラベル"",""青"":""青ラベル""}",茶
gen-score-04-049,score,generated,独立チェックの合計,"""夕凪資料の点検: 署名ありは満たさない、承認印ありは満たさない、日付ありは満たさない。各項目は一つずつ数えます。""",条件を満たした項目を一つ一点として集計してください。,"[""満たした項目が0個"",""満たした項目が1個"",""満たした項目が2個"",""満たした項目が3個""]",0
gen-noul-01-019,noul,generated,事実と否定質問,"""大野さんについての確定記録: 同意書に署名しています。""",『大野さんは同意書に署名していない』はこの記録と一致しますか。,"{""false"":""いいえ。質問の命題は成立しない。"",""true"":""はい。質問の命題が成立する。""}",false
gen-score-06-014,score,generated,約束時刻からの遅れ,"{""便"":""朝露"",""約束時刻"":5,""実際の到着時刻"":6,""同日"":true,""早着時の遅れ"":0}",遅れの時間に対応する段階を答えてください。,"[""遅れが1時間未満"",""遅れが1時間以上、2時間未満"",""遅れが2時間以上、3時間未満"",""遅れが3時間以上、4時間未満"",""遅れが4時間以上、5時間未満"",""遅れが5時間以上""]",1
gen-score-01-002,score,generated,件数の段階境界,"{""案件"":""水面"",""計数対象"":""確認待ちの申請"",""件数"":0,""処理済みを除外"":true}",件数だけを評価尺度に照らして判定してください。,"[""対象件数が2件未満"",""対象件数が2件以上、4件未満"",""対象件数が4件以上""]",0
gen-noul-12-042,noul,generated,記録と主張の照合,"{""施設"":""星空"",""入口ごとの現在の確定記録"":{""北口"":""完全に開いている"",""南口"":""完全に開いている"",""東口"":""完全に開いている"",""西口"":""4分の1だけ開いている"",""裏口"":""完全に開いている"",""搬入口"":""4分の1だけ開いている""},""判定資料"":""現在の確定記録のみ""}",確定情報から、搬入口は4分の1だけ開いていると言えますか。,"{""false"":""いいえ。質問の命題は成立しない。"",""true"":""はい。質問の命題が成立する。""}",true
gen-noul-04-047,noul,generated,例外の優先,"""規則: 会員であれば木漏れ日を利用できます。ただし会費滞納なら利用できません。遠藤さんは会員に該当、会費滞納に該当です。""",例外を含む規則のもとで利用は許可されますか。,"{""false"":""いいえ。質問の命題は成立しない。"",""true"":""はい。質問の命題が成立する。""}",false
gen-score-09-012,score,generated,例外による上限,"""検査合格状況: 寸法は不合格、表示は合格、包装は合格。合格項目一つにつき1点ですが、要再確認の印があれば上限2点に制限します。今回その印はあります。""",上限制限を適用した最終点を選んでください。,"[""最終点0点"",""最終点1点"",""最終点2点"",""最終点3点""]",2
gen-noul-10-046,noul,generated,条件付き義務,"""規則: 個人向けのときだけ控えの交付が必須です。それ以外の場合にはこの義務はなく、実施していても構いません。今回の案件は個人向けに該当で、控えの交付は実施済みです。""",この記録は規則を守っていますか。,"{""false"":""いいえ。質問の命題は成立しない。"",""true"":""はい。質問の命題が成立する。""}",true
gen-choice-01-031,choice,generated,問い合わせ経路,"{""分類表"":{""製品"":[""破損"",""初期不良"",""部品交換""],""契約"":[""契約更新"",""プラン変更"",""解約手続き""],""請求"":[""二重請求"",""領収書"",""返金""],""アカウント"":[""ログイン"",""パスワード"",""退会""],""店舗"":[""営業時間"",""店内設備"",""店舗の場所""],""配送"":[""届け先変更"",""荷物の遅延"",""追跡番号""]},""本文"":""買った製品が最初から動きません"",""受付主題"":""初期不良""}",分類表に従い、この問い合わせを担当する窓口を一つ選んでください。,"{""配送"":""配送の窓口"",""請求"":""請求の窓口"",""アカウント"":""アカウントの窓口"",""契約"":""契約の窓口"",""店舗"":""店舗の窓口"",""製品"":""製品の窓口""}",製品
gen-noul-08-009,noul,generated,集合と否定所属,"""灯台の参加者名簿は遠藤、青木です。この名簿は完全で、記載のない人は参加者ではありません。""",名簿に基づき、青木さんが参加者ではないという判断に同意できますか。,"{""false"":""いいえ。質問の命題は成立しない。"",""true"":""はい。質問の命題が成立する。""}",false
gen-score-15-026,score,generated,軽重のある項目,"{""不備ごとの配点"":{""宛名不備"":2,""余白不備"":1,""添付欠落"":1},""不備あり"":{""宛名不備"":false,""余白不備"":true,""添付欠落"":true},""上限"":3}",項目数ではなく指定された点数で評価してください。,"[""不備点の合計が0点"",""不備点の合計が1点"",""不備点の合計が2点"",""不備点の合計が3点以上""]",2
gen-score-05-036,score,generated,緊急条件の加点,"""山道の基本優先度は2です。締切まで残り2時間以内なら1だけ加点し、それより長ければ加点しません。上限は5です。今回は締切まで1時間です。""",締切までの時間による条件を反映した段階を答えてください。,"[""最終優先度0"",""最終優先度1"",""最終優先度2"",""最終優先度3"",""最終優先度4"",""最終優先度5""]",3
gen-choice-11-038,choice,generated,小数量の比較,"""入出庫記録: クリップは在庫5個、そのうち予約5個、付箋は在庫10個、そのうち予約2個、冊子は在庫9個、そのうち予約3個、袋は在庫12個、そのうち予約5個、箱は在庫6個、そのうち予約2個、封筒は在庫8個、そのうち予約3個、テープは在庫2個、そのうち予約1個、ファイルは在庫7個、そのうち予約5個。予約分は自由在庫に含めません。""",自由在庫が最も多い品を選んでください。,"{""ファイル"":""ファイル"",""付箋"":""付箋"",""封筒"":""封筒"",""袋"":""袋"",""クリップ"":""クリップ"",""冊子"":""冊子"",""箱"":""箱"",""テープ"":""テープ""}",付箋
gen-score-12-025,score,generated,目標からの差,"{""案件"":""灯台"",""目標数"":14,""実績数"":14,""採点"":""差の絶対値。ただし2以上は段階2""}",目標からのずれの段階を選んでください。,"[""目標との差が0個"",""目標との差が1個"",""目標との差が2個以上""]",0
gen-noul-07-028,noul,generated,識別文字列の完全一致,"""商品ラベルの管理コードは「MN7-B」、注文票の管理コードは「MN7-D」です。照合では大文字と小文字、記号の違いも区別します。""",同一コードとして扱ってよいですか。,"{""false"":""いいえ。質問の命題は成立しない。"",""true"":""はい。質問の命題が成立する。""}",false
gen-choice-12-032,choice,generated,条件付き不足書類,"""書類確認の優先順は委任状→承認書→同意書→本人確認票→見積書。本人確認票だけは代理申請の場合に限って必要で、それ以外は常に必要です。今回は代理申請。提出済みは見積書、本人確認票です。""",必要な不足書類を先頭から一つだけ案内します。どれですか。必要書類に不足がなければ追加不要です。,"{""追加不要"":""必要書類はすべて提出済み"",""同意書"":""同意書"",""承認書"":""承認書"",""本人確認票"":""本人確認票"",""委任状"":""委任状"",""見積書"":""見積書""}",委任状
gen-noul-03-042,noul,generated,いずれかの条件,"""灯台の受付では紹介状・事前予約票・招待券のうち一つ以上があれば通れます。木村さん: 紹介状はあり、事前予約票はあり、招待券はなし。""",記載された条件で受付を通れますか。,"{""false"":""いいえ。質問の命題は成立しない。"",""true"":""はい。質問の命題が成立する。""}",true
gen-choice-15-038,choice,generated,文章内の順序参照,"{""会議"":""夕凪"",""発表順"":[""渡辺"",""吉田""]}",紹介された順番で1人目に発表する人は誰ですか。,"{""吉田"":""吉田さん"",""渡辺"":""渡辺さん""}",渡辺
gen-noul-01-004,noul,generated,事実と否定質問,"{""対象者"":""青木"",""項目"":""作業を中断"",""実施済み"":false}",『青木さんは作業を中断していない』はこの記録と一致しますか。,"{""false"":""いいえ。質問の命題は成立しない。"",""true"":""はい。質問の命題が成立する。""}",true
gen-score-11-045,score,generated,時刻順の評価更新,"""白波の評価更新履歴: 20時に段階0、21時に段階1、9時に段階1。評価は最新時刻の値だけを採用します。""",履歴の記載順に惑わされず、最新評価を答えてください。,"[""評価段階0"",""評価段階1""]",1
gen-choice-12-049,choice,generated,条件付き不足書類,"{""確認優先順"":[""受領票"",""申込書"",""承認書"",""同意書"",""見積書"",""本人確認票"",""委任状""],""代理申請だけに必要"":""委任状"",""代理申請"":true,""提出済み"":[""申込書"",""承認書"",""見積書""]}",未提出の必要書類のうち優先順が最初のものを選んでください。全部そろっていれば追加不要です。,"{""受領票"":""受領票"",""申込書"":""申込書"",""委任状"":""委任状"",""本人確認票"":""本人確認票"",""同意書"":""同意書"",""見積書"":""見積書"",""承認書"":""承認書"",""追加不要"":""必要書類はすべて提出済み""}",受領票
gen-score-08-043,score,generated,要件への一致数,"""注文要件: サイズ=中、印字=片面のみ、色=青、形=四角、素材=紙、配送=宅配。提案品: サイズ=中、印字=片面のみ、色=青、形=四角、素材=紙、配送=宅配。""",各属性の完全一致を一点として採点してください。,"[""一致した要件が0項目"",""一致した要件が1項目"",""一致した要件が2項目"",""一致した要件が3項目"",""一致した要件が4項目"",""一致した要件が5項目"",""一致した要件が6項目""]",6
gen-score-09-009,score,generated,例外による上限,"""検査合格状況: 寸法は合格、動作は不合格、記録は合格、表示は不合格、外観は不合格、付属品は合格、包装は不合格。合格項目一つにつき1点ですが、要再確認の印があれば上限1点に制限します。今回その印はあります。""",例外条件を反映した評価段階を答えてください。,"[""最終点0点"",""最終点1点"",""最終点2点"",""最終点3点"",""最終点4点"",""最終点5点"",""最終点6点"",""最終点7点""]",1
gen-score-02-016,score,generated,記述の満足段階,"{""回答者"":""遠藤"",""対象"":""木漏れ日"",""感想原文"":""改善を求めたい。不満が残った""}",発言の意味に最も合う満足段階を選んでください。,"[""強い不満"",""不満"",""強い満足"",""最高の満足""]",1
gen-noul-15-002,noul,generated,出来事の前後関係,"{""担当者"":""遠藤"",""実施順"":[""報告"",""棚への配置"",""荷物受取"",""引継ぎ""],""各作業の実施回数"":1}",日誌では引継ぎの方が荷物受取より先ですか。,"{""false"":""いいえ。質問の命題は成立しない。"",""true"":""はい。質問の命題が成立する。""}",false
gen-choice-02-001,choice,generated,条件と優先例外,"{""規則"":""会員かつ5個以上なら優待。ただし予約品は常に通常"",""会員"":false,""購入数"":11,""予約品"":true}",会計時の区分を一つ決めてください。,"{""優待"":""優待の扱い"",""通常"":""通常の扱い""}",通常
gen-choice-14-008,choice,generated,二属性照合,"{""展示品"":[{""品名"":""ケース"",""色"":""緑"",""素材"":""木""},{""品名"":""ラベル"",""色"":""黄"",""素材"":""樹脂""},{""品名"":""用紙"",""色"":""紫"",""素材"":""紙""}],""指定色"":""黄"",""指定素材"":""樹脂""}",二つの指定を同時に満たす展示品はどれですか。,"{""用紙"":""用紙"",""ラベル"":""ラベル"",""ケース"":""ケース""}",ラベル
gen-score-12-031,score,generated,目標からの差,"""朝露の目標数は9個、実績は9個です。多すぎても少なすぎても、目標から何個離れたかで評価します。差が1個以上なら最終段階1にまとめます。""",示された上限を含め、実績のずれを段階に変換してください。,"[""目標との差が0個"",""目標との差が1個以上""]",0
gen-noul-04-024,noul,generated,例外の優先,"""規則: 登録済みであれば春風を利用できます。ただし申請保留中なら利用できません。高橋さんは登録済みに該当、申請保留中に非該当です。""",この人は現在、利用可能ですか。,"{""false"":""いいえ。質問の命題は成立しない。"",""true"":""はい。質問の命題が成立する。""}",true
gen-noul-03-040,noul,generated,いずれかの条件,"{""いずれか一つ以上必要"":[""事前予約票"",""紹介状"",""会員証""],""所持状況"":{""事前予約票"":false,""紹介状"":false,""会員証"":true},""対象"":""松本""}",記載された条件で受付を通れますか。,"{""false"":""いいえ。質問の命題は成立しない。"",""true"":""はい。質問の命題が成立する。""}",true
gen-choice-14-032,choice,generated,二属性照合,"{""展示品"":[{""品名"":""封筒"",""色"":""茶"",""素材"":""紙""},{""品名"":""テープ"",""色"":""赤"",""素材"":""金属""}],""指定色"":""赤"",""指定素材"":""金属""}",二つの指定を同時に満たす展示品はどれですか。,"{""封筒"":""封筒"",""テープ"":""テープ""}",テープ
gen-noul-13-021,noul,generated,範囲の開閉境界,"""草原の受付数は、8個以上、かつ16個以下の場合に限り適合です。今回の数は8個です。""",今回の個数は適合範囲に入っていますか。,"{""false"":""いいえ。質問の命題は成立しない。"",""true"":""はい。質問の命題が成立する。""}",true
gen-score-12-045,score,generated,目標からの差,"""白波の目標数は11個、実績は11個です。多すぎても少なすぎても、目標から何個離れたかで評価します。差が1個以上なら最終段階1にまとめます。""",目標からのずれの段階を選んでください。,"[""目標との差が0個"",""目標との差が1個以上""]",0
gen-noul-05-036,noul,generated,締切の境界,"{""受付規則"":""15時より前だけ受け付け、15時ちょうどは無効"",""提出者"":""吉田"",""提出時刻"":12}",記録された提出時刻は締切内ですか。,"{""false"":""いいえ。質問の命題は成立しない。"",""true"":""はい。質問の命題が成立する。""}",true
gen-noul-06-049,noul,generated,更新後の状態,"""草原の状態記録: 12時には空席あり、17時には満席、18時には停止中、10時には使用可能。時刻が新しい記録が古い記録を上書きします。""",最後の更新を適用すると、状態は「点検中」になっていますか。,"{""false"":""いいえ。質問の命題は成立しない。"",""true"":""はい。質問の命題が成立する。""}",false
gen-noul-11-047,noul,generated,参照関係の真偽,"""担当表: 星空は林、春風は加藤。資料の関連先: 付箋は星空、箱は春風。""",付箋の関連先を担当表で引くと林さんになりますか。,"{""false"":""いいえ。質問の命題は成立しない。"",""true"":""はい。質問の命題が成立する。""}",true
gen-score-11-041,score,generated,時刻順の評価更新,"""山道の評価更新履歴: 13時に段階3、9時に段階3、19時に段階1、11時に段階1、8時に段階3、14時に段階0。評価は最新時刻の値だけを採用します。""",履歴の記載順に惑わされず、最新評価を答えてください。,"[""評価段階0"",""評価段階1"",""評価段階2"",""評価段階3"",""評価段階4""]",1
gen-choice-05-041,choice,generated,否定条件で選択,"""検品記録: 箱は封なしで濡れていない、封筒は封ありで濡れている、テープは封なしで濡れている、冊子は封ありで濡れている、ラベルは封ありで濡れていない。""",対象は『封がある』『濡れていない』の両方を満たす品です。どれですか。,"{""ラベル"":""ラベル"",""テープ"":""テープ"",""冊子"":""冊子"",""封筒"":""封筒"",""箱"":""箱""}",ラベル
gen-choice-05-019,choice,generated,否定条件で選択,"""検品記録: 袋は封ありで濡れている、ペンは封ありで濡れていない、クリップは封ありで濡れている。""",濡れた品は除外し、封がある品を一つ選んでください。,"{""ペン"":""ペン"",""クリップ"":""クリップ"",""袋"":""袋""}",ペン
gen-score-09-013,score,generated,例外による上限,"{""検査合格"":{""記録"":true,""表示"":false,""動作"":true,""包装"":true},""要再確認の印あり"":true,""採点規則"":""合格数が点数。ただし印があれば上限3点""}",例外条件を反映した評価段階を答えてください。,"[""最終点0点"",""最終点1点"",""最終点2点"",""最終点3点"",""最終点4点""]",3
gen-score-14-028,score,generated,参照表の順序尺度,"{""検査対象"":""夕凪"",""今回の対応表"":{""黄"":0,""青"":1,""黒"":2,""茶"":3,""赤"":4,""紫"":5},""確定票の印"":""紫""}",検査票の印を指定尺度に変換してください。,"[""表による段階0"",""表による段階1"",""表による段階2"",""表による段階3"",""表による段階4"",""表による段階5""]",5
gen-noul-08-032,noul,generated,集合と否定所属,"{""催し"":""木漏れ日"",""完全な参加者名簿"":[""中村"",""吉田"",""林"",""佐藤"",""森"",""渡辺""],""補足"":""名前のない人は参加者ではない""}",名簿に基づき、遠藤さんが参加者ではないという判断に同意できますか。,"{""false"":""いいえ。質問の命題は成立しない。"",""true"":""はい。質問の命題が成立する。""}",true
gen-score-12-030,score,generated,目標からの差,"""星空の目標数は10個、実績は11個です。多すぎても少なすぎても、目標から何個離れたかで評価します。差が7個以上なら最終段階7にまとめます。""",不足・超過の向きではなく差の大きさで評価してください。,"[""目標との差が0個"",""目標との差が1個"",""目標との差が2個"",""目標との差が3個"",""目標との差が4個"",""目標との差が5個"",""目標との差が6個"",""目標との差が7個以上""]",1
gen-score-10-040,score,generated,不足の段階,"""春風申請で必要なものは受領票、添付図、同意書。届いたものは受領票、同意書です。必要一覧にない書類は不足を埋めません。""",未提出の必要書類はいくつの段階ですか。,"[""不足が0種類"",""不足が1種類"",""不足が2種類"",""不足が3種類""]",1
gen-choice-04-012,choice,generated,参照先の担当,"""担当: 草原は青木、木漏れ日は佐藤、山道は上田、星空は高橋。資料の所属: クリップは草原案件、ペンは山道案件、冊子は星空案件、付箋は木漏れ日案件。確認する資料は付箋です。""",確認する資料の案件を担当している人を答えてください。,"{""青木"":""青木さん"",""佐藤"":""佐藤さん"",""上田"":""上田さん"",""高橋"":""高橋さん""}",佐藤
gen-score-13-046,score,generated,取消しを反映した件数,"{""催し"":""星空"",""申込み"":[{""氏名"":""加藤"",""受付済み"":true,""取消済み"":true},{""氏名"":""林"",""受付済み"":false,""取消済み"":false},{""氏名"":""上田"",""受付済み"":false,""取消済み"":false},{""氏名"":""高橋"",""受付済み"":false,""取消済み"":false},{""氏名"":""遠藤"",""受付済み"":false,""取消済み"":false},{""氏名"":""吉田"",""受付済み"":true,""取消済み"":false},{""氏名"":""森"",""受付済み"":false,""取消済み"":false}],""まとめ方"":""2件以上は段階2""}",現在有効な申込みだけを数えて評価してください。,"[""有効申込みが0件"",""有効申込みが1件"",""有効申込みが2件以上""]",1
gen-score-06-002,score,generated,約束時刻からの遅れ,"{""便"":""木漏れ日"",""約束時刻"":6,""実際の到着時刻"":9,""同日"":true,""早着時の遅れ"":0}",約束時刻と到着時刻の差から、遅延段階を選んでください。,"[""遅れが1時間未満"",""遅れが1時間以上、2時間未満"",""遅れが2時間以上、3時間未満"",""遅れが3時間以上、4時間未満"",""遅れが4時間以上、5時間未満"",""遅れが5時間以上、6時間未満"",""遅れが6時間以上、7時間未満"",""遅れが7時間以上""]",3
gen-score-06-039,score,generated,約束時刻からの遅れ,"{""便"":""草原"",""約束時刻"":5,""実際の到着時刻"":7,""同日"":true,""早着時の遅れ"":0}",到着の遅れを段階基準で評価してください。,"[""遅れが1時間未満"",""遅れが1時間以上、2時間未満"",""遅れが2時間以上""]",2
gen-score-07-016,score,generated,証拠の最高到達段階,"{""調査"":""草原"",""この調査の証拠段階"":{""第三者確認"":1,""監査記録"":2,""写真記録"":3,""口頭メモ"":4,""一次資料"":5,""担当者報告"":6,""署名済み文書"":7},""得られた証拠"":[""口頭メモ"",""監査記録"",""第三者確認"",""写真記録""],""集約規則"":""得られた段階の最大。証拠なしは0""}",明示された段階表だけで証拠を評価してください。,"[""証拠なしの段階0"",""表に基づく最高証拠段階1"",""表に基づく最高証拠段階2"",""表に基づく最高証拠段階3"",""表に基づく最高証拠段階4"",""表に基づく最高証拠段階5"",""表に基づく最高証拠段階6"",""表に基づく最高証拠段階7""]",4
gen-noul-06-027,noul,generated,更新後の状態,"""朝露の状態記録: 16時には点検中、18時には使用可能、9時には停止中。時刻が新しい記録が古い記録を上書きします。""",最後の更新を適用すると、状態は「満席」になっていますか。,"{""false"":""いいえ。質問の命題は成立しない。"",""true"":""はい。質問の命題が成立する。""}",false
gen-score-02-014,score,generated,記述の満足段階,"""松本さんは星空の体験について「とても良い結果で、強い満足がある」と回答しました。追加の発言はありません。""",発言の意味に最も合う満足段階を選んでください。,"[""不満"",""強い満足""]",1
gen-score-05-001,score,generated,緊急条件の加点,"{""案件"":""灯台"",""基本優先度"":3,""締切までの残り時間"":3,""規則"":""残り5時間以内なら1加点、それより長ければ0加点。上限5""}",締切までの時間による条件を反映した段階を答えてください。,"[""最終優先度0"",""最終優先度1"",""最終優先度2"",""最終優先度3"",""最終優先度4"",""最終優先度5""]",4
gen-noul-11-024,noul,generated,参照関係の真偽,"{""案件担当"":{""星空"":""林"",""白波"":""上田""},""資料関連先"":{""シール"":""白波"",""封筒"":""星空""}}",封筒に関連する案件の担当は上田さんですか。,"{""false"":""いいえ。質問の命題は成立しない。"",""true"":""はい。質問の命題が成立する。""}",false
gen-choice-07-024,choice,generated,複数属性の制約,"{""在庫表"":[{""品名"":""冊子"",""色"":""緑"",""素材"":""木"",""在庫あり"":false},{""品名"":""シール"",""色"":""緑"",""素材"":""木"",""在庫あり"":false},{""品名"":""名札"",""色"":""緑"",""素材"":""木"",""在庫あり"":true},{""品名"":""ファイル"",""色"":""青"",""素材"":""木"",""在庫あり"":true},{""品名"":""カード"",""色"":""緑"",""素材"":""布"",""在庫あり"":true},{""品名"":""袋"",""色"":""紫"",""素材"":""木"",""在庫あり"":true}]}",必要条件は緑色、木製、在庫ありの三つです。全部に合う品はどれですか。,"{""袋"":""袋"",""名札"":""名札"",""カード"":""カード"",""冊子"":""冊子"",""ファイル"":""ファイル"",""シール"":""シール""}",名札
gen-noul-12-037,noul,generated,記録と主張の照合,"{""施設"":""白波"",""入口ごとの現在の確定記録"":{""北口"":""完全に開いている"",""南口"":""半分だけ開いている"",""東口"":""4分の1だけ開いている"",""西口"":""完全に閉じている"",""裏口"":""完全に閉じている"",""搬入口"":""4分の1だけ開いている""},""判定資料"":""現在の確定記録のみ""}",確定情報から、搬入口は完全に閉じていると言えますか。,"{""false"":""いいえ。質問の命題は成立しない。"",""true"":""はい。質問の命題が成立する。""}",false
gen-choice-05-002,choice,generated,否定条件で選択,"""検品記録: ノートは封ありで濡れていない、名札は封なしで濡れていない、袋は封ありで濡れていない、ラベルは封ありで濡れている、クリップは封ありで濡れていない、ケースは封ありで濡れている。""",対象は『封がない』『濡れていない』の両方を満たす品です。どれですか。,"{""袋"":""袋"",""クリップ"":""クリップ"",""ラベル"":""ラベル"",""ノート"":""ノート"",""ケース"":""ケース"",""名札"":""名札""}",名札
gen-score-09-011,score,generated,例外による上限,"""検査合格状況: 表示は合格、記録は合格。合格項目一つにつき1点ですが、要再確認の印があれば上限1点に制限します。今回その印はあります。""",例外条件を反映した評価段階を答えてください。,"[""最終点0点"",""最終点1点"",""最終点2点""]",1
gen-choice-04-043,choice,generated,参照先の担当,"""担当: 夕凪は石田、若葉は吉田、白波は中村、青空は松本、山道は加藤、草原は森、春風は林、木漏れ日は上田。資料の所属: 冊子は草原案件、用紙は春風案件、付箋は青空案件、テープは白波案件、ノートは夕凪案件、ラベルは若葉案件、ケースは山道案件、箱は木漏れ日案件。確認する資料は付箋です。""",確認する資料の案件を担当している人を答えてください。,"{""石田"":""石田さん"",""林"":""林さん"",""上田"":""上田さん"",""森"":""森さん"",""吉田"":""吉田さん"",""加藤"":""加藤さん"",""松本"":""松本さん"",""中村"":""中村さん""}",松本
gen-noul-10-001,noul,generated,条件付き義務,"""規則: 追加申請のときだけ記録票の保存が必須です。それ以外の場合にはこの義務はなく、実施していても構いません。今回の案件は追加申請に該当で、記録票の保存は未実施です。""",この記録は規則を守っていますか。,"{""false"":""いいえ。質問の命題は成立しない。"",""true"":""はい。質問の命題が成立する。""}",false
gen-choice-15-041,choice,generated,文章内の順序参照,"{""会議"":""青空"",""発表順"":[""森"",""石田"",""高橋"",""上田"",""加藤"",""青木"",""吉田""]}",発表順の先頭から2番目にいる人を答えてください。,"{""上田"":""上田さん"",""石田"":""石田さん"",""加藤"":""加藤さん"",""森"":""森さん"",""青木"":""青木さん"",""吉田"":""吉田さん"",""高橋"":""高橋さん""}",石田
gen-choice-13-030,choice,generated,工程の依存順,"{""案件"":""春風"",""工程順"":[""受付"",""実施"",""承認"",""内容確認""],""完了済み"":[""受付""],""規則"":""順に実行し未完了工程を飛ばさない""}",次に行う工程を選んでください。すべて済んでいれば完了を選びます。,"{""受付"":""受付"",""完了"":""全工程が完了"",""実施"":""実施"",""内容確認"":""内容確認"",""承認"":""承認""}",実施
gen-score-12-040,score,generated,目標からの差,"""水面の目標数は13個、実績は16個です。多すぎても少なすぎても、目標から何個離れたかで評価します。差が3個以上なら最終段階3にまとめます。""",不足・超過の向きではなく差の大きさで評価してください。,"[""目標との差が0個"",""目標との差が1個"",""目標との差が2個"",""目標との差が3個以上""]",3
gen-noul-03-032,noul,generated,いずれかの条件,"{""いずれか一つ以上必要"":[""当日券"",""招待券"",""事前予約票""],""所持状況"":{""当日券"":false,""招待券"":true,""事前予約票"":false},""対象"":""大野""}",記載された条件で受付を通れますか。,"{""false"":""いいえ。質問の命題は成立しない。"",""true"":""はい。質問の命題が成立する。""}",true
gen-choice-14-028,choice,generated,二属性照合,"""展示品の札: クリップは黒色・ガラス製、ラベルは緑色・紙製、ケースは紫色・金属製。探しているのは紫色の金属製です。""",色だけ・素材だけの一致では足りません。該当品を答えてください。,"{""クリップ"":""クリップ"",""ケース"":""ケース"",""ラベル"":""ラベル""}",ケース
gen-noul-09-018,noul,generated,重複を除いた件数,"""水面棚で読み取った品名は封筒、封筒でした。同じ品名の繰り返しは一種類として数えます。""",品物の種類は3種類以上ありますか。,"{""false"":""いいえ。質問の命題は成立しない。"",""true"":""はい。質問の命題が成立する。""}",false
gen-noul-01-046,noul,generated,事実と否定質問,"""吉田さんについての確定記録: 申請の取り下げを実施していません。""",記録上、吉田さんは申請の取り下げを実施していないと言えますか。,"{""false"":""いいえ。質問の命題は成立しない。"",""true"":""はい。質問の命題が成立する。""}",true
gen-score-14-008,score,generated,参照表の順序尺度,"""今回の検査用の対応表: 青印は段階0、黄印は段階1、赤印は段階2、紫印は段階3、白印は段階4、黒印は段階5、緑印は段階6。朝露の確定検査票には黄印が付いています。色に一般的な良し悪しは仮定しません。""",今回の対応表を使って検査票の段階を選んでください。,"[""表による段階0"",""表による段階1"",""表による段階2"",""表による段階3"",""表による段階4"",""表による段階5"",""表による段階6""]",1
gen-choice-06-022,choice,generated,時間枠の包含,"""部屋の連続利用可能時間: 黄室は9時から12時まで、黒室は11時から14時まで、紫室は11時から14時まで、緑室は11時から15時まで、赤室は10時から13時まで。会議は10時開始、13時終了です。""",会議の全時間を連続して確保できる部屋を選んでください。開始・終了の一致は許可します。,"{""紫"":""紫室"",""黄"":""黄室"",""赤"":""赤室"",""緑"":""緑室"",""黒"":""黒室""}",赤
gen-noul-01-047,noul,generated,事実と否定質問,"{""対象者"":""加藤"",""項目"":""欠席を連絡"",""実施済み"":true}",『加藤さんは欠席を連絡していない』はこの記録と一致しますか。,"{""false"":""いいえ。質問の命題は成立しない。"",""true"":""はい。質問の命題が成立する。""}",false
gen-noul-03-008,noul,generated,いずれかの条件,"{""いずれか一つ以上必要"":[""招待券"",""事前予約票"",""会員証"",""当日券""],""所持状況"":{""招待券"":true,""事前予約票"":true,""会員証"":true,""当日券"":true},""対象"":""木村""}",この人は受付基準を満たしていますか。,"{""false"":""いいえ。質問の命題は成立しない。"",""true"":""はい。質問の命題が成立する。""}",true
gen-score-12-013,score,generated,目標からの差,"{""案件"":""星空"",""目標数"":11,""実績数"":7,""採点"":""差の絶対値。ただし4以上は段階4""}",示された上限を含め、実績のずれを段階に変換してください。,"[""目標との差が0個"",""目標との差が1個"",""目標との差が2個"",""目標との差が3個"",""目標との差が4個以上""]",4
gen-score-09-027,score,generated,例外による上限,"""検査合格状況: 表示は合格、寸法は合格、外観は合格、記録は不合格。合格項目一つにつき1点ですが、要再確認の印があれば上限0点に制限します。今回その印はあります。""",例外条件を反映した評価段階を答えてください。,"[""最終点0点"",""最終点1点"",""最終点2点"",""最終点3点"",""最終点4点""]",0
gen-choice-09-003,choice,generated,利用可能集合の差,"""貸出台帳で利用可能と記録されている品はケース、付箋、ラベル、冊子、ノート、封筒。予約済みの品はノート、ケース、冊子、封筒、名札、ラベルです。""",今貸せるのは利用可能かつ未予約の品です。該当するものはどれですか。,"{""名札"":""名札"",""ノート"":""ノート"",""封筒"":""封筒"",""付箋"":""付箋"",""ラベル"":""ラベル"",""ケース"":""ケース"",""冊子"":""冊子""}",付箋
gen-noul-02-007,noul,generated,全条件の充足,"""白波の利用には同意書提出・会費支払い・事前登録・本人確認がすべて必要です。大野さん: 同意書提出は未完了、会費支払いは未完了、事前登録は未完了、本人確認は完了。""",不足条件なく利用を許可できますか。,"{""false"":""いいえ。質問の命題は成立しない。"",""true"":""はい。質問の命題が成立する。""}",false
gen-noul-04-017,noul,generated,例外の優先,"""規則: 認定済みであれば山道を利用できます。ただし登録凍結中なら利用できません。石田さんは認定済みに非該当、登録凍結中に該当です。""",禁止例外を先に考慮すると、この利用を認められますか。,"{""false"":""いいえ。質問の命題は成立しない。"",""true"":""はい。質問の命題が成立する。""}",false
gen-score-07-010,score,generated,証拠の最高到達段階,"""この調査固有の証拠段階表: 第三者確認は段階1。朝露で得られた証拠はなし。複数ある場合は最大の段階を使い、なければ0です。""",明示された段階表だけで証拠を評価してください。,"[""証拠なしの段階0"",""表に基づく最高証拠段階1""]",0
gen-choice-13-005,choice,generated,工程の依存順,"{""案件"":""青空"",""工程順"":[""承認"",""準備"",""見積作成""],""完了済み"":[""承認"",""準備"",""見積作成""],""規則"":""順に実行し未完了工程を飛ばさない""}",この作業を一段進めるときに着手する工程を答えてください。残りがなければ完了です。,"{""準備"":""準備"",""承認"":""承認"",""見積作成"":""見積作成"",""完了"":""全工程が完了""}",完了
gen-choice-13-018,choice,generated,工程の依存順,"{""案件"":""朝露"",""工程順"":[""報告"",""内容確認"",""承認"",""見積作成""],""完了済み"":[],""規則"":""順に実行し未完了工程を飛ばさない""}",まだ済んでいない最初の工程は何ですか。存在しない場合は完了です。,"{""完了"":""全工程が完了"",""見積作成"":""見積作成"",""承認"":""承認"",""内容確認"":""内容確認"",""報告"":""報告""}",報告
gen-noul-14-043,noul,generated,予定時間の重なり,"{""対象者"":""山田"",""会議"":[15,16],""面談"":[13,14],""規則"":""終了時刻と開始時刻が一致するだけなら重複なし""}",同時に二つの予定に出席しなければならない時間がありますか。,"{""false"":""いいえ。質問の命題は成立しない。"",""true"":""はい。質問の命題が成立する。""}",false
gen-noul-05-007,noul,generated,締切の境界,"{""受付規則"":""13時ちょうどまで受け付け、同時刻の提出も有効"",""提出者"":""林"",""提出時刻"":16}",時刻だけを基準に、この提出を有効と判定できますか。,"{""false"":""いいえ。質問の命題は成立しない。"",""true"":""はい。質問の命題が成立する。""}",false
gen-score-11-002,score,generated,時刻順の評価更新,"{""案件"":""水面"",""評価更新"":[{""時刻"":8,""段階"":3},{""時刻"":20,""段階"":6},{""時刻"":16,""段階"":2},{""時刻"":14,""段階"":3}],""採用規則"":""最新時刻だけを採用""}",最後に更新された有効な段階はいくつですか。,"[""評価段階0"",""評価段階1"",""評価段階2"",""評価段階3"",""評価段階4"",""評価段階5"",""評価段階6"",""評価段階7""]",6
gen-choice-08-003,choice,generated,改訂と例外の優先,"{""通常品ラベルの改訂・古い順"":[""白"",""黒"",""茶""],""優先例外"":""冷蔵品は白"",""荷物"":""冷蔵品"",""規則"":""後の改訂が前を上書きする""}",例外と改訂の順序を考慮して、使用する色はどれですか。,"{""赤"":""赤ラベル"",""緑"":""緑ラベル"",""黒"":""黒ラベル"",""白"":""白ラベル"",""茶"":""茶ラベル""}",白
gen-score-02-033,score,generated,記述の満足段階,"{""回答者"":""青木"",""対象"":""星空"",""感想原文"":""期待を満たしていて、満足した""}",発言の意味に最も合う満足段階を選んでください。,"[""不満"",""やや不満"",""どちらでもない"",""やや満足"",""満足"",""強い満足"",""最高の満足""]",4
gen-noul-01-002,noul,generated,事実と否定質問,"{""対象者"":""大野"",""項目"":""鍵を返却"",""実施済み"":true}",確定情報だけから、大野さんが鍵を返却しているという判断は正しいですか。,"{""false"":""いいえ。質問の命題は成立しない。"",""true"":""はい。質問の命題が成立する。""}",true
gen-noul-03-006,noul,generated,いずれかの条件,"""夕凪の受付では事前予約票・招待券・会員証のうち一つ以上があれば通れます。遠藤さん: 事前予約票はあり、招待券はあり、会員証はあり。""",記載された条件で受付を通れますか。,"{""false"":""いいえ。質問の命題は成立しない。"",""true"":""はい。質問の命題が成立する。""}",true
gen-choice-11-033,choice,generated,小数量の比較,"{""在庫"":[{""品名"":""クリップ"",""総在庫"":10,""予約分"":2},{""品名"":""冊子"",""総在庫"":2,""予約分"":2},{""品名"":""カード"",""総在庫"":1,""予約分"":0},{""品名"":""付箋"",""総在庫"":8,""予約分"":5}],""自由在庫"":""総在庫から予約分を引く""}",自由在庫が最も多い品を選んでください。,"{""付箋"":""付箋"",""カード"":""カード"",""冊子"":""冊子"",""クリップ"":""クリップ""}",クリップ
gen-score-08-011,score,generated,要件への一致数,"""注文要件: 印字=片面のみ、素材=紙。提案品: 印字=あり、素材=木。""",注文要件と一致している属性の数を段階として選んでください。,"[""一致した要件が0項目"",""一致した要件が1項目"",""一致した要件が2項目""]",0
gen-choice-01-013,choice,generated,問い合わせ経路,"{""分類表"":{""請求"":[""二重請求"",""領収書"",""返金""],""アカウント"":[""ログイン"",""パスワード"",""退会""],""配送"":[""届け先変更"",""荷物の遅延"",""追跡番号""],""契約"":[""契約更新"",""プラン変更"",""解約手続き""],""製品"":[""破損"",""初期不良"",""部品交換""],""店舗"":[""営業時間"",""店内設備"",""店舗の場所""]},""本文"":""お店がどこにあるか知りたいです"",""受付主題"":""店舗の場所""}",受付分類表を使って、この相談の担当を決めてください。,"{""配送"":""配送の窓口"",""契約"":""契約の窓口"",""製品"":""製品の窓口"",""店舗"":""店舗の窓口"",""アカウント"":""アカウントの窓口"",""請求"":""請求の窓口""}",店舗
gen-score-01-043,score,generated,件数の段階境界,"""白波で検品で見つかった不備を数えたところ、現在0件でした。処理済みは数に含めていません。""",件数だけを評価尺度に照らして判定してください。,"[""対象件数が1件未満"",""対象件数が1件以上""]",0
gen-noul-14-044,noul,generated,予定時間の重なり,"""中村さんの予定: 白波会議は11時から15時、面談は14時から18時。終了と次の開始が同時刻の場合は重複とは扱いません。""",指定された端点の扱いで予定の重複はありますか。,"{""false"":""いいえ。質問の命題は成立しない。"",""true"":""はい。質問の命題が成立する。""}",true
gen-score-09-002,score,generated,例外による上限,"""検査合格状況: 寸法は不合格、記録は不合格、外観は不合格、表示は不合格、動作は不合格、包装は不合格、付属品は不合格。合格項目一つにつき1点ですが、要再確認の印があれば上限7点に制限します。今回その印はありません。""",上限制限を適用した最終点を選んでください。,"[""最終点0点"",""最終点1点"",""最終点2点"",""最終点3点"",""最終点4点"",""最終点5点"",""最終点6点"",""最終点7点""]",0
gen-score-05-006,score,generated,緊急条件の加点,"""山道の基本優先度は0です。締切まで残り7時間以内なら1だけ加点し、それより長ければ加点しません。上限は3です。今回は締切まで2時間です。""",条件付き加点後の優先度を選んでください。,"[""最終優先度0"",""最終優先度1"",""最終優先度2"",""最終優先度3""]",1
gen-choice-12-027,choice,generated,条件付き不足書類,"""書類確認の優先順は同意書→申込書→承認書→見積書→受領票→委任状。承認書だけは代理申請の場合に限って必要で、それ以外は常に必要です。今回は本人申請。提出済みはなしです。""",申請区分に応じて必要書類を確認し、最優先で追加提出を求めるものを答えてください。なければ追加不要です。,"{""追加不要"":""必要書類はすべて提出済み"",""承認書"":""承認書"",""委任状"":""委任状"",""見積書"":""見積書"",""受領票"":""受領票"",""申込書"":""申込書"",""同意書"":""同意書""}",同意書
gen-score-05-032,score,generated,緊急条件の加点,"""青空の基本優先度は0です。締切まで残り6時間以内なら1だけ加点し、それより長ければ加点しません。上限は1です。今回は締切まで6時間です。""",締切までの時間による条件を反映した段階を答えてください。,"[""最終優先度0"",""最終優先度1""]",1
gen-score-05-050,score,generated,緊急条件の加点,"""山道の基本優先度は5です。締切まで残り5時間以内なら1だけ加点し、それより長ければ加点しません。上限は5です。今回は締切まで11時間です。""",今回の最終優先段階を求めてください。,"[""最終優先度0"",""最終優先度1"",""最終優先度2"",""最終優先度3"",""最終優先度4"",""最終優先度5""]",5
gen-choice-11-021,choice,generated,小数量の比較,"""入出庫記録: クリップは在庫15個、そのうち予約4個、用紙は在庫4個、そのうち予約1個、シールは在庫8個、そのうち予約1個、箱は在庫9個、そのうち予約3個、ノートは在庫6個、そのうち予約1個、ケースは在庫5個、そのうち予約1個、封筒は在庫2個、そのうち予約0個。予約分は自由在庫に含めません。""",今使える個数が最も少ない品を答えてください。,"{""ノート"":""ノート"",""用紙"":""用紙"",""ケース"":""ケース"",""クリップ"":""クリップ"",""箱"":""箱"",""シール"":""シール"",""封筒"":""封筒""}",封筒
gen-noul-06-005,noul,generated,更新後の状態,"""山道の状態記録: 17時には受付中、14時には点検中、18時には点検中、11時には受付中、21時には点検中。時刻が新しい記録が古い記録を上書きします。""",最新の有効な記録から「受付中」と言えますか。,"{""false"":""いいえ。質問の命題は成立しない。"",""true"":""はい。質問の命題が成立する。""}",false
gen-choice-14-037,choice,generated,二属性照合,"""展示品の札: ケースは白色・木製、付箋は白色・ガラス製、用紙は白色・樹脂製、カードは黒色・布製、ファイルは黄色・紙製。探しているのは黒色の布製です。""",色だけ・素材だけの一致では足りません。該当品を答えてください。,"{""ケース"":""ケース"",""カード"":""カード"",""ファイル"":""ファイル"",""付箋"":""付箋"",""用紙"":""用紙""}",カード
gen-noul-03-029,noul,generated,いずれかの条件,"""青空の受付では事前予約票・招待券・会員証のうち一つ以上があれば通れます。吉田さん: 事前予約票はなし、招待券はなし、会員証はなし。""",少なくとも一つの必要条件が成立していますか。,"{""false"":""いいえ。質問の命題は成立しない。"",""true"":""はい。質問の命題が成立する。""}",false
gen-choice-14-026,choice,generated,二属性照合,"{""展示品"":[{""品名"":""クリップ"",""色"":""緑"",""素材"":""ガラス""},{""品名"":""ノート"",""色"":""緑"",""素材"":""紙""},{""品名"":""カード"",""色"":""赤"",""素材"":""ガラス""},{""品名"":""ファイル"",""色"":""青"",""素材"":""紙""},{""品名"":""封筒"",""色"":""紫"",""素材"":""樹脂""},{""品名"":""付箋"",""色"":""黒"",""素材"":""布""},{""品名"":""ペン"",""色"":""白"",""素材"":""紙""}],""指定色"":""黒"",""指定素材"":""布""}",二つの指定を同時に満たす展示品はどれですか。,"{""ファイル"":""ファイル"",""ノート"":""ノート"",""カード"":""カード"",""ペン"":""ペン"",""付箋"":""付箋"",""封筒"":""封筒"",""クリップ"":""クリップ""}",付箋
gen-choice-15-047,choice,generated,文章内の順序参照,"{""会議"":""朝露"",""発表順"":[""渡辺"",""吉田"",""山田"",""大野"",""森"",""加藤"",""石田""]}",最初を1番目として、3番目の発表者を選んでください。,"{""吉田"":""吉田さん"",""石田"":""石田さん"",""森"":""森さん"",""山田"":""山田さん"",""加藤"":""加藤さん"",""大野"":""大野さん"",""渡辺"":""渡辺さん""}",山田
gen-choice-08-020,choice,generated,改訂と例外の優先,"""通常品の貼付ラベルについて、連絡は古い順に「茶」「青」「緑」でした。後の連絡が前の連絡を上書きします。ただし冷蔵品には連絡履歴に関係なく緑ラベルを貼ります。今回の荷物は冷蔵品です。""",例外と改訂の順序を考慮して、使用する色はどれですか。,"{""緑"":""緑ラベル"",""茶"":""茶ラベル"",""黄"":""黄ラベル"",""黒"":""黒ラベル"",""青"":""青ラベル""}",緑
gen-score-05-042,score,generated,緊急条件の加点,"""白波の基本優先度は3です。締切まで残り2時間以内なら1だけ加点し、それより長ければ加点しません。上限は4です。今回は締切まで2時間です。""",条件付き加点後の優先度を選んでください。,"[""最終優先度0"",""最終優先度1"",""最終優先度2"",""最終優先度3"",""最終優先度4""]",4
gen-choice-05-021,choice,generated,否定条件で選択,"""検品記録: クリップは封なしで濡れていない、ペンは封なしで濡れていない、ケースは封ありで濡れていない、用紙は封なしで濡れていない、ファイルは封ありで濡れている。""",濡れた品は除外し、封がある品を一つ選んでください。,"{""用紙"":""用紙"",""ペン"":""ペン"",""ケース"":""ケース"",""ファイル"":""ファイル"",""クリップ"":""クリップ""}",ケース
gen-score-10-016,score,generated,不足の段階,"""白波申請で必要なものは確認票、受領票、見積書、申込書、承認書、同意書、添付図。届いたものは添付図、見積書、承認書、受領票、同意書、申込書です。必要一覧にない書類は不足を埋めません。""",必要書類の不足数に対応する段階を選んでください。,"[""不足が0種類"",""不足が1種類"",""不足が2種類"",""不足が3種類"",""不足が4種類"",""不足が5種類"",""不足が6種類"",""不足が7種類""]",1
gen-noul-05-035,noul,generated,締切の境界,"{""受付規則"":""16時より前だけ受け付け、16時ちょうどは無効"",""提出者"":""遠藤"",""提出時刻"":16}",記録された提出時刻は締切内ですか。,"{""false"":""いいえ。質問の命題は成立しない。"",""true"":""はい。質問の命題が成立する。""}",false
gen-noul-11-001,noul,generated,参照関係の真偽,"""担当表: 山道は渡辺、水面は上田、青空は森、白波は中村。資料の関連先: シールは白波、クリップは水面、カードは青空、袋は山道。""",上田さんはクリップが属する案件の担当者と言えますか。,"{""false"":""いいえ。質問の命題は成立しない。"",""true"":""はい。質問の命題が成立する。""}",true
gen-noul-12-049,noul,generated,記録と主張の照合,"""草原施設の入口について、いま確認した確定記録は北口は完全に閉じている、南口は完全に閉じている、東口は完全に閉じている、西口は完全に閉じている、裏口は完全に閉じている、搬入口は完全に閉じているです。現在の判断にはこの確定記録だけを使います。""",いま裏口が半分だけ開いているという判断は正しいですか。,"{""false"":""いいえ。質問の命題は成立しない。"",""true"":""はい。質問の命題が成立する。""}",false
gen-noul-12-010,noul,generated,記録と主張の照合,"""星空施設の入口について、いま確認した確定記録は北口は4分の1だけ開いている、南口は完全に閉じている、東口は完全に閉じている、西口は完全に閉じている、裏口は完全に閉じている、搬入口は完全に開いているです。現在の判断にはこの確定記録だけを使います。""",いま北口が4分の1だけ開いているという判断は正しいですか。,"{""false"":""いいえ。質問の命題は成立しない。"",""true"":""はい。質問の命題が成立する。""}",true
gen-noul-09-005,noul,generated,重複を除いた件数,"{""棚"":""水面"",""読み取り品名"":[""箱"",""ノート"",""箱"",""シール"",""シール"",""箱"",""箱"",""袋""],""数え方"":""同一品名の重複を除く""}",異なる品名だけ数えると2種類以上ですか。,"{""false"":""いいえ。質問の命題は成立しない。"",""true"":""はい。質問の命題が成立する。""}",true
gen-noul-01-001,noul,generated,事実と否定質問,"""加藤さんについての確定記録: 面談に参加していません。""",確定情報だけから、加藤さんが面談に参加しているという判断は正しいですか。,"{""false"":""いいえ。質問の命題は成立しない。"",""true"":""はい。質問の命題が成立する。""}",false
gen-score-05-045,score,generated,緊急条件の加点,"""山道の基本優先度は2です。締切まで残り4時間以内なら1だけ加点し、それより長ければ加点しません。上限は7です。今回は締切まで13時間です。""",今回の最終優先段階を求めてください。,"[""最終優先度0"",""最終優先度1"",""最終優先度2"",""最終優先度3"",""最終優先度4"",""最終優先度5"",""最終優先度6"",""最終優先度7""]",2
gen-noul-05-028,noul,generated,締切の境界,"""水面の提出は18時より前だけ受け付け、18時ちょうどは無効です。中村さんの提出記録は11時ちょうどです。""",記録された提出時刻は締切内ですか。,"{""false"":""いいえ。質問の命題は成立しない。"",""true"":""はい。質問の命題が成立する。""}",true
gen-score-01-009,score,generated,件数の段階境界,"""木漏れ日で検品で見つかった不備を数えたところ、現在4件でした。処理済みは数に含めていません。""",件数だけを評価尺度に照らして判定してください。,"[""対象件数が3件未満"",""対象件数が3件以上、6件未満"",""対象件数が6件以上""]",1
gen-score-09-037,score,generated,例外による上限,"{""検査合格"":{""包装"":true,""付属品"":false,""外観"":true,""表示"":true,""記録"":true,""寸法"":false,""動作"":true},""要再確認の印あり"":false,""採点規則"":""合格数が点数。ただし印があれば上限7点""}",例外条件を反映した評価段階を答えてください。,"[""最終点0点"",""最終点1点"",""最終点2点"",""最終点3点"",""最終点4点"",""最終点5点"",""最終点6点"",""最終点7点""]",5
gen-noul-10-019,noul,generated,条件付き義務,"{""規則"":""法人向けなら控えの交付が必要。それ以外では義務なし"",""条件に該当"":true,""必要処置を実施"":false}",この案件は記載された義務のルールに違反していませんか。違反がなければはいです。,"{""false"":""いいえ。質問の命題は成立しない。"",""true"":""はい。質問の命題が成立する。""}",false
gen-score-04-043,score,generated,独立チェックの合計,"""青空資料の点検: ページ番号ありは満たさない、署名ありは満たす、日付ありは満たす、題名ありは満たさない。各項目は一つずつ数えます。""",条件を満たした項目を一つ一点として集計してください。,"[""満たした項目が0個"",""満たした項目が1個"",""満たした項目が2個"",""満たした項目が3個"",""満たした項目が4個""]",2
gen-noul-14-019,noul,generated,予定時間の重なり,"{""対象者"":""青木"",""会議"":[13,16],""面談"":[17,18],""規則"":""終了時刻と開始時刻が一致するだけなら重複なし""}",二つの予定の時間は重なっていますか。,"{""false"":""いいえ。質問の命題は成立しない。"",""true"":""はい。質問の命題が成立する。""}",false
gen-choice-13-028,choice,generated,工程の依存順,"""案件「青空」の工程順は内容確認→実施→承認→報告→見積作成→受付です。途中の工程を飛ばすことはできません。完了済みはなしです。""",まだ済んでいない最初の工程は何ですか。存在しない場合は完了です。,"{""実施"":""実施"",""内容確認"":""内容確認"",""見積作成"":""見積作成"",""受付"":""受付"",""承認"":""承認"",""報告"":""報告"",""完了"":""全工程が完了""}",内容確認
gen-choice-08-024,choice,generated,改訂と例外の優先,"{""通常品ラベルの改訂・古い順"":[""紫"",""黄"",""緑""],""優先例外"":""冷蔵品は茶"",""荷物"":""冷蔵品"",""規則"":""後の改訂が前を上書きする""}",今回適用されるラベルを一つ決めてください。,"{""紫"":""紫ラベル"",""赤"":""赤ラベル"",""黒"":""黒ラベル"",""黄"":""黄ラベル"",""茶"":""茶ラベル"",""緑"":""緑ラベル"",""白"":""白ラベル"",""青"":""青ラベル""}",茶
gen-noul-13-031,noul,generated,範囲の開閉境界,"""白波の受付数は、3個以上、かつ10個未満の場合に限り適合です。今回の数は9個です。""",指定された範囲条件を満たしていますか。,"{""false"":""いいえ。質問の命題は成立しない。"",""true"":""はい。質問の命題が成立する。""}",true
gen-choice-13-019,choice,generated,工程の依存順,"{""案件"":""春風"",""工程順"":[""受付"",""承認""],""完了済み"":[""受付"",""承認""],""規則"":""順に実行し未完了工程を飛ばさない""}",この作業を一段進めるときに着手する工程を答えてください。残りがなければ完了です。,"{""完了"":""全工程が完了"",""承認"":""承認"",""受付"":""受付""}",完了
gen-score-04-034,score,generated,独立チェックの合計,"{""資料"":""朝露"",""チェック項目"":{""添付あり"":true,""題名あり"":true},""各項目の重み"":1}",合格した項目数に対応する段階を答えてください。,"[""満たした項目が0個"",""満たした項目が1個"",""満たした項目が2個""]",2
gen-choice-07-044,choice,generated,複数属性の制約,"""在庫表: ファイルは赤色・樹脂製・在庫あり、封筒は黄色・樹脂製・在庫あり。""",赤色で樹脂製、在庫もある品を選んでください。,"{""ファイル"":""ファイル"",""封筒"":""封筒""}",ファイル
gen-noul-14-022,noul,generated,予定時間の重なり,"""渡辺さんの予定: 夕凪会議は9時から10時、面談は9時から12時。終了と次の開始が同時刻の場合は重複とは扱いません。""",同時に二つの予定に出席しなければならない時間がありますか。,"{""false"":""いいえ。質問の命題は成立しない。"",""true"":""はい。質問の命題が成立する。""}",true
gen-noul-13-036,noul,generated,範囲の開閉境界,"""白波の受付数は、4個より多い、かつ7個以下の場合に限り適合です。今回の数は4個です。""",下限と上限の両方の条件に合いますか。,"{""false"":""いいえ。質問の命題は成立しない。"",""true"":""はい。質問の命題が成立する。""}",false
gen-score-05-041,score,generated,緊急条件の加点,"""朝露の基本優先度は2です。締切まで残り4時間以内なら1だけ加点し、それより長ければ加点しません。上限は3です。今回は締切まで8時間です。""",今回の最終優先段階を求めてください。,"[""最終優先度0"",""最終優先度1"",""最終優先度2"",""最終優先度3""]",2
gen-score-07-042,score,generated,証拠の最高到達段階,"""この調査固有の証拠段階表: 署名済み文書は段階1、写真記録は段階2、担当者報告は段階3、口頭メモは段階4、第三者確認は段階5。灯台で得られた証拠はなし。複数ある場合は最大の段階を使い、なければ0です。""",明示された段階表だけで証拠を評価してください。,"[""証拠なしの段階0"",""表に基づく最高証拠段階1"",""表に基づく最高証拠段階2"",""表に基づく最高証拠段階3"",""表に基づく最高証拠段階4"",""表に基づく最高証拠段階5""]",0
gen-noul-12-016,noul,generated,記録と主張の照合,"{""施設"":""水面"",""入口ごとの現在の確定記録"":{""北口"":""完全に閉じている"",""南口"":""4分の1だけ開いている"",""東口"":""半分だけ開いている"",""西口"":""完全に閉じている"",""裏口"":""4分の1だけ開いている"",""搬入口"":""半分だけ開いている""},""判定資料"":""現在の確定記録のみ""}",いま南口が4分の1だけ開いているという判断は正しいですか。,"{""false"":""いいえ。質問の命題は成立しない。"",""true"":""はい。質問の命題が成立する。""}",true
gen-noul-15-043,noul,generated,出来事の前後関係,"{""担当者"":""中村"",""実施順"":[""休憩"",""棚への配置"",""電話連絡"",""報告"",""伝票記入"",""荷物受取""],""各作業の実施回数"":1}",日誌では休憩の方が電話連絡より先ですか。,"{""false"":""いいえ。質問の命題は成立しない。"",""true"":""はい。質問の命題が成立する。""}",true
gen-score-01-049,score,generated,件数の段階境界,"""星空で確認待ちの申請を数えたところ、現在13件でした。処理済みは数に含めていません。""",現在の件数を指定の段階基準に当てはめてください。,"[""対象件数が2件未満"",""対象件数が2件以上、4件未満"",""対象件数が4件以上、6件未満"",""対象件数が6件以上、8件未満"",""対象件数が8件以上、10件未満"",""対象件数が10件以上、12件未満"",""対象件数が12件以上、14件未満"",""対象件数が14件以上""]",6
gen-noul-02-047,noul,generated,全条件の充足,"{""すべて必要な条件"":[""会費支払い"",""事前登録"",""同意書提出""],""対象"":""林"",""完了状況"":{""会費支払い"":false,""事前登録"":true,""同意書提出"":true}}",この人は記載された利用条件をすべて満たしていますか。,"{""false"":""いいえ。質問の命題は成立しない。"",""true"":""はい。質問の命題が成立する。""}",false
gen-noul-12-045,noul,generated,記録と主張の照合,"{""施設"":""水面"",""入口ごとの現在の確定記録"":{""北口"":""完全に開いている"",""南口"":""完全に開いている"",""東口"":""半分だけ開いている"",""西口"":""完全に閉じている"",""裏口"":""半分だけ開いている"",""搬入口"":""半分だけ開いている""},""判定資料"":""現在の確定記録のみ""}",いま裏口が4分の1だけ開いているという判断は正しいですか。,"{""false"":""いいえ。質問の命題は成立しない。"",""true"":""はい。質問の命題が成立する。""}",false
gen-choice-02-008,choice,generated,条件と優先例外,"""夕凪店では会員で購入数が11個以上なら優待扱いです。ただし予約品は購入数や会員資格にかかわらず通常扱いです。今回は5個、非会員、通常在庫品です。""",例外も踏まえて、今回の購入区分はどれですか。,"{""通常"":""通常の扱い"",""優待"":""優待の扱い""}",通常
gen-noul-11-039,noul,generated,参照関係の真偽,"""担当表: 白波は山田、草原は松本、星空は大野。資料の関連先: 冊子は白波、箱は草原、カードは星空。""",大野さんはカードが属する案件の担当者と言えますか。,"{""false"":""いいえ。質問の命題は成立しない。"",""true"":""はい。質問の命題が成立する。""}",true
gen-score-13-028,score,generated,取消しを反映した件数,"{""催し"":""白波"",""申込み"":[{""氏名"":""石田"",""受付済み"":true,""取消済み"":false},{""氏名"":""渡辺"",""受付済み"":false,""取消済み"":false},{""氏名"":""中村"",""受付済み"":true,""取消済み"":false},{""氏名"":""大野"",""受付済み"":false,""取消済み"":false},{""氏名"":""遠藤"",""受付済み"":false,""取消済み"":false},{""氏名"":""木村"",""受付済み"":true,""取消済み"":false},{""氏名"":""山田"",""受付済み"":true,""取消済み"":false}],""まとめ方"":""5件以上は段階5""}",現在有効な申込みだけを数えて評価してください。,"[""有効申込みが0件"",""有効申込みが1件"",""有効申込みが2件"",""有効申込みが3件"",""有効申込みが4件"",""有効申込みが5件以上""]",4
gen-noul-10-022,noul,generated,条件付き義務,"{""規則"":""新規申請なら上長の承認が必要。それ以外では義務なし"",""条件に該当"":false,""必要処置を実施"":true}",この記録は規則を守っていますか。,"{""false"":""いいえ。質問の命題は成立しない。"",""true"":""はい。質問の命題が成立する。""}",true
gen-choice-15-046,choice,generated,文章内の順序参照,"""夕凪会議では、発表者を発表順に「中村、石田、上田、佐藤、森、高橋、渡辺、加藤」と紹介しました。同じ人の再登場はありません。""",最初を1番目として、5番目の発表者を選んでください。,"{""石田"":""石田さん"",""上田"":""上田さん"",""森"":""森さん"",""渡辺"":""渡辺さん"",""加藤"":""加藤さん"",""中村"":""中村さん"",""佐藤"":""佐藤さん"",""高橋"":""高橋さん""}",森
gen-noul-13-035,noul,generated,範囲の開閉境界,"""灯台の受付数は、1個より多い、かつ9個以下の場合に限り適合です。今回の数は3個です。""",下限と上限の両方の条件に合いますか。,"{""false"":""いいえ。質問の命題は成立しない。"",""true"":""はい。質問の命題が成立する。""}",true
gen-score-12-042,score,generated,目標からの差,"{""案件"":""山道"",""目標数"":9,""実績数"":3,""採点"":""差の絶対値。ただし5以上は段階5""}",目標からのずれの段階を選んでください。,"[""目標との差が0個"",""目標との差が1個"",""目標との差が2個"",""目標との差が3個"",""目標との差が4個"",""目標との差が5個以上""]",5
gen-choice-06-026,choice,generated,時間枠の包含,"{""空き時間"":[{""部屋"":""茶"",""開始"":17,""終了"":19},{""部屋"":""青"",""開始"":16,""終了"":18}],""会議開始"":16,""会議終了"":17}",会議開始から終了まで空いている部屋はどれですか。境界時刻が一致していても利用できます。,"{""茶"":""茶室"",""青"":""青室""}",青
gen-noul-10-044,noul,generated,条件付き義務,"{""規則"":""法人向けなら担当者の署名が必要。それ以外では義務なし"",""条件に該当"":false,""必要処置を実施"":true}",この記録は規則を守っていますか。,"{""false"":""いいえ。質問の命題は成立しない。"",""true"":""はい。質問の命題が成立する。""}",true
gen-noul-11-003,noul,generated,参照関係の真偽,"""担当表: 青空は上田、山道は佐藤、水面は中村。資料の関連先: クリップは水面、冊子は青空、ケースは山道。""",中村さんはクリップが属する案件の担当者と言えますか。,"{""false"":""いいえ。質問の命題は成立しない。"",""true"":""はい。質問の命題が成立する。""}",true
gen-choice-02-007,choice,generated,条件と優先例外,"{""規則"":""会員かつ6個以上なら優待。ただし予約品は常に通常"",""会員"":false,""購入数"":2,""予約品"":false}",会計時の区分を一つ決めてください。,"{""優待"":""優待の扱い"",""通常"":""通常の扱い""}",通常
gen-score-01-050,score,generated,件数の段階境界,"{""案件"":""木漏れ日"",""計数対象"":""検品で見つかった不備"",""件数"":6,""処理済みを除外"":true}",件数だけを評価尺度に照らして判定してください。,"[""対象件数が3件未満"",""対象件数が3件以上""]",1
gen-noul-02-023,noul,generated,全条件の充足,"{""すべて必要な条件"":[""本人確認"",""講習受講""],""対象"":""上田"",""完了状況"":{""本人確認"":false,""講習受講"":true}}",この人は記載された利用条件をすべて満たしていますか。,"{""false"":""いいえ。質問の命題は成立しない。"",""true"":""はい。質問の命題が成立する。""}",false
gen-score-14-046,score,generated,参照表の順序尺度,"""今回の検査用の対応表: 黄印は段階0、緑印は段階1、白印は段階2。草原の確定検査票には白印が付いています。色に一般的な良し悪しは仮定しません。""",検査票の印を指定尺度に変換してください。,"[""表による段階0"",""表による段階1"",""表による段階2""]",2
gen-score-03-046,score,generated,順番に進む工程,"{""案件"":""星空"",""工程順"":[""調査"",""準備"",""承認"",""実施"",""報告"",""受付""],""完了済み"":[""調査"",""準備"",""承認"",""実施"",""報告"",""受付""],""着手中は完了に含めない"":true}",完了済みの到達段階を選んでください。,"[""完了した工程はまだない"",""先頭から1工程が完了（最後に完了したのは調査）"",""先頭から2工程が完了（最後に完了したのは準備）"",""先頭から3工程が完了（最後に完了したのは承認）"",""先頭から4工程が完了（最後に完了したのは実施）"",""先頭から5工程が完了（最後に完了したのは報告）"",""先頭から6工程が完了（最後に完了したのは受付）""]",6
gen-choice-05-004,choice,generated,否定条件で選択,"""検品記録: 付箋は封なしで濡れている、ペンは封なしで濡れていない、カードは封ありで濡れていない、シールは封なしで濡れている、ファイルは封ありで濡れている、用紙は封ありで濡れている、クリップは封ありで濡れている。""",対象は『封がある』『濡れていない』の両方を満たす品です。どれですか。,"{""用紙"":""用紙"",""クリップ"":""クリップ"",""シール"":""シール"",""ファイル"":""ファイル"",""ペン"":""ペン"",""付箋"":""付箋"",""カード"":""カード""}",カード
gen-noul-05-049,noul,generated,締切の境界,"""星空の提出は18時ちょうどまで受け付け、同時刻の提出も有効です。佐藤さんの提出記録は19時ちょうどです。""",時刻だけを基準に、この提出を有効と判定できますか。,"{""false"":""いいえ。質問の命題は成立しない。"",""true"":""はい。質問の命題が成立する。""}",false
gen-noul-03-018,noul,generated,いずれかの条件,"{""いずれか一つ以上必要"":[""招待券"",""会員証""],""所持状況"":{""招待券"":true,""会員証"":false},""対象"":""遠藤""}",少なくとも一つの必要条件が成立していますか。,"{""false"":""いいえ。質問の命題は成立しない。"",""true"":""はい。質問の命題が成立する。""}",true
gen-choice-10-045,choice,generated,不在時の代理,"{""案件担当"":{""若葉"":""高橋"",""草原"":""上田"",""水面"":""大野""},""代理者"":{""高橋"":""上田"",""上田"":""大野"",""大野"":""高橋""},""不在者"":[""大野"",""上田""],""案件"":""若葉"",""ルール"":""担当者が不在なら指定代理に一度だけ振替。代理の在席状況は問わない""}",本日の規則に従う連絡相手を選んでください。,"{""上田"":""上田さん"",""大野"":""大野さん"",""高橋"":""高橋さん""}",高橋
gen-noul-02-025,noul,generated,全条件の充足,"{""すべて必要な条件"":[""同意書提出"",""講習受講"",""本人確認"",""会費支払い""],""対象"":""上田"",""完了状況"":{""同意書提出"":true,""講習受講"":false,""本人確認"":true,""会費支払い"":true}}",規則に照らし、この人の利用資格は成立しますか。,"{""false"":""いいえ。質問の命題は成立しない。"",""true"":""はい。質問の命題が成立する。""}",false
gen-choice-03-027,choice,generated,最終更新,"{""案件"":""山道"",""更新記録"":[{""時"":20,""状態"":""受取済み""},{""時"":14,""状態"":""受取済み""},{""時"":13,""状態"":""保留""},{""時"":10,""状態"":""保留""},{""時"":11,""状態"":""承認""}]}",最後の時刻の記録が有効です。現在の状態はどれですか。,"{""未着手"":""未着手"",""保留"":""保留"",""受取済み"":""受取済み"",""承認"":""承認""}",受取済み
gen-noul-06-021,noul,generated,更新後の状態,"""木漏れ日の状態記録: 19時には点検中、12時には停止中、18時には停止中、13時には停止中、11時には点検中。時刻が新しい記録が古い記録を上書きします。""",最後の更新を適用すると、状態は「停止中」になっていますか。,"{""false"":""いいえ。質問の命題は成立しない。"",""true"":""はい。質問の命題が成立する。""}",false
gen-score-11-022,score,generated,時刻順の評価更新,"{""案件"":""朝露"",""評価更新"":[{""時刻"":21,""段階"":3},{""時刻"":18,""段階"":3},{""時刻"":13,""段階"":1},{""時刻"":16,""段階"":5}],""採用規則"":""最新時刻だけを採用""}",履歴の記載順に惑わされず、最新評価を答えてください。,"[""評価段階0"",""評価段階1"",""評価段階2"",""評価段階3"",""評価段階4"",""評価段階5"",""評価段階6""]",3
gen-choice-15-043,choice,generated,文章内の順序参照,"{""会議"":""灯台"",""発表順"":[""遠藤"",""加藤""]}",最初を1番目として、1番目の発表者を選んでください。,"{""遠藤"":""遠藤さん"",""加藤"":""加藤さん""}",遠藤
gen-score-09-006,score,generated,例外による上限,"{""検査合格"":{""動作"":true,""記録"":true,""外観"":true,""包装"":true},""要再確認の印あり"":true,""採点規則"":""合格数が点数。ただし印があれば上限2点""}",上限制限を適用した最終点を選んでください。,"[""最終点0点"",""最終点1点"",""最終点2点"",""最終点3点"",""最終点4点""]",2
gen-score-13-043,score,generated,取消しを反映した件数,"{""催し"":""若葉"",""申込み"":[{""氏名"":""遠藤"",""受付済み"":true,""取消済み"":false},{""氏名"":""高橋"",""受付済み"":true,""取消済み"":false},{""氏名"":""木村"",""受付済み"":true,""取消済み"":false},{""氏名"":""上田"",""受付済み"":true,""取消済み"":false},{""氏名"":""加藤"",""受付済み"":false,""取消済み"":false},{""氏名"":""吉田"",""受付済み"":true,""取消済み"":false},{""氏名"":""松本"",""受付済み"":true,""取消済み"":false}],""まとめ方"":""6件以上は段階6""}",取消し後に残る有効申込み数を段階として選んでください。,"[""有効申込みが0件"",""有効申込みが1件"",""有効申込みが2件"",""有効申込みが3件"",""有効申込みが4件"",""有効申込みが5件"",""有効申込みが6件以上""]",6
gen-choice-04-034,choice,generated,参照先の担当,"""担当: 山道は木村、春風は青木、水面は中村、青空は松本、朝露は吉田、若葉は大野。資料の所属: カードは山道案件、封筒は朝露案件、クリップは青空案件、シールは春風案件、ラベルは若葉案件、ペンは水面案件。確認する資料は封筒です。""",この資料について、所属案件を通じて連絡すべき担当者は誰ですか。,"{""大野"":""大野さん"",""吉田"":""吉田さん"",""中村"":""中村さん"",""青木"":""青木さん"",""木村"":""木村さん"",""松本"":""松本さん""}",吉田
gen-choice-14-017,choice,generated,二属性照合,"{""展示品"":[{""品名"":""冊子"",""色"":""緑"",""素材"":""紙""},{""品名"":""袋"",""色"":""黒"",""素材"":""ガラス""}],""指定色"":""黒"",""指定素材"":""ガラス""}",二つの指定を同時に満たす展示品はどれですか。,"{""袋"":""袋"",""冊子"":""冊子""}",袋
gen-score-03-025,score,generated,順番に進む工程,"""白波の工程順は実施→報告→調査→準備→受付→承認。先頭から順に進め、完了済みは実施、報告、調査です。着手中の工程は完了に含めません。""",工程の完了状況を段階尺度で評価してください。,"[""完了した工程はまだない"",""先頭から1工程が完了（最後に完了したのは実施）"",""先頭から2工程が完了（最後に完了したのは報告）"",""先頭から3工程が完了（最後に完了したのは調査）"",""先頭から4工程が完了（最後に完了したのは準備）"",""先頭から5工程が完了（最後に完了したのは受付）"",""先頭から6工程が完了（最後に完了したのは承認）""]",3
gen-score-05-019,score,generated,緊急条件の加点,"{""案件"":""灯台"",""基本優先度"":0,""締切までの残り時間"":4,""規則"":""残り8時間以内なら1加点、それより長ければ0加点。上限2""}",条件付き加点後の優先度を選んでください。,"[""最終優先度0"",""最終優先度1"",""最終優先度2""]",1
gen-choice-13-025,choice,generated,工程の依存順,"""案件「春風」の工程順は報告→見積作成→承認→準備→内容確認→受付です。途中の工程を飛ばすことはできません。完了済みはなしです。""",まだ済んでいない最初の工程は何ですか。存在しない場合は完了です。,"{""見積作成"":""見積作成"",""受付"":""受付"",""完了"":""全工程が完了"",""準備"":""準備"",""内容確認"":""内容確認"",""承認"":""承認"",""報告"":""報告""}",報告
gen-score-06-023,score,generated,約束時刻からの遅れ,"{""便"":""木漏れ日"",""約束時刻"":8,""実際の到着時刻"":21,""同日"":true,""早着時の遅れ"":0}",約束時刻と到着時刻の差から、遅延段階を選んでください。,"[""遅れが2時間未満"",""遅れが2時間以上、4時間未満"",""遅れが4時間以上、6時間未満"",""遅れが6時間以上、8時間未満"",""遅れが8時間以上、10時間未満"",""遅れが10時間以上、12時間未満"",""遅れが12時間以上、14時間未満"",""遅れが14時間以上""]",6
gen-choice-12-017,choice,generated,条件付き不足書類,"""書類確認の優先順は同意書→承認書→申込書→見積書。承認書だけは代理申請の場合に限って必要で、それ以外は常に必要です。今回は代理申請。提出済みは申込書です。""",必要な不足書類を先頭から一つだけ案内します。どれですか。必要書類に不足がなければ追加不要です。,"{""追加不要"":""必要書類はすべて提出済み"",""同意書"":""同意書"",""見積書"":""見積書"",""申込書"":""申込書"",""承認書"":""承認書""}",同意書
gen-score-15-023,score,generated,軽重のある項目,"{""不備ごとの配点"":{""署名欠落"":2,""日付欠落"":1,""頁番号欠落"":1,""余白不備"":1,""添付欠落"":1,""宛名不備"":1,""誤字"":1},""不備あり"":{""署名欠落"":false,""日付欠落"":true,""頁番号欠落"":true,""余白不備"":true,""添付欠落"":true,""宛名不備"":true,""誤字"":false},""上限"":7}",配点の違いを反映した最終段階を選んでください。,"[""不備点の合計が0点"",""不備点の合計が1点"",""不備点の合計が2点"",""不備点の合計が3点"",""不備点の合計が4点"",""不備点の合計が5点"",""不備点の合計が6点"",""不備点の合計が7点以上""]",5
gen-choice-04-007,choice,generated,参照先の担当,"""担当: 山道は森、夕凪は加藤、白波は山田。資料の所属: 付箋は山道案件、ペンは夕凪案件、ラベルは白波案件。確認する資料は付箋です。""",確認資料が属する案件の担当者を選んでください。,"{""加藤"":""加藤さん"",""山田"":""山田さん"",""森"":""森さん""}",森
gen-choice-10-018,choice,generated,不在時の代理,"{""案件担当"":{""朝露"":""佐藤"",""草原"":""渡辺"",""若葉"":""加藤"",""山道"":""森"",""水面"":""大野""},""代理者"":{""佐藤"":""渡辺"",""渡辺"":""加藤"",""加藤"":""森"",""森"":""大野"",""大野"":""佐藤""},""不在者"":[],""案件"":""水面"",""ルール"":""担当者が不在なら指定代理に一度だけ振替。代理の在席状況は問わない""}",一回だけの代理振替を適用した後の宛先を答えてください。,"{""渡辺"":""渡辺さん"",""佐藤"":""佐藤さん"",""森"":""森さん"",""加藤"":""加藤さん"",""大野"":""大野さん""}",大野
gen-choice-05-010,choice,generated,否定条件で選択,"""検品記録: ファイルは封ありで濡れている、ペンは封なしで濡れている、袋は封なしで濡れている、ラベルは封ありで濡れている、シールは封ありで濡れていない、ノートは封ありで濡れている。""",対象は『封がある』『濡れていない』の両方を満たす品です。どれですか。,"{""ペン"":""ペン"",""シール"":""シール"",""ノート"":""ノート"",""袋"":""袋"",""ファイル"":""ファイル"",""ラベル"":""ラベル""}",シール
gen-noul-07-017,noul,generated,識別文字列の完全一致,"{""商品ラベル"":""CD7-B"",""注文票"":""CD7-B"",""照合規則"":""大文字小文字と記号も含む完全一致""}",指定された照合規則で一致と判定できますか。,"{""false"":""いいえ。質問の命題は成立しない。"",""true"":""はい。質問の命題が成立する。""}",true
gen-noul-09-033,noul,generated,重複を除いた件数,"{""棚"":""夕凪"",""読み取り品名"":[""冊子"",""カード"",""冊子"",""ケース"",""ノート"",""ラベル"",""カード"",""ラベル"",""テープ"",""袋"",""カード""],""数え方"":""同一品名の重複を除く""}",品物の種類は2種類以上ありますか。,"{""false"":""いいえ。質問の命題は成立しない。"",""true"":""はい。質問の命題が成立する。""}",true
gen-choice-10-042,choice,generated,不在時の代理,"{""案件担当"":{""山道"":""遠藤"",""草原"":""吉田"",""木漏れ日"":""松本"",""春風"":""渡辺"",""朝露"":""高橋"",""水面"":""青木"",""青空"":""大野""},""代理者"":{""遠藤"":""吉田"",""吉田"":""松本"",""松本"":""渡辺"",""渡辺"":""高橋"",""高橋"":""青木"",""青木"":""大野"",""大野"":""遠藤""},""不在者"":[""大野""],""案件"":""山道"",""ルール"":""担当者が不在なら指定代理に一度だけ振替。代理の在席状況は問わない""}",この案件を担当本人または指定代理に連絡します。宛先は誰ですか。,"{""渡辺"":""渡辺さん"",""遠藤"":""遠藤さん"",""吉田"":""吉田さん"",""青木"":""青木さん"",""大野"":""大野さん"",""高橋"":""高橋さん"",""松本"":""松本さん""}",遠藤
gen-noul-06-009,noul,generated,更新後の状態,"{""対象"":""草原"",""更新記録"":[{""時刻"":17,""状態"":""空席あり""},{""時刻"":15,""状態"":""空席あり""},{""時刻"":20,""状態"":""点検中""}],""規則"":""最新時刻の記録が有効""}",最新の有効な記録から「空席あり」と言えますか。,"{""false"":""いいえ。質問の命題は成立しない。"",""true"":""はい。質問の命題が成立する。""}",false
gen-score-08-048,score,generated,要件への一致数,"{""注文要件"":{""形"":""丸"",""包装"":""袋"",""サイズ"":""小"",""印字"":""あり""},""提案品"":{""形"":""三角"",""包装"":""袋"",""サイズ"":""中"",""印字"":""なし""}}",提案品が満たす要件数はいくつの段階ですか。,"[""一致した要件が0項目"",""一致した要件が1項目"",""一致した要件が2項目"",""一致した要件が3項目"",""一致した要件が4項目""]",1
gen-choice-01-034,choice,generated,問い合わせ経路,"{""分類表"":{""契約"":[""契約更新"",""プラン変更"",""解約手続き""],""配送"":[""届け先変更"",""荷物の遅延"",""追跡番号""],""製品"":[""破損"",""初期不良"",""部品交換""],""請求"":[""二重請求"",""領収書"",""返金""]},""本文"":""支払い済みなので領収書を発行してほしいです"",""受付主題"":""領収書""}",分類表に従い、この問い合わせを担当する窓口を一つ選んでください。,"{""契約"":""契約の窓口"",""製品"":""製品の窓口"",""請求"":""請求の窓口"",""配送"":""配送の窓口""}",請求
gen-noul-07-001,noul,generated,識別文字列の完全一致,"""商品ラベルの管理コードは「EF9-A」、注文票の管理コードは「EF9-A」です。照合では大文字と小文字、記号の違いも区別します。""",同一コードとして扱ってよいですか。,"{""false"":""いいえ。質問の命題は成立しない。"",""true"":""はい。質問の命題が成立する。""}",true
gen-noul-01-018,noul,generated,事実と否定質問,"""石田さんについての確定記録: 面談に参加していません。""",確定情報だけから、石田さんが面談に参加していないという判断は正しいですか。,"{""false"":""いいえ。質問の命題は成立しない。"",""true"":""はい。質問の命題が成立する。""}",true
gen-choice-13-023,choice,generated,工程の依存順,"""案件「白波」の工程順は実施→受付→見積作成→準備→内容確認→報告→承認です。途中の工程を飛ばすことはできません。完了済みは実施、受付、見積作成、準備、内容確認、報告です。""",まだ済んでいない最初の工程は何ですか。存在しない場合は完了です。,"{""見積作成"":""見積作成"",""準備"":""準備"",""内容確認"":""内容確認"",""実施"":""実施"",""承認"":""承認"",""受付"":""受付"",""完了"":""全工程が完了"",""報告"":""報告""}",承認
gen-choice-07-016,choice,generated,複数属性の制約,"""在庫表: 封筒は赤色・金属製・在庫あり、ノートは黄色・紙製・在庫あり、クリップは黄色・金属製・在庫なし、ペンは黄色・金属製・在庫なし、ラベルは黄色・木製・在庫あり、箱は黄色・金属製・在庫なし、付箋は黄色・樹脂製・在庫あり、用紙は黄色・金属製・在庫あり。""",黄色で金属製、在庫もある品を選んでください。,"{""付箋"":""付箋"",""ペン"":""ペン"",""封筒"":""封筒"",""ラベル"":""ラベル"",""用紙"":""用紙"",""ノート"":""ノート"",""箱"":""箱"",""クリップ"":""クリップ""}",用紙
gen-score-14-007,score,generated,参照表の順序尺度,"{""検査対象"":""夕凪"",""今回の対応表"":{""青"":0,""黒"":1,""緑"":2,""黄"":3,""赤"":4,""茶"":5},""確定票の印"":""緑""}",今回の対応表を使って検査票の段階を選んでください。,"[""表による段階0"",""表による段階1"",""表による段階2"",""表による段階3"",""表による段階4"",""表による段階5""]",2
gen-noul-15-045,noul,generated,出来事の前後関係,"""吉田さんの作業日誌は実施順に検品→電話連絡→棚への配置→報告→伝票記入→引継ぎです。記載した各作業は一回ずつ実施しました。""",『検品が先、棚への配置が後』という順序は正しいですか。,"{""false"":""いいえ。質問の命題は成立しない。"",""true"":""はい。質問の命題が成立する。""}",true
gen-choice-08-005,choice,generated,改訂と例外の優先,"{""通常品ラベルの改訂・古い順"":[""青"",""黒"",""緑""],""優先例外"":""冷蔵品は黒"",""荷物"":""冷蔵品"",""規則"":""後の改訂が前を上書きする""}",今回適用されるラベルを一つ決めてください。,"{""白"":""白ラベル"",""黄"":""黄ラベル"",""緑"":""緑ラベル"",""黒"":""黒ラベル"",""茶"":""茶ラベル"",""青"":""青ラベル""}",黒
gen-choice-08-027,choice,generated,改訂と例外の優先,"{""通常品ラベルの改訂・古い順"":[""紫"",""赤"",""茶""],""優先例外"":""冷蔵品は赤"",""荷物"":""冷蔵品"",""規則"":""後の改訂が前を上書きする""}",今回適用されるラベルを一つ決めてください。,"{""茶"":""茶ラベル"",""緑"":""緑ラベル"",""赤"":""赤ラベル"",""黄"":""黄ラベル"",""黒"":""黒ラベル"",""紫"":""紫ラベル""}",赤
gen-score-06-027,score,generated,約束時刻からの遅れ,"""若葉便は12時到着の約束でした。実際の到着は同じ日の20時です。早着した場合の遅れは0時間とします。""",遅れの時間に対応する段階を答えてください。,"[""遅れが2時間未満"",""遅れが2時間以上、4時間未満"",""遅れが4時間以上、6時間未満"",""遅れが6時間以上、8時間未満"",""遅れが8時間以上""]",4
gen-noul-14-012,noul,generated,予定時間の重なり,"{""対象者"":""石田"",""会議"":[15,18],""面談"":[15,19],""規則"":""終了時刻と開始時刻が一致するだけなら重複なし""}",二つの予定の時間は重なっていますか。,"{""false"":""いいえ。質問の命題は成立しない。"",""true"":""はい。質問の命題が成立する。""}",true
gen-choice-09-031,choice,generated,利用可能集合の差,"""貸出台帳で利用可能と記録されている品は袋、テープ。予約済みの品は袋、カードです。""",予約済みを利用可能一覧から除いたとき、残る品を答えてください。,"{""カード"":""カード"",""テープ"":""テープ"",""袋"":""袋""}",テープ
gen-choice-12-005,choice,generated,条件付き不足書類,"""書類確認の優先順は受領票→申込書→同意書→見積書。受領票だけは代理申請の場合に限って必要で、それ以外は常に必要です。今回は代理申請。提出済みはなしです。""",申請区分に応じて必要書類を確認し、最優先で追加提出を求めるものを答えてください。なければ追加不要です。,"{""見積書"":""見積書"",""申込書"":""申込書"",""追加不要"":""必要書類はすべて提出済み"",""同意書"":""同意書"",""受領票"":""受領票""}",受領票
gen-noul-10-039,noul,generated,条件付き義務,"""規則: 新規申請のときだけ事前連絡が必須です。それ以外の場合にはこの義務はなく、実施していても構いません。今回の案件は新規申請に該当で、事前連絡は未実施です。""",この記録は規則を守っていますか。,"{""false"":""いいえ。質問の命題は成立しない。"",""true"":""はい。質問の命題が成立する。""}",false
gen-choice-09-012,choice,generated,利用可能集合の差,"{""利用可能品"":[""袋""],""予約済み品"":[""付箋""]}",今貸せるのは利用可能かつ未予約の品です。該当するものはどれですか。,"{""袋"":""袋"",""付箋"":""付箋""}",袋
gen-score-07-044,score,generated,証拠の最高到達段階,"""この調査固有の証拠段階表: 写真記録は段階1、監査記録は段階2、担当者報告は段階3、口頭メモは段階4、署名済み文書は段階5、一次資料は段階6、第三者確認は段階7。山道で得られた証拠はなし。複数ある場合は最大の段階を使い、なければ0です。""",この調査の証拠段階を選んでください。,"[""証拠なしの段階0"",""表に基づく最高証拠段階1"",""表に基づく最高証拠段階2"",""表に基づく最高証拠段階3"",""表に基づく最高証拠段階4"",""表に基づく最高証拠段階5"",""表に基づく最高証拠段階6"",""表に基づく最高証拠段階7""]",0
gen-choice-03-030,choice,generated,最終更新,"{""案件"":""春風"",""更新記録"":[{""時"":19,""状態"":""取消""},{""時"":16,""状態"":""未着手""},{""時"":11,""状態"":""取消""},{""時"":18,""状態"":""確認中""}]}",時刻が最も新しい更新に基づく状態を答えてください。,"{""承認"":""承認"",""受取済み"":""受取済み"",""取消"":""取消"",""確認中"":""確認中"",""差戻し"":""差戻し"",""未着手"":""未着手"",""発送済み"":""発送済み""}",取消
gen-noul-03-009,noul,generated,いずれかの条件,"{""いずれか一つ以上必要"":[""紹介状"",""招待券""],""所持状況"":{""紹介状"":false,""招待券"":false},""対象"":""林""}",少なくとも一つの必要条件が成立していますか。,"{""false"":""いいえ。質問の命題は成立しない。"",""true"":""はい。質問の命題が成立する。""}",false
gen-score-02-012,score,generated,記述の満足段階,"""上田さんは水面の体験について「期待に届かず、不満だった」と回答しました。追加の発言はありません。""",回答者が表明した満足の程度を分類してください。,"[""強い不満"",""不満"",""どちらでもない"",""やや満足"",""満足"",""強い満足"",""最高の満足""]",1
gen-score-14-037,score,generated,参照表の順序尺度,"""今回の検査用の対応表: 赤印は段階0、黒印は段階1、青印は段階2、茶印は段階3、紫印は段階4、緑印は段階5、黄印は段階6、白印は段階7。星空の確定検査票には赤印が付いています。色に一般的な良し悪しは仮定しません。""",一般常識ではなく示された表に従って段階を答えてください。,"[""表による段階0"",""表による段階1"",""表による段階2"",""表による段階3"",""表による段階4"",""表による段階5"",""表による段階6"",""表による段階7""]",0
gen-score-09-035,score,generated,例外による上限,"""検査合格状況: 寸法は不合格、付属品は不合格、包装は合格、動作は不合格、表示は不合格。合格項目一つにつき1点ですが、要再確認の印があれば上限5点に制限します。今回その印はありません。""",上限制限を適用した最終点を選んでください。,"[""最終点0点"",""最終点1点"",""最終点2点"",""最終点3点"",""最終点4点"",""最終点5点""]",1
gen-choice-09-021,choice,generated,利用可能集合の差,"""貸出台帳で利用可能と記録されている品は名札、袋、箱。予約済みの品は袋、箱、付箋です。""",予約済みを利用可能一覧から除いたとき、残る品を答えてください。,"{""付箋"":""付箋"",""名札"":""名札"",""封筒"":""封筒"",""箱"":""箱"",""袋"":""袋"",""ペン"":""ペン"",""ノート"":""ノート""}",名札
gen-score-06-029,score,generated,約束時刻からの遅れ,"{""便"":""夕凪"",""約束時刻"":8,""実際の到着時刻"":16,""同日"":true,""早着時の遅れ"":0}",遅れの時間に対応する段階を答えてください。,"[""遅れが2時間未満"",""遅れが2時間以上、4時間未満"",""遅れが4時間以上、6時間未満"",""遅れが6時間以上、8時間未満"",""遅れが8時間以上、10時間未満"",""遅れが10時間以上、12時間未満"",""遅れが12時間以上""]",4
gen-noul-06-012,noul,generated,更新後の状態,"""青空の状態記録: 13時には停止中、18時には受付中、11時には受付中、16時には停止中。時刻が新しい記録が古い記録を上書きします。""",最新の有効な記録から「受付中」と言えますか。,"{""false"":""いいえ。質問の命題は成立しない。"",""true"":""はい。質問の命題が成立する。""}",true
gen-score-11-031,score,generated,時刻順の評価更新,"""夕凪の評価更新履歴: 14時に段階0、7時に段階0、15時に段階1、16時に段階1、10時に段階0。評価は最新時刻の値だけを採用します。""",履歴の記載順に惑わされず、最新評価を答えてください。,"[""評価段階0"",""評価段階1""]",1
gen-score-01-033,score,generated,件数の段階境界,"""若葉で検品で見つかった不備を数えたところ、現在13件でした。処理済みは数に含めていません。""",記録された数に対応する段階を選んでください。,"[""対象件数が3件未満"",""対象件数が3件以上、6件未満"",""対象件数が6件以上、9件未満"",""対象件数が9件以上、12件未満"",""対象件数が12件以上、15件未満"",""対象件数が15件以上""]",4
gen-choice-08-009,choice,generated,改訂と例外の優先,"{""通常品ラベルの改訂・古い順"":[""白"",""緑"",""紫""],""優先例外"":""冷蔵品は赤"",""荷物"":""通常品"",""規則"":""後の改訂が前を上書きする""}",例外と改訂の順序を考慮して、使用する色はどれですか。,"{""白"":""白ラベル"",""黄"":""黄ラベル"",""赤"":""赤ラベル"",""緑"":""緑ラベル"",""紫"":""紫ラベル""}",紫
gen-score-08-019,score,generated,要件への一致数,"""注文要件: 包装=箱、サイズ=大、配送=宅配。提案品: 包装=袋、サイズ=中、配送=店頭。""",各属性の完全一致を一点として採点してください。,"[""一致した要件が0項目"",""一致した要件が1項目"",""一致した要件が2項目"",""一致した要件が3項目""]",0
gen-noul-10-004,noul,generated,条件付き義務,"""規則: 当日申請のときだけ記録票の保存が必須です。それ以外の場合にはこの義務はなく、実施していても構いません。今回の案件は当日申請に該当で、記録票の保存は実施済みです。""",この記録は規則を守っていますか。,"{""false"":""いいえ。質問の命題は成立しない。"",""true"":""はい。質問の命題が成立する。""}",true
gen-noul-12-025,noul,generated,記録と主張の照合,"{""施設"":""星空"",""入口ごとの現在の確定記録"":{""北口"":""完全に開いている"",""南口"":""完全に閉じている"",""東口"":""完全に閉じている"",""西口"":""4分の1だけ開いている"",""裏口"":""完全に閉じている"",""搬入口"":""完全に開いている""},""判定資料"":""現在の確定記録のみ""}",『現在の搬入口は半分だけ開いている』という主張は確定記録と一致しますか。,"{""false"":""いいえ。質問の命題は成立しない。"",""true"":""はい。質問の命題が成立する。""}",false
gen-choice-12-038,choice,generated,条件付き不足書類,"{""確認優先順"":[""本人確認票"",""承認書""],""代理申請だけに必要"":""承認書"",""代理申請"":false,""提出済み"":[""承認書"",""本人確認票""]}",申請区分に応じて必要書類を確認し、最優先で追加提出を求めるものを答えてください。なければ追加不要です。,"{""承認書"":""承認書"",""追加不要"":""必要書類はすべて提出済み"",""本人確認票"":""本人確認票""}",追加不要
gen-score-12-015,score,generated,目標からの差,"""木漏れ日の目標数は14個、実績は16個です。多すぎても少なすぎても、目標から何個離れたかで評価します。差が6個以上なら最終段階6にまとめます。""",不足・超過の向きではなく差の大きさで評価してください。,"[""目標との差が0個"",""目標との差が1個"",""目標との差が2個"",""目標との差が3個"",""目標との差が4個"",""目標との差が5個"",""目標との差が6個以上""]",2
gen-score-03-006,score,generated,順番に進む工程,"{""案件"":""山道"",""工程順"":[""審査""],""完了済み"":[""審査""],""着手中は完了に含めない"":true}",工程の完了状況を段階尺度で評価してください。,"[""完了した工程はまだない"",""先頭から1工程が完了（最後に完了したのは審査）""]",1
gen-choice-05-038,choice,generated,否定条件で選択,"{""検品"":[{""品名"":""クリップ"",""封がある"":true,""濡れている"":false},{""品名"":""ノート"",""封がある"":true,""濡れている"":true}]}",濡れた品は除外し、封がある品を一つ選んでください。,"{""クリップ"":""クリップ"",""ノート"":""ノート""}",クリップ
gen-choice-01-047,choice,generated,問い合わせ経路,"""受付分類表は次のとおりです。契約窓口: 契約更新・プラン変更・解約手続き / 店舗窓口: 営業時間・店内設備・店舗の場所 / 製品窓口: 破損・初期不良・部品交換。問い合わせ本文:「今の契約を更新したいです」。受付担当が付けた主題は「契約更新」です。""",分類表に従い、この問い合わせを担当する窓口を一つ選んでください。,"{""製品"":""製品の窓口"",""契約"":""契約の窓口"",""店舗"":""店舗の窓口""}",契約
gen-choice-13-035,choice,generated,工程の依存順,"""案件「星空」の工程順は報告→実施→内容確認→準備→見積作成です。途中の工程を飛ばすことはできません。完了済みは報告、実施、内容確認、準備です。""",この作業を一段進めるときに着手する工程を答えてください。残りがなければ完了です。,"{""内容確認"":""内容確認"",""報告"":""報告"",""完了"":""全工程が完了"",""準備"":""準備"",""実施"":""実施"",""見積作成"":""見積作成""}",見積作成
gen-choice-07-002,choice,generated,複数属性の制約,"{""在庫表"":[{""品名"":""ペン"",""色"":""黒"",""素材"":""紙"",""在庫あり"":true},{""品名"":""ノート"",""色"":""茶"",""素材"":""金属"",""在庫あり"":true},{""品名"":""シール"",""色"":""紫"",""素材"":""紙"",""在庫あり"":true},{""品名"":""冊子"",""色"":""紫"",""素材"":""紙"",""在庫あり"":true},{""品名"":""箱"",""色"":""黒"",""素材"":""紙"",""在庫あり"":true},{""品名"":""クリップ"",""色"":""紫"",""素材"":""紙"",""在庫あり"":true},{""品名"":""名札"",""色"":""茶"",""素材"":""金属"",""在庫あり"":true},{""品名"":""封筒"",""色"":""茶"",""素材"":""紙"",""在庫あり"":true}]}",茶色で紙製、在庫もある品を選んでください。,"{""ペン"":""ペン"",""ノート"":""ノート"",""封筒"":""封筒"",""シール"":""シール"",""クリップ"":""クリップ"",""名札"":""名札"",""冊子"":""冊子"",""箱"":""箱""}",封筒
gen-choice-06-033,choice,generated,時間枠の包含,"{""空き時間"":[{""部屋"":""紫"",""開始"":11,""終了"":13},{""部屋"":""青"",""開始"":14,""終了"":16},{""部屋"":""白"",""開始"":14,""終了"":16},{""部屋"":""黒"",""開始"":14,""終了"":15},{""部屋"":""茶"",""開始"":14,""終了"":16},{""部屋"":""緑"",""開始"":11,""終了"":13},{""部屋"":""黄"",""開始"":13,""終了"":16}],""会議開始"":13,""会議終了"":14}",会議時間の一部だけでなく全体を含む空き時間を持つ部屋を答えてください。端の一致は可です。,"{""白"":""白室"",""青"":""青室"",""紫"":""紫室"",""黄"":""黄室"",""茶"":""茶室"",""緑"":""緑室"",""黒"":""黒室""}",黄
gen-score-02-032,score,generated,記述の満足段階,"""森さんは白波の体験について「満足の程度は最高だった」と回答しました。追加の発言はありません。""",回答者が表明した満足の程度を分類してください。,"[""強い不満"",""不満"",""どちらでもない"",""満足"",""強い満足"",""最高の満足""]",5
gen-choice-04-029,choice,generated,参照先の担当,"{""案件担当"":{""朝露"":""佐藤"",""若葉"":""高橋"",""水面"":""松本"",""草原"":""遠藤""},""資料の所属案件"":{""袋"":""若葉"",""ペン"":""朝露"",""シール"":""水面"",""名札"":""草原""},""確認資料"":""シール""}",確認する資料の案件を担当している人を答えてください。,"{""松本"":""松本さん"",""佐藤"":""佐藤さん"",""高橋"":""高橋さん"",""遠藤"":""遠藤さん""}",松本
gen-noul-11-025,noul,generated,参照関係の真偽,"{""案件担当"":{""木漏れ日"":""吉田"",""白波"":""渡辺"",""草原"":""上田"",""夕凪"":""林""},""資料関連先"":{""箱"":""木漏れ日"",""カード"":""白波"",""名札"":""夕凪"",""ノート"":""草原""}}",名札の関連先を担当表で引くと林さんになりますか。,"{""false"":""いいえ。質問の命題は成立しない。"",""true"":""はい。質問の命題が成立する。""}",true
gen-choice-09-001,choice,generated,利用可能集合の差,"""貸出台帳で利用可能と記録されている品は付箋、用紙、ラベル、袋、クリップ、テープ、カード。予約済みの品はラベル、用紙、袋、カード、付箋、テープです。""",予約済みを利用可能一覧から除いたとき、残る品を答えてください。,"{""カード"":""カード"",""ラベル"":""ラベル"",""用紙"":""用紙"",""クリップ"":""クリップ"",""袋"":""袋"",""テープ"":""テープ"",""ファイル"":""ファイル"",""付箋"":""付箋""}",クリップ
gen-noul-12-030,noul,generated,記録と主張の照合,"{""施設"":""夕凪"",""入口ごとの現在の確定記録"":{""北口"":""半分だけ開いている"",""南口"":""半分だけ開いている"",""東口"":""半分だけ開いている"",""西口"":""完全に開いている"",""裏口"":""4分の1だけ開いている"",""搬入口"":""4分の1だけ開いている""},""判定資料"":""現在の確定記録のみ""}",『現在の東口は半分だけ開いている』という主張は確定記録と一致しますか。,"{""false"":""いいえ。質問の命題は成立しない。"",""true"":""はい。質問の命題が成立する。""}",true
gen-noul-15-014,noul,generated,出来事の前後関係,"{""担当者"":""加藤"",""実施順"":[""電話連絡"",""検品"",""荷物受取"",""報告""],""各作業の実施回数"":1}",『報告が先、荷物受取が後』という順序は正しいですか。,"{""false"":""いいえ。質問の命題は成立しない。"",""true"":""はい。質問の命題が成立する。""}",false
gen-noul-06-008,noul,generated,更新後の状態,"""春風の状態記録: 17時には空席あり、15時には使用可能、21時には点検中、14時には空席あり、7時には空席あり。時刻が新しい記録が古い記録を上書きします。""",最新の有効な記録から「点検中」と言えますか。,"{""false"":""いいえ。質問の命題は成立しない。"",""true"":""はい。質問の命題が成立する。""}",true
gen-choice-12-025,choice,generated,条件付き不足書類,"""書類確認の優先順は申込書→同意書→見積書→承認書→本人確認票。申込書だけは代理申請の場合に限って必要で、それ以外は常に必要です。今回は本人申請。提出済みは申込書、見積書、承認書、本人確認票、同意書です。""",未提出の必要書類のうち優先順が最初のものを選んでください。全部そろっていれば追加不要です。,"{""承認書"":""承認書"",""見積書"":""見積書"",""追加不要"":""必要書類はすべて提出済み"",""同意書"":""同意書"",""申込書"":""申込書"",""本人確認票"":""本人確認票""}",追加不要
gen-noul-12-001,noul,generated,記録と主張の照合,"{""施設"":""夕凪"",""入口ごとの現在の確定記録"":{""北口"":""4分の1だけ開いている"",""南口"":""完全に閉じている"",""東口"":""半分だけ開いている"",""西口"":""4分の1だけ開いている"",""裏口"":""4分の1だけ開いている"",""搬入口"":""完全に閉じている""},""判定資料"":""現在の確定記録のみ""}",いま東口が完全に閉じているという判断は正しいですか。,"{""false"":""いいえ。質問の命題は成立しない。"",""true"":""はい。質問の命題が成立する。""}",false
gen-choice-03-023,choice,generated,最終更新,"""案件「山道」の記録です。18時の更新: 承認。 15時の更新: 受取済み。 20時の更新: 確認中。 19時の更新: 確認中。 16時の更新: 未着手。""",記載順ではなく更新時刻を比べ、最新の状態を選んでください。,"{""保留"":""保留"",""受取済み"":""受取済み"",""発送済み"":""発送済み"",""未着手"":""未着手"",""差戻し"":""差戻し"",""承認"":""承認"",""確認中"":""確認中"",""取消"":""取消""}",確認中
gen-choice-06-017,choice,generated,時間枠の包含,"{""空き時間"":[{""部屋"":""黄"",""開始"":9,""終了"":12},{""部屋"":""白"",""開始"":10,""終了"":13},{""部屋"":""緑"",""開始"":11,""終了"":14},{""部屋"":""青"",""開始"":11,""終了"":14}],""会議開始"":10,""会議終了"":13}",会議の全時間を連続して確保できる部屋を選んでください。開始・終了の一致は許可します。,"{""緑"":""緑室"",""白"":""白室"",""青"":""青室"",""黄"":""黄室""}",白
gen-choice-06-038,choice,generated,時間枠の包含,"{""空き時間"":[{""部屋"":""黒"",""開始"":10,""終了"":15},{""部屋"":""白"",""開始"":9,""終了"":12},{""部屋"":""緑"",""開始"":11,""終了"":14},{""部屋"":""青"",""開始"":9,""終了"":12},{""部屋"":""紫"",""開始"":11,""終了"":15},{""部屋"":""茶"",""開始"":11,""終了"":15}],""会議開始"":10,""会議終了"":13}",会議の全時間を連続して確保できる部屋を選んでください。開始・終了の一致は許可します。,"{""白"":""白室"",""黒"":""黒室"",""茶"":""茶室"",""青"":""青室"",""緑"":""緑室"",""紫"":""紫室""}",黒
gen-choice-05-023,choice,generated,否定条件で選択,"{""検品"":[{""品名"":""テープ"",""封がある"":true,""濡れている"":false},{""品名"":""冊子"",""封がある"":false,""濡れている"":true},{""品名"":""クリップ"",""封がある"":false,""濡れている"":true},{""品名"":""シール"",""封がある"":true,""濡れている"":false},{""品名"":""カード"",""封がある"":true,""濡れている"":true},{""品名"":""箱"",""封がある"":true,""濡れている"":false},{""品名"":""封筒"",""封がある"":true,""濡れている"":true},{""品名"":""ペン"",""封がある"":false,""濡れている"":false}]}",濡れた品は除外し、封がない品を一つ選んでください。,"{""クリップ"":""クリップ"",""箱"":""箱"",""シール"":""シール"",""ペン"":""ペン"",""テープ"":""テープ"",""カード"":""カード"",""封筒"":""封筒"",""冊子"":""冊子""}",ペン
gen-noul-10-013,noul,generated,条件付き義務,"{""規則"":""個人向けなら依頼者への通知が必要。それ以外では義務なし"",""条件に該当"":true,""必要処置を実施"":false}",この記録は規則を守っていますか。,"{""false"":""いいえ。質問の命題は成立しない。"",""true"":""はい。質問の命題が成立する。""}",false
gen-choice-07-026,choice,generated,複数属性の制約,"""在庫表: 名札は黄色・紙製・在庫あり、カードは黄色・ガラス製・在庫あり、テープは茶色・紙製・在庫あり、ラベルは黄色・紙製・在庫なし、冊子は白色・紙製・在庫あり。""",今注文できる紙製の黄色の商品を答えてください。在庫なしは選べません。,"{""ラベル"":""ラベル"",""カード"":""カード"",""冊子"":""冊子"",""テープ"":""テープ"",""名札"":""名札""}",名札
gen-choice-06-046,choice,generated,時間枠の包含,"{""空き時間"":[{""部屋"":""紫"",""開始"":10,""終了"":13},{""部屋"":""赤"",""開始"":9,""終了"":13},{""部屋"":""青"",""開始"":9,""終了"":13},{""部屋"":""緑"",""開始"":11,""終了"":16}],""会議開始"":11,""会議終了"":14}",会議開始から終了まで空いている部屋はどれですか。境界時刻が一致していても利用できます。,"{""紫"":""紫室"",""青"":""青室"",""緑"":""緑室"",""赤"":""赤室""}",緑
gen-choice-15-045,choice,generated,文章内の順序参照,"{""会議"":""春風"",""発表順"":[""松本"",""中村"",""吉田"",""遠藤"",""加藤"",""木村"",""上田"",""渡辺""]}",発表順の先頭から7番目にいる人を答えてください。,"{""遠藤"":""遠藤さん"",""上田"":""上田さん"",""木村"":""木村さん"",""加藤"":""加藤さん"",""中村"":""中村さん"",""吉田"":""吉田さん"",""渡辺"":""渡辺さん"",""松本"":""松本さん""}",上田
gen-score-01-021,score,generated,件数の段階境界,"{""案件"":""水面"",""計数対象"":""確認待ちの申請"",""件数"":4,""処理済みを除外"":true}",件数だけを評価尺度に照らして判定してください。,"[""対象件数が2件未満"",""対象件数が2件以上、4件未満"",""対象件数が4件以上、6件未満"",""対象件数が6件以上、8件未満"",""対象件数が8件以上、10件未満"",""対象件数が10件以上、12件未満"",""対象件数が12件以上、14件未満"",""対象件数が14件以上""]",2
gen-score-02-018,score,generated,記述の満足段階,"""渡辺さんは朝露の体験について「完全ではないが、少し満足している」と回答しました。追加の発言はありません。""",感想に明示された評価を尺度へ対応づけてください。,"[""強い不満"",""不満"",""やや不満"",""やや満足"",""満足"",""強い満足""]",3
gen-choice-03-006,choice,generated,最終更新,"{""案件"":""朝露"",""更新記録"":[{""時"":19,""状態"":""受取済み""},{""時"":15,""状態"":""保留""},{""時"":18,""状態"":""承認""},{""時"":8,""状態"":""保留""}]}",最後の時刻の記録が有効です。現在の状態はどれですか。,"{""未着手"":""未着手"",""確認中"":""確認中"",""受取済み"":""受取済み"",""差戻し"":""差戻し"",""承認"":""承認"",""取消"":""取消"",""保留"":""保留"",""発送済み"":""発送済み""}",受取済み
gen-noul-04-035,noul,generated,例外の優先,"{""許可条件"":""登録済み"",""優先禁止条件"":""再審査中"",""対象"":""大野"",""許可条件に該当"":false,""禁止条件に該当"":false}",この人は現在、利用可能ですか。,"{""false"":""いいえ。質問の命題は成立しない。"",""true"":""はい。質問の命題が成立する。""}",false
gen-noul-05-026,noul,generated,締切の境界,"{""受付規則"":""10時ちょうどまで受け付け、同時刻の提出も有効"",""提出者"":""加藤"",""提出時刻"":8}",時刻だけを基準に、この提出を有効と判定できますか。,"{""false"":""いいえ。質問の命題は成立しない。"",""true"":""はい。質問の命題が成立する。""}",true
gen-noul-05-013,noul,generated,締切の境界,"{""受付規則"":""15時より前だけ受け付け、15時ちょうどは無効"",""提出者"":""上田"",""提出時刻"":15}",記録された提出時刻は締切内ですか。,"{""false"":""いいえ。質問の命題は成立しない。"",""true"":""はい。質問の命題が成立する。""}",false
gen-noul-04-033,noul,generated,例外の優先,"{""許可条件"":""認定済み"",""優先禁止条件"":""再審査中"",""対象"":""高橋"",""許可条件に該当"":true,""禁止条件に該当"":true}",禁止例外を先に考慮すると、この利用を認められますか。,"{""false"":""いいえ。質問の命題は成立しない。"",""true"":""はい。質問の命題が成立する。""}",false
gen-noul-13-018,noul,generated,範囲の開閉境界,"{""下限条件"":""3個より多い"",""上限条件"":""7個未満"",""今回の個数"":3,""関係"":""両方を満たすこと""}",今回の個数は適合範囲に入っていますか。,"{""false"":""いいえ。質問の命題は成立しない。"",""true"":""はい。質問の命題が成立する。""}",false
gen-noul-06-019,noul,generated,更新後の状態,"{""対象"":""春風"",""更新記録"":[{""時刻"":11,""状態"":""使用可能""},{""時刻"":16,""状態"":""使用可能""},{""時刻"":12,""状態"":""使用可能""},{""時刻"":10,""状態"":""使用可能""},{""時刻"":13,""状態"":""点検中""}],""規則"":""最新時刻の記録が有効""}",最新の有効な記録から「満席」と言えますか。,"{""false"":""いいえ。質問の命題は成立しない。"",""true"":""はい。質問の命題が成立する。""}",false
gen-choice-12-024,choice,generated,条件付き不足書類,"""書類確認の優先順は本人確認票→委任状→承認書→受領票→同意書。同意書だけは代理申請の場合に限って必要で、それ以外は常に必要です。今回は代理申請。提出済みは委任状です。""",未提出の必要書類のうち優先順が最初のものを選んでください。全部そろっていれば追加不要です。,"{""受領票"":""受領票"",""本人確認票"":""本人確認票"",""追加不要"":""必要書類はすべて提出済み"",""同意書"":""同意書"",""承認書"":""承認書"",""委任状"":""委任状""}",本人確認票
gen-noul-07-020,noul,generated,識別文字列の完全一致,"{""商品ラベル"":""AB2-B"",""注文票"":""AB2_B"",""照合規則"":""大文字小文字と記号も含む完全一致""}",指定された照合規則で一致と判定できますか。,"{""false"":""いいえ。質問の命題は成立しない。"",""true"":""はい。質問の命題が成立する。""}",false
gen-choice-03-001,choice,generated,最終更新,"{""案件"":""星空"",""更新記録"":[{""時"":16,""状態"":""受取済み""},{""時"":8,""状態"":""承認""},{""時"":10,""状態"":""未着手""},{""時"":12,""状態"":""保留""}]}",時刻が最も新しい更新に基づく状態を答えてください。,"{""受取済み"":""受取済み"",""確認中"":""確認中"",""差戻し"":""差戻し"",""発送済み"":""発送済み"",""未着手"":""未着手"",""承認"":""承認"",""保留"":""保留"",""取消"":""取消""}",受取済み
gen-score-07-009,score,generated,証拠の最高到達段階,"""この調査固有の証拠段階表: 担当者報告は段階1、一次資料は段階2、署名済み文書は段階3、第三者確認は段階4、写真記録は段階5、口頭メモは段階6、監査記録は段階7。灯台で得られた証拠は署名済み文書、一次資料。複数ある場合は最大の段階を使い、なければ0です。""",この調査の証拠段階を選んでください。,"[""証拠なしの段階0"",""表に基づく最高証拠段階1"",""表に基づく最高証拠段階2"",""表に基づく最高証拠段階3"",""表に基づく最高証拠段階4"",""表に基づく最高証拠段階5"",""表に基づく最高証拠段階6"",""表に基づく最高証拠段階7""]",3
gen-noul-08-026,noul,generated,集合と否定所属,"""水面の参加者名簿は中村、吉田です。この名簿は完全で、記載のない人は参加者ではありません。""",名簿に基づき、高橋さんが参加者ではないという判断に同意できますか。,"{""false"":""いいえ。質問の命題は成立しない。"",""true"":""はい。質問の命題が成立する。""}",true
gen-score-13-040,score,generated,取消しを反映した件数,"{""催し"":""若葉"",""申込み"":[{""氏名"":""中村"",""受付済み"":false,""取消済み"":false},{""氏名"":""木村"",""受付済み"":false,""取消済み"":false},{""氏名"":""遠藤"",""受付済み"":false,""取消済み"":false},{""氏名"":""渡辺"",""受付済み"":true,""取消済み"":false},{""氏名"":""佐藤"",""受付済み"":true,""取消済み"":false},{""氏名"":""上田"",""受付済み"":false,""取消済み"":false},{""氏名"":""石田"",""受付済み"":false,""取消済み"":false},{""氏名"":""山田"",""受付済み"":false,""取消済み"":false}],""まとめ方"":""3件以上は段階3""}",現在有効な申込みだけを数えて評価してください。,"[""有効申込みが0件"",""有効申込みが1件"",""有効申込みが2件"",""有効申込みが3件以上""]",2
gen-noul-06-047,noul,generated,更新後の状態,"{""対象"":""朝露"",""更新記録"":[{""時刻"":11,""状態"":""空席あり""},{""時刻"":20,""状態"":""満席""},{""時刻"":7,""状態"":""満席""}],""規則"":""最新時刻の記録が有効""}",最後の更新を適用すると、状態は「空席あり」になっていますか。,"{""false"":""いいえ。質問の命題は成立しない。"",""true"":""はい。質問の命題が成立する。""}",false
gen-score-05-028,score,generated,緊急条件の加点,"""木漏れ日の基本優先度は1です。締切まで残り4時間以内なら1だけ加点し、それより長ければ加点しません。上限は4です。今回は締切まで2時間です。""",締切までの時間による条件を反映した段階を答えてください。,"[""最終優先度0"",""最終優先度1"",""最終優先度2"",""最終優先度3"",""最終優先度4""]",2
gen-noul-15-025,noul,generated,出来事の前後関係,"{""担当者"":""渡辺"",""実施順"":[""検品"",""伝票記入"",""荷物受取""],""各作業の実施回数"":1}",伝票記入は荷物受取より前に行われましたか。,"{""false"":""いいえ。質問の命題は成立しない。"",""true"":""はい。質問の命題が成立する。""}",true
gen-noul-04-010,noul,generated,例外の優先,"{""許可条件"":""招待あり"",""優先禁止条件"":""利用停止中"",""対象"":""遠藤"",""許可条件に該当"":true,""禁止条件に該当"":false}",この人は現在、利用可能ですか。,"{""false"":""いいえ。質問の命題は成立しない。"",""true"":""はい。質問の命題が成立する。""}",true
gen-choice-02-039,choice,generated,条件と優先例外,"""白波店では会員で購入数が5個以上なら優待扱いです。ただし予約品は購入数や会員資格にかかわらず通常扱いです。今回は6個、会員、通常在庫品です。""",この購入に適用する扱いを選んでください。,"{""通常"":""通常の扱い"",""優待"":""優待の扱い""}",優待
gen-choice-02-012,choice,generated,条件と優先例外,"{""規則"":""会員かつ8個以上なら優待。ただし予約品は常に通常"",""会員"":false,""購入数"":13,""予約品"":false}",会計時の区分を一つ決めてください。,"{""通常"":""通常の扱い"",""優待"":""優待の扱い""}",通常
gen-score-14-047,score,generated,参照表の順序尺度,"{""検査対象"":""白波"",""今回の対応表"":{""黒"":0,""白"":1,""緑"":2,""青"":3},""確定票の印"":""緑""}",検査票の印を指定尺度に変換してください。,"[""表による段階0"",""表による段階1"",""表による段階2"",""表による段階3""]",2
gen-score-05-009,score,generated,緊急条件の加点,"{""案件"":""灯台"",""基本優先度"":1,""締切までの残り時間"":9,""規則"":""残り8時間以内なら1加点、それより長ければ0加点。上限6""}",条件付き加点後の優先度を選んでください。,"[""最終優先度0"",""最終優先度1"",""最終優先度2"",""最終優先度3"",""最終優先度4"",""最終優先度5"",""最終優先度6""]",1
gen-choice-08-018,choice,generated,改訂と例外の優先,"""通常品の貼付ラベルについて、連絡は古い順に「白」「黄」でした。後の連絡が前の連絡を上書きします。ただし冷蔵品には連絡履歴に関係なく白ラベルを貼ります。今回の荷物は通常品です。""",例外と改訂の順序を考慮して、使用する色はどれですか。,"{""黄"":""黄ラベル"",""白"":""白ラベル""}",黄
gen-score-13-021,score,generated,取消しを反映した件数,"""星空の申込み記録: 渡辺は未受付・取消なし、上田は受付済み・取消なし、青木は受付済み・取消なし、中村は受付済み・取消済み、吉田は受付済み・取消済み、森は受付済み・取消済み、松本は受付済み・取消なし。取消済みの申込みは有効件数から除きます。5件以上は最終段階5にまとめます。""",受付済みから取消済みを除いた件数はいくつの段階ですか。,"[""有効申込みが0件"",""有効申込みが1件"",""有効申込みが2件"",""有効申込みが3件"",""有効申込みが4件"",""有効申込みが5件以上""]",3
gen-choice-04-047,choice,generated,参照先の担当,"""担当: 草原は中村、朝露は佐藤、春風は高橋、木漏れ日は大野、若葉は加藤、山道は遠藤。資料の所属: 用紙は若葉案件、ノートは春風案件、付箋は朝露案件、ペンは木漏れ日案件、ケースは山道案件、クリップは草原案件。確認する資料はケースです。""",この資料について、所属案件を通じて連絡すべき担当者は誰ですか。,"{""大野"":""大野さん"",""中村"":""中村さん"",""遠藤"":""遠藤さん"",""佐藤"":""佐藤さん"",""加藤"":""加藤さん"",""高橋"":""高橋さん""}",遠藤
gen-choice-12-012,choice,generated,条件付き不足書類,"""書類確認の優先順は委任状→本人確認票→申込書→同意書→受領票。委任状だけは代理申請の場合に限って必要で、それ以外は常に必要です。今回は代理申請。提出済みは受領票です。""",必要な不足書類を先頭から一つだけ案内します。どれですか。必要書類に不足がなければ追加不要です。,"{""同意書"":""同意書"",""受領票"":""受領票"",""申込書"":""申込書"",""追加不要"":""必要書類はすべて提出済み"",""本人確認票"":""本人確認票"",""委任状"":""委任状""}",委任状
gen-choice-15-023,choice,generated,文章内の順序参照,"{""会議"":""水面"",""発表順"":[""加藤"",""青木"",""松本"",""山田"",""大野"",""中村"",""渡辺"",""高橋""]}",最初を1番目として、7番目の発表者を選んでください。,"{""加藤"":""加藤さん"",""大野"":""大野さん"",""松本"":""松本さん"",""山田"":""山田さん"",""高橋"":""高橋さん"",""渡辺"":""渡辺さん"",""中村"":""中村さん"",""青木"":""青木さん""}",渡辺
gen-score-08-007,score,generated,要件への一致数,"{""注文要件"":{""印字"":""なし"",""素材"":""布"",""包装"":""袋"",""配送"":""店頭"",""形"":""丸""},""提案品"":{""印字"":""なし"",""素材"":""木"",""包装"":""袋"",""配送"":""宅配"",""形"":""四角""}}",提案品が満たす要件数はいくつの段階ですか。,"[""一致した要件が0項目"",""一致した要件が1項目"",""一致した要件が2項目"",""一致した要件が3項目"",""一致した要件が4項目"",""一致した要件が5項目""]",2
gen-score-08-033,score,generated,要件への一致数,"{""注文要件"":{""色"":""白"",""配送"":""郵送"",""形"":""四角""},""提案品"":{""色"":""白"",""配送"":""郵送"",""形"":""三角""}}",注文要件と一致している属性の数を段階として選んでください。,"[""一致した要件が0項目"",""一致した要件が1項目"",""一致した要件が2項目"",""一致した要件が3項目""]",2
gen-noul-05-050,noul,generated,締切の境界,"{""受付規則"":""17時より前だけ受け付け、17時ちょうどは無効"",""提出者"":""加藤"",""提出時刻"":16}",記録された提出時刻は締切内ですか。,"{""false"":""いいえ。質問の命題は成立しない。"",""true"":""はい。質問の命題が成立する。""}",true
gen-noul-09-027,noul,generated,重複を除いた件数,"{""棚"":""山道"",""読み取り品名"":[""封筒"",""箱"",""名札"",""用紙"",""ノート"",""用紙""],""数え方"":""同一品名の重複を除く""}",異なる品名だけ数えると5種類以上ですか。,"{""false"":""いいえ。質問の命題は成立しない。"",""true"":""はい。質問の命題が成立する。""}",true
gen-noul-11-014,noul,generated,参照関係の真偽,"""担当表: 白波は遠藤、春風は高橋、木漏れ日は上田。資料の関連先: 用紙は春風、冊子は木漏れ日、封筒は白波。""",高橋さんは封筒が属する案件の担当者と言えますか。,"{""false"":""いいえ。質問の命題は成立しない。"",""true"":""はい。質問の命題が成立する。""}",false
gen-score-06-004,score,generated,約束時刻からの遅れ,"""青空便は11時到着の約束でした。実際の到着は同じ日の11時です。早着した場合の遅れは0時間とします。""",到着の遅れを段階基準で評価してください。,"[""遅れが2時間未満"",""遅れが2時間以上、4時間未満"",""遅れが4時間以上""]",0
gen-noul-11-038,noul,generated,参照関係の真偽,"""担当表: 草原は吉田、灯台は松本、水面は高橋、朝露は佐藤。資料の関連先: クリップは朝露、カードは草原、テープは灯台、箱は水面。""",クリップに関連する案件の担当は松本さんですか。,"{""false"":""いいえ。質問の命題は成立しない。"",""true"":""はい。質問の命題が成立する。""}",false
gen-choice-03-007,choice,generated,最終更新,"""案件「水面」の記録です。18時の更新: 確認中。 12時の更新: 取消。 17時の更新: 受取済み。""",最後の時刻の記録が有効です。現在の状態はどれですか。,"{""受取済み"":""受取済み"",""取消"":""取消"",""未着手"":""未着手"",""保留"":""保留"",""確認中"":""確認中"",""差戻し"":""差戻し""}",確認中
gen-score-15-024,score,generated,軽重のある項目,"""この点検の配点: 余白不備は2点、日付欠落は1点。見つかった不備: なし。該当項目の点を合計し、1点以上は段階1にまとめます。""",配点の違いを反映した最終段階を選んでください。,"[""不備点の合計が0点"",""不備点の合計が1点以上""]",0
gen-score-05-022,score,generated,緊急条件の加点,"""春風の基本優先度は0です。締切まで残り5時間以内なら1だけ加点し、それより長ければ加点しません。上限は5です。今回は締切まで5時間です。""",条件付き加点後の優先度を選んでください。,"[""最終優先度0"",""最終優先度1"",""最終優先度2"",""最終優先度3"",""最終優先度4"",""最終優先度5""]",1
gen-choice-15-002,choice,generated,文章内の順序参照,"{""会議"":""草原"",""発表順"":[""山田"",""石田""]}",発表順の先頭から2番目にいる人を答えてください。,"{""山田"":""山田さん"",""石田"":""石田さん""}",石田
gen-score-11-019,score,generated,時刻順の評価更新,"{""案件"":""若葉"",""評価更新"":[{""時刻"":16,""段階"":1},{""時刻"":9,""段階"":2},{""時刻"":7,""段階"":1}],""採用規則"":""最新時刻だけを採用""}",履歴の記載順に惑わされず、最新評価を答えてください。,"[""評価段階0"",""評価段階1"",""評価段階2"",""評価段階3""]",1
gen-score-13-010,score,generated,取消しを反映した件数,"""春風の申込み記録: 大野は未受付・取消なし、林は未受付・取消なし、森は受付済み・取消済み、石田は未受付・取消なし、松本は受付済み・取消済み、中村は受付済み・取消済み、吉田は未受付・取消なし。取消済みの申込みは有効件数から除きます。1件以上は最終段階1にまとめます。""",受付済みから取消済みを除いた件数はいくつの段階ですか。,"[""有効申込みが0件"",""有効申込みが1件以上""]",0
gen-noul-09-046,noul,generated,重複を除いた件数,"{""棚"":""春風"",""読み取り品名"":[""ラベル"",""ラベル"",""ラベル"",""ラベル""],""数え方"":""同一品名の重複を除く""}",重複を除いた種類数は6以上という条件を満たしますか。,"{""false"":""いいえ。質問の命題は成立しない。"",""true"":""はい。質問の命題が成立する。""}",false
gen-noul-10-033,noul,generated,条件付き義務,"{""規則"":""追加申請なら上長の承認が必要。それ以外では義務なし"",""条件に該当"":true,""必要処置を実施"":false}",この案件は記載された義務のルールに違反していませんか。違反がなければはいです。,"{""false"":""いいえ。質問の命題は成立しない。"",""true"":""はい。質問の命題が成立する。""}",false
gen-noul-08-031,noul,generated,集合と否定所属,"{""催し"":""草原"",""完全な参加者名簿"":[""佐藤"",""吉田"",""渡辺"",""石田""],""補足"":""名前のない人は参加者ではない""}",石田さんは参加者ではないと言えますか。,"{""false"":""いいえ。質問の命題は成立しない。"",""true"":""はい。質問の命題が成立する。""}",false
gen-choice-06-009,choice,generated,時間枠の包含,"""部屋の連続利用可能時間: 青室は9時から11時まで、茶室は11時から13時まで、黄室は9時から11時まで、紫室は11時から13時まで、黒室は10時から13時まで。会議は10時開始、12時終了です。""",会議開始から終了まで空いている部屋はどれですか。境界時刻が一致していても利用できます。,"{""黄"":""黄室"",""紫"":""紫室"",""茶"":""茶室"",""青"":""青室"",""黒"":""黒室""}",黒
gen-choice-11-007,choice,generated,小数量の比較,"""入出庫記録: 用紙は在庫8個、そのうち予約2個、ケースは在庫14個、そのうち予約2個、ファイルは在庫8個、そのうち予約4個、シールは在庫3個、そのうち予約3個、ノートは在庫14個、そのうち予約5個、名札は在庫8個、そのうち予約0個、テープは在庫7個、そのうち予約4個。予約分は自由在庫に含めません。""",自由在庫が最も多い品を選んでください。,"{""テープ"":""テープ"",""名札"":""名札"",""ファイル"":""ファイル"",""ノート"":""ノート"",""ケース"":""ケース"",""シール"":""シール"",""用紙"":""用紙""}",ケース
gen-score-13-013,score,generated,取消しを反映した件数,"""星空の申込み記録: 木村は未受付・取消なし、上田は未受付・取消なし、遠藤は受付済み・取消なし、中村は受付済み・取消済み、山田は受付済み・取消済み、大野は未受付・取消なし、石田は受付済み・取消済み。取消済みの申込みは有効件数から除きます。4件以上は最終段階4にまとめます。""",受付済みから取消済みを除いた件数はいくつの段階ですか。,"[""有効申込みが0件"",""有効申込みが1件"",""有効申込みが2件"",""有効申込みが3件"",""有効申込みが4件以上""]",1
gen-choice-12-001,choice,generated,条件付き不足書類,"{""確認優先順"":[""受領票"",""見積書"",""同意書""],""代理申請だけに必要"":""見積書"",""代理申請"":false,""提出済み"":[""受領票"",""見積書"",""同意書""]}",申請区分に応じて必要書類を確認し、最優先で追加提出を求めるものを答えてください。なければ追加不要です。,"{""見積書"":""見積書"",""同意書"":""同意書"",""追加不要"":""必要書類はすべて提出済み"",""受領票"":""受領票""}",追加不要
gen-score-12-024,score,generated,目標からの差,"""夕凪の目標数は13個、実績は10個です。多すぎても少なすぎても、目標から何個離れたかで評価します。差が1個以上なら最終段階1にまとめます。""",不足・超過の向きではなく差の大きさで評価してください。,"[""目標との差が0個"",""目標との差が1個以上""]",1
gen-choice-13-016,choice,generated,工程の依存順,"""案件「木漏れ日」の工程順は内容確認→準備→見積作成です。途中の工程を飛ばすことはできません。完了済みは内容確認です。""",次に行う工程を選んでください。すべて済んでいれば完了を選びます。,"{""完了"":""全工程が完了"",""準備"":""準備"",""見積作成"":""見積作成"",""内容確認"":""内容確認""}",準備
gen-choice-12-045,choice,generated,条件付き不足書類,"""書類確認の優先順は申込書→本人確認票→見積書。本人確認票だけは代理申請の場合に限って必要で、それ以外は常に必要です。今回は本人申請。提出済みは見積書、本人確認票、申込書です。""",申請区分に応じて必要書類を確認し、最優先で追加提出を求めるものを答えてください。なければ追加不要です。,"{""本人確認票"":""本人確認票"",""追加不要"":""必要書類はすべて提出済み"",""申込書"":""申込書"",""見積書"":""見積書""}",追加不要
gen-choice-10-017,choice,generated,不在時の代理,"{""案件担当"":{""青空"":""上田"",""白波"":""青木"",""山道"":""森"",""草原"":""渡辺""},""代理者"":{""上田"":""青木"",""青木"":""森"",""森"":""渡辺"",""渡辺"":""上田""},""不在者"":[],""案件"":""白波"",""ルール"":""担当者が不在なら指定代理に一度だけ振替。代理の在席状況は問わない""}",本日の規則に従う連絡相手を選んでください。,"{""上田"":""上田さん"",""渡辺"":""渡辺さん"",""青木"":""青木さん"",""森"":""森さん""}",青木
gen-score-01-035,score,generated,件数の段階境界,"""夕凪で確認待ちの申請を数えたところ、現在9件でした。処理済みは数に含めていません。""",現在の件数を指定の段階基準に当てはめてください。,"[""対象件数が2件未満"",""対象件数が2件以上、4件未満"",""対象件数が4件以上、6件未満"",""対象件数が6件以上、8件未満"",""対象件数が8件以上、10件未満"",""対象件数が10件以上、12件未満"",""対象件数が12件以上、14件未満"",""対象件数が14件以上""]",4
gen-score-11-017,score,generated,時刻順の評価更新,"{""案件"":""星空"",""評価更新"":[{""時刻"":17,""段階"":1},{""時刻"":8,""段階"":1},{""時刻"":12,""段階"":1},{""時刻"":10,""段階"":1}],""採用規則"":""最新時刻だけを採用""}",最後に更新された有効な段階はいくつですか。,"[""評価段階0"",""評価段階1""]",1
gen-score-03-016,score,generated,順番に進む工程,"{""案件"":""白波"",""工程順"":[""実施"",""報告"",""承認"",""受付""],""完了済み"":[""実施""],""着手中は完了に含めない"":true}",工程の完了状況を段階尺度で評価してください。,"[""完了した工程はまだない"",""先頭から1工程が完了（最後に完了したのは実施）"",""先頭から2工程が完了（最後に完了したのは報告）"",""先頭から3工程が完了（最後に完了したのは承認）"",""先頭から4工程が完了（最後に完了したのは受付）""]",1
gen-score-09-041,score,generated,例外による上限,"""検査合格状況: 表示は不合格、付属品は不合格、外観は合格、記録は合格。合格項目一つにつき1点ですが、要再確認の印があれば上限3点に制限します。今回その印はありません。""",上限制限を適用した最終点を選んでください。,"[""最終点0点"",""最終点1点"",""最終点2点"",""最終点3点"",""最終点4点""]",2
gen-choice-09-023,choice,generated,利用可能集合の差,"""貸出台帳で利用可能と記録されている品は箱、ケース。予約済みの品はケースです。""",予約済みを利用可能一覧から除いたとき、残る品を答えてください。,"{""ケース"":""ケース"",""箱"":""箱""}",箱
gen-noul-09-035,noul,generated,重複を除いた件数,"""青空棚で読み取った品名は袋、ケース、冊子、冊子、シール、付箋、箱、付箋、用紙、ノートでした。同じ品名の繰り返しは一種類として数えます。""",品物の種類は4種類以上ありますか。,"{""false"":""いいえ。質問の命題は成立しない。"",""true"":""はい。質問の命題が成立する。""}",true
gen-score-07-045,score,generated,証拠の最高到達段階,"{""調査"":""草原"",""この調査の証拠段階"":{""写真記録"":1},""得られた証拠"":[""写真記録""],""集約規則"":""得られた段階の最大。証拠なしは0""}",この調査の証拠段階を選んでください。,"[""証拠なしの段階0"",""表に基づく最高証拠段階1""]",1
gen-score-04-004,score,generated,独立チェックの合計,"""青空資料の点検: 添付ありは満たす、日付ありは満たす、承認印ありは満たす、宛先ありは満たす、ページ番号ありは満たさない、署名ありは満たす、題名ありは満たさない。各項目は一つずつ数えます。""",条件を満たした項目を一つ一点として集計してください。,"[""満たした項目が0個"",""満たした項目が1個"",""満たした項目が2個"",""満たした項目が3個"",""満たした項目が4個"",""満たした項目が5個"",""満たした項目が6個"",""満たした項目が7個""]",5
gen-noul-14-017,noul,generated,予定時間の重なり,"{""対象者"":""中村"",""会議"":[14,18],""面談"":[10,13],""規則"":""終了時刻と開始時刻が一致するだけなら重複なし""}",二つの予定の時間は重なっていますか。,"{""false"":""いいえ。質問の命題は成立しない。"",""true"":""はい。質問の命題が成立する。""}",false
gen-score-09-034,score,generated,例外による上限,"{""検査合格"":{""付属品"":false,""外観"":true,""包装"":false,""表示"":false},""要再確認の印あり"":true,""採点規則"":""合格数が点数。ただし印があれば上限1点""}",単純な合格数ではなく、上限ルール適用後の点数を求めてください。,"[""最終点0点"",""最終点1点"",""最終点2点"",""最終点3点"",""最終点4点""]",1
gen-noul-09-010,noul,generated,重複を除いた件数,"""水面棚で読み取った品名はシール、袋、シール、袋、袋、袋でした。同じ品名の繰り返しは一種類として数えます。""",重複を除いた種類数は6以上という条件を満たしますか。,"{""false"":""いいえ。質問の命題は成立しない。"",""true"":""はい。質問の命題が成立する。""}",false
gen-choice-15-037,choice,generated,文章内の順序参照,"{""会議"":""青空"",""発表順"":[""松本"",""山田"",""森"",""吉田"",""遠藤"",""木村""]}",紹介された順番で4人目に発表する人は誰ですか。,"{""山田"":""山田さん"",""木村"":""木村さん"",""松本"":""松本さん"",""森"":""森さん"",""吉田"":""吉田さん"",""遠藤"":""遠藤さん""}",吉田
gen-choice-13-004,choice,generated,工程の依存順,"""案件「草原」の工程順は受付→承認→報告→内容確認→準備→見積作成→実施です。途中の工程を飛ばすことはできません。完了済みは受付、承認、報告、内容確認、準備、見積作成です。""",次に行う工程を選んでください。すべて済んでいれば完了を選びます。,"{""見積作成"":""見積作成"",""内容確認"":""内容確認"",""実施"":""実施"",""完了"":""全工程が完了"",""承認"":""承認"",""準備"":""準備"",""報告"":""報告"",""受付"":""受付""}",実施
gen-score-13-032,score,generated,取消しを反映した件数,"{""催し"":""水面"",""申込み"":[{""氏名"":""中村"",""受付済み"":true,""取消済み"":false},{""氏名"":""木村"",""受付済み"":true,""取消済み"":false},{""氏名"":""石田"",""受付済み"":true,""取消済み"":false},{""氏名"":""吉田"",""受付済み"":true,""取消済み"":false},{""氏名"":""佐藤"",""受付済み"":true,""取消済み"":false},{""氏名"":""遠藤"",""受付済み"":true,""取消済み"":false}],""まとめ方"":""2件以上は段階2""}",取消し後に残る有効申込み数を段階として選んでください。,"[""有効申込みが0件"",""有効申込みが1件"",""有効申込みが2件以上""]",2
gen-score-11-037,score,generated,時刻順の評価更新,"""青空の評価更新履歴: 20時に段階3、19時に段階2、17時に段階2、11時に段階7、16時に段階3、8時に段階3。評価は最新時刻の値だけを採用します。""",最後に更新された有効な段階はいくつですか。,"[""評価段階0"",""評価段階1"",""評価段階2"",""評価段階3"",""評価段階4"",""評価段階5"",""評価段階6"",""評価段階7""]",3
gen-score-08-032,score,generated,要件への一致数,"{""注文要件"":{""素材"":""木"",""配送"":""郵送""},""提案品"":{""素材"":""紙"",""配送"":""店頭""}}",注文要件と一致している属性の数を段階として選んでください。,"[""一致した要件が0項目"",""一致した要件が1項目"",""一致した要件が2項目""]",0
gen-choice-09-036,choice,generated,利用可能集合の差,"{""利用可能品"":[""クリップ""],""予約済み品"":[]}",予約済みを利用可能一覧から除いたとき、残る品を答えてください。,"{""クリップ"":""クリップ"",""ファイル"":""ファイル""}",クリップ
gen-score-02-048,score,generated,記述の満足段階,"{""回答者"":""加藤"",""対象"":""灯台"",""感想原文"":""期待を満たしていて、満足した""}",感想に明示された評価を尺度へ対応づけてください。,"[""強い不満"",""不満"",""やや不満"",""どちらでもない"",""やや満足"",""満足"",""強い満足"",""最高の満足""]",5
gen-noul-11-011,noul,generated,参照関係の真偽,"{""案件担当"":{""草原"":""青木"",""水面"":""森"",""山道"":""石田""},""資料関連先"":{""付箋"":""山道"",""ファイル"":""水面"",""袋"":""草原""}}",森さんはファイルが属する案件の担当者と言えますか。,"{""false"":""いいえ。質問の命題は成立しない。"",""true"":""はい。質問の命題が成立する。""}",true
gen-choice-05-035,choice,generated,否定条件で選択,"""検品記録: 名札は封なしで濡れている、袋は封なしで濡れていない、カードは封なしで濡れていない、シールは封ありで濡れていない、ケースは封なしで濡れている、冊子は封ありで濡れている、付箋は封なしで濡れていない。""",対象は『封がある』『濡れていない』の両方を満たす品です。どれですか。,"{""袋"":""袋"",""冊子"":""冊子"",""カード"":""カード"",""ケース"":""ケース"",""付箋"":""付箋"",""名札"":""名札"",""シール"":""シール""}",シール
gen-choice-10-043,choice,generated,不在時の代理,"""担当者: 灯台は大野、夕凪は木村、水面は吉田。代理者: 大野の代理は木村、木村の代理は吉田、吉田の代理は大野。本日の不在者は木村。問い合わせ先の案件は水面です。代理への振替は一回だけ行い、その先の不在は判定しません。""",一回だけの代理振替を適用した後の宛先を答えてください。,"{""大野"":""大野さん"",""吉田"":""吉田さん"",""木村"":""木村さん""}",吉田
gen-choice-03-050,choice,generated,最終更新,"""案件「青空」の記録です。14時の更新: 保留。 18時の更新: 保留。 19時の更新: 差戻し。""",時刻が最も新しい更新に基づく状態を答えてください。,"{""受取済み"":""受取済み"",""差戻し"":""差戻し"",""未着手"":""未着手"",""保留"":""保留"",""取消"":""取消""}",差戻し
gen-score-14-041,score,generated,参照表の順序尺度,"""今回の検査用の対応表: 白印は段階0、黒印は段階1、茶印は段階2、黄印は段階3、紫印は段階4。草原の確定検査票には茶印が付いています。色に一般的な良し悪しは仮定しません。""",検査票の印を指定尺度に変換してください。,"[""表による段階0"",""表による段階1"",""表による段階2"",""表による段階3"",""表による段階4""]",2
gen-noul-06-032,noul,generated,更新後の状態,"""白波の状態記録: 21時には点検中、19時には空席あり、17時には点検中、10時には点検中。時刻が新しい記録が古い記録を上書きします。""",最後の更新を適用すると、状態は「点検中」になっていますか。,"{""false"":""いいえ。質問の命題は成立しない。"",""true"":""はい。質問の命題が成立する。""}",true
gen-noul-11-016,noul,generated,参照関係の真偽,"{""案件担当"":{""朝露"":""渡辺"",""若葉"":""山田"",""木漏れ日"":""上田"",""星空"":""松本"",""春風"":""吉田"",""水面"":""高橋""},""資料関連先"":{""クリップ"":""若葉"",""箱"":""春風"",""袋"":""水面"",""ラベル"":""木漏れ日"",""名札"":""星空"",""冊子"":""朝露""}}",袋の関連先を担当表で引くと渡辺さんになりますか。,"{""false"":""いいえ。質問の命題は成立しない。"",""true"":""はい。質問の命題が成立する。""}",false
gen-choice-04-024,choice,generated,参照先の担当,"{""案件担当"":{""青空"":""佐藤"",""灯台"":""加藤"",""星空"":""遠藤"",""若葉"":""中村"",""春風"":""森""},""資料の所属案件"":{""テープ"":""若葉"",""ラベル"":""星空"",""箱"":""灯台"",""冊子"":""青空"",""ノート"":""春風""},""確認資料"":""ノート""}",確認資料が属する案件の担当者を選んでください。,"{""佐藤"":""佐藤さん"",""加藤"":""加藤さん"",""遠藤"":""遠藤さん"",""森"":""森さん"",""中村"":""中村さん""}",森
gen-score-03-034,score,generated,順番に進む工程,"{""案件"":""木漏れ日"",""工程順"":[""実施""],""完了済み"":[""実施""],""着手中は完了に含めない"":true}",この案件は完了ベースでどの段階まで進みましたか。,"[""完了した工程はまだない"",""先頭から1工程が完了（最後に完了したのは実施）""]",1
