id,source,type,family,correct,t1_nll,t1_brier,t1_score_mae,t1_score_normalized_mae,t1_max_probability,t1_entropy_confidence,fitted_nll,fitted_brier,fitted_score_mae,fitted_score_normalized_mae,fitted_max_probability,fitted_entropy_confidence
v2-gen-choice-06-042,generated,choice,時間枠の包含,True,0.7220388471399248,0.48905128186928737,,,0.4857608535175027,0.5672505658520872,0.7995275785232163,0.5000531887664713,,,0.4495412869189884,0.4490558902726567
v2-gen-noul-13-016,generated,noul,範囲の開閉境界,True,0.0013262043438550643,3.512974426242321e-06,,,0.998674674676496,0.9854198624006343,0.007338051421543822,0.00010690710537787701,,,0.9926888063430833,0.9376129590669744
v2-gen-score-01-007,generated,score,件数の段階境界,True,0.00028774249482666056,1.3479185896881444e-07,0.0004691049901264991,6.701499858949987e-05,0.9997122988990746,0.9986114153666815,0.003161611911153712,1.4135331489549034e-05,0.006816445554346592,0.0009737779363352274,0.9968433807208105,0.9877496699997447
v2-gen-choice-08-043,generated,choice,改訂と例外の優先,True,1.8282506044645053e-05,4.862090223932485e-10,,,0.9999817176610794,0.9998776947101875,0.00042437434943628474,2.406325927140743e-07,,,0.9995757156846214,0.9977920875870084
manual_v2_choice_008,manual,choice,insufficient,True,0.0006904402737586025,9.527575318140646e-07,,,0.9993097980252803,0.9917569931660081,0.004528342625210716,4.0826548121599587e-05,,,0.9954818948594792,0.9583001601802414
v2-gen-score-14-049,generated,score,参照表の順序尺度,True,0.0016618142698168067,3.456027462280969e-06,0.0003083001253183504,6.166002506367008e-05,0.9983395657789494,0.991773488609056,0.012784587060030501,0.0001985669965478948,0.003530120154623173,0.0007060240309246346,0.9872967886191557,0.9511240803476517
v2-gen-choice-11-035,generated,choice,小数量の比較,True,0.02191415677777612,0.0007236214724147913,,,0.9783242139495539,0.9231531080230736,0.0740094066813598,0.007229100009132641,,,0.9286629581636623,0.7921465272248749
v2-gen-choice-04-011,generated,choice,参照先の担当,True,0.0009720085407650351,1.3614167883094102e-06,,,0.9990284637065148,0.993774963757273,0.007518700534753429,7.816117489589905e-05,,,0.9925094941873029,0.962691446391999
v2-gen-choice-06-013,generated,choice,時間枠の包含,True,0.14153901236840363,0.02554826553516729,,,0.8680213113571533,0.7224405580768507,0.29683443791532005,0.08772920984063613,,,0.7431670424619143,0.5208194944635627
v2-gen-score-13-016,generated,score,取消しを反映した件数,False,1.2193112805591697,0.7258311459345096,0.0005660427572875548,8.086325104107926e-05,0.37356881815725856,0.41249819938306,1.235366752952149,0.7111658923845823,0.13158827678894092,0.01879832525556299,0.3459668923018515,0.35420853154087506
manual_v2_choice_014,manual,choice,scope,True,0.0008756058795864264,1.0140553794708641e-06,,,0.9991247773513805,0.9960098612030109,0.008063385777603096,8.01688523645114e-05,,,0.991969036115561,0.9711570530170077
v2-gen-choice-10-003,generated,choice,不在時の代理,True,0.04385331914966032,0.0023834053879607077,,,0.9570943345883304,0.8834038867238214,0.14179113141564484,0.02138839321798641,,,0.86780249423629,0.7040844078288693
v2-gen-noul-08-034,generated,noul,集合と否定所属,True,9.649549778563307e-05,1.8620965274242485e-08,,,0.9999035091577552,0.9985736845389643,0.0010545337337036407,2.221738862798579e-06,,,0.9989460220915981,0.9880564549894826
v2-gen-choice-02-041,generated,choice,条件と優先例外,True,0.0015936834816660647,5.071566239375578e-06,,,0.9984075857575091,0.9829036585980351,0.008405085964381467,0.00014010917930555217,,,0.9916301380147116,0.9302186109120009
v2-gen-noul-12-008,generated,noul,記録と主張の照合,True,0.00010837799328199806,2.3489033046430985e-08,,,0.9998916278794006,0.9984162134618833,0.001149288580360253,2.6386944079766506e-06,,,0.9988513715988239,0.9871264734661498
v2-gen-noul-10-034,generated,noul,条件付き義務,False,1.9214733898014393,1.457296267405699,,,0.8536088880177206,0.39926511694954503,1.5465698543502724,1.2388095696682928,,,0.7870227346361389,0.25286473573308044
v2-gen-score-01-005,generated,score,件数の段階境界,True,0.00023822247728656114,9.31522331906595e-08,0.0003542399335857614,7.084798671715227e-05,0.9997618058954347,0.9986530330679898,0.002645697194532083,1.019697398737189e-05,0.004821442223717587,0.0009642884447435175,0.9973577995778105,0.988126494114633
v2-gen-score-12-038,generated,score,目標からの差,True,0.00039830569052167565,3.1716849521997114e-07,0.00039822637734077126,0.00039822637734077126,0.9996017736226592,0.9949279772651407,0.0030138053286193588,1.8111392321375937e-05,0.0030092683763147665,0.0030092683763147665,0.9969907316236852,0.9704583324157424
v2-gen-choice-13-033,generated,choice,工程の依存順,True,0.0005542292348869631,5.219151474962644e-07,,,0.9994459243217656,0.995473566722169,0.00440585850505387,3.14301430679257e-05,,,0.9956038330510968,0.9720461248566701
v2-gen-score-11-024,generated,score,時刻順の評価更新,True,0.002722870296438591,1.4787734512603039e-05,0.0027191666473943416,0.0027191666473943416,0.9972808333526058,0.9729079868783099,0.012482005497751329,0.0003077396866347082,0.012404428375276139,0.012404428375276139,0.987595571624724,0.9036583916253089
v2-gen-choice-07-006,generated,choice,複数属性の制約,True,0.00027660877782807486,1.529825107603796e-07,,,0.9997234294748528,0.9963319666816656,0.002300719278746557,1.0562294218914363e-05,,,0.9977019253472837,0.9765449430920055
v2-gen-choice-02-001,generated,choice,条件と優先例外,True,0.003959370909924769,3.122938314403341e-05,,,0.9960484570643839,0.9627637848714506,0.016449638698958553,0.000532363814677379,,,0.9836849177955277,0.8797821275291484
v2-gen-score-06-039,generated,score,約束時刻からの遅れ,True,0.5966367115408369,0.40168363403016694,0.4517202452606104,0.2258601226303052,0.5506605554175978,0.360232834891246,0.6282726570240619,0.4265998578223419,0.47591865671368194,0.23795932835684097,0.5335125647218352,0.32912849563938684
v2-gen-noul-04-021,generated,noul,例外の優先,True,0.01121762099537879,0.0002488652875069271,,,0.9888450619117154,0.9116440550766217,0.03535725487135844,0.0024136642430884585,,,0.9652605106320742,0.7823702963557374
v2-gen-noul-10-024,generated,noul,条件付き義務,True,0.0035859829247644843,2.5626513427693815e-05,,,0.9964204390333664,0.9657575207438928,0.015291801229152972,0.0004605901033295568,,,0.9848245246642888,0.8865814271987387
v2-gen-score-08-024,generated,score,要件への一致数,True,0.0005285611225092198,5.584584760020318e-07,0.000528421458687145,0.000528421458687145,0.9994715785413129,0.9934854421139933,0.003715992635178811,2.7514799311424037e-05,0.003709096878717566,0.003709096878717566,0.9962909031212824,0.9647089353334268
v2-gen-noul-03-020,generated,noul,いずれかの条件,True,0.021586491802261833,0.0009120866523115288,,,0.9786448290534643,0.8510167081886737,0.05703600945133137,0.006147174855787769,,,0.9445600556647656,0.6909293112924704
v2-gen-score-08-002,generated,score,要件への一致数,True,0.040714464780565125,0.0024556903842850846,0.048969239886917926,0.006995605698131132,0.9601032341003709,0.9016637194362305,0.1184133128567964,0.01744839234345946,0.1557936635151449,0.022256237645020698,0.8883288190067011,0.7645004010086487
v2-gen-noul-04-032,generated,noul,例外の優先,True,0.06884159976815077,0.00885127606458793,,,0.9334745309502145,0.6471784857005121,0.1320226763161087,0.030592929172961428,,,0.8763211231192621,0.4601559642412788
v2-gen-noul-13-044,generated,noul,範囲の開閉境界,True,0.0005381432016337514,5.788846182482609e-07,,,0.9994620015714483,0.9933813188208039,0.0037657350230747193,2.8254952788342907e-05,,,0.9962413464652656,0.9643095223517979
v2-gen-score-03-020,generated,score,順番に進む工程,True,0.00018057412562713865,6.520225496599547e-08,0.00018055782310100188,0.00018055782310100188,0.999819442176899,0.9974942517107065,0.0016775873182168944,5.6191651888418074e-06,0.001676180955153983,0.001676180955153983,0.998323819044846,0.9821284050605754
v2-gen-choice-10-025,generated,choice,不在時の代理,True,0.042519070605853616,0.002633094915251976,,,0.9583721886084016,0.8726341904696684,0.11461541604878207,0.017161411523454143,,,0.8917090149475607,0.7259923995837121
v2-gen-score-10-024,generated,score,不足の段階,True,0.0006906805687317956,9.534205974327124e-07,0.0006904421038119724,0.0006904421038119724,0.999309557896188,0.9917544719434329,0.004529508642703286,4.0847528353614444e-05,0.004519265889146973,0.004519265889146973,0.995480734110853,0.958291125670583
v2-gen-noul-12-014,generated,noul,記録と主張の照合,True,9.831681667116866e-05,1.9330492290376235e-08,,,0.9999016880162687,0.9985494167755629,0.0010692458558715645,2.284130015720945e-06,,,0.9989313255837906,0.9879112770693539
v2-gen-choice-14-005,generated,choice,二属性照合,True,0.00012014874970620795,2.142233865436883e-08,,,0.9998798584678658,0.9991822235565573,0.0016138894002220084,3.6402759468102775e-06,,,0.9983874122189588,0.9914623962424155
v2-gen-choice-08-034,generated,choice,改訂と例外の優先,True,0.0022858738186848594,9.127101204186208e-06,,,0.9977167368013111,0.9893071402471544,0.012671964333927466,0.0002588687482771609,,,0.9874079869365741,0.9528480277621173
manual_v2_choice_002,manual,choice,negation,True,0.008553999021678728,0.0001178327115343312,,,0.991482482333354,0.9509657278881776,0.033715360725466485,0.0017300706948207875,,,0.9668466680086648,0.8489003771256549
v2-gen-score-15-010,generated,score,軽重のある項目,True,0.002285880829857128,1.0426645556272756e-05,0.0022832701938527307,0.0022832701938527307,0.9977167298061472,0.9766747294466602,0.010970414560742228,0.0002380762315726408,0.010910459008965662,0.010910459008965662,0.9890895409910343,0.9132297695423115
v2-gen-choice-15-038,generated,choice,文章内の順序参照,True,0.00012819388467798896,3.28631310601995e-08,,,0.9998718143318069,0.9981577053244766,0.0013015478914372995,3.3836474592430218e-06,,,0.9986992987546629,0.9856555401518947
v2-gen-score-13-037,generated,score,取消しを反映した件数,True,0.11049177251229728,0.014920741925769436,0.24353623398135316,0.034790890568764735,0.895393696999812,0.7684877080774016,0.26474367295055845,0.06792072687936761,0.6021817013699009,0.08602595733855727,0.7674026308195603,0.5551450966826528
v2-gen-noul-09-017,generated,noul,重複を除いた件数,True,0.0009454660258106335,1.7861226282746662e-06,,,0.999054980786366,0.9891423133927498,0.005713815721338492,6.492353490277583e-05,,,0.99430247707759,0.9493260785483425
v2-gen-choice-06-049,generated,choice,時間枠の包含,True,0.008640929549988375,0.00014804744560632755,,,0.9913962959835217,0.9286125099381421,0.029200273147288094,0.001656354014134958,,,0.9712219353140716,0.8117735967073187
v2-gen-choice-09-019,generated,choice,利用可能集合の差,True,0.0038903570769187666,2.065442667984029e-05,,,0.9961172005583644,0.984501832927941,0.022824165447945757,0.0006613364082664733,,,0.9774343353926342,0.928076887416046
v2-gen-choice-10-048,generated,choice,不在時の代理,True,0.03590561582269567,0.0016001507357747127,,,0.964731344560441,0.88772666891191,0.1172467557747548,0.015358102613308626,,,0.8893657099603495,0.715507774732344
v2-gen-noul-13-006,generated,noul,範囲の開閉境界,True,0.0001479941213582371,4.379803766137604e-08,,,0.9998520168292315,0.9979038379861868,0.0014476795042201304,4.185488991255593e-06,,,0.9985533678782677,0.9842682558423265
manual_v2_choice_033,manual,choice,sequence,True,0.014456881678710095,0.0003631721203171694,,,0.9856471172652238,0.9536035132983136,0.0513832227162948,0.00394259392145957,,,0.9499145719289523,0.8635491821929968
v2-gen-score-11-046,generated,score,時刻順の評価更新,True,0.0043861911482725256,3.055525046420688e-05,0.00561002414952716,0.00280501207476358,0.9956234141394478,0.9720183485577254,0.020783163872719335,0.0006581280575705635,0.027423590897740713,0.013711795448870356,0.9794313176395733,0.8968375896658572
v2-gen-noul-03-030,generated,noul,いずれかの条件,True,0.00020065513198358448,8.050880812646577e-08,,,0.999799364997911,0.9972461462850397,0.0018138730256149517,6.568347549915951e-06,,,0.9981877710478645,0.9808820609189629
v2-gen-choice-04-003,generated,choice,参照先の担当,True,0.0010211392931295748,1.541066322504771e-06,,,0.9989793818921824,0.99534204234538,0.008095938456869721,8.924502433937623e-05,,,0.9919367453912635,0.9707194937838368
v2-gen-score-08-040,generated,score,要件への一致数,True,0.0006980283209344858,6.822265499865759e-07,0.0011595879778512064,0.0003865293259504021,0.9993022152441589,0.9953339266860555,0.0059512682397807265,4.823703575472388e-05,0.010380464793836364,0.003460154931278788,0.9940664054793216,0.96930960194763
manual_v2_choice_027,manual,choice,meaning,True,9.273239278275781e-05,1.0755602390416146e-08,,,0.9999072719067327,0.9994393387544356,0.0015188621522392609,2.8299839861714998e-06,,,0.9984822907351133,0.9929378245519898
v2-gen-choice-06-035,generated,choice,時間枠の包含,True,0.25898542658001156,0.0995698674622508,,,0.7718342712267371,0.6951742220502637,0.3719876960753899,0.16978338842260524,,,0.6893627243390318,0.5886055154336605
v2-gen-choice-05-013,generated,choice,否定条件で選択,True,0.000138442150340598,3.832715158249404e-08,,,0.9998615674323317,0.9980257959638269,0.0013778620914688864,3.791780335541597e-06,,,0.9986230867246734,0.9849282412763142
v2-gen-noul-05-026,generated,noul,締切の境界,True,0.0004608730364748575,4.2461218161130057e-07,,,0.9995392331491897,0.9942284168860933,0.003357558214485144,2.2470841548534377e-05,,,0.9966480720809857,0.9676167978195992
v2-gen-noul-10-042,generated,noul,条件付き義務,False,1.7926480797886328,1.3893823859754861,,,0.8334813693105222,0.3503214210912736,1.4585849021788968,1.177912515140859,,,0.7674348555873843,0.21754380512773186
v2-gen-choice-13-008,generated,choice,工程の依存順,True,0.009053394864180582,0.00013807975894818958,,,0.9909874637191702,0.9679286816090051,0.03755773853301811,0.0020568494036976967,,,0.9631388058936194,0.891075811331589
v2-gen-choice-13-045,generated,choice,工程の依存順,True,0.0025048438833369397,7.438669031712868e-06,,,0.9974982906204093,0.9894422468610592,0.018739220922097503,0.00040302551594160617,,,0.9814352666579571,0.9390465709383309
manual_v2_score_047,manual,score,meaning,True,0.0001393452008201636,3.2447035390501975e-08,0.0001798426041274136,5.994753470913787e-05,0.9998606645072714,0.9989445811214803,0.0016692435553722475,4.294952491019871e-06,0.002403271118244626,0.0008010903727482087,0.9983321488567852,0.9901327119781229
v2-gen-noul-12-039,generated,noul,記録と主張の照合,True,0.0001426608595546515,4.069843527881801e-08,,,0.9998573493160219,0.9979718185589523,0.0014088468719259228,3.964110912486374e-06,,,0.9985921450869343,0.9846347212721799
v2-gen-noul-08-024,generated,noul,集合と否定所属,True,0.00012700604289614238,3.2256972816986055e-08,,,0.9998730020220299,0.9981730692823808,0.0012926020617701713,3.3373240243080956e-06,,,0.9987082329884402,0.9857412157866065
v2-gen-noul-12-037,generated,noul,記録と主張の照合,True,0.0001854970894545513,6.880557617161549e-08,,,0.9998145201140668,0.9974331418420108,0.0017113477494508152,5.847408152306433e-06,,,0.9982901157711257,0.9818182084283075
v2-gen-score-05-011,generated,score,緊急条件の加点,True,0.10565434506743725,0.02010590287133246,0.10026440762137998,0.10026440762137998,0.8997355923786201,0.5301668139806033,0.17947340823602081,0.05398229408069169,0.16428982634462141,0.16428982634462141,0.8357101736553787,0.3555258842424486
v2-gen-score-09-012,generated,score,例外による上限,True,0.025963001330526182,0.0010478609853593558,0.011190521053547009,0.0037301736845156697,0.9743711393775791,0.9014036631860792,0.07878403641317443,0.008666134865849199,0.01824684852386671,0.006082282841288904,0.9242395049718275,0.7617649727692044
v2-gen-score-12-035,generated,score,目標からの差,False,1.9542441821993968,0.9606061559191625,0.7322670655391308,0.14645341310782617,0.37739602814597095,0.14039152090426799,1.8589301674627838,0.9047451825265017,0.8715538976898229,0.1743107795379646,0.3221924486925609,0.09429269582046351
manual_v2_score_019,manual,score,history,True,0.2793500971350094,0.11424671764219463,0.48653099630959273,0.12163274907739818,0.7562750871207943,0.6244278057105342,0.38478428606589493,0.18391288409713993,0.6303316978975115,0.15758292447437788,0.6805974347209611,0.5230821377104318
v2-gen-choice-05-038,generated,choice,否定条件で選択,True,7.999181748202e-05,9.880778679545359e-09,,,0.9999200113817781,0.9994946599069453,0.0011958649124028896,2.0240934577962945e-06,,,0.9988048498490937,0.9940839554959165
v2-gen-score-12-012,generated,score,目標からの差,False,2.1107612526583344,1.2773935856136074,1.0751498983519527,0.3583832994506509,0.6835662232234376,0.393323962256345,1.8007790865417204,1.1067379305252025,1.0787315890450007,0.35957719634833357,0.5956702139727796,0.2992345680629469
v2-gen-noul-13-027,generated,noul,範囲の開閉境界,True,0.00047289682436412795,4.4705136215766606e-07,,,0.9995272149737154,0.9940954436047473,0.0034221817696288084,2.33426593219564e-05,,,0.9965836672203987,0.9670885407565675
v2-gen-score-12-006,generated,score,目標からの差,False,0.9701185555198059,0.6475817428348525,0.73384173071784,0.18346043267946,0.49773087235536256,0.38397632024811246,0.9877767142844267,0.6267141299364889,0.7663711482111908,0.1915927870527977,0.45574268787833727,0.3274923600294034
v2-gen-score-03-015,generated,score,順番に進む工程,True,0.0007636313388232634,1.0668975894278371e-06,0.0008553538822183385,0.00028511796073944616,0.9992366601533853,0.9952978374948995,0.005519232554865378,5.133728808380769e-05,0.006833934776020692,0.002277978258673564,0.9944959704266756,0.9730734199844628
v2-gen-score-01-001,generated,score,件数の段階境界,True,0.0006781421681923716,9.191301235232607e-07,0.000677912281760461,0.000677912281760461,0.9993220877182396,0.991886190133177,0.004468524063583245,3.975742652389435e-05,0.004458555064361927,0.004458555064361927,0.9955414449356381,0.9587642414398022
manual_v2_choice_032,manual,choice,arithmetic,False,1.2183611993650485,0.8381191392700217,,,0.5769071625902146,0.3592535449069597,1.1931074949273264,0.7526860023324065,,,0.49772911676246023,0.2556233300219952
v2-gen-noul-12-041,generated,noul,記録と主張の照合,True,0.00010131054094660532,2.0525571869200177e-08,,,0.999898694590793,0.998509632998453,0.001093275858170113,2.387892389531602e-06,,,0.9989073215501504,0.9876747816633816
v2-gen-noul-01-027,generated,noul,事実と否定質問,True,0.0026225040155048165,1.371903705850875e-05,,,0.9973809317440635,0.9737633927147908,0.01214090524195637,0.0002912492000410969,,,0.9879324981864286,0.9057928255084344
v2-gen-score-05-006,generated,score,緊急条件の加点,True,0.030004980212269668,0.0015621136672613048,0.029202879741891064,0.009734293247297021,0.9704407005357897,0.8946033481660001,0.08315265424040706,0.010491855342508743,0.07640157460649788,0.025467191535499294,0.9202106624379097,0.7616462723711133
v2-gen-choice-07-010,generated,choice,複数属性の制約,True,0.021573642077061604,0.0007697062360957542,,,0.9786574044513813,0.9354751318514921,0.06815891269682312,0.006763368029363692,,,0.9341120195217517,0.8337732508850764
v2-gen-score-04-011,generated,score,独立チェックの合計,True,0.4972617822033476,0.2973223859332344,0.3863635830771752,0.0551947975824536,0.6081937486700335,0.644730583253314,0.577326415290974,0.3494245736284851,0.44073394317666725,0.06296199188238104,0.5613973051536301,0.5758680200999378
v2-gen-score-10-040,generated,score,不足の段階,True,0.015427039538544499,0.00034639434469967514,0.01918034753730513,0.006393449179101711,0.9846913476660449,0.9336735653086873,0.05573300965979011,0.004219720308007566,0.06463913312583824,0.021546377708612747,0.9457916194097999,0.8121010861414968
v2-gen-choice-02-048,generated,choice,条件と優先例外,True,0.00010153473610143424,2.0616511889703547e-08,,,0.9998984704183754,0.9985066588447499,0.001095067954730939,2.3957229742007005e-06,,,0.9989055314133789,0.9876571753895517
v2-gen-noul-01-028,generated,noul,事実と否定質問,True,0.02867776471989393,0.0015984378667142128,,,0.9717295395623434,0.8143572695861692,0.07012509628368108,0.009172758476359134,,,0.9322771881993994,0.6426324141155437
v2-gen-choice-05-014,generated,choice,否定条件で選択,True,0.0020153897341842367,6.3652925266172304e-06,,,0.997986639800043,0.9922090749890342,0.012951135443502824,0.00023706372190155836,,,0.9871323696272425,0.9597504277544537
v2-gen-choice-10-037,generated,choice,不在時の代理,True,0.007262703836836205,7.066966947436119e-05,,,0.9927636058649538,0.9680967962255674,0.035038940111634546,0.0015566505696680462,,,0.9655678162069423,0.8801189981744756
v2-gen-choice-12-044,generated,choice,条件付き不足書類,True,0.019393267895601377,0.0004953860594942973,,,0.9807935717642863,0.9165032816995299,0.06930932675013658,0.006002791145373729,,,0.9330380218166002,0.7700922453294301
v2-gen-choice-09-039,generated,choice,利用可能集合の差,True,0.0006643292247528723,8.820804836511485e-07,,,0.9993358913930496,0.992031686859346,0.004400997994427842,3.85675195910509e-05,,,0.995608672205867,0.9592895379708736
v2-gen-noul-03-003,generated,noul,いずれかの条件,True,0.004109895845008484,3.364397748874278e-05,,,0.9958985382185894,0.9615718521337233,0.01690804707023196,0.000562191359992682,,,0.9832340917336299,0.8771250326740582
v2-gen-choice-09-003,generated,choice,利用可能集合の差,True,0.0006608446113413612,6.921517580177223e-07,,,0.9993393736983666,0.9962914808499014,0.005402386563773175,4.3303756909089735e-05,,,0.9946121800831613,0.976175313931156
v2-gen-score-06-044,generated,score,約束時刻からの遅れ,False,0.8913259017735664,0.6951614410539596,0.5881096792336094,0.08401566846194419,0.5892308180045334,0.6716546739621096,0.8415499658742652,0.6416863492541794,0.5535379711486182,0.07907685302123117,0.5638835179181892,0.6539374738883126
v2-gen-choice-09-004,generated,choice,利用可能集合の差,True,7.288454056061437e-05,9.69221519603671e-09,,,0.999927118115453,0.9996147492309675,0.001025187444530625,1.693906473471282e-06,,,0.9989753378805833,0.9956656964765127
v2-gen-noul-04-028,generated,noul,例外の優先,True,0.02746942790680629,0.0014683402799008937,,,0.9729044258235695,0.8203896782358974,0.06796619285992436,0.00863506707721473,,,0.9342920587858107,0.6503015766627183
v2-gen-score-02-013,generated,score,記述の満足段階,True,0.0006473174344963099,5.259837992966794e-07,0.0025098444447303014,0.0003585492063900431,0.999352892030235,0.9969172638031388,0.006600181044364788,5.24664166312313e-05,0.02609140874947968,0.0037273441070685255,0.993421552309567,0.975540367809653
manual_v2_choice_056,manual,choice,meaning,True,0.00013131620833663324,2.4192944134206152e-08,,,0.9998686924132593,0.9992910317803793,0.00192445359260972,4.7436308545544425e-06,,,0.9980773969809007,0.9918459364530076
v2-gen-noul-11-042,generated,noul,参照関係の真偽,True,0.06005213818582686,0.006794181507746529,,,0.9417154329700111,0.6794026862849372,0.11966880776386715,0.02544126139552042,,,0.8872142265276325,0.491738071806905
v2-gen-choice-08-020,generated,choice,改訂と例外の優先,True,0.02811943604564643,0.0014793586616999516,,,0.9722722355151524,0.9261230042813465,0.07509222569313738,0.009413364634056256,,,0.9276579284878488,0.836257950499155
v2-gen-choice-02-045,generated,choice,条件と優先例外,True,0.0020070246108308243,8.040145307498006e-06,,,0.9979949881163073,0.9791410167425243,0.009965795684697206,0.00019666607861248877,,,0.9900836983050008,0.9197622418696922
v2-gen-noul-06-017,generated,noul,更新後の状態,True,0.027852668887718205,0.0015090215565851384,,,0.9725316404149689,0.8184675917054264,0.06865379090282808,0.008804681570420492,,,0.9336498622065467,0.6478469659703483
manual_v2_score_046,manual,score,boundary,True,0.0017539220879493854,4.131692073512299e-06,0.003262610277959155,0.0010875367593197183,0.9982476151345417,0.9893497227804197,0.01192471621954701,0.00018833567278587362,0.022465186344034382,0.0074883954480114605,0.9881461014359249,0.944275797479639
v2-gen-noul-02-004,generated,noul,全条件の充足,True,0.00018704169710712722,6.99561071846052e-08,,,0.9998129757941006,0.9974140074218792,0.0017218920966113316,5.91962451457294e-06,,,0.9982795895090745,0.9817215249486682
v2-gen-score-14-004,generated,score,参照表の順序尺度,True,0.008587091650841878,0.00011019372247578947,0.012309952285161518,0.006154976142580759,0.9914496721141356,0.9498523602245494,0.03462949313897236,0.0017424002600349851,0.04953044694998776,0.02476522347499388,0.9659632459744245,0.8434739474178219
v2-gen-choice-05-026,generated,choice,否定条件で選択,True,0.0003502841766388832,2.453120673292212e-07,,,0.9996497771657007,0.9954744619984314,0.0027403418041864695,1.4977855074540019e-05,,,0.9972634095050099,0.9727596390822916
v2-gen-noul-06-046,generated,noul,更新後の状態,True,0.007357222324488977,0.00010746437409199235,,,0.9926697757847393,0.9374781617984873,0.025948447406724015,0.0013122236216021382,,,0.9743853204040912,0.8281013328296872
v2-gen-choice-09-015,generated,choice,利用可能集合の差,True,0.00040909949652024404,2.3942888989026383e-07,,,0.9995909841732686,0.9971333763093809,0.003926736219859225,2.15378447683311e-05,,,0.9960809633274835,0.9787523730677127
v2-gen-choice-08-017,generated,choice,改訂と例外の優先,True,0.5573893498358878,0.3651667529126832,,,0.572702239116162,0.015305263287302862,0.5904689385161206,0.3977117670220338,,,0.5540674002598409,0.008451329606204427
v2-gen-noul-10-012,generated,noul,条件付き義務,False,1.3844692414664346,1.1236303274949335,,,0.7495433034504856,0.18799883072471624,1.1798168514040401,0.9595695450897821,,,0.692664978575423,0.1099267902870964
v2-gen-score-03-010,generated,score,順番に進む工程,True,0.001397844513644568,3.028894808455386e-06,0.0012551455953757618,0.00025102911907515235,0.9986031320159324,0.9933912230818567,0.009993432579063523,0.00013959186853011412,0.008410092061796437,0.0016820184123592873,0.9900563358445253,0.9624134931992326
v2-gen-score-12-016,generated,score,目標からの差,True,0.6498330496397853,0.3374495002133339,0.9793542354372278,0.13990774791960398,0.5221329397672401,0.4236292360775945,0.8251656181321239,0.4265759250258469,1.3671014677582098,0.19530020967974426,0.43816241881398804,0.3063413710048557
v2-gen-choice-10-046,generated,choice,不在時の代理,True,0.01251885369860384,0.000286573192530118,,,0.9875591811752051,0.9358930515845061,0.04185468405354965,0.0029523457147777607,,,0.9590091297667559,0.829066703164301
v2-gen-choice-02-027,generated,choice,条件と優先例外,True,0.003797828182064317,2.873768417542534e-05,,,0.9962093744463858,0.9640523396315043,0.01595245926518402,0.0005009177592902236,,,0.9841741073033743,0.8826860176264203
v2-gen-choice-06-004,generated,choice,時間枠の包含,True,0.0038750483886589105,1.9004949965065137e-05,,,0.9961324499227816,0.984913515786964,0.024683560966106514,0.0007222272597846821,,,0.9756185869904693,0.924756267479033
v2-gen-choice-14-013,generated,choice,二属性照合,True,0.07745681700885648,0.01111033976557102,,,0.9254669879665024,0.6173833213597955,0.14368862049634795,0.03582767793619293,,,0.8661574097377951,0.43211689299728717
v2-gen-noul-08-033,generated,noul,集合と否定所属,True,5.173755120551215e-05,5.35327143836048e-09,,,0.9999482637871585,0.9991887180443778,0.0006644532513607954,8.824097641036331e-07,,,0.9993357674488165,0.992030378603169
v2-gen-choice-01-024,generated,choice,問い合わせ経路,True,9.554314461891315e-05,1.340206915197941e-08,,,0.999904461419482,0.9993975901175755,0.0014131996838840843,2.71124595830645e-06,,,0.998587798412564,0.993049039023486
v2-gen-choice-03-009,generated,choice,最終更新,True,0.0014820119338112782,3.7434837439627354e-06,,,0.9985190857035705,0.9892387284812226,0.009100300328531083,0.00013387978044914818,,,0.9909409820821489,0.9484239749543336
v2-gen-noul-03-034,generated,noul,いずれかの条件,True,0.05874675365461314,0.006510423625755426,,,0.9429455364333542,0.6843604701432857,0.11779022193669611,0.024694197120418947,,,0.8888825011071187,0.49672250217705494
manual_v2_choice_013,manual,choice,sequence,True,0.0008768560322741414,1.3044352305018703e-06,,,0.9991235282936355,0.9961158805777649,0.006527668063647678,6.58023708437328e-05,,,0.9934935908792677,0.9769169112061493
v2-gen-choice-04-037,generated,choice,参照先の担当,True,0.004026567998583031,3.2296238341001914e-05,,,0.9959815277566592,0.962230662272894,0.016654846317623363,0.0005456173674815484,,,0.9834830788661817,0.878590292334861
v2-gen-score-09-042,generated,score,例外による上限,True,0.061746243386491415,0.004985233860314094,0.09129541738149793,0.018259083476299585,0.9401214185527618,0.8347665504883887,0.16479301692639411,0.030437183449188464,0.21197251806388895,0.04239450361277779,0.8480692218968602,0.6509093637427682
v2-gen-choice-08-002,generated,choice,改訂と例外の優先,True,0.0003063022779603605,1.742959630923165e-07,,,0.9996937446277931,0.9982048759863803,0.002817563053491624,1.3466634586577684e-05,,,0.9971864025519664,0.9868801683665018
v2-gen-noul-11-039,generated,noul,参照関係の真偽,True,0.013002697006845396,0.0003337766873881309,,,0.9870814728512084,0.9004272159469635,0.03939369514975825,0.002984222042292629,,,0.9613721470808134,0.7640348165367966
v2-gen-choice-07-043,generated,choice,複数属性の制約,True,0.007615465331936534,0.00011511121312322958,,,0.9924134588538903,0.9356695403315594,0.026614267311317448,0.0013795143744784056,,,0.973736771195468,0.8247088643212667
v2-gen-choice-09-020,generated,choice,利用可能集合の差,True,0.000145935779221842,2.737428722621833e-08,,,0.999854074868886,0.9991516497987689,0.0021398292742075965,5.630389852447932e-06,,,0.9978624585283272,0.9903836876297067
v2-gen-score-11-029,generated,score,時刻順の評価更新,True,0.008641358670357256,9.155487841961274e-05,0.013305381099954161,0.002217563516659027,0.9913958705552688,0.9676558665339856,0.043970610730565296,0.002241455365314526,0.0630510800288393,0.010508513338139883,0.956982082064018,0.8723727853681904
v2-gen-choice-06-028,generated,choice,時間枠の包含,True,0.03681757981138832,0.0019807814568150793,,,0.9638519453665851,0.8361736987548584,0.09947310287347583,0.013527101124488398,,,0.905314299894302,0.6558923965759768
v2-gen-choice-15-032,generated,choice,文章内の順序参照,True,0.00019317156444158563,5.995103911035812e-08,,,0.9998068470919838,0.9988867471191066,0.0022347704750582086,7.3007279161129e-06,,,0.9977677247653706,0.9898565404546248
v2-gen-score-11-008,generated,score,時刻順の評価更新,True,0.0149150796458878,0.00026756631691560336,0.028299389507758788,0.004716564917959798,0.9851955992099654,0.9481330166827447,0.06597766314334581,0.004896126932198205,0.12434369673802737,0.020723949456337893,0.9361517747460801,0.8228871674833843
v2-gen-noul-13-043,generated,noul,範囲の開閉境界,True,0.0002593480814631924,1.3448797175056736e-07,,,0.9997406855463433,0.9965367212172864,0.002193512519967869,9.601913175475375e-06,,,0.9978088914705707,0.977485841281929
v2-gen-score-03-023,generated,score,順番に進む工程,True,0.0021111460377364623,7.4508829486979785e-06,0.0014712305528117309,0.0003678076382029327,0.9978910808636795,0.9897741204914988,0.012639615235207742,0.00024124221183504852,0.006860387680443392,0.001715096920110848,0.9874399292116692,0.9510991762790598
v2-gen-noul-13-042,generated,noul,範囲の開閉境界,True,0.00036643552651892804,2.684516049647872e-07,,,0.9996336316027788,0.995289657187826,0.0028333472283687926,1.6010296719338387e-05,,,0.9971706629116224,0.9719726649136028
v2-gen-noul-07-005,generated,noul,識別文字列の完全一致,True,0.0005307821112927643,5.631603177994128e-07,,,0.9994693587286125,0.9934612855946577,0.003727543016442899,2.7685793488846234e-05,,,0.9962793956479594,0.9646161032654813
v2-gen-score-04-047,generated,score,独立チェックの合計,True,0.001957300152771731,7.647067957311897e-06,0.001955385889960299,0.001955385889960299,0.9980446141100396,0.9795865250219975,0.009782885763370133,0.0001895478097503523,0.00973518900048559,0.00973518900048559,0.9902648109995144,0.920967545439151
manual_v2_choice_004,manual,choice,meaning,True,7.78534264397963e-05,9.091823324366378e-09,,,0.9999221496040596,0.9994483873541464,0.0011775974301338908,1.934663447655071e-06,,,0.9988230956656305,0.9935173226521978
v2-gen-noul-02-028,generated,noul,全条件の充足,True,0.0006717334177921249,9.018455997507503e-07,,,0.9993284921445914,0.9919536446024259,0.004437239346753436,3.920390701593928e-05,,,0.9955725906550252,0.9590074220691829
v2-gen-score-15-008,generated,score,軽重のある項目,True,0.4060133480004884,0.16278474494682021,0.5324208153124568,0.08873680255207612,0.6663012735758038,0.5234604630874768,0.5691404512819062,0.2664012658664509,0.7212147774436224,0.1202024629072704,0.5660117443371733,0.4163902148880304
v2-gen-choice-01-049,generated,choice,問い合わせ経路,True,9.928973995825562e-05,1.971494734896788e-08,,,0.9999007151891048,0.9985364732944656,0.0010770758618403081,2.31768737864104e-06,,,0.9989235039761706,0.9878341314039432
v2-gen-score-08-023,generated,score,要件への一致数,True,0.5482328242018155,0.2961865156457652,0.2707910803903144,0.0386844400557592,0.5779702835343178,0.5419066835763464,0.6803369558532755,0.37053698316826417,0.2528337255520978,0.03611910365029969,0.5064463135618691,0.44076502470975076
v2-gen-choice-02-036,generated,choice,条件と優先例外,True,0.000347391069129318,2.4127728011621846e-07,,,0.9996526692641615,0.9955076774867384,0.002723565420624633,1.4795275546514137e-05,,,0.9972801401188192,0.97290208156141
v2-gen-score-12-019,generated,score,目標からの差,True,0.001435044102627759,3.107563163128191e-06,0.0021405157639473875,0.0007135052546491292,0.9985659850807937,0.9913125560178141,0.009838993397890117,0.00013742817999278176,0.015868169629939678,0.005289389876646559,0.9902092511421015,0.953526838158261
v2-gen-choice-05-001,generated,choice,否定条件で選択,True,0.00029869162434464523,1.3103789035995963e-07,,,0.9997013529795575,0.9983118118012104,0.0032578881664411547,1.4478621318869064e-05,,,0.9967474129927875,0.9855722024942343
v2-gen-noul-12-012,generated,noul,記録と主張の照合,True,0.00013912823418061462,3.8707945412143525e-08,,,0.9998608814437033,0.9980170051841313,0.001382917620868899,3.819637004347107e-06,,,0.9986180381690605,0.9848802814446034
v2-gen-score-09-010,generated,score,例外による上限,True,0.0017052173759404107,5.805625708265605e-06,0.001703764318834306,0.001703764318834306,0.9982962356811658,0.981874462678075,0.008835770680378172,0.00015476913894604962,0.008796849974452469,0.008796849974452469,0.9912031500255475,0.9272929085910233
v2-gen-choice-14-003,generated,choice,二属性照合,True,0.00010953703195536157,1.5447512371830967e-08,,,0.9998904689670063,0.9993478250580119,0.0017249345950843987,3.6684351781866177e-06,,,0.9982765522495681,0.9920646390518965
v2-gen-choice-02-008,generated,choice,条件と優先例外,True,4.5019069992595525e-05,4.053250848998458e-09,,,0.9999549819433505,0.9992850322611422,0.0005993705683863495,7.180596651700241e-07,,,0.9994008090182713,0.9927216515926331
v2-gen-noul-15-029,generated,noul,出来事の前後関係,True,0.003575946932644284,2.548352930626589e-05,,,0.9964304391512214,0.9658387502260112,0.015260248627568966,0.00045870576751500815,,,0.9848555989303801,0.8867685425676708
v2-gen-noul-12-023,generated,noul,記録と主張の照合,True,0.0002228812335204614,9.93299476739478e-08,,,0.9997771436026565,0.9969749177839363,0.001960647621643776,7.67322141399138e-06,,,0.9980412731923528,0.9795564758963771
v2-gen-choice-03-024,generated,choice,最終更新,True,3.273155816073508e-05,1.296649890554723e-09,,,0.9999672689775109,0.9997944616964285,0.0007504084585575021,6.639611099454869e-07,,,0.9992498730274556,0.9963866455729823
manual_v2_score_024,manual,score,boundary,True,0.030074816670005135,0.0015877469404237301,0.02526648089565997,0.006316620223914993,0.97037293076125,0.90930111339099,0.08363358511112434,0.010628764283972528,0.05794795255845342,0.014486988139613355,0.9197682111255556,0.7913898228150955
v2-gen-score-15-037,generated,score,軽重のある項目,True,0.5330751283085466,0.24385065616633014,0.6579476444368781,0.09399252063383974,0.5867977140691679,0.47291113845242294,0.7073137525968974,0.3502797449866347,0.9184976678853234,0.1312139525550462,0.49296665083288616,0.3714900669932947
v2-gen-noul-15-025,generated,noul,出来事の前後関係,True,0.006157818531309403,7.537213787481365e-05,,,0.99386110197695,0.9460632598069736,0.02276763687259231,0.0010134371235045615,,,0.9774895899248308,0.8446872234215415
v2-gen-score-11-032,generated,score,時刻順の評価更新,True,0.01283359779056251,0.0003006703376452564,0.013799853616561988,0.006899926808280994,0.9872484016680432,0.9345385869402103,0.04265771648801579,0.0030598512736134476,0.047742690804293546,0.023871345402146773,0.9582393234616878,0.8264577892757661
v2-gen-choice-10-018,generated,choice,不在時の代理,False,2.7416598025902856,1.353699463800505,,,0.6175016932603316,0.45677825214035994,2.279296735172893,1.2130299481744538,,,0.5464883743525641,0.36112382027606504
v2-gen-noul-14-046,generated,noul,予定時間の重なり,True,0.0043406623093592625,3.7519544091603394e-05,,,0.9956687447494056,0.959760190399465,0.0176022090678889,0.0006088790294809484,,,0.9825518048285654,0.87313742947643
v2-gen-score-02-027,generated,score,記述の満足段階,True,0.018720440014461093,0.000549395672412667,0.008530236314399975,0.001218605187771425,0.9814536990761396,0.9489612833876157,0.0643908447185493,0.005724248837426392,0.01189358462553769,0.0016990835179339556,0.9376384568659885,0.8566066594849764
v2-gen-choice-15-023,generated,choice,文章内の順序参照,True,0.0001239903865381655,2.8912401287515583e-08,,,0.9998760172999521,0.9988452701348634,0.001374061873173416,3.373071372783965e-06,,,0.9986268817176087,0.9900552517645635
v2-gen-score-05-027,generated,score,緊急条件の加点,True,0.14504905470473797,0.0359429008284176,0.13765194712318893,0.04588398237439631,0.8649798607383232,0.7062394006147767,0.2331587407985549,0.08241550322146836,0.22219490269401634,0.07406496756467211,0.7920278364135434,0.5968836642277018
v2-gen-noul-11-019,generated,noul,参照関係の真偽,True,0.35618147332062844,0.17958562114918503,,,0.7003455146763318,0.11913186545137866,0.42719294096390376,0.24173818107674394,,,0.652337677424815,0.06803703404899997
v2-gen-score-05-042,generated,score,緊急条件の加点,True,0.005919118742218344,5.171880452955173e-05,0.010382988237478852,0.002595747059369713,0.9940983647285355,0.9742390316788154,0.028413376961482727,0.001107285781121553,0.05373397122989676,0.01343349280747419,0.9719864869224618,0.9022702867934963
v2-gen-score-14-027,generated,score,参照表の順序尺度,True,0.0006549065730625935,6.616841595303041e-07,0.001045106582512786,0.0002612766456281965,0.9993453078314396,0.9962463133061354,0.005654630571529155,4.5050492062008175e-05,0.010313988464653222,0.0025784971161633054,0.9943613267601481,0.9744991600426575
v2-gen-noul-01-014,generated,noul,事実と否定質問,True,0.0002623862781915173,1.376569947108376e-07,,,0.9997376481420774,0.9965005632980625,0.0022125142945858137,9.768805451786345e-06,,,0.9977899315110402,0.9773185249275457
v2-gen-choice-04-015,generated,choice,参照先の担当,True,0.002422705835569631,1.1456605644527197e-05,,,0.9975802265476346,0.9842972339484102,0.01193991523518669,0.00026660678222748517,,,0.9881310827020101,0.9389986769934692
v2-gen-score-14-024,generated,score,参照表の順序尺度,True,0.0005424951597385975,5.882827839706149e-07,0.000542348035845297,0.000542348035845297,0.9994576519641547,0.9933341102944891,0.0037882503858475787,2.8593192695439834e-05,0.0037810840175431792,0.0037810840175431792,0.9962189159824568,0.9641290506560143
v2-gen-score-15-036,generated,score,軽重のある項目,False,3.2758050486096693,1.402839698242404,0.21166789542669484,0.03527798257111581,0.6182465735196181,0.518619742331154,2.7019153123686523,1.257396813510724,0.01333173685945166,0.0022219561432419432,0.5325919121595705,0.3996256707210639
v2-gen-choice-03-015,generated,choice,最終更新,True,0.037460314737359036,0.002663816978907754,,,0.9632326431027505,0.9000125106409502,0.08890345138454231,0.01370629604731215,,,0.9149339049120038,0.8049303128679708
v2-gen-score-15-034,generated,score,軽重のある項目,True,0.4763391550231056,0.2187930397698734,0.11260635835867205,0.028151589589668014,0.6210528133435133,0.4179863799976745,0.6132818130355202,0.3119854406931886,0.12714756688696527,0.03178689172174132,0.5415706159363085,0.3373496263410365
v2-gen-noul-10-005,generated,noul,条件付き義務,False,1.252649572061898,1.0203155915991455,,,0.7142533134676889,0.13683660359231176,1.089294684533793,0.8805873418924921,,,0.6635462839518024,0.07861534049986751
v2-gen-choice-07-048,generated,choice,複数属性の制約,True,0.01002728368689226,0.00017828687215882752,,,0.9900228219079893,0.9690789513845135,0.03767413851901002,0.0022476125924718957,,,0.963026703074615,0.9051269197412647
v2-gen-score-01-045,generated,score,件数の段階境界,True,0.0033235784790015075,1.885672752557253e-05,0.0025309838684466346,0.0008436612894822115,0.9966819384942279,0.9826703829340449,0.017013912906044624,0.0004526727733062007,0.011513781526438782,0.003837927175479594,0.9831300063443495,0.9294985200316832
manual_v2_noul_025,manual,noul,history,True,0.0003382338719116822,2.2872693011789411e-07,,,0.9996618233227158,0.9956130415100803,0.0026702232705837835,1.4222165996133807e-05,,,0.9973333386045343,0.9733560009970993
manual_v2_noul_043,manual,noul,arithmetic,True,0.3046746763479953,0.13795615949469892,,,0.7373632170708957,0.1693006960976201,0.38200030445463173,0.20161904637400468,,,0.6824948454166416,0.09835225600818587
v2-gen-score-03-018,generated,score,順番に進む工程,True,0.0023093687850283522,7.892764917528909e-06,0.0006361777394665591,0.00010602962324442651,0.997693295755534,0.9903954789095224,0.01497360972311319,0.00030067971628880793,0.00015583354877124478,2.5972258128540798e-05,0.9851379373229553,0.9502952178854889
v2-gen-score-04-019,generated,score,独立チェックの合計,True,0.007870174759392173,0.00012290881061915516,0.007839286020396108,0.007839286020396108,0.9921607139796039,0.9338984552999687,0.027264994860826723,0.001446860641494979,0.02689666002959272,0.02689666002959272,0.9731033399704073,0.8214183876107938
v2-gen-noul-14-044,generated,noul,予定時間の重なり,True,0.002011388997118786,8.075115579117044e-06,,,0.9979906324901705,0.9791020003114054,0.009981792416202237,0.00019729479690480336,,,0.9900678603285897,0.9196570707142042
v2-gen-choice-05-015,generated,choice,否定条件で選択,True,6.906967418177883e-05,6.771992528234269e-09,,,0.9999309327110733,0.9994245247785493,0.0010664057678342832,1.5706025304076167e-06,,,0.9989341626407272,0.9931813320919666
v2-gen-noul-05-008,generated,noul,締切の境界,True,0.00046515785284167424,4.325424166194119e-07,,,0.9995349503162998,0.994180978844764,0.00338063742315664,2.2780298292497804e-05,,,0.9966250704975883,0.967427931960118
v2-gen-noul-14-014,generated,noul,予定時間の重なり,True,0.002115387772385017,8.930822044554409e-06,,,0.9978868480834835,0.9781763021898715,0.010360319104784573,0.00021246173086212201,,,0.9896931641406753,0.9171795313210973
v2-gen-score-10-009,generated,score,不足の段階,True,0.03862199915845437,0.0021795173862443006,0.05752276493093799,0.008217537847276855,0.9621143204421395,0.9049844325551251,0.11480305400348635,0.0162940732947592,0.20231522512758826,0.028902175018226894,0.8915417121884692,0.7686980433249645
v2-gen-choice-11-024,generated,choice,小数量の比較,False,1.4128412845060985,0.9392406193270223,,,0.5845726223941643,0.47352594081551125,1.3360446160103912,0.8336831462593812,,,0.5032434203951425,0.3821187900032834
v2-gen-choice-03-022,generated,choice,最終更新,True,0.39331365361516935,0.2070966437993388,,,0.6748170555798266,0.6779243935521317,0.48025952902132124,0.2713787800299382,,,0.6186228203954274,0.6178955171783866
v2-gen-noul-02-003,generated,noul,全条件の充足,True,0.00039637692351497124,3.141048065291771e-07,,,0.9996037016234394,0.9949497579832407,0.0030029938489545,1.7981877040292563e-05,,,0.9970015106269746,0.9705486024530314
v2-gen-noul-01-039,generated,noul,事実と否定質問,True,0.002615071294930552,1.3641483412855664e-05,,,0.9973883450253856,0.9738269615741059,0.012115508275798152,0.0002900393257102387,,,0.9879575889932655,0.9059523210610315
v2-gen-score-11-033,generated,score,時刻順の評価更新,True,0.0029081320563929423,1.2191416207042047e-05,0.004594669779244054,0.0015315565930813513,0.9970960924634896,0.9838327200056148,0.01656985362205219,0.00038257214164950427,0.026973213013973485,0.008991071004657828,0.9835666712964258,0.9283346213961077
v2-gen-score-15-023,generated,score,軽重のある項目,False,3.653069845705232,1.52139097092868,0.30674173714146846,0.04382024816306692,0.7232097261376362,0.615104261728488,2.955957435403423,1.3425958679303773,0.20391005617684144,0.02913000802526306,0.6137759044648333,0.4677228346789635
v2-gen-noul-12-045,generated,noul,記録と主張の照合,True,0.0007372425582476363,1.0862521020652298e-06,,,0.9992630291382744,0.9912681716495917,0.004753500820492528,4.497731653001577e-05,,,0.9952577791842843,0.9565636745595282
manual_v2_noul_058,manual,noul,priority,True,0.003953767365366117,3.1141224604121786e-05,,,0.9960540384819335,0.9628083172128804,0.01643248461240456,0.0005312631578210851,,,0.9837017921564811,0.8798819339208616
v2-gen-choice-13-044,generated,choice,工程の依存順,True,0.004100310599679878,2.3913606376318812e-05,,,0.9959080841961508,0.9850113548970003,0.023368083461470637,0.0007085699572327158,,,0.9769028358097787,0.931622103138128
v2-gen-score-15-041,generated,score,軽重のある項目,True,0.00761696867111237,8.048134267628927e-05,0.013077531963884503,0.003269382990971126,0.9924119669209804,0.967059357356881,0.03588674228022486,0.0016590256250163732,0.06683842046433996,0.01670960511608499,0.9647495526302703,0.8784454481894374
v2-gen-noul-13-023,generated,noul,範囲の開閉境界,True,0.0009683339733896935,1.8735264366212857e-06,,,0.9990321347106592,0.9889131972205918,0.0058157001156494085,6.725266546480561e-05,,,0.9942011783324194,0.948572984893336
v2-gen-noul-14-013,generated,noul,予定時間の重なり,True,0.011003323505465555,0.00023949886421468928,,,0.9890569916335888,0.9130181940376969,0.03486120996124385,0.002347571672887648,,,0.9657394419712139,0.7846723366076636
v2-gen-score-08-031,generated,score,要件への一致数,True,0.004566268083504491,4.151169392162957e-05,0.004555858531694667,0.004555858531694667,0.9954441414683054,0.9580065333620363,0.01827134904250834,0.0006556139110071528,0.018105439942281913,0.018105439942281913,0.9818945600577181,0.8693332546487774
v2-gen-score-02-025,generated,score,記述の満足段階,True,0.0023275786358112243,7.195060745487794e-06,0.0011453182679197482,0.00022906365358394966,0.9976751280749071,0.989181342458764,0.015700450070628032,0.0003112858310574633,0.011924123371015671,0.002384824674203134,0.9844221594818607,0.9430327211727065
v2-gen-noul-10-016,generated,noul,条件付き義務,True,0.0066015324929926565,8.658727940797362e-05,,,0.9934202097522804,0.9428500410470434,0.023962373726821345,0.001121253274421838,,,0.9763224444418154,0.8383813880741822
v2-gen-noul-12-029,generated,noul,記録と主張の照合,True,0.00022016853369043036,9.692702421620589e-08,,,0.9997798557016225,0.9970078429171623,0.0019429448813033522,7.53541686663817e-06,,,0.9980589414142487,0.9797154824487445
v2-gen-noul-15-013,generated,noul,出来事の前後関係,True,0.0018873514403623746,7.1107598581956735e-06,,,0.9981144284874082,0.9802163641150079,0.009523486837808301,0.00017967566136147705,,,0.9905217179467618,0.9226857016992134
v2-gen-noul-10-021,generated,noul,条件付き義務,True,0.0018447361015698016,6.793560605960129e-06,,,0.9981569643782662,0.9806019301298942,0.009364208121458752,0.00017374345765703116,,,0.9906794995398039,0.9237459323607287
v2-gen-score-07-044,generated,score,証拠の最高到達段階,True,0.015257954505167953,0.00030841348535701625,0.04454524186125678,0.0063636059801795404,0.984857858312263,0.9520784787205975,0.06504126737553238,0.004970981797337192,0.20611931239163803,0.02944561605594829,0.9370287938603933,0.8376665487324206
v2-gen-score-11-015,generated,score,時刻順の評価更新,False,4.477114934872397,1.9452737022183308,2.959806235534221,0.4933010392557035,0.9838025892251856,0.9493439269286388,3.3687772195694006,1.8159881723099627,2.8596753463585642,0.47661255772642735,0.939928303046243,0.8439004897826228
v2-gen-score-05-020,generated,score,緊急条件の加点,False,1.0297691092642052,0.7750230743758032,0.6867068253282693,0.2289022751094231,0.599924654399064,0.4131520700937532,0.9877707777230624,0.6990264894241967,0.7121932651537888,0.23739775505126293,0.5470769807178256,0.3386509155883244
v2-gen-noul-15-009,generated,noul,出来事の前後関係,True,0.007270064102434775,0.00010494241159914866,,,0.9927562988880287,0.9380916040081843,0.025722305558230504,0.0012897414916107248,,,0.9746056946185693,0.8292595837185969
v2-gen-noul-05-022,generated,noul,締切の境界,True,0.004261781220228779,3.6171130921566804e-05,,,0.9957472872821241,0.9603773740378757,0.017366066949747093,0.0005927913599774261,,,0.9827838540901654,0.8744891605970305
v2-gen-choice-07-012,generated,choice,複数属性の制約,True,5.147711114375238e-05,3.875181286346494e-09,,,0.99994852421378,0.99962170323355,0.0008645615208161524,1.0376761978549887e-06,,,0.9991358121048136,0.9950860045994161
v2-gen-score-07-028,generated,score,証拠の最高到達段階,True,0.00562809339465017,4.545353514210153e-05,0.0007930018737409839,0.00015860037474819678,0.9943877146526865,0.9776907309159025,0.027752869308058255,0.0010397942255288854,0.009358851589113204,0.0018717703178226408,0.9726287035072356,0.9128845593696964
v2-gen-noul-03-032,generated,noul,いずれかの条件,True,0.00018914560568907847,7.15385880269577e-08,,,0.9998108722812132,0.9973879740664814,0.0017362182323050783,6.018450594790136e-06,,,0.9982652881226569,0.9815903160623956
v2-gen-choice-08-041,generated,choice,改訂と例外の優先,True,0.0035727004089220584,1.9670156097468918e-05,,,0.9964336740915308,0.9763667033968928,0.01805297771309457,0.0004885603310522757,,,0.9821090010911767,0.9074838032970153
v2-gen-choice-05-008,generated,choice,否定条件で選択,True,0.00037080968622992867,2.5322455653573494e-07,,,0.9996292590551848,0.9968974731542095,0.0031378142245299537,1.7153074238860366e-05,,,0.9968671035694712,0.9795144268837616
manual_v2_noul_051,manual,noul,history,True,0.0005918163429033736,7.000787472321533e-07,,,0.9994083587458467,0.9928025315561992,0.004040236444361063,3.251542969739829e-05,,,0.9959679143301885,0.9621224235902691
manual_v2_choice_035,manual,choice,extraction,True,8.656364264572745e-05,8.91281273920087e-09,,,0.9999134401038783,0.9994939608406822,0.0015656071014370743,2.856640441084819e-06,,,0.9984356178220279,0.9929829168883259
v2-gen-noul-05-039,generated,noul,締切の境界,True,0.0020908680976367273,8.725199661743699e-06,,,0.9979113162444085,0.9783938666789986,0.010271526295070504,0.0002088540548276992,,,0.9897810456790408,0.9177588060057726
v2-gen-noul-02-040,generated,noul,全条件の充足,True,0.00015867376269267826,5.034673669979062e-08,,,0.999841338825323,0.9977685346870061,0.0015243686976756292,4.640321797443703e-06,,,0.9984767925621499,0.983548952096164
v2-gen-noul-06-005,generated,noul,更新後の状態,True,0.013101927509860577,0.0003388570283541621,,,0.9869835291197236,0.8998150550047395,0.03961341852385532,0.003016946040519458,,,0.9611609343539301,0.7630562075571486
v2-gen-noul-09-037,generated,noul,重複を除いた件数,True,0.48797849001213317,0.2981988127469236,,,0.6138660771526778,0.037740741564533,0.5360054316309993,0.34431599187339773,,,0.5850807356404154,0.020988544962658562
v2-gen-score-09-007,generated,score,例外による上限,True,0.0034843430414291934,1.5466856726287993e-05,0.0017091293969921928,0.00034182587939843854,0.9965217202375604,0.9843495669799595,0.021698939962068595,0.0005752158487363327,0.011760405894649217,0.0023520811789298434,0.9785347884303816,0.9243582680600135
v2-gen-score-10-033,generated,score,不足の段階,True,0.002521578558844833,1.0419189978730441e-05,0.0032480891906800295,0.0010826963968933432,0.9974815979498697,0.9861190267982614,0.014309867191613946,0.0003078566230165221,0.020360169994486234,0.0067867233314954116,0.9857920323226718,0.9377351585976285
v2-gen-score-06-049,generated,score,約束時刻からの遅れ,True,0.008206382215441815,8.302652293392591e-05,0.02367764819288116,0.004735529638576232,0.9918271982183489,0.9667153687917724,0.04138582085448727,0.0020149719693291516,0.11910757901445944,0.023821515802891886,0.9594588792825276,0.8704521938163128
v2-gen-noul-10-007,generated,noul,条件付き義務,False,2.0927315258564807,1.5370313489409215,,,0.8766502577826922,0.461086445301081,1.663779311525166,1.3140742251718205,,,0.8105782581502604,0.2997397798546696
v2-gen-noul-01-042,generated,noul,事実と否定質問,True,0.0003644757809646125,2.655883745876551e-07,,,0.9996355906322639,0.9953120249048156,0.002822120080572738,1.588384464138364e-05,,,0.9971818583568791,0.9720674242676933
manual_v2_noul_046,manual,noul,negation,True,0.0027301201305342717,1.4866478387114991e-05,,,0.9972736032582257,0.9728464098281796,0.012506513935144153,0.0003089418117847195,,,0.9875713674970913,0.9035055771974659
v2-gen-noul-09-027,generated,noul,重複を除いた件数,True,0.14390489300630185,0.03592802606710316,,,0.8659701039560518,0.4316124922109793,0.22377774915159723,0.08040627243537309,,,0.7994928025788437,0.2770586693240934
v2-gen-score-08-011,generated,score,要件への一致数,True,0.003968508719069781,2.3798258759897052e-05,0.006307163800355531,0.0031535819001777656,0.9960393554052688,0.974023867512711,0.019617576773456855,0.0005696605487317459,0.03047803355843963,0.015239016779219815,0.9805735957310069,0.900712333972927
v2-gen-noul-08-028,generated,noul,集合と否定所属,True,0.003841266538828391,2.939755253316895e-05,,,0.9961661016880224,0.9637048752049314,0.01608669553381104,0.0005093152528690896,,,0.9840420043102354,0.881899680722569
v2-gen-choice-14-014,generated,choice,二属性照合,True,0.0006704100736897621,7.069745820481455e-07,,,0.9993298146009328,0.9956188723927,0.005492108344192965,4.4318203522557184e-05,,,0.9945229457107303,0.9719574348628767
v2-gen-noul-10-013,generated,noul,条件付き義務,True,0.0020347294233929733,8.26341956928067e-06,,,0.9979673392352288,0.9788935770599648,0.010067186722163942,0.000200667845369711,,,0.9899833177805795,0.9190962919888043
manual_v2_score_002,manual,score,sentiment,True,0.0010589754882266318,1.7778415322199997e-06,0.0007961316102407245,0.00019903290256018114,0.9989415850284404,0.9943264513866065,0.007820329386912257,8.892413344544891e-05,0.0058670705110752674,0.0014667676277688169,0.9922101698325146,0.9668945018761274
manual_v2_noul_013,manual,noul,arithmetic,True,0.004375065147381135,3.811532878632665e-05,,,0.9956344915080643,0.9594916784765971,0.01770483833987101,0.0006159368077492158,,,0.982450971426469,0.8725514715470966
v2-gen-choice-01-013,generated,choice,問い合わせ経路,True,6.63006443211284e-05,7.655831052582062e-09,,,0.999933701553518,0.9995392567754344,0.0009617594432628652,1.4521653674642593e-06,,,0.9990387028991179,0.9947434650176327
v2-gen-choice-11-042,generated,choice,小数量の比較,True,0.1092924156854152,0.01812482216831011,,,0.8964682377931673,0.6511351508336761,0.20837641712196783,0.05730511309495548,,,0.8119013656102653,0.46265755585783197
v2-gen-score-09-049,generated,score,例外による上限,False,1.1742336532970428,0.9084712579096488,0.6314518649361616,0.1262903729872323,0.6561005037096177,0.5597804079493727,1.1004116623271132,0.7861980296237594,0.535654201534161,0.1071308403068322,0.5813751825311951,0.44961903546881754
v2-gen-noul-15-021,generated,noul,出来事の前後関係,True,0.0040740051480008446,3.306011997493733e-05,,,0.9959342823527121,0.9618553048162506,0.01679915926475395,0.0005550339159341419,,,0.9833411597652456,0.8777544457323477
v2-gen-score-11-042,generated,score,時刻順の評価更新,True,0.005928493155103907,5.097493788306824e-05,0.0006767420961928394,0.00013534841923856789,0.994089045683696,0.9761392095386928,0.03029728678236143,0.0011936823290554638,0.016045973871693153,0.003209194774338631,0.9701570757978453,0.9030504806040418
v2-gen-score-06-022,generated,score,約束時刻からの遅れ,False,2.1036968162954723,1.0877540356722217,1.1059963086042766,0.18433271810071275,0.44258717460769514,0.3277929373323535,1.9249416950403138,0.9804200011879821,0.9615406654752316,0.16025677757920528,0.3791949238501772,0.22751596649094552
v2-gen-noul-10-023,generated,noul,条件付き義務,False,2.3365936827405367,1.6320596076442868,,,0.9033436797931026,0.5416941326654303,1.8313694275504178,1.4105480896103495,,,0.8398059566383027,0.3652264340674616
v2-gen-choice-02-015,generated,choice,条件と優先例外,True,0.00047146698562384526,4.4435269828066476e-07,,,0.9995286441374711,0.9941112330481583,0.0034145195440101134,2.323842640482248e-05,,,0.9965913032985595,0.9671510803716361
v2-gen-choice-13-021,generated,choice,工程の依存順,True,8.246962565029709e-05,1.0032686868803984e-08,,,0.9999175337748758,0.999545298880327,0.0012891248306023146,2.239438699135336e-06,,,0.9987117057338734,0.9944108391668628
v2-gen-noul-14-043,generated,noul,予定時間の重なり,True,0.004125712788131721,3.390289775372068e-05,,,0.995882786272628,0.9614470819382106,0.016955952822711565,0.0005653545908270734,,,0.9831869902928257,0.8768484589857286
v2-gen-choice-06-015,generated,choice,時間枠の包含,True,0.5126971930694622,0.272972388294302,,,0.598878108594153,0.5421211009336799,0.6631154582614841,0.3518173654016038,,,0.5152436114291372,0.4086804443159695
v2-gen-noul-08-038,generated,noul,集合と否定所属,True,0.00011155501645058062,2.4886267073593013e-08,,,0.9998884512055789,0.9983744382344847,0.001174156974194669,2.754053926078367e-06,,,0.9988265320783937,0.9868843202353621
v2-gen-choice-15-042,generated,choice,文章内の順序参照,True,0.024554097711044373,0.0011766195652717377,,,0.9757449019248351,0.8352927570570146,0.06264254626820746,0.007374040205925438,,,0.9392791625307859,0.6697002463582988
v2-gen-score-11-020,generated,score,時刻順の評価更新,True,0.00073551950994865,7.394788069759393e-07,0.0003056538736214698,7.641346840536745e-05,0.9992647509182203,0.9957097872299313,0.006516762423045976,5.5428143545606796e-05,0.004224754830592037,0.0010561887076480092,0.9935044256223897,0.9705239362884788
v2-gen-score-06-002,generated,score,約束時刻からの遅れ,False,2.2563812338935856,1.0643239196891812,0.4305034051105916,0.06150048644437023,0.4793528169170335,0.20064233457847225,2.1314462494119617,0.959470736539466,0.23281968531515407,0.03325995504502201,0.3664596789047171,0.10740220167083792
v2-gen-noul-06-037,generated,noul,更新後の状態,True,0.010218114783816774,0.0002066986582273155,,,0.9898339127923445,0.9181078117836367,0.03302040504227584,0.002110054481886724,,,0.9675188171252437,0.793313822200726
v2-gen-choice-14-047,generated,choice,二属性照合,True,0.00011336721285636773,1.8047513488455546e-08,,,0.9998866392129633,0.9993788315015308,0.0017347208251129085,3.842477805220911e-06,,,0.9982667829333982,0.9925482371026988
v2-gen-score-02-015,generated,score,記述の満足段階,True,0.0009604346849468242,1.5075471952671398e-06,0.0011897373397786884,0.0005948686698893442,0.9990400263848243,0.9925740091006661,0.006719116215937015,7.092865023502246e-05,0.008691726266643378,0.004345863133321689,0.9933034065727805,0.9596971327777838
v2-gen-noul-12-011,generated,noul,記録と主張の照合,True,0.0014384958040272976,4.132592075918289e-06,,,0.9985625383351341,0.984354784483173,0.007792322983004857,0.00012049857772433172,,,0.99223795846042,0.9344384633688784
v2-gen-score-05-029,generated,score,緊急条件の加点,True,0.5889065258558283,0.3766901434150252,0.4156036118697348,0.08312072237394696,0.5549337588092037,0.5567140019284554,0.6597462728172238,0.41331098129896726,0.42160513681961254,0.08432102736392251,0.5169824903629152,0.4783173687069743
v2-gen-noul-01-034,generated,noul,事実と否定質問,True,0.00011946233147694736,2.853908776814523e-08,,,0.9998805448038632,0.9982710232137417,0.0012352706512854378,3.0480200957092622e-06,,,0.9987654919814539,0.9862924522717609
v2-gen-score-11-014,generated,score,時刻順の評価更新,True,0.02725796768823083,0.0012719038772504587,0.12221767765910782,0.024443535531821565,0.9731101781595575,0.923176918113375,0.08008936126908955,0.009435500237356578,0.32487427307872,0.06497485461574401,0.923033859224039,0.8128705088873704
v2-gen-choice-12-049,generated,choice,条件付き不足書類,True,0.014525898820722274,0.00031561278026671094,,,0.9855790930656025,0.9563523833203701,0.05860953152046501,0.00438562470668533,,,0.9430749383104469,0.85635110751842
v2-gen-score-14-013,generated,score,参照表の順序尺度,True,0.0006179725235126161,5.113202217502354e-07,0.0002588104132046354,6.470260330115885e-05,0.9993822183821804,0.996311835135858,0.00577589130129774,4.309932342367786e-05,0.003632628317780995,0.0009081570794452487,0.9942407570903423,0.9733534811784837
v2-gen-noul-02-010,generated,noul,全条件の充足,True,0.00012794669459580772,3.273652456256305e-08,,,0.9998720614902334,0.9981609012520839,0.0012996880416262977,3.3739905006577046e-06,,,0.9987011561870922,0.9856733448469257
v2-gen-score-05-038,generated,score,緊急条件の加点,True,0.02346780960930246,0.0008312477685424782,0.033060162806317184,0.004722880400902455,0.976805417910794,0.935419412323298,0.08276818120420303,0.008597345250349936,0.13736462834550012,0.019623518335071446,0.9205645266465089,0.8124354434818717
v2-gen-choice-15-048,generated,choice,文章内の順序参照,True,0.009420552486646753,0.000167832321947826,,,0.990623681904817,0.9690754033727487,0.0343826107792625,0.0020161775760176933,,,0.9662017547005708,0.907297452135503
v2-gen-score-15-049,generated,score,軽重のある項目,False,0.9575089172049086,0.5880800583631377,0.7967476883798716,0.15934953767597432,0.4113572820694518,0.38949503487304526,1.004081995490442,0.6007411076392152,0.7952423968998108,0.15904847937996217,0.38567060337514686,0.33990592334073455
v2-gen-score-01-010,generated,score,件数の段階境界,True,0.0017563862387897872,4.596112938101067e-06,0.0002871891393290138,9.572971310967127e-05,0.9982451553048727,0.989690170680124,0.01122847371290122,0.00018085436573971506,0.0003303454744407741,0.0001101151581469247,0.9888343303138186,0.9486481797026174
manual_v2_choice_031,manual,choice,range,True,0.0003625436896170614,1.7896679360831056e-07,,,0.9996375220214051,0.9973921061713964,0.003698732473435622,1.840811759525546e-05,,,0.9963080994118185,0.9795713892585491
v2-gen-score-13-008,generated,score,取消しを反映した件数,False,1.919021304221663,0.9479878271085016,1.547249820182742,0.257874970030457,0.3647056158952564,0.18985533588841585,1.8471979027323862,0.8932581409056503,1.6048057923103958,0.26746763205173263,0.30964113223639306,0.12866727765977903
v2-gen-choice-14-008,generated,choice,二属性照合,True,0.00018115690982471445,4.8059408873135146e-08,,,0.9998188594980975,0.9986288856731543,0.0021336462873927375,6.446763656618146e-06,,,0.9978686283178252,0.9875358893851374
manual_v2_choice_054,manual,choice,history,True,0.0009608154715228321,1.7771700424983756e-06,,,0.9990396459638657,0.9956305826246695,0.006315996626077956,7.116712172130708e-05,,,0.9937039073540754,0.976979310007458
v2-gen-score-13-034,generated,score,取消しを反映した件数,True,0.001353275299802589,2.411191689864342e-06,0.002863519290356553,0.0007158798225891383,0.9986476399643013,0.9925648757584046,0.01034735573546874,0.0001367952262386483,0.022687452464384972,0.005671863116096243,0.9897059939818302,0.9560400596716664
v2-gen-noul-10-032,generated,noul,条件付き義務,False,0.7618451816739839,0.5685953236477501,,,0.5331957068693212,0.0031819098530857515,0.7436505381477277,0.550462008542793,,,0.5246246317810445,0.0017503291380498442
v2-gen-noul-12-005,generated,noul,記録と主張の照合,True,0.0002788518544974054,1.5547335444258132e-07,,,0.9997211870210674,0.9963054747109633,0.0023145213912844774,1.0689254163615283e-05,,,0.9976881550480606,0.9764243467270363
v2-gen-score-04-015,generated,score,独立チェックの合計,True,0.006281607398193085,5.645643763319895e-05,0.005564163994111748,0.001391040998527937,0.9937380806517888,0.9723211695219396,0.03077142744935679,0.001247665080646572,0.02806310791258637,0.007015776978146593,0.9696971939078047,0.8933253579264459
v2-gen-choice-08-018,generated,choice,改訂と例外の優先,True,3.35332695452331e-05,1.605074305213841e-09,,,0.9999664672926886,0.999703194444093,0.0006242386558741734,5.391469320939555e-07,,,0.9993759561405403,0.9957660529989846
v2-gen-score-03-046,generated,score,順番に進む工程,True,0.0008533231425995524,9.522925625043957e-07,0.0022219483119680916,0.0003703247186613486,0.999147040834056,0.9958297234943204,0.007866927683880958,7.621753117609332e-05,0.02263241191269394,0.0037720686521156566,0.9921639356055919,0.9700187490037951
v2-gen-choice-03-046,generated,choice,最終更新,True,0.00010422219635015851,1.7201684918060147e-08,,,0.9998957832345943,0.9994439545469309,0.001494006541121523,3.12534506371099e-06,,,0.9985071089310742,0.9936810752027857
v2-gen-choice-07-035,generated,choice,複数属性の制約,True,0.0009353026724526354,1.6532563300478234e-06,,,0.999065134586758,0.9962752323665949,0.006470867284260133,7.10861361890312e-05,,,0.9935500236922449,0.9790301604532199
manual_v2_choice_050,manual,choice,scope,True,0.011115048792928775,0.00024435993983890124,,,0.9889464951296228,0.9123010018520787,0.03512015388717222,0.002381962750947259,,,0.9654894019832512,0.7834692504786955
v2-gen-score-07-049,generated,score,証拠の最高到達段階,True,0.0018474649894982998,4.549765520769007e-06,0.002897260525294598,0.0005794521050589196,0.9981542405234919,0.9911627808336821,0.013282638908042715,0.00022301631753432718,0.021474038106713556,0.004294807621342711,0.9868051860609908,0.9504286052047592
v2-gen-score-04-008,generated,score,独立チェックの合計,True,0.005483368215534277,4.6000590580005926e-05,0.0026376254352824535,0.0006594063588206134,0.9945316380072157,0.9760542752382737,0.026620875315487947,0.0009908577573648515,0.00933317535832412,0.00233329383958103,0.9737303367600824,0.9076468299462657
v2-gen-noul-05-029,generated,noul,締切の境界,True,0.0006448733353303279,8.311870828106892e-07,,,0.9993553345507898,0.9922373308568826,0.00430525931193578,3.6911317380648665e-05,,,0.9957039950313897,0.9600369279944604
v2-gen-noul-04-044,generated,noul,例外の優先,True,0.02045787814274647,0.0008201278760276052,,,0.9797499644935175,0.8571578721729536,0.05484764619183505,0.005696850522920613,,,0.9466293595554606,0.6994537874388718
v2-gen-choice-08-003,generated,choice,改訂と例外の優先,True,0.12921339789131875,0.027990464854850794,,,0.8787864143670364,0.7955135385011028,0.22569254013588283,0.07242503411573321,,,0.7979634056734523,0.6891935179066755
v2-gen-score-01-039,generated,score,件数の段階境界,True,0.00103364135532475,2.0127607344694643e-06,0.0011446102754161264,0.0002861525688540316,0.998966892667889,0.9947596583368029,0.006824683445401914,8.035540778337646e-05,0.008649276791645542,0.0021623191979113854,0.9931985518188409,0.9722767710169333
v2-gen-choice-09-021,generated,choice,利用可能集合の差,True,0.00010437657311552629,1.4712417527193393e-08,,,0.9998956288739295,0.9991538504020432,0.001476931064323423,2.9258497163055014e-06,,,0.9985241590616146,0.9908435574327503
v2-gen-noul-08-039,generated,noul,集合と否定所属,True,0.00964298046570323,0.0001841908456245799,,,0.9904033639845886,0.9218929239094005,0.03164742788084531,0.0019408804138623917,,,0.9688481107004535,0.7998639649490119
v2-gen-noul-06-022,generated,noul,更新後の状態,True,0.016841674960934555,0.0005578232057420753,,,0.9832993532199786,0.8775085608402371,0.047592716982899845,0.004320397563162227,,,0.9535220613453962,0.7287572336261348
v2-gen-noul-03-014,generated,noul,いずれかの条件,True,0.0006152858164040504,7.566875732298316e-07,,,0.9993849034330977,0.9925517029718116,0.004158202349806482,3.4437845721235104e-05,,,0.9958504310030297,0.9611910713069782
v2-gen-choice-15-008,generated,choice,文章内の順序参照,True,0.0032845835540472887,1.3945032750044446e-05,,,0.9967208047894119,0.9871546603741345,0.02118804174263267,0.0005461769460355136,,,0.9790348478403008,0.9348726761657682
v2-gen-choice-05-029,generated,choice,否定条件で選択,True,0.00011394964297722457,2.3498855965742247e-08,,,0.9998860568490368,0.9989194388759727,0.001323783564678159,3.003859370912031e-06,,,0.9986770922502791,0.9902645642847747
v2-gen-score-04-040,generated,score,独立チェックの合計,True,0.0007158308282904073,1.0240942525436208e-06,0.0007155746825256992,0.0007155746825256992,0.9992844253174743,0.9914912525977786,0.004650971056603656,4.30623931063443e-05,0.004640172039178325,0.004640172039178325,0.9953598279608217,0.9573524169957968
v2-gen-noul-10-010,generated,noul,条件付き義務,False,1.8150558147092728,1.401711169602423,,,0.8371711801066801,0.3589657564902159,1.4738809765807783,1.1887744353135417,,,0.7709651209080544,0.2236749166089339
v2-gen-score-01-013,generated,score,件数の段階境界,True,0.0009134471835607624,1.3159723031852264e-06,0.000851561925534261,0.0001419269875890435,0.9990869698823189,0.9958447905946816,0.007243778004396207,7.441792143698462e-05,0.007409272070786788,0.0012348786784644645,0.9927823949204096,0.9737194000630979
v2-gen-score-01-025,generated,score,件数の段階境界,True,0.0005396103662078966,4.274464378101759e-07,9.016647504189734e-07,2.2541618760474336e-07,0.9994605351972821,0.9968048324979757,0.005010056738611544,3.428672740736634e-05,0.001525741719454743,0.0003814354298636857,0.9950024726625805,0.9768205664107598
v2-gen-score-13-005,generated,score,取消しを反映した件数,True,0.7106820196023823,0.4696869890300871,0.4833387067611672,0.1611129022537224,0.4913090007992393,0.35544956453020216,0.7755020176817541,0.48732724747556583,0.48837250559560696,0.16279083519853565,0.46047255759882716,0.2617681103127516
v2-gen-score-15-011,generated,score,軽重のある項目,True,0.009860754035969033,0.00017958922053772056,0.008386594685567239,0.0041932973427836195,0.9901877037914079,0.9474858338068955,0.034976549730771765,0.0020930296765251048,0.025333152634496425,0.012666576317248213,0.9656280602300485,0.8516282552247825
v2-gen-score-02-034,generated,score,記述の満足段階,True,0.000865515882465304,9.817250149216165e-07,0.00015068828070807783,2.1526897244011118e-05,0.9991348585683673,0.9960471022015912,0.008000454370441619,7.872469056173984e-05,0.0014352342462733425,0.00020503346375333464,0.9920314640871838,0.9713557546525994
v2-gen-choice-15-039,generated,choice,文章内の順序参照,True,0.00010051374030790807,2.0203993117411797e-08,,,0.9998994913110288,0.9985202090959445,0.0010868983108216553,2.3601294933991014e-06,,,0.9989136921492047,0.9877374719036365
v2-gen-noul-10-029,generated,noul,条件付き義務,True,0.00021300138716143967,9.071985669501572e-08,,,0.9997870212960235,0.9970950674688587,0.00189589739037105,7.175239561398665e-06,,,0.998105898687847,0.9801392138256103
v2-gen-score-05-024,generated,score,緊急条件の加点,True,0.0047070126471121495,3.261941838842605e-05,0.009783498403514557,0.001397642629073508,0.9953040479759486,0.9829819757419272,0.02650002072950236,0.0009015001901932437,0.06829673215355037,0.009756676021935766,0.9738480236481499,0.9227118477691592
v2-gen-noul-07-025,generated,noul,識別文字列の完全一致,True,0.018387653972103075,0.00066391001535807,,,0.9817803675207474,0.8686759111320951,0.05074284216674767,0.004895932499887148,,,0.9505230735600566,0.7158291903026166
v2-gen-choice-04-038,generated,choice,参照先の担当,True,0.00018944066345531703,4.5983936297657e-08,,,0.9998105772792941,0.9988358087150179,0.0025526153366227018,8.065620509506353e-06,,,0.9974506398155994,0.9879180774850982
v2-gen-choice-01-041,generated,choice,問い合わせ経路,True,5.0390310015422706e-05,4.2789206311353026e-09,,,0.9999496109595549,0.9994775833335873,0.0007488557167519389,9.053049214997931e-07,,,0.9992514246057123,0.9940245286248282
v2-gen-score-13-046,generated,score,取消しを反映した件数,True,0.22604972927447792,0.08057842859792025,0.1958438342744353,0.09792191713721765,0.7976784327096029,0.5264859647912401,0.31791794086771985,0.14194930795708066,0.24778109252466818,0.12389054626233409,0.7276624973178543,0.4214338135155338
v2-gen-score-13-039,generated,score,取消しを反映した件数,True,0.00659155227194642,6.54667396177434e-05,0.010455579908077462,0.005227789954038731,0.9934301243550404,0.9599431196328282,0.028478898584852096,0.0011898123331010586,0.044028756168293964,0.022014378084146982,0.9719228028763094,0.8660186293650625
v2-gen-noul-08-043,generated,noul,集合と否定所属,True,0.0014422513955580037,4.154183197978461e-06,,,0.9985587881491643,0.9843193890935678,0.007807351252249295,0.0001209619973819911,,,0.992223046953273,0.9343341318707854
v2-gen-score-01-006,generated,score,件数の段階境界,True,0.0006842681754433714,8.474700002228598e-07,0.0008443502119779562,0.00014072503532965938,0.9993159658826354,0.9969200835758223,0.005366326284343177,4.6163380961607094e-05,0.008378125707946259,0.0013963542846577098,0.9946480467229762,0.9804534208329121
v2-gen-choice-14-041,generated,choice,二属性照合,True,0.014376896169660779,0.0003706948842462958,,,0.9857259579046536,0.955072132902505,0.04862536342646627,0.0037526828241494603,,,0.9525379184031945,0.8754291281837272
v2-gen-score-07-042,generated,score,証拠の最高到達段階,True,0.001074649715260742,1.599518515355597e-06,0.0021005212284272825,0.0004201042456854565,0.9989259275139529,0.994559361209928,0.008863025527457357,0.00010100574711339631,0.019721761813140608,0.003944352362628122,0.9911761353034119,0.9648663381335952
v2-gen-score-03-027,generated,score,順番に進む工程,True,0.00044630922213096297,3.982060874164268e-07,0.0004462096409852665,0.0004462096409852665,0.9995537903590147,0.9943900900557877,0.0032786906711484826,2.1429269043106865e-05,0.0032733216342964765,0.0032733216342964765,0.9967266783657035,0.9682639677868682
v2-gen-noul-11-011,generated,noul,参照関係の真偽,True,0.010851939576044358,0.00023298934158501425,,,0.9892067303011318,0.9139926929022943,0.03450919435066594,0.0023012064514439587,,,0.9660794571723568,0.7863127229862771
v2-gen-noul-08-040,generated,noul,集合と否定所属,True,0.00026284604442936113,1.3813977267472163e-07,,,0.9997371884965658,0.9964950960135344,0.0022153848091790497,9.794141874745521e-06,,,0.9977870673445917,0.9772932699545285
v2-gen-noul-01-037,generated,noul,事実と否定質問,True,0.00023665581479401175,1.1198544473154271e-07,,,0.9997633721859844,0.9968084546603999,0.0020496932290418393,8.385282724533084e-06,,,0.9979524059576502,0.9787601604407036
v2-gen-choice-15-022,generated,choice,文章内の順序参照,True,0.011551345918873688,0.00020223745805362126,,,0.9885151147279422,0.964177547616495,0.049175658161331515,0.0031453323276743623,,,0.9520138860012977,0.8756378833048256
v2-gen-noul-15-034,generated,noul,出来事の前後関係,True,0.008885021104537432,0.00015649161212387722,,,0.9911543340520943,0.9269603732587163,0.029803211468267487,0.0017244273408341295,,,0.9706365248920182,0.80881039590524
v2-gen-score-13-022,generated,score,取消しを反映した件数,False,2.5014842251139564,1.082612744941483,1.629535195754686,0.2715891992924477,0.33232909033068797,0.21180448682174313,2.267337222910165,1.009821250025821,1.398028266011135,0.23300471100185582,0.29240641065152884,0.15197298549548344
v2-gen-noul-08-041,generated,noul,集合と否定所属,True,4.2563377035816724e-05,3.6231279140872475e-09,,,0.9999574375287719,0.9993205870660731,0.0005749653512253423,6.607902876692284e-07,,,0.9994251999096776,0.992983454141358
v2-gen-noul-04-023,generated,noul,例外の優先,True,0.1280984969429158,0.028912082977269125,,,0.8797667205444576,0.4699689516491401,0.2059514020492626,0.06928679731671043,,,0.8138726278637255,0.30670044090659876
v2-gen-choice-05-017,generated,choice,否定条件で選択,True,0.00030953643976804117,1.4841228096165244e-07,,,0.9996905114616932,0.9972608708131507,0.0029618793717948464,1.3365331492198163e-05,,,0.9970425026654888,0.979845352204566
v2-gen-score-11-010,generated,score,時刻順の評価更新,False,1.8770240881406701,1.43466596140954,0.8469551231941218,0.8469551231941218,0.8469551231941218,0.38259205421470255,1.5161981166655598,1.2182200555677183,0.7804550132992031,0.7804550132992031,0.7804550132992031,0.24066420868929939
v2-gen-choice-13-011,generated,choice,工程の依存順,True,0.0003095412301518971,1.541463955571291e-07,,,0.9996905066727919,0.9982877443125626,0.0032363162399190364,1.5056586757433208e-05,,,0.9967689149866605,0.9858104720673195
v2-gen-noul-07-013,generated,noul,識別文字列の完全一致,True,0.09896560612620144,0.017757130707657998,,,0.9057738605596674,0.5495790200040411,0.1712705960055291,0.04955358718971571,,,0.8425935401743059,0.37193127796409664
v2-gen-score-01-014,generated,score,件数の段階境界,True,0.0006294358763949349,5.566035148549255e-07,0.0004534638926303458,6.47805560900494e-05,0.9993707621768102,0.9971179562303817,0.005890633073325865,4.545723754342285e-05,0.005614715717845886,0.0008021022454065552,0.9941266826887258,0.9787234458740562
v2-gen-choice-13-037,generated,choice,工程の依存順,True,0.0003335983552365574,1.685418341937074e-07,,,0.9996664572825077,0.9976314262796834,0.0033348431440771284,1.5947373043423502e-05,,,0.9966707112692395,0.9816259232745106
v2-gen-score-05-047,generated,score,緊急条件の加点,True,0.03623117995224055,0.0022396521026528,0.04032679281690332,0.02016339640845166,0.9644173137613601,0.8474311049553422,0.09291302930429396,0.013227862560712022,0.10645372430204714,0.05322686215102357,0.9112727508749732,0.6869175528513294
v2-gen-choice-07-023,generated,choice,複数属性の制約,True,0.00010925866470319708,1.6367264840670216e-08,,,0.9998907473038073,0.9993091184867415,0.001616308911521549,3.3992696030935024e-06,,,0.9983849966122559,0.9920741350007035
v2-gen-score-06-021,generated,score,約束時刻からの遅れ,False,3.544070064336908,1.8794156284069783,0.9711608822969351,0.194232176459387,0.9676596241004186,0.9126915331363039,2.6920138629083197,1.7059689779066454,0.9269813186424771,0.18539626372849544,0.9147276441406752,0.8038820573666599
v2-gen-choice-13-039,generated,choice,工程の依存順,True,0.010699223972379846,0.00018651726215262792,,,0.9893578091398532,0.9633257625475329,0.041416452425830114,0.0025150334284262514,,,0.9594294899995386,0.885485677558092
v2-gen-score-03-021,generated,score,順番に進む工程,True,0.002248206558150232,8.951237138720659e-06,0.0025358722175126136,0.0012679361087563068,0.9977543187653763,0.9847049122710979,0.012149721461789288,0.00024578633853262875,0.014437769541344458,0.007218884770672229,0.9879237883947383,0.9350948504375857
v2-gen-noul-09-002,generated,noul,重複を除いた件数,True,0.06058099197949696,0.006910756415874374,,,0.941217534859984,0.6774073201654336,0.12042647494957662,0.0257453138947681,,,0.8865422680141012,0.4897417759484899
v2-gen-score-10-023,generated,score,不足の段階,True,0.5505468593946109,0.2646034256388863,0.3019951744368874,0.0431421677766982,0.5766343862106572,0.4718534958488434,0.7228734224253216,0.3642949144500961,0.3774946310172793,0.0539278044310399,0.4853556186375726,0.36330520349924633
v2-gen-noul-14-018,generated,noul,予定時間の重なり,True,0.005834841700042861,6.769480544480427e-05,,,0.9941821479287969,0.9484317934625589,0.021883340385493603,0.0009370672163976502,,,0.9783543628368481,0.8494167777015427
v2-gen-score-06-040,generated,score,約束時刻からの遅れ,True,0.016661833933438758,0.0005029621669091039,0.013517903956348443,0.004505967985449481,0.9834762066882757,0.9354039460086173,0.052606919439630154,0.004517190130819412,0.03299904845987933,0.010999682819959777,0.9487528755068506,0.83481389910156
v2-gen-noul-10-041,generated,noul,条件付き義務,False,1.5479271020861776,1.2397191156219152,,,0.7873116014710806,0.2534098128428154,1.2915811186940076,1.051725969362692,,,0.7251641087928621,0.15168143340741347
v2-gen-choice-07-026,generated,choice,複数属性の制約,True,0.0005196086790449569,3.802533437848674e-07,,,0.999480526294166,0.9968870267445044,0.004935943615203042,3.258612423113649e-05,,,0.9950762181363486,0.9770170587294906
v2-gen-noul-11-033,generated,noul,参照関係の真偽,True,0.04431749037453019,0.003758413436389912,,,0.956650182028122,0.7425544000763118,0.09611988662004411,0.01679757175675526,,,0.9083551099167136,0.558063455210107
v2-gen-noul-13-010,generated,noul,範囲の開閉境界,True,0.00036327947217562037,2.638480847057786e-07,,,0.9996367865058221,0.9953256865609869,0.002815258843355554,1.580681221301408e-05,,,0.99718870028163,0.9721253666562335
v2-gen-score-07-005,generated,score,証拠の最高到達段階,True,0.0024831425262785683,9.432887848167384e-06,0.0034474274794922266,0.0011491424931640755,0.9975199379218662,0.9860559174428113,0.014549186190668513,0.0003039176863169723,0.021865237935958515,0.007288412645319505,0.9855561417878895,0.9359983279798133
v2-gen-noul-12-047,generated,noul,記録と主張の照合,True,0.00024093244908354408,1.1606892246549491e-07,,,0.9997590965728081,0.9967570113718707,0.00207706269793651,8.610478913310143e-06,,,0.9979250929040906,0.9785165471733751
v2-gen-noul-08-031,generated,noul,集合と否定所属,True,0.0034544289985906956,2.378388134524541e-05,,,0.9965515306768622,0.9668256120585653,0.014876302405946258,0.00043608114078558214,,,0.9852338031168215,0.8890534627722396
v2-gen-noul-03-044,generated,noul,いずれかの条件,True,0.00037549225494934473,2.818830056073157e-07,,,0.9996245782334445,0.9951864831632686,0.002885030757960351,1.659885913015264e-05,,,0.9971191269439498,0.9715372820965311
v2-gen-choice-06-043,generated,choice,時間枠の包含,True,0.40437583594571613,0.17617894387258254,,,0.6673932437565566,0.5067957968246932,0.5581807094834624,0.2700445008522656,,,0.57224920495417,0.384134225212978
v2-gen-choice-06-007,generated,choice,時間枠の包含,True,0.03553167057166707,0.0017664607609385661,,,0.9650921687252946,0.9079503233778595,0.11313858211309277,0.01514635187920729,,,0.8930268939863104,0.7620940194891284
v2-gen-score-03-028,generated,score,順番に進む工程,True,0.0006776395134447116,8.700322463566776e-07,0.0007146967619287243,0.00035734838096436217,0.9993225900323577,0.9947526903366495,0.004802173970446275,4.146587960228314e-05,0.005309797804064455,0.0026548989020322277,0.9952093380320567,0.970863154804245
v2-gen-score-05-019,generated,score,緊急条件の加点,True,0.007541418587556798,9.041391947757263e-05,0.0033896788923086785,0.0016948394461543392,0.9924869465603262,0.9557199341578942,0.03089401020531675,0.0014434761463867417,0.0105127936651912,0.0052563968325956,0.9695783330386242,0.8585150296265985
v2-gen-choice-01-047,generated,choice,問い合わせ経路,True,1.6468550718439634e-05,3.4977311527413747e-10,,,0.9999835315848874,0.9998768259961914,0.00041267179484953394,2.132854066043589e-07,,,0.9995874133424439,0.9976347654553537
manual_v2_score_010,manual,score,count,True,0.02353598717384297,0.0010446923011076805,0.02462081464353405,0.0061552036608835126,0.9767388239665031,0.9286677356754895,0.0655265372892037,0.007299284250653511,0.07418040048683938,0.018545100121709845,0.9365741922896427,0.8365374380068777
manual_v2_score_043,manual,score,scope,False,3.5184636731102796,1.8704790901855626,0.9687707711225619,0.32292359037418733,0.9637779213555209,0.8720563996166768,2.681024642392549,1.6866337124258295,0.9232901893438124,0.30776339644793743,0.9047454262659358,0.7190902190575142
v2-gen-noul-13-024,generated,noul,範囲の開閉境界,True,0.0001579786533355936,4.990662511900458e-08,,,0.9998420338246348,0.9977773088442923,0.0015194188830902316,4.610258135219292e-06,,,0.9984817348493726,0.983595206069156
v2-gen-choice-14-043,generated,choice,二属性照合,True,0.000773828504480152,9.92733788134878e-07,,,0.9992264708235825,0.9950939982404345,0.005939200288943391,5.400279450574379e-05,,,0.9940784018962179,0.9704007470571777
v2-gen-choice-04-031,generated,choice,参照先の担当,True,0.0010880281181651697,2.146251904318219e-06,,,0.9989125635698173,0.9949865701212092,0.007419959962054929,8.954609280210702e-05,,,0.9926074999816622,0.9724567920044948
v2-gen-noul-10-018,generated,noul,条件付き義務,False,1.493305226974124,1.202400445224838,,,0.7753710225514099,0.23146974555978184,1.254272209520495,1.0216396388313325,,,0.7147166007696101,0.13744968882580588
v2-gen-score-08-042,generated,score,要件への一致数,True,0.01091822255445726,0.0001627688519702664,0.004758276271023654,0.0009516552542047308,0.9891411649057402,0.9598416295664514,0.04679520258845433,0.0027822125317898683,0.02736683080601754,0.0054733661612035075,0.9542828122293091,0.8644818531817919
v2-gen-noul-06-020,generated,noul,更新後の状態,True,0.017230112833606922,0.0005836252057195771,,,0.9829174766834701,0.875269616942129,0.04839153872813631,0.004463108345219321,,,0.9527606713361667,0.7254479895759549
v2-gen-score-09-034,generated,score,例外による上限,True,0.23724055975533528,0.08413268903137301,0.2128706810538017,0.05321767026345042,0.7888015112936388,0.642853238390793,0.35023557254755266,0.15225793859638717,0.3011012508527591,0.07527531271318977,0.7045221041017833,0.5218465382914581
v2-gen-choice-05-016,generated,choice,否定条件で選択,True,0.025090386787084536,0.0010975584877885504,,,0.9752217608828821,0.8860181095409869,0.07086187783025959,0.007938667726299158,,,0.9315905565506634,0.7429169042750894
v2-gen-noul-14-036,generated,noul,予定時間の重なり,True,0.027552395413570237,0.0014771015070382063,,,0.9728237097174927,0.8199728632994722,0.06811528040254917,0.008671713326725585,,,0.9341527778614558,0.649768395570629
v2-gen-score-12-036,generated,score,目標からの差,False,1.9880704652615537,1.0265897750953537,2.453237211396647,0.4088728685661078,0.46815138545071094,0.2673646480961155,1.8659837238368435,0.9342297640344022,2.20523044461093,0.36753840743515503,0.3848759559555014,0.18216107428657402
v2-gen-choice-01-032,generated,choice,問い合わせ経路,True,1.2196934525946355e-05,2.2598631538217268e-10,,,0.9999878031398564,0.9998842614075658,0.00028762523875322364,1.189822358478452e-07,,,0.9997124161214203,0.9979035929357932
v2-gen-noul-04-037,generated,noul,例外の優先,True,0.0773069773176583,0.011069032659212209,,,0.9256056700439738,0.6178875251788788,0.1434890959548885,0.03573520592673565,,,0.8663302466398332,0.4325827174510215
v2-gen-noul-03-001,generated,noul,いずれかの条件,True,0.0008120261480765057,1.3177025592961576e-06,,,0.9991883034559343,0.9904959415336769,0.005105686768275249,5.1870675352422115e-05,,,0.9949073250961591,0.9538788219337979
v2-gen-noul-02-047,generated,noul,全条件の充足,True,0.0003487438316048059,2.4315970739358403e-07,,,0.9996513169724567,0.9954921422307637,0.0027314142515043947,1.4880556380005795e-05,,,0.9972723126663778,0.9728354210739605
v2-gen-choice-07-009,generated,choice,複数属性の制約,True,0.00016287938335226855,4.571052692899705e-08,,,0.9998371338807743,0.9987945638350451,0.0018370700587699098,5.352914727107237e-06,,,0.9981646163216061,0.9893579351130181
v2-gen-noul-12-017,generated,noul,記録と主張の照合,True,0.0005705556373207957,6.506961239455611e-07,,,0.9994296070985954,0.9930309167929128,0.003932313787394838,3.0804850476439035e-05,,,0.9960754076341333,0.9629789206662698
v2-gen-noul-14-016,generated,noul,予定時間の重なり,True,0.03506934853814146,0.002375196132371151,,,0.9655384552553782,0.7837050599325972,0.0811450739202224,0.012149313732484984,,,0.9220599148945647,0.6051209654944436
v2-gen-score-01-029,generated,score,件数の段階境界,True,0.0008664585769648588,1.5002006001514094e-06,0.0008660833101241384,0.0008660833101241384,0.9991339166898757,0.9899402027198921,0.0053566943042430825,5.708189428314228e-05,0.005342372800691805,0.005342372800691805,0.9946576271993083,0.9519873579454919
manual_v2_noul_036,manual,noul,exact_match,True,0.0007649702827847894,1.1694641765578072e-06,,,0.9992353222323888,0.9909806228620484,0.004885125488758508,4.749640344768876e-05,,,0.9951267873303288,0.955555885559069
manual_v2_noul_006,manual,noul,entailment,True,0.0006005524375960187,7.208934179594759e-07,,,0.999399627857925,0.9927090103304745,0.004084287449380488,3.322686872057207e-05,,,0.9959240419089144,0.9617740512577901
v2-gen-choice-14-029,generated,choice,二属性照合,True,0.027740298597661278,0.0011107451701931215,,,0.9726409302178403,0.9206069270839946,0.09253592757644598,0.010566735737829193,,,0.91161645820611,0.7857755782261141
manual_v2_score_013,manual,score,temporal,True,0.0010448008833911706,1.6718193499084035e-06,0.0006481163929676903,0.00016202909824192258,0.9989557447310158,0.9943239996965715,0.007943142036347974,8.889908341247527e-05,0.0039147822821021805,0.0009786955705255451,0.9920883213551808,0.9660152181843465
v2-gen-noul-09-005,generated,noul,重複を除いた件数,False,0.815036160515099,0.6213375232826327,,,0.5573766784153391,0.009519902424079518,0.7822373220905848,0.5888695518517841,,,0.5426184441445868,0.005247190273755642
v2-gen-score-12-021,generated,score,目標からの差,True,0.17926993272609273,0.04898559120365334,0.12731191269401743,0.025462382538803487,0.8358802375104434,0.7130424452501882,0.29793030074690807,0.1097872968910934,0.13748303814864737,0.027496607629729476,0.7423530793998105,0.5769730524520789
v2-gen-choice-15-019,generated,choice,文章内の順序参照,True,0.0011112125917400871,1.6152564279520818e-06,,,0.9988894045763491,0.9943127591018093,0.009315923432367375,0.00010818766136748111,,,0.9907273353462877,0.9629715460423384
v2-gen-noul-08-015,generated,noul,集合と否定所属,True,3.347652565951145e-05,2.2412805091367435e-09,,,0.9999665240346731,0.9994540342646968,0.0004812215847141644,4.629256127209953e-07,,,0.9995188941838218,0.9940036385138983
manual_v2_choice_015,manual,choice,meaning,True,0.00019424424477976188,7.544699692902506e-08,,,0.9998057746194121,0.9973250240375019,0.001770765997021716,6.260131023473188e-06,,,0.99823080088409,0.981274609130997
v2-gen-choice-03-044,generated,choice,最終更新,True,0.0020519732083072568,8.40392870864378e-06,,,0.9979501306494506,0.9787398462739183,0.01013010930654352,0.00020317137607365706,,,0.9899210274314875,0.9186837800293604
v2-gen-score-03-050,generated,score,順番に進む工程,True,0.006866839046357823,7.881916074801704e-05,0.006141500678661149,0.00204716689288705,0.9931566838195119,0.9674913354280711,0.02955208449374456,0.0013171153519210672,0.024633419082501495,0.008211139694167166,0.9708803085149165,0.8883626504214484
manual_v2_noul_057,manual,noul,history,True,0.00036003523011684434,2.591574140530883e-07,,,0.999640029574789,0.9953627640264235,0.002796622310861255,1.559851867314108e-05,,,0.9972072845944188,0.9722828738728737
v2-gen-score-03-017,generated,score,順番に進む工程,True,0.003514531290587079,2.0385010249469156e-05,0.004211900399592405,0.0008423800799184811,0.9964916374456543,0.9855420211767203,0.018998716699718345,0.0005258248123502706,0.02473111827819663,0.004946223655639325,0.9811806213913659,0.9368429087457527
v2-gen-score-10-041,generated,score,不足の段階,True,0.5752049223951511,0.3765881172876576,0.44648067639325006,0.11162016909831252,0.5625895697915553,0.5488896170912705,0.6243907379386335,0.40883984748155544,0.5002605447095889,0.12506513617739723,0.535587642365069,0.4969301961929371
manual_v2_choice_039,manual,choice,priority,True,0.00030551846373538994,1.378627201507824e-07,,,0.9996945282022779,0.9981074151791325,0.0031691743136057654,1.4182387233498723e-05,,,0.9968358422184884,0.9847101278043262
v2-gen-choice-03-038,generated,choice,最終更新,False,1.4566903301306242,0.939802086298867,,,0.5592278789841683,0.4641146320250177,1.367802872109713,0.8440018083131812,,,0.48734079550402115,0.3938581879756833
v2-gen-choice-11-037,generated,choice,小数量の比較,True,0.002196874170683117,6.153796008318405e-06,,,0.997805537191235,0.9908601859955396,0.01620579359568536,0.00031500163461449493,,,0.9839248137934393,0.9472225885312962
v2-gen-score-13-023,generated,score,取消しを反映した件数,False,2.2789725352394887,1.4001182595143153,1.0534381785213007,0.1504911683601858,0.7598304064731664,0.6376852473687391,1.9197837544885727,1.1791111869716169,1.1382760077493117,0.16261085824990168,0.6479340515168037,0.5107322571221357
v2-gen-score-12-037,generated,score,目標からの差,True,0.21214599084263483,0.06455818578198433,0.06474821981128409,0.009249745687326298,0.808846604749085,0.7175760094064213,0.34551549887137856,0.1353383359176891,0.046999593369307924,0.006714227624186846,0.7078553607596473,0.5835611517919747
v2-gen-score-06-017,generated,score,約束時刻からの遅れ,True,0.003974666452816128,3.1470654149049966e-05,0.003966777920998982,0.003966777920998982,0.996033222079001,0.9626422878824348,0.016496429823032024,0.0005353717656477563,0.016361108850682385,0.016361108850682385,0.9836388911493176,0.879510024841897
v2-gen-score-11-035,generated,score,時刻順の評価更新,True,0.05770727672373216,0.006083158243373339,0.05318879107707142,0.010637758215414284,0.9439262161742344,0.8735084098138415,0.1258991440026553,0.025277225411425762,0.09838984162286746,0.01967796832457349,0.8817037674120762,0.7660508627573175
v2-gen-choice-12-032,generated,choice,条件付き不足書類,True,0.0014506921051802215,3.3498304862755296e-06,,,0.9985503596399642,0.9892701755994611,0.009197290046828503,0.00013032470248870712,,,0.9908448756561903,0.9472826969508336
manual_v2_score_038,manual,score,count,True,0.0012060228807465382,2.144548658231783e-06,0.001770312886178349,0.000590104295392783,0.9987947040725778,0.9925322162484498,0.008663401553459347,0.00010591612957047373,0.013593463630186431,0.004531154543395477,0.9913740175728385,0.958286227740982
v2-gen-choice-02-024,generated,choice,条件と優先例外,True,4.075249573710941e-05,3.321396460107522e-09,,,0.9999592483346346,0.9993469363424171,0.0005567343526690028,6.195612678187335e-07,,,0.9994434205951445,0.9931799997166388
v2-gen-noul-14-017,generated,noul,予定時間の重なり,True,0.09531915050814999,0.01653189126147192,,,0.9090827539421923,0.5604759228413192,0.1667299629968165,0.04716862782227683,,,0.8464281473995368,0.38129284761178683
v2-gen-choice-10-006,generated,choice,不在時の代理,True,0.055247843321272055,0.004329250005284982,,,0.9462505969980249,0.8666021507660444,0.1461291162463382,0.02576652233748345,,,0.864046133588642,0.7123978821794497
v2-gen-score-07-023,generated,score,証拠の最高到達段階,True,0.04088006037181749,0.0025538060218653546,0.056701707041175275,0.008100243863025039,0.9599442584008575,0.902458629545859,0.11756553674422032,0.017512405325566766,0.10325176970783811,0.014750252815405445,0.8890822422815702,0.7672300941171086
v2-gen-noul-06-029,generated,noul,更新後の状態,True,0.004636699393168075,4.27991320691773e-05,,,0.9953740335026517,0.9574624689898301,0.018478416200407126,0.0006704197017580135,,,0.98169126299061,0.868163716282671
v2-gen-noul-09-045,generated,noul,重複を除いた件数,True,0.403369365222126,0.22036129854595846,,,0.6680652936600645,0.08310914720544271,0.46712976466645495,0.2785583477880945,,,0.6267987488042849,0.04690157750396362
v2-gen-noul-01-004,generated,noul,事実と否定質問,True,0.00022245614944688182,9.895146245170314e-08,,,0.9997775685920877,0.9969800740333435,0.00195787729279004,7.651573918525244e-06,,,0.998044038098719,0.9795813436306701
v2-gen-score-02-016,generated,score,記述の満足段階,True,0.00042826315975135696,2.6987072775713894e-07,0.0003462240532874361,0.0001154080177624787,0.9995718285318258,0.9970158082711481,0.0040690389650985676,2.3251366568268037e-05,0.0031293631466444705,0.0010431210488814902,0.9959392283567983,0.9780432652143681
v2-gen-score-02-046,generated,score,記述の満足段階,True,0.0015566038777099181,3.925288071575123e-06,0.0012545082819583886,0.0002509016563916777,0.9984446070017381,0.9928731091191434,0.010388928283357933,0.0001578996607954516,0.008651925407670902,0.0017303850815341803,0.9896648502372303,0.9620215217667571
manual_v2_score_016,manual,score,scope,True,0.013457902798638914,0.00023367205538510894,0.010844177492270735,0.0027110443730676836,0.9866322498999961,0.9456907399358978,0.05548528156147176,0.00376604119147871,0.046678151978082116,0.011669537994520529,0.946025947592721,0.8266248663244727
v2-gen-noul-03-007,generated,noul,いずれかの条件,True,0.0002098398746848144,8.804706861422182e-08,,,0.9997901821401618,0.9971336533382384,0.001875013853275246,7.018184422380287e-06,,,0.9981267428870574,0.9803278437859514
v2-gen-score-04-049,generated,score,独立チェックの合計,True,0.0009253333199143331,1.202734080886134e-06,0.0015848240632537044,0.0005282746877512348,0.9990750946689412,0.9940087401047777,0.007317629571533906,7.299720533387048e-05,0.013069842860213725,0.0043566142867379086,0.9927090790919958,0.9634031800411414
v2-gen-choice-02-039,generated,choice,条件と優先例外,True,0.0015153715781619525,4.585748537769911e-06,,,0.9984857760175968,0.983633043903463,0.008097935177133279,0.00013009603853235548,,,0.9919347647730412,0.9323251824468577
v2-gen-noul-07-030,generated,noul,識別文字列の完全一致,True,0.0009032186634876521,1.6301349855891017e-06,,,0.9990971891157089,0.9895677203433346,0.005523870164827418,6.069026559121848e-05,,,0.9944913583529504,0.9507373098417808
v2-gen-choice-09-025,generated,choice,利用可能集合の差,True,0.002021793335835338,6.610388254459218e-06,,,0.9979802491116103,0.9884914072682168,0.01226303999733987,0.0002238230390998639,,,0.9878118446605716,0.9449776986572879
v2-gen-noul-15-048,generated,noul,出来事の前後関係,True,0.0020358036335495124,8.272138129132814e-06,,,0.9979662672091529,0.9788839941136194,0.010071110622301276,0.00020082351828616885,,,0.9899794331925242,0.9190705502026449
v2-gen-choice-05-006,generated,choice,否定条件で選択,True,0.21201283693781767,0.05994153262743838,,,0.8089543130036336,0.5691441241964785,0.33969484168975905,0.12990000369460028,,,0.7119875585355485,0.42275084107626726
v2-gen-choice-03-003,generated,choice,最終更新,True,0.0029660773938011134,1.3620719345222396e-05,,,0.997038317067907,0.9798894000051268,0.015721589104531117,0.0003722759987616027,,,0.9844013499684038,0.917427583171236
v2-gen-choice-07-008,generated,choice,複数属性の制約,True,0.0003945644898829697,2.2961293209072797e-07,,,0.9996055133404487,0.997983717712005,0.004146005821824126,2.2915439063241212e-05,,,0.995862576994747,0.9832646941376293
v2-gen-choice-01-050,generated,choice,問い合わせ経路,True,2.840072414169361e-05,1.0571399432144872e-09,,,0.999971599679155,0.9997754405626534,0.0005941381621747645,4.539586001321115e-07,,,0.9994060383029532,0.9964063163376403
v2-gen-score-04-045,generated,score,独立チェックの合計,True,0.0036104006285138106,2.165307130927217e-05,0.005623067130467341,0.0009371778550778901,0.9963961090313189,0.9863336345657362,0.019655334321322777,0.0005579358957816385,0.03871311568705327,0.006452185947842211,0.98053657237549,0.9393460938647924
v2-gen-noul-01-016,generated,noul,事実と否定質問,True,0.003702915807714754,2.732184425933744e-05,,,0.9963039315307115,0.9648140993706263,0.01565771682306545,0.0004827204272141799,,,0.9844642279365624,0.8844186391430897
v2-gen-choice-15-034,generated,choice,文章内の順序参照,True,5.849626171112993e-05,6.272461005198647e-09,,,0.9999415054491618,0.9994114764933358,0.0008015134379504088,1.1159836711826984e-06,,,0.9991988076881438,0.9937576153152059
v2-gen-score-11-031,generated,score,時刻順の評価更新,True,0.15746572622571536,0.04245342884019865,0.14569390659907266,0.14569390659907266,0.8543060934009273,0.4010414409446743,0.23861695058277324,0.09012851868013685,0.21228344104067187,0.21228344104067187,0.7877165589593281,0.25417515766167775
v2-gen-score-13-027,generated,score,取消しを反映した件数,False,5.334063041910322,1.9778947597515348,0.9911336636651202,0.24778341591628006,0.9937402172730401,0.9733387103506447,3.978741070488619,1.90623799887001,0.9524737934076137,0.23811844835190343,0.9712216802262121,0.9005774743882154
v2-gen-noul-11-040,generated,noul,参照関係の真偽,True,0.4377643103632867,0.2513718424896276,,,0.6454778973818223,0.061958036135891015,0.49550806359204597,0.3053534865307709,,,0.6092612851720661,0.03472538713854367
v2-gen-noul-14-002,generated,noul,予定時間の重なり,True,0.11122142069354299,0.02215907714235357,,,0.8947406129070818,0.5145508815734877,0.1861842150893386,0.057717980219587975,,,0.8301206601443425,0.34257131502086247
v2-gen-score-03-047,generated,score,順番に進む工程,True,0.003668150291914743,1.9941842644291506e-05,0.0038244274199419337,0.000546346774277419,0.9963385691528787,0.9863660074311627,0.021829498773877208,0.0006200669483495439,0.021143993701495223,0.003020570528785032,0.9784070404305857,0.934585504465433
v2-gen-choice-11-019,generated,choice,小数量の比較,True,0.004403814571207621,2.6008723381059706e-05,,,0.9956058680015483,0.9810241300933717,0.025393450652107716,0.0008021648061331013,,,0.9749262511881912,0.9143302697098465
v2-gen-score-04-036,generated,score,独立チェックの合計,True,0.060027854620615724,0.006038422412418143,0.1107201501246804,0.0276800375311701,0.9417383014558011,0.8457889511930666,0.13757787136941407,0.027051527443509926,0.23521228411827266,0.058803071029568166,0.871466485066234,0.706224353083458
manual_v2_choice_043,manual,choice,contrast,True,0.0010496354136196977,2.2011575794358067e-06,,,0.998950915260945,0.9881048571242144,0.006172955716193946,7.574200842493213e-05,,,0.9938460578315631,0.9459528787534989
v2-gen-choice-05-032,generated,choice,否定条件で選択,True,6.276733497300146e-05,5.279242711730714e-09,,,0.999937234634855,0.9996125170385425,0.0011124950137150068,1.5672348289763765e-06,,,0.9988881235794476,0.9946735116361491
v2-gen-score-09-019,generated,score,例外による上限,True,0.02613873659552628,0.0010210623023193003,0.044775818303776305,0.014925272767925435,0.974199923052006,0.899621777700329,0.08015777586819595,0.008753691252767495,0.13368060384181302,0.04456020128060434,0.9229707123927058,0.7567130480172924
v2-gen-score-01-033,generated,score,件数の段階境界,True,0.04307002184164057,0.003294170421161384,0.0378525125015976,0.00757050250031952,0.9578443176956626,0.894789068147886,0.10561196156178594,0.01718153971198768,0.08651849501875164,0.01730369900375033,0.899773727135321,0.7844775838285067
v2-gen-noul-12-033,generated,noul,記録と主張の照合,True,0.00048393317041895795,4.681560249470751e-07,,,0.9995161839063512,0.9939737804551981,0.0034811218612150383,2.415221996871721e-05,,,0.9965249302187785,0.9666083055959527
v2-gen-choice-06-002,generated,choice,時間枠の包含,False,0.7414472017082021,0.51694542514201,,,0.49173104848581517,0.26083918844005016,0.7693231060667788,0.5168830489592839,,,0.4743167035935335,0.19601860248721736
v2-gen-score-09-008,generated,score,例外による上限,True,0.4525620238019605,0.21290526346595257,0.5169492578560049,0.08615820964266747,0.6359966240192347,0.4992678844270707,0.6272790016060165,0.3089405452407617,0.7853039672533038,0.1308839945422173,0.5340429558417311,0.349203769265783
v2-gen-score-08-020,generated,score,要件への一致数,True,0.03963951720325385,0.0025353129618613775,0.02446161639156097,0.006115404097890242,0.9611358496501943,0.8838032892776145,0.10530025688488963,0.015567708860999927,0.04729266082882444,0.01182316520720611,0.9000542345296797,0.7484526960597397
v2-gen-noul-02-039,generated,noul,全条件の充足,True,0.00015772336032788254,4.974547024785413e-08,,,0.9998422890773474,0.9977805324397861,0.001517599544147063,4.59923254468358e-06,,,0.9984835514277294,0.9836122129360375
v2-gen-score-04-032,generated,score,独立チェックの合計,True,0.01361183386459654,0.000297172564327377,0.017079246422559313,0.002439892346079902,0.9864803882344747,0.960000054669273,0.05344666536864168,0.0038703043882934722,0.07876367388331951,0.011251953411902786,0.9479564985659514,0.8700985116113844
v2-gen-choice-10-020,generated,choice,不在時の代理,True,0.33893699024267904,0.15482972740142667,,,0.7125273438497934,0.5084263842255142,0.4478812622138553,0.22776124594487018,,,0.6389805506636844,0.39869952670361175
v2-gen-score-15-015,generated,score,軽重のある項目,False,5.955445702572427,1.4967669049391672,1.9210710517451055,0.32017850862418423,0.6707024156154263,0.5155281968790199,4.6916884136788335,1.3743154792594818,1.9427574504455962,0.3237929084075994,0.5638557201598903,0.391838167619287
v2-gen-choice-12-012,generated,choice,条件付き不足書類,True,0.0011931969767159307,2.3425974326791318e-06,,,0.9988075145997516,0.9943673881180838,0.008545523546329524,0.00010750791702460145,,,0.9914908856543032,0.9677272136101024
v2-gen-score-06-030,generated,score,約束時刻からの遅れ,False,1.5417157165369046,0.8607354556794533,1.5440529197456563,0.22057898853509375,0.42716208221538887,0.3328230290916667,1.5208459889312218,0.8133206877960011,1.6401700182036318,0.23431000260051885,0.36476253812664733,0.2646763798957783
v2-gen-score-07-006,generated,score,証拠の最高到達段階,True,0.002025596245479321,5.5723219490559794e-06,0.0008600893987691371,0.0002150223496922843,0.9979764538901129,0.9894731858720547,0.013736145151024134,0.00024460511228295334,0.008581255663588916,0.002145313915897229,0.9863577652102485,0.9444953798978304
v2-gen-noul-05-036,generated,noul,締切の境界,True,0.005752829299680036,6.58105842987222e-05,,,0.9942636865366892,0.949037388560334,0.02165671192559653,0.000917966047858819,,,0.9785761109055939,0.8506376754701693
v2-gen-noul-06-018,generated,noul,更新後の状態,True,0.0021183159506546157,8.955537524413213e-06,,,0.9978839260971775,0.9781503481232802,0.010370904636773981,0.00021289386340679246,,,0.9896826877674757,0.9171105489366322
v2-gen-choice-08-032,generated,choice,改訂と例外の優先,True,8.455795414043494e-05,8.471894274271241e-09,,,0.9999154456207826,0.9995047535618006,0.0015374364029668245,2.7537545970617675e-06,,,0.9984637448469367,0.9930987890959186
v2-gen-score-07-030,generated,score,証拠の最高到達段階,True,0.21596267233595645,0.06058974259886231,0.24866368362574942,0.03552338337510706,0.8057653786514805,0.7015622699148949,0.3532711566148383,0.13420255232866785,0.34074597841714205,0.04867799691673458,0.702386710750302,0.5851299275242983
v2-gen-score-14-032,generated,score,参照表の順序尺度,True,0.0007657963840351088,1.046066503247392e-06,0.0008592274388167272,0.0004296137194083636,0.9992344967631807,0.9940449848760591,0.005466861357990087,5.035545358781943e-05,0.006479404897375693,0.0032397024486878465,0.9945480547347814,0.9667853386440647
v2-gen-choice-12-016,generated,choice,条件付き不足書類,False,3.941949955898454,1.8748350502815196,,,0.9555287981253332,0.8522964286401323,3.022589922057739,1.671925961180281,,,0.87449864762201,0.6632089999008742
v2-gen-choice-05-033,generated,choice,否定条件で選択,True,2.0848755578594023e-05,8.693230938920427e-10,,,0.9999791514617552,0.9996457338357709,0.00033877859043263017,2.2946411816651577e-07,,,0.9996612787885543,0.9956067639645522
v2-gen-choice-03-005,generated,choice,最終更新,True,0.0012323214296631414,2.2216993442690566e-06,,,0.9987684375665821,0.9947803684116713,0.009672436649455036,0.00012356626939681337,,,0.9903741909107765,0.9673115869755472
v2-gen-score-06-025,generated,score,約束時刻からの遅れ,True,0.00041318741784349535,2.809451929827541e-07,0.0005079275102161443,0.00025396375510807216,0.999586897932322,0.9964915914935473,0.0035917321333077934,2.042022025542365e-05,0.0046233589228114325,0.0023116794614057162,0.9964147104209331,0.9764023073809277
v2-gen-score-11-026,generated,score,時刻順の評価更新,True,0.04173205896197999,0.003225451106743541,0.03727104275408655,0.012423680918028849,0.9591267355596729,0.8716002131418773,0.09855409780326993,0.01607861585414371,0.07197520875484464,0.02399173625161488,0.9061466707439674,0.7499019033732139
v2-gen-choice-06-014,generated,choice,時間枠の包含,True,0.05412419266875144,0.00555153442372764,,,0.9473144496862392,0.7023027366581508,0.11103694482921443,0.02208962959436335,,,0.894905686180547,0.5150607575112014
v2-gen-choice-13-017,generated,choice,工程の依存順,True,0.011656238841939122,0.0002661622591817963,,,0.9884114319259552,0.9603006575802014,0.037572164909340205,0.0026155903142877925,,,0.9631249113909791,0.8971310788753821
v2-gen-noul-13-032,generated,noul,範囲の開閉境界,True,0.0015548553288971883,4.82763904280414e-06,,,0.9984463528323966,0.9832645801727827,0.008253305744628778,0.00013511512381657835,,,0.991780659277759,0.931257450711093
v2-gen-score-12-029,generated,score,目標からの差,False,1.3404421949058491,0.8174877428663914,0.7388058903331061,0.12313431505551768,0.5041590014357656,0.31789881065749037,1.364716710089212,0.7583726712683068,0.44212605368798474,0.07368767561466412,0.41531019917039086,0.21736252698290814
v2-gen-noul-13-038,generated,noul,範囲の開閉境界,True,0.0001580145116957905,4.992928174239464e-08,,,0.9998419979719396,0.9977768561070309,0.0015196743655855635,4.611807470164343e-06,,,0.9984814797548001,0.9835928181168513
v2-gen-choice-10-024,generated,choice,不在時の代理,False,1.6109713916909123,0.9325793400867282,,,0.4941887548392697,0.10461533236971166,1.5252543704209724,0.8579169063423706,,,0.42590957759755266,0.05643373739393165
v2-gen-choice-07-038,generated,choice,複数属性の制約,True,0.0007448380194769878,6.85739009472653e-07,,,0.9992554393035028,0.9964779134846384,0.007430775022828927,6.567142507531014e-05,,,0.9925967649292754,0.9727329414128633
v2-gen-score-14-037,generated,score,参照表の順序尺度,True,0.0007530239042173655,7.606168509227026e-07,0.0021219904114268416,0.00030314148734669164,0.9992472595471298,0.9965151857272465,0.0072268996266130325,6.459842373189683e-05,0.023160020943823603,0.003308574420546229,0.9927991516181401,0.9737108145005354
v2-gen-choice-06-045,generated,choice,時間枠の包含,True,0.0044236213249477085,2.6759547376149722e-05,,,0.9955861484765891,0.9762683838479205,0.023343941437884475,0.0007227446994514742,,,0.9769264205057722,0.9031760644683547
v2-gen-choice-11-040,generated,choice,小数量の比較,True,0.38459910014055326,0.13918251215843638,,,0.6807234834575608,0.49862852671707436,0.602086558466361,0.26117277322267857,,,0.5476677023856102,0.3350684836839751
v2-gen-noul-03-036,generated,noul,いずれかの条件,True,0.00020634123980256753,8.513584594012848e-08,,,0.9997936800470869,0.997176434026364,0.0018518078629819043,6.845698020418962e-06,,,0.998149905675321,0.9805378492859272
manual_v2_choice_019,manual,choice,scope,True,3.108821326096236e-05,1.225461384585762e-09,,,0.9999689122699725,0.9997782212674698,0.0006614576364798642,5.452032686140016e-07,,,0.9993387610783964,0.9963851450117587
v2-gen-score-01-037,generated,score,件数の段階境界,True,0.0019889290053902707,7.08343651246724e-06,0.0022183699451649996,0.0011091849725824998,0.998013047603242,0.9862908175576294,0.011035679126071968,0.00020502042388082992,0.012973662082077286,0.006486831041038643,0.9890249905985189,0.940248466870447
v2-gen-choice-14-024,generated,choice,二属性照合,True,0.0002961802614083088,1.3958441216537958e-07,,,0.9997038635956353,0.99817195153381,0.0030834411906055822,1.3769234359452287e-05,,,0.9969213077319207,0.9850373698582755
v2-gen-score-09-041,generated,score,例外による上限,True,0.41794531320653894,0.23028152962655382,0.3348137735470693,0.08370344338676733,0.6583982331285175,0.583546191609777,0.4949721202969694,0.29026544671537646,0.36317943469117364,0.09079485867279341,0.609587902189086,0.5251316422430079
v2-gen-choice-03-047,generated,choice,最終更新,True,0.06886900275097266,0.00879730233450178,,,0.933448951314159,0.8726441606743061,0.135565987409408,0.03112179473573687,,,0.8732215394000622,0.7926106163166781
v2-gen-score-10-049,generated,score,不足の段階,False,2.8982369540676767,1.491512660379821,1.1418719718374453,0.22837439436748905,0.7503883445067583,0.5958950201464421,2.36570180151398,1.2990191574046053,1.1681611845694388,0.23363223691388776,0.6504525115953245,0.4726700396839073
v2-gen-noul-04-033,generated,noul,例外の優先,True,0.36120542804613776,0.18381702292499064,,,0.6968358341385062,0.11487557070290089,0.4315061294325149,0.24565832786195269,,,0.649530081275188,0.06551296738980983
v2-gen-choice-07-021,generated,choice,複数属性の制約,True,8.688656018090362e-05,1.0249325798623559e-08,,,0.999913117214347,0.9993795870881941,0.0013270678301382554,2.3243843882696337e-06,,,0.9986738123349853,0.9927044343280751
v2-gen-choice-07-004,generated,choice,複数属性の制約,True,6.668644980926101e-05,6.346654513025379e-09,,,0.9999333157736826,0.999618770921246,0.0011642164510851866,1.745929594358303e-06,,,0.9988364609859673,0.9947800533477457
v2-gen-score-08-014,generated,score,要件への一致数,False,2.1093068372096044,1.4966552578321042,0.8900104318747881,0.17800208637495762,0.8509367230156066,0.7146372303024424,1.7312806191475032,1.2428886317449315,0.8379489081889697,0.16758978163779395,0.750293878366503,0.5664119311846201
v2-gen-choice-14-015,generated,choice,二属性照合,True,0.0001237016844539329,2.8687255250475798e-08,,,0.999876305966284,0.9988466750002533,0.0013749169793842973,3.36460681125724e-06,,,0.9986260277859249,0.9900388981787996
v2-gen-score-07-018,generated,score,証拠の最高到達段階,True,0.08470363361937835,0.009927848924825428,0.11770477082147932,0.05885238541073966,0.9187845409045864,0.6926997655866548,0.18055940083459043,0.04101239628798644,0.2415757054500716,0.1207878527250358,0.8348030912237927,0.48824082551805525
v2-gen-choice-07-028,generated,choice,複数属性の制約,True,0.003437703597896784,1.9455287015303718e-05,,,0.9965681985399129,0.9870490763470178,0.01831643757249965,0.0004972770969399181,,,0.9818502888734675,0.9443428311675818
v2-gen-score-15-046,generated,score,軽重のある項目,True,0.0024102823066403014,9.656399126715458e-06,0.0029171022518067386,0.0014585511259033693,0.997592620091424,0.9834683356880359,0.013161000975943972,0.0002738885639941624,0.016657164505137545,0.008328582252568772,0.986925226303783,0.9295725048593916
v2-gen-choice-08-038,generated,choice,改訂と例外の優先,True,0.00017023265083772164,4.1396183435497316e-08,,,0.9998297818379178,0.9986982336397918,0.0020563567271004875,5.903450396748604e-06,,,0.9979457561258861,0.9878921383657786
v2-gen-score-11-049,generated,score,時刻順の評価更新,True,0.006011024456255874,4.989303407803377e-05,0.011997602332417756,0.002399520466483551,0.9940070056067786,0.9754176270422975,0.03142604676320491,0.0012430654962690066,0.0704246618237061,0.014084932364741221,0.9690626191212051,0.8987245377633821
v2-gen-noul-13-012,generated,noul,範囲の開閉境界,True,0.0003951188732283727,3.1211450532628126e-07,,,0.9996049591759537,0.9949639719054183,0.0029959346079939243,1.789756145280655e-05,,,0.997008548725718,0.9706075740883638
v2-gen-choice-01-033,generated,choice,問い合わせ経路,True,6.06209359216582e-05,5.956935906752333e-09,,,0.9999393809014901,0.9995014854807529,0.0009139537288637057,1.2595046098947017e-06,,,0.9990864637996353,0.9941692127314673
v2-gen-score-02-019,generated,score,記述の満足段階,True,0.0003740067182396467,1.846518040309386e-07,0.00027924265853096486,4.654044308849414e-05,0.9996260632135544,0.9980274380310351,0.004198948419025207,2.2081109858527055e-05,0.0033847617995221846,0.0005641269665870308,0.9958098548391018,0.9827514508087826
manual_v2_score_015,manual,score,meaning,True,0.0004820853629128873,3.4501681133048237e-07,0.0004762054409168659,0.00011905136022921647,0.9995180308215647,0.9971187425372942,0.00458762024548778,2.8953759881934298e-05,0.004668052508753906,0.0011670131271884765,0.9954228868106687,0.9785590069223158
v2-gen-choice-11-020,generated,choice,小数量の比較,True,0.7822410715829741,0.47089758420727107,,,0.4573798409099656,0.45891412791112385,0.8696819161652076,0.5092588998854876,,,0.41908483215946196,0.3897569846405393
v2-gen-noul-15-003,generated,noul,出来事の前後関係,True,0.0023880834241404537,1.1378684582028355e-05,,,0.997614765778584,0.9757836079959938,0.01133034298234553,0.00025386337507309645,,,0.9887336036135529,0.9109237307390281
v2-gen-score-11-016,generated,score,時刻順の評価更新,True,0.5925904311659215,0.33772261900314576,2.9142698877586333,0.41632426967980474,0.5528931963156118,0.5300740361172471,0.721284960163007,0.40175928450291487,3.1673998662085747,0.4524856951726535,0.486127200373577,0.423517580468024
v2-gen-score-09-017,generated,score,例外による上限,True,0.018470144961936698,0.0006698251778450902,0.018300617173268918,0.018300617173268918,0.9816993828267311,0.8682103646691233,0.05090879992361144,0.00492719895222214,0.049634660028160416,0.049634660028160416,0.9503653399718396,0.7151570122570643
manual_v2_choice_038,manual,choice,meaning,True,0.001451715247453734,3.754877834151703e-06,,,0.9985493379814017,0.9916489210709752,0.009069050639548548,0.00013388793088046764,,,0.9909719491634923,0.9585334635673791
manual_v2_score_007,manual,score,count,True,0.0011378880830826322,1.8480322643822838e-06,7.907095303671952e-05,1.976773825917988e-05,0.9988627590660778,0.9938202205710519,0.008549779598279936,0.00010010953200484374,0.0020875111937324053,0.0005218777984331013,0.9914866658265654,0.9637596681335566
v2-gen-noul-10-039,generated,noul,条件付き義務,False,2.125375866089297,1.5509546865118014,,,0.8806119141005876,0.4724006244324863,1.6861622267554728,1.3277034714327411,,,0.814770971326526,0.30861642417239143
v2-gen-score-14-025,generated,score,参照表の順序尺度,True,0.003702217142412624,2.0483734261639842e-05,0.005548917511582818,0.002774458755791409,0.996304627613942,0.9754722111027181,0.018701553168904463,0.000514918016921621,0.027813422569761714,0.013906711284880857,0.9814722358156247,0.9043382452753724
v2-gen-noul-13-026,generated,noul,範囲の開閉境界,True,0.0003013992499234313,1.8162826621039737e-07,,,0.9996986461662676,0.996040592862165,0.0024517041337393216,1.1992274759541055e-05,,,0.9975512988382061,0.9752321350954595
v2-gen-noul-09-049,generated,noul,重複を除いた件数,False,1.0246927636503913,0.8220011933277764,,,0.6410932823418822,0.05822806094233024,0.9311100205775078,0.7341908656494502,,,0.6058840093819321,0.0325955624895764
manual_v2_score_014,manual,score,negation,True,0.0008916623165469078,1.1100779005001294e-06,0.0018891076370329365,0.0004722769092582341,0.9991087350961684,0.9949533970102981,0.007369559594351282,7.225732210817184e-05,0.016389892975760417,0.004097473243940104,0.9926575290253772,0.9675339522335386
v2-gen-score-12-047,generated,score,目標からの差,True,0.0009251114475319315,1.3063641675478345e-06,0.0013873403181235396,0.00046244677270784653,0.9990753163361372,0.9941239863187366,0.007071101466631371,7.17803152483316e-05,0.011478490901028256,0.0038261636336760856,0.9929538399489594,0.9649739107348873
v2-gen-score-12-031,generated,score,目標からの差,True,0.0022514398682915294,1.0115167895171047e-05,0.0022489072785656476,0.0022489072785656476,0.9977510927214344,0.9769765155911949,0.010848169327174507,0.00023282835270481785,0.010789540136280572,0.010789540136280572,0.9892104598637195,0.914017003385364
v2-gen-noul-12-003,generated,noul,記録と主張の照合,True,6.330257189090194e-05,8.01392390063532e-09,,,0.9999366994316746,0.999025799733803,0.0007716018846456984,1.1898205737754167e-06,,,0.9992286957235386,0.9909120681887905
v2-gen-score-13-004,generated,score,取消しを反映した件数,False,0.8537262723238412,0.5413739517041141,0.3061338073104517,0.15306690365522585,0.44015428806251683,0.09513906836106867,0.8957938461509295,0.5552377347396347,0.24513202231954923,0.12256601115977461,0.418424333265812,0.05877961596020609
v2-gen-noul-03-002,generated,noul,いずれかの条件,True,0.00011994473444037226,2.8770027654177122e-08,,,0.9998800624586417,0.9982647391424042,0.0012389644362890712,3.0662647940863666e-06,,,0.9987618027632711,0.9862568221354853
v2-gen-noul-08-018,generated,noul,集合と否定所属,True,0.00011733230812185028,2.7530510682095773e-08,,,0.9998826745750442,0.9982988039703492,0.0012189143777504442,2.9678850850151102e-06,,,0.9987818281966375,0.9864504180116818
v2-gen-score-06-041,generated,score,約束時刻からの遅れ,False,1.5394036599919336,1.232735852926837,0.7835043207568132,0.1958760801892033,0.7846906482849189,0.6726234768139733,1.2907790763617333,1.0430841870804803,0.7105484152043127,0.17763710380107817,0.7193942811304831,0.6109351360529296
v2-gen-noul-11-021,generated,noul,参照関係の真偽,True,0.04457237267198587,0.003800807426217103,,,0.956406379903608,0.7414671253816253,0.09651900312711663,0.01693070758134027,,,0.9079926427361913,0.5568651412794468
manual_v2_choice_010,manual,choice,arithmetic,True,0.06598942314742291,0.005933907854145385,,,0.9361407656621259,0.786565642316386,0.16129694017601354,0.03117672955309869,,,0.8510393258166903,0.589943450237362
v2-gen-choice-08-007,generated,choice,改訂と例外の優先,True,0.0015926744569434272,4.645029899513269e-06,,,0.9984085931759547,0.993029781750624,0.009761433665792336,0.00015633310987712187,,,0.9902860544847256,0.9654143338837963
v2-gen-score-11-025,generated,score,時刻順の評価更新,True,0.007313744641525239,9.073350224383067e-05,0.01328448080488065,0.006642240402440325,0.9927129357047784,0.9576499236783751,0.029464845582105128,0.0013763968652611316,0.0510308180538428,0.0255154090269214,0.9709650107509752,0.8657822941474447
v2-gen-noul-05-010,generated,noul,締切の境界,True,0.0011525154249947627,2.6535239135164253e-06,,,0.998848148465835,0.9870950086311839,0.006614804369662386,8.693463107273326e-05,,,0.9934070252892668,0.9427546281910427
v2-gen-score-05-033,generated,score,緊急条件の加点,True,0.12972491655457163,0.028965083943296745,0.12434699212705326,0.06217349606352663,0.8783370136632971,0.6512726413181278,0.215807871528109,0.07132382574763356,0.20512454147629305,0.10256227073814653,0.8058901214379242,0.513543527734019
v2-gen-noul-15-001,generated,noul,出来事の前後関係,True,0.0032755190353631787,2.1387897760128936e-05,,,0.996729839624718,0.9682900513284552,0.014304387502249837,0.0004034257522208223,,,0.9857974341715867,0.8924850739608146
v2-gen-noul-06-049,generated,noul,更新後の状態,True,0.009255675296645808,0.0001697577570241513,,,0.9907870266193766,0.9244706970876949,0.030710215804252403,0.0018293322351855424,,,0.9697565524849965,0.8043887302712542
v2-gen-noul-13-035,generated,noul,範囲の開閉境界,True,0.0006996024875600114,9.782027286203946e-07,,,0.9993006421772009,0.9916609468171814,0.004572727061155898,4.1628944728515166e-05,,,0.9954377119376066,0.9579565730061598
v2-gen-noul-04-006,generated,noul,例外の優先,True,0.04565914745893338,0.003984111872405483,,,0.9553675461552612,0.7368572005836576,0.09821341226801017,0.017501171506516963,,,0.906455434400183,0.5518082604235119
v2-gen-choice-01-021,generated,choice,問い合わせ経路,True,8.248650714002325e-05,1.058516873928873e-08,,,0.9999175168947784,0.9994250081339136,0.0011921712816543003,2.054105516783011e-06,,,0.9988085390722122,0.993525324282364
v2-gen-choice-13-026,generated,choice,工程の依存順,True,0.0009128180314924811,1.3126523881915332e-06,,,0.9990875984601502,0.9942497658304209,0.006867474047445196,6.953164903688615e-05,,,0.993156053164138,0.9661521657218409
v2-gen-choice-12-005,generated,choice,条件付き不足書類,True,0.022006283604323114,0.0006252276350255277,,,0.9782340881959523,0.9305879335231165,0.08368134509554344,0.0080835552417811,,,0.9197242840591094,0.7925230586810244
v2-gen-noul-08-029,generated,noul,集合と否定所属,True,0.0032124071036637425,2.0572941618823426e-05,,,0.9967927471553661,0.9688100266790785,0.01410066859032738,0.0003920963141763207,,,0.9859982802096257,0.89371575084366
v2-gen-choice-14-032,generated,choice,二属性照合,True,7.524334486078419e-05,7.658843855592209e-09,,,0.9999247594858487,0.9994529798390387,0.0012127534021668619,1.9158865347577673e-06,,,0.9987879816860501,0.9932195738656029
v2-gen-choice-14-034,generated,choice,二属性照合,True,0.0004875892083150334,3.243636798971303e-07,,,0.9995125296439852,0.9973350629601732,0.00482179843188985,3.0385119096978134e-05,,,0.9951898077764102,0.9795019575274649
v2-gen-choice-10-017,generated,choice,不在時の代理,True,0.485236367360749,0.28950857026932486,,,0.6155516832408666,0.5582691886456105,0.555808050851772,0.3408779454276947,,,0.5736085689854711,0.49764872016538075
v2-gen-score-02-020,generated,score,記述の満足段階,True,0.0027637938243707805,1.2530772684719543e-05,0.0022950541068702535,0.0003278648724100362,0.997240021937645,0.9898904305693571,0.01592655806645057,0.00037016764191858114,0.014741999319045185,0.0021059999027207405,0.9841995989226462,0.952813286138947
v2-gen-choice-06-032,generated,choice,時間枠の包含,True,0.011256207413325373,0.00015501098696220187,,,0.988806906659014,0.9596252391671811,0.05281929597947956,0.003221330982180148,,,0.9485514040486411,0.8531680226847054
v2-gen-choice-11-029,generated,choice,小数量の比較,True,0.14816903042129106,0.025249935238433184,,,0.86228535016704,0.6770724608837633,0.3110040039899056,0.09137771960018287,,,0.7327109420962432,0.46534328444907547
v2-gen-noul-07-012,generated,noul,識別文字列の完全一致,True,0.0011611133534442024,2.693239769171971e-06,,,0.9988395604778422,0.9870112345631423,0.006651250756719226,8.789205886660059e-05,,,0.9933708198521009,0.9424928146822052
v2-gen-choice-08-047,generated,choice,改訂と例外の優先,True,0.04178209569025376,0.0033490981893898814,,,0.959078745196476,0.7534997193302388,0.09211271960038915,0.015487175200577626,,,0.9120023432113741,0.5702492954716722
v2-gen-noul-14-025,generated,noul,予定時間の重なり,True,0.16655854774961226,0.047079534908466864,,,0.8465732505257527,0.38165027712808464,0.24835756932578884,0.09672876797469628,,,0.7800809603800796,0.23998035586748834
v2-gen-noul-01-010,generated,noul,事実と否定質問,True,0.00012292229194712243,3.021606529681699e-08,,,0.9998770852626883,0.9982260132830009,0.0012616791946803852,3.179654966576973e-06,,,0.9987391163878896,0.986038066431169
v2-gen-noul-09-025,generated,noul,重複を除いた件数,True,0.002419538872325288,1.168004787533001e-05,,,0.997583385852548,0.975510642280496,0.011440293040549982,0.00025878587862305624,,,0.9886248982724757,0.9102227479591194
v2-gen-noul-14-035,generated,noul,予定時間の重なり,True,0.0022544724030538043,1.014240437254791e-05,,,0.9977480670111494,0.976949912518536,0.01085895282806182,0.0002332889524494442,,,0.9891997927693622,0.9139474768483209
v2-gen-choice-12-046,generated,choice,条件付き不足書類,True,0.2596906163555584,0.09992035191953322,,,0.7712901734588907,0.6344637368009365,0.366852056900531,0.16870497560546044,,,0.6929121490328135,0.5299054567845423
v2-gen-score-12-044,generated,score,目標からの差,True,0.0204693419754476,0.0005136314915590436,0.00881060152742208,0.0012586573610602972,0.9797387328682144,0.9363888990456369,0.08427704500613474,0.007832045247098011,0.04711010037350549,0.006730014339072213,0.9191765675388647,0.7960160573002713
v2-gen-score-04-046,generated,score,独立チェックの合計,True,0.013754736273199883,0.0002781517390468673,0.005324210746511238,0.0007606015352158911,0.9863394278829828,0.9588385360678722,0.05467477857871812,0.0038962353002979125,0.011857679557501388,0.0016939542225001983,0.9467930152583311,0.8674651790693868
v2-gen-choice-14-006,generated,choice,二属性照合,True,8.699061990372425e-05,1.0203203935743774e-08,,,0.9999130131636705,0.9994358946977179,0.0013834504050319908,2.4577417560068703e-06,,,0.9986175061213265,0.993062514108403
v2-gen-score-12-013,generated,score,目標からの差,True,0.6282197467423224,0.3223986798610182,0.8838478962086529,0.22096197405216322,0.533540793768743,0.31043138853347074,0.7709804047187544,0.40775659625440974,1.0322328282502,0.25805820706255,0.4625593505640635,0.22994171324648793
v2-gen-choice-07-044,generated,choice,複数属性の制約,True,0.001094087995553344,2.1600622204745926e-06,,,0.9989065103005016,0.9944032705610616,0.007355951935777754,8.880845662803922e-05,,,0.9926710368620174,0.9699285007787961
v2-gen-choice-13-046,generated,choice,工程の依存順,True,0.00027507276595323867,9.47303203784201e-08,,,0.9997249650630914,0.9984901061383009,0.003406555965402574,1.4199003118446374e-05,,,0.9965992397633442,0.9855628604193828
v2-gen-score-07-040,generated,score,証拠の最高到達段階,True,0.0018460583228777545,4.980203004330334e-06,0.002873869831056531,0.000957956610352177,0.9981556445947317,0.9890747128670481,0.012004208444777396,0.00020009918160357576,0.019953659228042642,0.006651219742680881,0.9880675546254407,0.9447372297857303
v2-gen-noul-10-014,generated,noul,条件付き義務,True,0.0038388541435760656,2.9360710363658518e-05,,,0.9961685048372954,0.9637241529906501,0.01607925125440028,0.0005088477583099353,,,0.9840493298211339,0.8819432433754941
v2-gen-choice-10-015,generated,choice,不在時の代理,True,0.001475720364632863,3.408684200971335e-06,,,0.9985253679752368,0.9890704438994535,0.009366392613947314,0.00013373367000615562,,,0.9906773354102424,0.9463308843171709
v2-gen-noul-05-041,generated,noul,締切の境界,True,0.0018501188434740753,6.8332274377853355e-06,,,0.9981515915714072,0.9805531507698081,0.009384379796217314,0.00017448927984285524,,,0.9906595160766999,0.9236114375165875
v2-gen-score-02-001,generated,score,記述の満足段階,True,0.001299438137456023,3.242445429090423e-06,0.001194089573673951,0.0005970447868369755,0.9987014057667072,0.990762989613561,0.0076776043112154425,0.00010770149707864905,0.006318052933559581,0.0031590264667797907,0.9923517932104744,0.9570818699452619
v2-gen-choice-03-043,generated,choice,最終更新,True,0.004058000147618603,2.841488815698865e-05,,,0.9959502224088418,0.9852067168887892,0.02052786174832118,0.0006380897744844503,,,0.9796814004576477,0.9388845924274934
v2-gen-choice-09-010,generated,choice,利用可能集合の差,True,8.430992685893412e-05,8.92506878452323e-09,,,0.9999156936271231,0.999384186439565,0.0013625282593099372,2.3232018687214553e-06,,,0.9986383995608772,0.992404030290967
v2-gen-noul-05-005,generated,noul,締切の境界,True,0.0005856410845754838,6.855493760246642e-07,,,0.9994145303696926,0.9928687511749401,0.004008995772090597,3.2015529508942224e-05,,,0.9959990295234192,0.9623699148527775
v2-gen-score-13-040,generated,score,取消しを反映した件数,True,0.0713674030876362,0.008240001794469062,0.04692971170926885,0.01564323723642295,0.9311197330114157,0.79579103935173,0.1550155494621897,0.03355446283174841,0.07147554654731447,0.02382518218243816,0.8564018607917265,0.6370647643907367
v2-gen-choice-10-028,generated,choice,不在時の代理,True,0.0027648790869314144,1.1301020886507346e-05,,,0.9972389396709725,0.9847077085813688,0.01560523053559471,0.00034873834933889437,,,0.9845159001650644,0.9327510678937474
v2-gen-score-06-020,generated,score,約束時刻からの遅れ,False,1.2956080069411022,0.9554865779129497,0.7908635699955924,0.1977158924988981,0.6503913699122403,0.4707725116702113,1.2021006935383143,0.8274695388832739,0.7927642754065669,0.19819106885164173,0.5708945384720575,0.37333622509913167
v2-gen-noul-04-008,generated,noul,例外の優先,True,0.0023647275173010905,1.1157462095634796e-05,,,0.9976380662482158,0.9759866784519957,0.011248455899376604,0.0002502276241752663,,,0.9888145714392504,0.9114468427639719
v2-gen-noul-10-026,generated,noul,条件付き義務,True,0.009808492923745991,0.0001905365377394719,,,0.9902394534543533,0.9207984976953614,0.032044786540036854,0.0019891386264966476,,,0.9684632069917006,0.7979588008851188
v2-gen-choice-10-008,generated,choice,不在時の代理,True,0.3746052165343652,0.1360750223542901,,,0.687560662799782,0.4695015522823046,0.557113187757587,0.24603971586091422,,,0.5728604195974838,0.3353501292405525
v2-gen-choice-11-045,generated,choice,小数量の比較,True,0.2928647924494257,0.1262753158294922,,,0.7461230153428925,0.4608834614412993,0.38407462130795567,0.19293719653843885,,,0.6810806021578997,0.36872971370293517
v2-gen-score-01-027,generated,score,件数の段階境界,True,0.0006873096632492521,6.237825983171458e-07,0.000152776718112424,2.5462786352070665e-05,0.9993129264799331,0.9966002605905209,0.006534978940132508,5.3618226813365304e-05,0.0017820059962856405,0.0002970009993809401,0.9934863275968868,0.9747661843749775
v2-gen-choice-03-033,generated,choice,最終更新,False,3.5765743266222056,1.8808671947252171,,,0.9674785912191846,0.9007195470029534,2.7179835479576875,1.70592992751277,,,0.9128884760832093,0.774880196875769
v2-gen-choice-09-044,generated,choice,利用可能集合の差,True,0.00013621320671823215,2.5280849195548602e-08,,,0.9998637960698794,0.9991501445861302,0.0019366962120982742,4.812243427458932e-06,,,0.9980651779739058,0.9906325779619998
v2-gen-score-12-015,generated,score,目標からの差,True,0.017918279966997987,0.0004382742721169163,0.00719575224986535,0.001199292041644225,0.9822412978698838,0.9426530930082693,0.07045602210048221,0.005972503747619733,0.049421000159147965,0.008236833359857995,0.9319687246515003,0.8206611518444831
v2-gen-choice-09-027,generated,choice,利用可能集合の差,True,0.0002856069448527104,1.2047781536219287e-07,,,0.9997144338369282,0.9985961527294062,0.0032296067079529978,1.4039597422453055e-05,,,0.9967756028619946,0.9874521672989949
v2-gen-noul-06-036,generated,noul,更新後の状態,True,0.0003844896590367885,2.9555094132537394e-07,,,0.9996155842476397,0.995084297931416,0.0029360551461799396,1.7190306174790904e-05,,,0.9970682508484873,0.9711087825305305
v2-gen-noul-14-009,generated,noul,予定時間の重なり,True,0.00782857535034154,0.00012161797801622145,,,0.9922019881374731,0.9341868602270086,0.027159112989642326,0.0014357962067331669,,,0.9732063794278082,0.8219521255536305
v2-gen-choice-10-040,generated,choice,不在時の代理,True,0.2757010767401779,0.11094821796181109,,,0.7590397915013865,0.4559606410694518,0.3759481534462293,0.17924504920018808,,,0.6866379319299121,0.3434390737719283
v2-gen-noul-15-043,generated,noul,出来事の前後関係,True,0.0014777851293552135,4.3612488188022585e-06,,,0.9985233062574111,0.9839851929514728,0.007949037074366203,0.00012537446841338502,,,0.9920824729740472,0.9333526088648134
v2-gen-choice-04-034,generated,choice,参照先の担当,True,0.0004020143421512268,2.15486638486589e-07,,,0.9995980664547869,0.9977501935984815,0.004211229701124992,2.2939484637005032e-05,,,0.9957976250924554,0.981727400774119
v2-gen-choice-02-028,generated,choice,条件と優先例外,True,9.277934082564325e-05,1.7214414964267258e-08,,,0.9999072249630443,0.9986233546527895,0.0010242897616504424,2.0961910081095492e-06,,,0.9989762346440444,0.9883558407845752
v2-gen-score-05-025,generated,score,緊急条件の加点,True,0.03761091133811028,0.0027250513650327567,0.03691240553684328,0.03691240553684328,0.9630875944631567,0.7720479934020417,0.08536319683892488,0.013389435795720682,0.08182125578271424,0.08182125578271424,0.9181787442172858,0.5914357888872596
v2-gen-noul-11-046,generated,noul,参照関係の真偽,True,0.5337960630262746,0.34217157296933554,,,0.5863748236813096,0.021635138033987755,0.572132456347502,0.3796327910952311,,,0.5643207653013337,0.011970467190875245
v2-gen-score-12-032,generated,score,目標からの差,True,0.008896121127194595,0.00013140360431349648,0.005242663368120959,0.0026213316840604794,0.9911433322775897,0.9497911862936224,0.034292860920439865,0.0018279416167341865,0.015699760914328342,0.007849880457164171,0.9662884750631613,0.8480062951387753
v2-gen-score-02-026,generated,score,記述の満足段階,True,0.0007227350678348129,6.983469759184502e-07,0.00013475035585797102,2.2458392642995168e-05,0.9992775260422461,0.9964687522145018,0.006677215321694999,5.6722494535594546e-05,0.0013956256561806768,0.0002326042760301128,0.9933450277457456,0.9744726892372383
v2-gen-score-14-005,generated,score,参照表の順序尺度,True,0.0006309416863269886,6.601049884903308e-07,0.0008095356598493972,0.0002698452199497991,0.9993692573155237,0.9959023314284793,0.005122781831763232,4.009520450604919e-05,0.00730723416980707,0.0024357447232690233,0.9948903172376475,0.9738660560710077
v2-gen-choice-14-001,generated,choice,二属性照合,True,0.00013408390929564188,2.6937987903069224e-08,,,0.99986592507955,0.9992434010543831,0.0018482362465497017,4.613929767074669e-06,,,0.9981534706902924,0.9917882579620722
v2-gen-choice-12-039,generated,choice,条件付き不足書類,True,0.44213402360219645,0.21939140810752092,,,0.6426634976064584,0.5848108381555734,0.5805847367099952,0.3010601952691053,,,0.5595710691373412,0.4778486088404136
v2-gen-noul-06-041,generated,noul,更新後の状態,False,0.8268061035542716,0.6329380359284473,,,0.5625557909791914,0.011320828975062702,0.7907222924565759,0.5972871091237248,,,0.5464828950313655,0.006243356967748914
v2-gen-score-13-028,generated,score,取消しを反映した件数,False,1.3590514274214431,0.9104301177463078,0.38773483862507696,0.07754696772501539,0.584191841901143,0.4138915367630305,1.3029099983021837,0.8088417890297607,0.18180093363593208,0.03636018672718642,0.499621395191387,0.3171449575074974
v2-gen-score-11-048,generated,score,時刻順の評価更新,True,0.047416444998380276,0.00392517228714576,0.08222116103326638,0.020555290258316594,0.9536901553861326,0.8720539083752836,0.11554363296090435,0.019839249161741897,0.16555897152938615,0.041389742882346536,0.8908816995826515,0.7388571589506767
v2-gen-noul-02-016,generated,noul,全条件の充足,True,0.0002304111005845464,1.0615408911641314e-07,,,0.9997696154420145,0.9968837730368463,0.0020094961464790454,8.059939541429136e-06,,,0.9979925215391655,0.979118920184625
v2-gen-score-10-032,generated,score,不足の段階,True,0.0026163122171557534,1.213062664088863e-05,0.00294727555911245,0.001473637779556225,0.9973871073447891,0.9825701903863431,0.01357983480630077,0.0003069031751091172,0.01610822522866906,0.00805411261433453,0.9865119551829791,0.9288955255936893
v2-gen-score-03-022,generated,score,順番に進む工程,True,0.0010171375677373244,1.658374367824539e-06,0.0007385728799116364,0.00024619095997054546,0.99898337954134,0.9936956059509552,0.007393759662129256,8.142637806805541e-05,0.004953691027007823,0.001651230342335941,0.9926335069365637,0.9640524803929387
v2-gen-score-11-019,generated,score,時刻順の評価更新,True,0.09957505560816383,0.017284419517854713,0.18184304904419824,0.060614349681399414,0.9052220053305972,0.760768287218132,0.18442625739610677,0.05147493412087293,0.30206153710851646,0.10068717903617215,0.8315812606059079,0.6250137803917126
v2-gen-choice-13-036,generated,choice,工程の依存順,True,0.012480256681517777,0.00020278992749057174,,,0.987597298749402,0.9592007478174249,0.05684597729762882,0.0037837868497665383,,,0.9447395695026054,0.8531489353928605
v2-gen-choice-07-034,generated,choice,複数属性の制約,True,0.00016463206800733856,3.765210517336802e-08,,,0.9998353814831079,0.9988977996114465,0.0020936030967549845,5.8917178579458755e-06,,,0.9979085869615708,0.9891628264236979
v2-gen-noul-13-037,generated,noul,範囲の開閉境界,True,0.0012678873117880562,3.2110031293605227e-06,,,0.9987329161177411,0.9859783827353693,0.007098161587718877,0.00010005548239215684,,,0.9929269708613581,0.9393060757055022
v2-gen-score-03-006,generated,score,順番に進む工程,True,0.00016653909179418233,5.5461301075642295e-08,0.0001665252249294369,0.0001665252249294369,0.9998334747750706,0.9976695549862064,0.0015799921496966296,4.984869145407151e-06,0.0015787446192160326,0.0015787446192160326,0.998421255380784,0.9830307654434811
v2-gen-choice-02-047,generated,choice,条件と優先例外,True,0.0029519120817369194,1.7376213695635285e-05,,,0.9970524405268396,0.9709758826704616,0.013248205735679792,0.0003464151305752778,,,0.9868391654790573,0.898914725485799
v2-gen-noul-11-047,generated,noul,参照関係の真偽,True,0.11572044888451367,0.023882404673977335,,,0.8907241914374976,0.5022722935182943,0.19153530978597866,0.06076762475005479,,,0.8256904696379816,0.3325311570613342
v2-gen-noul-08-019,generated,noul,集合と否定所属,True,0.006131610958468586,7.473389456223912e-05,,,0.9938871490054869,0.946254497210543,0.022696356534834955,0.0010071728877738089,,,0.9775592681962708,0.8450664616048587
v2-gen-noul-14-030,generated,noul,予定時間の重なり,True,0.007308310694743215,0.00010604543397687912,,,0.9927183300686971,0.9378222240915824,0.02582163071317223,0.0012995927087427225,,,0.9745088965642646,0.8287504817142729
v2-gen-score-12-011,generated,score,目標からの差,True,0.004792185954815496,3.6730205633234326e-05,0.002212353918305099,0.0011061769591525494,0.9952192782481223,0.9698754010376728,0.022123947002655117,0.0007483536079529212,0.007769926900401458,0.003884963450200729,0.978118992620172,0.8916554137413559
manual_v2_noul_060,manual,noul,boundary,True,0.0014664302873156705,4.294534091188796e-06,,,0.9985346443961978,0.9840918490385135,0.007903859731586164,0.0001239590109741052,,,0.9921272936364264,0.9336651608318998
v2-gen-score-12-017,generated,score,目標からの差,True,0.00307426292538024,1.8844178855154927e-05,0.00306954221791742,0.00306954221791742,0.9969304577820826,0.9699545861149916,0.01365098645050183,0.00036765143290911815,0.013558234267579232,0.013558234267579232,0.9864417657324208,0.8964482099079697
v2-gen-score-13-048,generated,score,取消しを反映した件数,True,0.2885842185760265,0.08228795257496377,0.2206847515293151,0.055171187882328776,0.7493236955154191,0.45563914586576537,0.4811218828055782,0.18793528321329875,0.35690307600903104,0.08922576900225776,0.6180895786198088,0.27850652286622113
v2-gen-choice-12-048,generated,choice,条件付き不足書類,True,0.007913472677133103,7.912239642803565e-05,,,0.9921177564166175,0.9723235023378725,0.040526500874239375,0.0019454050198802948,,,0.9602837158162212,0.8889074551431712
v2-gen-choice-09-014,generated,choice,利用可能集合の差,True,0.0010570947677534753,1.9228348845473446e-06,,,0.9989434637600976,0.9950148952687266,0.007576112878362616,8.816251604598252e-05,,,0.9924525135268996,0.9713152701447885
v2-gen-choice-05-020,generated,choice,否定条件で選択,True,2.6705993217416196e-05,9.87090889249645e-10,,,0.9999732943633844,0.9997898623133599,0.0005541859245989501,4.072954714603451e-07,,,0.9994459676080574,0.9966478910112082
v2-gen-noul-06-047,generated,noul,更新後の状態,True,0.0017338026413533725,6.001729863285057e-06,,,0.9982676995261668,0.9816124276398887,0.008944941225338454,0.00015859998260601326,,,0.9910949457439605,0.9265563474883955
v2-gen-noul-14-010,generated,noul,予定時間の重なり,True,0.026539304212404947,0.0013718564774652616,,,0.9738097682573706,0.8250895057853669,0.06628594102699976,0.008227051984809268,,,0.9358632243373224,0.6563479462908751
v2-gen-noul-14-031,generated,noul,予定時間の重なり,True,0.08696000702595834,0.013873196542933099,,,0.9167137570095364,0.5863460764610755,0.15612195956500885,0.041786598980687345,,,0.8554548531069145,0.40398052510286164
v2-gen-score-04-017,generated,score,独立チェックの合計,True,0.006424245416135822,5.563841104502721e-05,0.0033608337254076304,0.000560138954234605,0.9935963459302306,0.9760925655907747,0.032824153015578374,0.001353295127252255,0.019040621295370208,0.003173436882561701,0.9677087132871163,0.903574989757853
manual_v2_choice_022,manual,choice,history,True,0.0008777245881649065,1.5394491986742867e-06,,,0.9991226604993863,0.9898258104047217,0.005408123367743798,5.818024101508376e-05,,,0.9946064742044242,0.9516019890053078
v2-gen-noul-15-020,generated,noul,出来事の前後関係,True,0.010427383791563945,0.00021520685090377616,,,0.9896267929042225,0.916742767147896,0.0335146849166096,0.002172629566270439,,,0.9670407102149452,0.7909779395896377
v2-gen-noul-02-014,generated,noul,全条件の充足,True,0.00017844452425535122,6.367353343519787e-08,,,0.9998215713960218,0.997520746718197,0.001662909180099917,5.521346021754445e-06,,,0.9983384726872913,0.9822635778988836
v2-gen-choice-02-006,generated,choice,条件と優先例外,True,7.093839574027352e-05,1.0063798049625723e-08,,,0.9999290641203282,0.9989199466956914,0.0008395469013688088,1.4084950877890652e-06,,,0.9991608054195275,0.9902143227403969
v2-gen-noul-13-047,generated,noul,範囲の開閉境界,True,0.00034389629048489374,2.364479919789686e-07,,,0.9996561628350665,0.9955478472065883,0.002703251494044532,1.457569111696262e-05,,,0.9973003990001333,0.973074762667838
v2-gen-noul-06-021,generated,noul,更新後の状態,True,0.3244493941653483,0.15354078877705724,,,0.7229252909619346,0.148565788049542,0.3995724401811454,0.21699988000652148,,,0.670606709231562,0.08569470035383753
v2-gen-noul-12-038,generated,noul,記録と主張の照合,True,0.00012988238583902764,3.373448654974202e-08,,,0.9998701260485129,0.9981358929877848,0.0013142273455891502,3.4498506603265024e-06,,,0.9986866358729722,0.9855342600371456
v2-gen-score-07-033,generated,score,証拠の最高到達段階,True,0.0035851751815099957,2.067005324168839e-05,0.0046646289279568265,0.0015548763093189422,0.9964212438855797,0.9811029994134552,0.0186500559249535,0.0005150708767870705,0.026586114648032844,0.008862038216010948,0.9815227802322215,0.9223493705593119
v2-gen-noul-13-015,generated,noul,範囲の開閉境界,True,0.0006208151774532634,7.703446037672466e-07,,,0.999379377488417,0.9924927989068201,0.004185822527703609,3.489589746362292e-05,,,0.9958229258168173,0.9609737244188198
v2-gen-score-08-003,generated,score,要件への一致数,True,0.003716695282817921,2.7525186374133308e-05,0.00370979691992248,0.00370979691992248,0.9962902030800774,0.9647032865478815,0.01570063191347525,0.00048534938484515557,0.015578019528251202,0.015578019528251202,0.9844219804717487,0.8841658437419687
v2-gen-score-11-040,generated,score,時刻順の評価更新,True,0.013071923577343327,0.00024269511929949833,0.029595948419933887,0.009865316139977962,0.9870131429511905,0.9412420505756268,0.05057513486383761,0.003396414818030437,0.10850338681019395,0.03616779560339798,0.9506824965889066,0.8226291349460924
v2-gen-choice-14-027,generated,choice,二属性照合,True,0.005302062934948474,5.573194673851824e-05,,,0.9947119681918094,0.9698543121733475,0.020647379178953665,0.0008229724973509721,,,0.9795643184506363,0.9077808007505367
v2-gen-choice-08-025,generated,choice,改訂と例外の優先,True,0.0010107711883490453,1.3845709511685952e-06,,,0.9989897394687816,0.994319865326248,0.008175618860933652,8.742934678216278e-05,,,0.991857710619388,0.9643723248118768
v2-gen-choice-02-016,generated,choice,条件と優先例外,True,4.476434458765577e-05,4.007513695645261e-09,,,0.9999552366573207,0.9992887111360403,0.000596855384365441,7.120476045421314e-07,,,0.9994033226983778,0.9927485652235664
v2-gen-noul-10-038,generated,noul,条件付き義務,True,0.0007851056995681694,1.231814497989665e-06,,,0.9992152024152721,0.9907727262629625,0.004979927110580304,4.935306291438629e-05,,,0.9950324521686054,0.9548332857256957
v2-gen-choice-15-037,generated,choice,文章内の順序参照,True,0.00033568792801438874,2.2529712992352746e-07,,,0.9996643684088741,0.9956423988028893,0.002655326238015927,1.4064128670955317e-05,,,0.997348196022426,0.9734830458053497
v2-gen-choice-03-017,generated,choice,最終更新,True,3.882367706923824e-05,1.7946809554085022e-09,,,0.99996117707656,0.9997584644596432,0.0008598982785551465,8.646936681940398e-07,,,0.9991404713280206,0.9959041900625217
v2-gen-choice-03-040,generated,choice,最終更新,True,0.000754804069846079,1.1385986784664975e-06,,,0.999245480723087,0.9910858789434095,0.004837013345386945,4.6567693243001595e-05,,,0.9951746661647611,0.9559236432958791
v2-gen-choice-04-018,generated,choice,参照先の担当,True,0.0008723976696978875,1.5208281389016781e-06,,,0.9991279827585129,0.9898798723138001,0.005383827800081132,5.7660074519676495e-05,,,0.9946306390268638,0.9517839503012622
v2-gen-score-12-040,generated,score,目標からの差,True,0.1309652417617934,0.028937524183778995,0.12812557749370335,0.042708525831234447,0.8772482654653099,0.7153221629686515,0.2225101890393874,0.07268461930838768,0.22055455015558767,0.07351818338519589,0.800506850312848,0.5895921668526788
v2-gen-score-01-032,generated,score,件数の段階境界,True,0.0004134570130642058,2.1947767088649716e-07,0.0009310251001597436,0.0002327562750399359,0.999586628448508,0.9974046649372753,0.004369132229241245,2.4141437984938886e-05,0.010056339109267842,0.0025140847773169606,0.9956403985435226,0.9789322566937386
v2-gen-noul-05-004,generated,noul,締切の境界,True,0.00015237218211522246,4.642748905811829e-08,,,0.9998476394259361,0.9978482408838388,0.0014792860424156196,4.37010576832264e-06,,,0.9985218075618644,0.983971104390984
v2-gen-noul-09-026,generated,noul,重複を除いた件数,True,0.0006793729406659923,9.224683075861267e-07,,,0.9993208577808786,0.9918732458707185,0.004474523292748803,3.986401209151598e-05,,,0.9955354724722812,0.9587176455280192
v2-gen-score-01-048,generated,score,件数の段階境界,True,0.00031723136115920835,1.2216628172705885e-07,0.0010005515682971478,0.00016675859471619128,0.9996828189513887,0.9982547916933778,0.0039345149488534785,1.840831811644078e-05,0.012833757650000166,0.002138959608333361,0.9960732151137491,0.9833552992744667
v2-gen-noul-08-048,generated,noul,集合と否定所属,True,0.006625584118747749,8.721726708512285e-05,,,0.9933963166685128,0.942677160606372,0.024026502875822923,0.0011271907999075145,,,0.9762598357218456,0.8380455665666273
manual_v2_choice_040,manual,choice,history,True,0.07162473746669334,0.006960018331675495,,,0.9308801547202809,0.8239866241208529,0.17357973633610926,0.03541283224103521,,,0.8406501181290631,0.6563673070143573
v2-gen-choice-10-034,generated,choice,不在時の代理,True,0.17243650900573262,0.032253734961604254,,,0.8416117218805053,0.6354468461929055,0.3488178908551893,0.10902839469743843,,,0.7055216005071107,0.42423771766118457
v2-gen-score-07-016,generated,score,証拠の最高到達段階,True,0.007714992404463255,7.629111755857346e-05,0.00691763884054275,0.0009882341200775357,0.9923146917626757,0.9730275429947891,0.03966115752035664,0.001876012902404338,0.02574805422590476,0.003678293460843537,0.9611150505906789,0.8908162412846407
v2-gen-noul-13-013,generated,noul,範囲の開閉境界,True,0.007020076083448225,9.787384205818837e-05,,,0.9930045070917701,0.9398597780980349,0.025069558355248833,0.0012259098556560793,,,0.975242073434392,0.8326202636310038
v2-gen-noul-09-039,generated,noul,重複を除いた件数,True,0.0004631107112718757,4.2874446731678674e-07,,,0.9995369965079415,0.9942036359902049,0.0033696178990134354,2.2632280289165463e-05,,,0.9966360528921246,0.9675180799301636
manual_v2_choice_001,manual,choice,meaning,True,0.00041479549076984043,3.439678973322057e-07,,,0.9995852905249863,0.994742310281557,0.003105688780806411,1.9230803381913868e-05,,,0.9968991288819177,0.9696934294854309
v2-gen-noul-13-008,generated,noul,範囲の開閉境界,True,0.00021057230758130002,8.866272188817304e-08,,,0.999789449861211,0.9971247079965194,0.00187985921313417,7.054469521655266e-06,,,0.99812190661552,0.9802840481259704
v2-gen-score-10-013,generated,score,不足の段階,True,0.0014442564452086402,3.458661483316695e-06,0.0019521734369615826,0.00048804335924039564,0.9985567859912222,0.9926083957049859,0.009719648369063623,0.00014051258727312707,0.015334740798169096,0.003833685199542274,0.9903274347458958,0.9603384358539486
v2-gen-noul-15-011,generated,noul,出来事の前後関係,True,0.007571947612047952,0.00011380433796603275,,,0.9924566473645323,0.9359733931365042,0.026502501718720872,0.0013681044894117093,,,0.9738456075447,0.8252764991789528
v2-gen-score-12-034,generated,score,目標からの差,True,0.0791217640588387,0.009009089056848182,0.02863301232963389,0.007158253082408472,0.9239274164432119,0.7958391507657954,0.1798083492047598,0.039576381344862153,0.03152036187353868,0.00788009046838467,0.8354303069522583,0.6245016761672799
v2-gen-noul-11-037,generated,noul,参照関係の真偽,True,0.25433223215100387,0.10085965536055946,,,0.7754341350955588,0.23158256580717873,0.33579254395075797,0.16271073808690567,,,0.7147713740813295,0.1375222727361246
v2-gen-score-15-032,generated,score,軽重のある項目,True,0.0027005700355591617,1.3091585777743525e-05,0.0020887626575145646,0.0010443813287572823,0.9973030732233361,0.9821617891379931,0.01380420917912366,0.00032087029111429593,0.008826112981515477,0.0044130564907577385,0.9862906320123049,0.9282307938019541
v2-gen-score-06-005,generated,score,約束時刻からの遅れ,True,0.006372348557739218,5.6117259899105274e-05,0.013904248216003064,0.004634749405334354,0.9936479117971404,0.967623128703207,0.030381563376145535,0.0012237170345829038,0.06389131550769511,0.021297105169231705,0.9700753177092565,0.8803746341111199
v2-gen-score-13-045,generated,score,取消しを反映した件数,True,0.005917389601536437,6.961802549767558e-05,0.005899916334054067,0.005899916334054067,0.9941000836659459,0.9478239686859699,0.022110582715243767,0.0009564131998660449,0.021867935429139673,0.021867935429139673,0.9781320645708603,0.8481962130391649
v2-gen-score-07-032,generated,score,証拠の最高到達段階,True,0.002847604601600285,1.370054345519394e-05,0.003378808543098133,0.0016894042715490665,0.997156445978654,0.9809890116679182,0.014780188241593401,0.00034917480667029025,0.018381259877751743,0.009190629938875872,0.9853285025914078,0.9228115487108952
v2-gen-score-10-016,generated,score,不足の段階,False,0.9441916496840979,0.7254043322572113,0.5616648400670372,0.08023783429529104,0.5932466750561152,0.6298891119584364,0.9202940623104217,0.6596877173115357,0.42312568894900504,0.06044652699271501,0.5447509561637882,0.5471346904407071
manual_v2_noul_024,manual,noul,insufficient,True,0.0007347783446086303,1.0790053588735937e-06,,,0.9992654915388937,0.9912937989753211,0.0047417410219339285,4.475557679881619e-05,,,0.9952694832841001,0.9566539734905342
v2-gen-score-05-022,generated,score,緊急条件の加点,True,0.010547368070883677,0.00019356161265510183,0.011358278767199304,0.002271655753439861,0.9895080603698416,0.9641878102429515,0.0409198836045261,0.0025192272685168435,0.0474627620912047,0.00949255241824094,0.9599060310784407,0.8854937242481542
v2-gen-score-07-048,generated,score,証拠の最高到達段階,True,0.003636069549542848,1.806105551886173e-05,0.007120106511842472,0.001780026627960618,0.9963705329465392,0.9824551406143982,0.021110402284567783,0.0005748862876986648,0.04414112730552855,0.011035281826382137,0.9791108625261451,0.920597047784807
v2-gen-score-14-026,generated,score,参照表の順序尺度,True,0.0007631994503840379,7.791039088103628e-07,0.00155684568173875,0.0005189485605795833,0.9992370917122401,0.9948992011390031,0.006464853487764883,5.548678214606927e-05,0.013086966262719546,0.004362322087573182,0.9935559987178615,0.966830770312777
v2-gen-choice-01-038,generated,choice,問い合わせ経路,True,3.6001771366585375e-05,1.6413789758497505e-09,,,0.9999639988766894,0.9997453517936964,0.0007449299769874281,6.870396638811233e-07,,,0.9992553474144645,0.995962899373351
v2-gen-score-15-003,generated,score,軽重のある項目,True,0.00031517336640687075,1.9860589827430066e-07,0.0003151237044989319,0.0003151237044989319,0.9996848762955011,0.9958799901877412,0.002534190274978357,1.2811739015073478e-05,0.0025309819255650012,0.0025309819255650012,0.997469018074435,0.9745207192014024
manual_v2_noul_034,manual,noul,negation,True,0.0013120510477511265,3.4384420253660778e-06,,,0.9986888093149038,0.9855550638261444,0.007280090528981918,0.00010523101766125205,,,0.9927463451398191,0.938020956575744
v2-gen-noul-07-046,generated,noul,識別文字列の完全一致,True,0.0014888872639932515,4.426975212510429e-06,,,0.9985122205787633,0.983881033334878,0.007993120693351403,0.00012676334220180807,,,0.9920387393522819,0.9330479929317745
v2-gen-choice-09-041,generated,choice,利用可能集合の差,True,5.167764655501546e-05,4.674582184271523e-09,,,0.9999483236887116,0.9994691139663161,0.0007500273621229924,9.359831048381002e-07,,,0.999250253838092,0.9940538978964906
v2-gen-choice-09-042,generated,choice,利用可能集合の差,True,0.0022807746055488122,7.678101532452339e-06,,,0.9977218243845728,0.9910242990875169,0.015231269615931763,0.0003053892574544021,,,0.984884139485779,0.951946740195625
v2-gen-noul-03-045,generated,noul,いずれかの条件,True,0.0004156371716564296,3.4536494555415543e-07,,,0.9995844491935069,0.9947328591423897,0.003110352930350605,1.9288518802150222e-05,,,0.9968944792061435,0.9696547090979659
v2-gen-choice-07-018,generated,choice,複数属性の制約,True,0.007724455037918966,0.00011761799184722209,,,0.9923053018969014,0.9746060712145895,0.027690928748675108,0.0014420530783508425,,,0.9726889505390511,0.9271105678327791
v2-gen-noul-11-036,generated,noul,参照関係の真偽,False,1.7831774623023111,1.3841047170500869,,,0.8318968436801786,0.34665284536407515,1.4521207767595476,1.1732872846865898,,,0.7659266559816905,0.21495524754513917
v2-gen-choice-02-025,generated,choice,条件と優先例外,True,0.000499680578251504,4.991119121050071e-07,,,0.9995004442412978,0.9938008121228213,0.003564618687531188,2.5322613151860898e-05,,,0.99644172702341,0.965930488686238
manual_v2_score_033,manual,score,insufficient,True,0.0016496777052019851,3.755382389606859e-06,0.0031548162381814,0.00078870405954535,0.9983516822651232,0.9912323134078571,0.011781647116703983,0.00018125824098680666,0.024364654501357722,0.0060911636253394305,0.9882874847256842,0.9512495214568049
v2-gen-noul-09-013,generated,noul,重複を除いた件数,True,0.0017806345865133662,6.330039208980924e-06,,,0.9982209498027064,0.9811846084992762,0.009122778499181574,0.00016493973633442943,,,0.9909187077919926,0.9253607590897032
v2-gen-noul-14-019,generated,noul,予定時間の重なり,True,0.00580850217330352,6.708677711609064e-05,,,0.9942083345609363,0.9486261022141398,0.02181064941659826,0.0009309195720308406,,,0.9784254829482693,0.8498079834095147
v2-gen-score-12-002,generated,score,目標からの差,True,0.06893281109469324,0.0054329773872829265,0.007970649466906288,0.001138664209558041,0.9333893913828584,0.8297929303264268,0.1982914967726245,0.03869529640641076,0.07828914929747732,0.011184164185353904,0.8201307528234609,0.6220057483146813
v2-gen-score-08-032,generated,score,要件への一致数,True,0.0020736257102434838,6.588082360653373e-06,0.002831938294585545,0.0014159691472927726,0.9979285227662477,0.9852251799573295,0.012118115817734337,0.00022050025296958627,0.01686796414434458,0.00843398207217229,0.9879550128557797,0.9332715734135587
v2-gen-noul-15-049,generated,noul,出来事の前後関係,True,0.0035711026323379316,2.5414654540455847e-05,,,0.9964352661711948,0.9658779739052725,0.015245009963377932,0.0004577970694251459,,,0.9848706069284795,0.886858947474381
v2-gen-choice-13-042,generated,choice,工程の依存順,True,0.0012318909196754012,2.8156172875983453e-06,,,0.9987688675464624,0.9938497738814371,0.007880352263498478,0.00010489495929519307,,,0.9921506163112479,0.9684407944894494
v2-gen-choice-09-036,generated,choice,利用可能集合の差,True,8.836794885324642e-05,1.2664916183127621e-08,,,0.9999116359554789,0.9994507458994516,0.0012691567348789951,2.339807169266553e-06,,,0.9987316483039204,0.993787807854305
manual_v2_choice_044,manual,choice,scope,True,0.00015812178316503385,4.091765644620505e-08,,,0.9998418907174252,0.9985174436140455,0.001767538113110394,4.934582720681146e-06,,,0.9982340230624324,0.987226103933173
v2-gen-score-03-029,generated,score,順番に進む工程,True,0.020112202470287287,0.0007325232992112673,0.017582000702630163,0.005860666900876721,0.980088698764061,0.9248890765332882,0.060378112568705185,0.005907398806877865,0.046969192219671774,0.01565639740655726,0.9414085078904763,0.8166225443247654
v2-gen-noul-10-017,generated,noul,条件付き義務,True,0.00515702248648011,5.291628440266062e-05,,,0.994856252125023,0.9534905270272742,0.01998305932564093,0.0007828703958997327,,,0.9802152786739396,0.8597698964276614
v2-gen-choice-12-040,generated,choice,条件付き不足書類,True,0.04145289618456413,0.0022038640650419205,,,0.959394525419807,0.8454393389260124,0.11983735357858281,0.01702954057333653,,,0.8870647028841412,0.6563787933484182
v2-gen-choice-12-026,generated,choice,条件付き不足書類,True,0.0024370188089268894,8.309386182170404e-06,,,0.9975659483106125,0.9897922022651676,0.01589813208314003,0.00032874919571647426,,,0.9842275761616578,0.947307570113069
v2-gen-choice-13-015,generated,choice,工程の依存順,True,0.007552190052397981,0.00010309675782873513,,,0.9924762560796522,0.9661114484465086,0.02975917387943304,0.0014594167585849811,,,0.9706792703254051,0.8927463607301968
v2-gen-choice-09-009,generated,choice,利用可能集合の差,True,0.0005790273435727988,4.783719864608823e-07,,,0.9994211402604088,0.9960818891738231,0.0050962528604694916,3.609629307713534e-05,,,0.9949167110044121,0.9733475070879823
v2-gen-score-07-027,generated,score,証拠の最高到達段階,True,0.0014423676562422556,2.7405242972649348e-06,0.0010716220117148456,0.0002679055029287114,0.9985586720560431,0.9921296127872272,0.010856793037635908,0.00015042930709214,0.00916216307042017,0.0022905407676050427,0.9892019292359111,0.9541838065202808
v2-gen-choice-03-037,generated,choice,最終更新,True,0.0015912457360092386,3.913140372132889e-06,,,0.9984100196242316,0.9906268861935782,0.010285553310400649,0.0001554985292773062,,,0.9897671621025124,0.9526369902418239
v2-gen-choice-08-029,generated,choice,改訂と例外の優先,True,0.0001370205623224778,2.236688450036065e-08,,,0.999862988824566,0.9992327092510744,0.0021702413876178973,5.522041165612174e-06,,,0.9978321118835257,0.9906686400435833
v2-gen-choice-06-023,generated,choice,時間枠の包含,True,0.03053850316125903,0.0014557234440211628,,,0.9699230862432505,0.9223227468085171,0.09620972331022745,0.011940730785754455,,,0.9082735099655173,0.7966723262680018
v2-gen-choice-03-008,generated,choice,最終更新,True,0.00018179720556486136,6.608843229990563e-08,,,0.9998182193185458,0.9974790514400181,0.0016859969749619863,5.675595837245877e-06,,,0.9983154235195092,0.9820510438790415
v2-gen-choice-09-018,generated,choice,利用可能集合の差,True,0.00027489461711019967,1.4496518976958317e-07,,,0.9997251431629531,0.9983915814898167,0.00250722757473441,1.120854067036267e-05,,,0.9974959128951488,0.9883747986987368
v2-gen-noul-12-032,generated,noul,記録と主張の照合,True,0.00015987180436873824,5.1109816101384014e-08,,,0.9998401409744472,0.9977534224792209,0.001532886659508733,4.69228568423872e-06,,,0.9984682876111621,0.9834694099988837
v2-gen-choice-13-016,generated,choice,工程の依存順,True,0.0035627165250693075,2.416636751037234e-05,,,0.9964436224192613,0.9848136195415115,0.016730291563755974,0.0004887642670923206,,,0.9834088825421445,0.9423422326589928
v2-gen-choice-07-032,generated,choice,複数属性の制約,True,2.6178455096418882e-05,1.2637737755226897e-09,,,0.9999738218875563,0.9998060652717925,0.0004594813002942715,3.5490597832524457e-07,,,0.9995406242450724,0.9973301342479755
manual_v2_noul_007,manual,noul,boundary,True,0.000620725219463418,7.701214387050837e-07,,,0.9993794673905809,0.9924937566530254,0.0041853736865953926,3.488842981650859e-05,,,0.9958233727831832,0.9609772542597861
v2-gen-choice-01-040,generated,choice,問い合わせ経路,True,0.0017804988609232352,6.329075113372574e-06,,,0.9982210852868431,0.9811858457625214,0.009122264898544058,0.00016492124964415214,,,0.9909192167286034,0.9253642044715159
v2-gen-choice-02-010,generated,choice,条件と優先例外,True,7.904877549154105e-05,1.2496429953410944e-08,,,0.9999209543487806,0.9988088142550453,0.0009096678365646816,1.6534864521079077e-06,,,0.9990907457857926,0.9895025986077566
v2-gen-score-15-009,generated,score,軽重のある項目,False,4.604314958497341,1.6476771962884749,0.25039878697449147,0.03577125528207021,0.8066073445507073,0.6623414786244791,3.6453403476118806,1.4404893552127371,0.12940591762773312,0.018486559661104733,0.6760855586643287,0.4819055530283116
v2-gen-noul-08-026,generated,noul,集合と否定所属,True,7.116497750261464e-05,1.0128187252322499e-08,,,0.9999288375546643,0.9989168244575027,0.0008415331886158263,1.4151648892133625e-06,,,0.9991588208011329,0.9901940482960494
v2-gen-score-04-041,generated,score,独立チェックの合計,True,0.0007841152876287438,1.0010199272597247e-06,0.0009763534851789997,0.00048817674258949987,0.9992161920504287,0.9937869221229721,0.0057919870007150775,5.261149929067133e-05,0.007526800113189623,0.0037634000565948114,0.9942247542187568,0.9644378757915014
v2-gen-noul-05-027,generated,noul,締切の境界,True,0.02185265459158746,0.0009344696342207805,,,0.978384384877816,0.8495818758707343,0.05754735759444945,0.00625472357034818,,,0.9440771801035205,0.6889572420475683
v2-gen-choice-11-017,generated,choice,小数量の比較,True,0.0381163416175632,0.0027973788054877925,,,0.9626009438254934,0.7697628493574542,0.08619212928852261,0.013639589492646141,,,0.917417951428152,0.5887875125371898
v2-gen-score-09-031,generated,score,例外による上限,True,0.0017407650958455808,6.049986990214119e-06,0.0017392508430663645,0.0017392508430663645,0.9982607491569336,0.9815487087511285,0.008971459545884708,0.00015953752838447345,0.008931336081026031,0.008931336081026031,0.991068663918974,0.9263777333388827
v2-gen-choice-04-048,generated,choice,参照先の担当,True,0.00048299286487322513,3.6655915056527057e-07,,,0.9995171237574039,0.9974362323893231,0.004527920040517648,2.905246712673495e-05,,,0.9954823155349791,0.9809849466292173
v2-gen-score-07-031,generated,score,証拠の最高到達段階,True,0.0014959371640531091,4.468966536225962e-06,0.0014948188077867908,0.0014948188077867908,0.9985051811922132,0.9838149541707246,0.00802106903102682,0.0001276477976186753,0.007988986093950712,0.007988986093950712,0.9920110139060493,0.9328550591377207
v2-gen-score-07-004,generated,score,証拠の最高到達段階,False,2.657101677008058,1.6942647565244717,0.8914445637675618,0.4457222818837809,0.9106466577036738,0.6836585319171926,2.08827092034325,1.4565083424468206,0.7812613441053116,0.3906306720526558,0.8286800791880842,0.4911462188868859
v2-gen-choice-09-007,generated,choice,利用可能集合の差,True,0.05693104788076784,0.005728498937154908,,,0.9446592033749585,0.8820713285932341,0.12690328444938387,0.024789505328781086,,,0.8808188573585275,0.7804988050812842
v2-gen-score-09-029,generated,score,例外による上限,True,0.33899916366565735,0.11258499366397563,0.2193876533084511,0.036564608884741855,0.7124830449629816,0.5012355844300646,0.5489188976179012,0.2286456192201617,0.31487418868779793,0.05247903144796632,0.577573889480757,0.3302398882274912
v2-gen-noul-01-049,generated,noul,事実と否定質問,True,0.008140386118074296,0.00013145801770925804,,,0.9918926571026859,0.9320330143899649,0.02794909916289876,0.0015193427431950276,,,0.9724378634428041,0.8179852617506707
v2-gen-score-05-036,generated,score,緊急条件の加点,True,0.0016934927734361188,3.896709231606493e-06,0.000688502098320054,0.0001377004196640108,0.998307940376327,0.9918206716934026,0.012489877350078917,0.00019795062445808026,0.0021459131289183198,0.00042918262578366394,0.9875877974488234,0.9528134946660265
v2-gen-score-03-002,generated,score,順番に進む工程,True,0.0037333815252907046,2.0772424650470146e-05,0.006099669505566396,0.001524917376391599,0.9962735788788737,0.9825333051328774,0.020628523614659007,0.0005806548557072922,0.03762309493149063,0.009405773732872658,0.9795827888627581,0.9237448885706617
v2-gen-choice-04-027,generated,choice,参照先の担当,True,0.0016245665578866633,4.961084633226395e-06,,,0.9983767523360568,0.9886874732161516,0.009215289530049636,0.00015071816982556742,,,0.9908270411209829,0.949479535916897
v2-gen-noul-09-031,generated,noul,重複を除いた件数,True,0.00920198919099137,0.0001678031559963082,,,0.9908402195442164,0.9248299076288524,0.03057946688054358,0.0018140245639272014,,,0.9698833553999852,0.8050235121413905
manual_v2_score_001,manual,score,sentiment,True,0.0005370848727002345,4.988841703795705e-07,0.0006993199096860864,0.0001748299774215216,0.9994630593315622,0.9969606162012157,0.004545205592548782,3.212869459926201e-05,0.006968562040822622,0.0017421405102056556,0.9954651082223372,0.9795436007768573
v2-gen-noul-07-011,generated,noul,識別文字列の完全一致,True,0.0004703481112675273,4.422466409044195e-07,,,0.9995297624850651,0.9941235929465522,0.0034085194883167113,2.3156967055472488e-05,,,0.9965972829198219,0.9672000708609741
v2-gen-score-09-009,generated,score,例外による上限,True,0.11471850817985235,0.018715409270092843,0.17834450893537457,0.025477786990767796,0.8916170915032885,0.7862906069216778,0.2488362443260536,0.06789080579729627,0.4484698029561516,0.06406711470802165,0.7797076444817851,0.6050357314104708
manual_v2_noul_003,manual,noul,conjunction,True,0.0007288469091660065,1.0616616101951179e-06,,,0.9992714186352248,0.9913555339161646,0.004713392437142866,4.422328508809639e-05,,,0.9952976981653611,0.9568718284066046
manual_v2_noul_023,manual,noul,conjunction,True,0.00046505053678284083,4.32342903261352e-07,,,0.9995350575824571,0.9941821662621305,0.003380060067888292,2.2772531123777833e-05,,,0.9966256459044894,0.9674326538487509
v2-gen-choice-14-042,generated,choice,二属性照合,True,0.00014903071303739305,3.598091261311471e-08,,,0.9998509803914877,0.9988706657112777,0.0017821963453698833,4.778127304791607e-06,,,0.9982193908235146,0.9894856993961813
v2-gen-score-15-040,generated,score,軽重のある項目,True,0.0016297427103767596,3.717636475748783e-06,0.002821565281840113,0.000940521760613371,0.9983715845991187,0.9901110082379594,0.011123867832030477,0.00016780737564742524,0.019990144895165728,0.0066633816317219095,0.9889377736102706,0.9477966450558942
v2-gen-noul-10-031,generated,noul,条件付き義務,False,2.1397859991292703,1.55697708025643,,,0.8823199760450939,0.4773448069835232,1.696047372077205,1.333648147541078,,,0.8165929670102107,0.3125260900706942
v2-gen-noul-13-007,generated,noul,範囲の開閉境界,True,0.0001151198786919793,2.650212187269814e-08,,,0.999884886747347,0.9983277186469887,0.001201843513849723,2.8853861439709117e-06,,,0.9987988784108237,0.9866156254530318
v2-gen-score-06-004,generated,score,約束時刻からの遅れ,True,0.0024349536766373136,1.1285732223998238e-05,0.0025493842492462057,0.0012746921246231029,0.9975680084183906,0.9840365693621662,0.012290479198641497,0.0002718444690995347,0.013422603209421347,0.006711301604710673,0.987784740264381,0.9363841699840488
manual_v2_choice_030,manual,choice,history,True,0.0005209529508703905,4.59461690537407e-07,,,0.9994791827215574,0.9957124662513276,0.00421512577747016,2.8693382852851965e-05,,,0.9957937453964415,0.9730653024574081
v2-gen-noul-01-015,generated,noul,事実と否定質問,True,0.0007632220741707076,1.1641270989133114e-06,,,0.9992370691057135,0.9909987089529702,0.00487686396606615,4.733628212215e-05,,,0.9951350086268242,0.9556189847244284
v2-gen-score-15-002,generated,score,軽重のある項目,False,1.2878660063647378,0.8908519151874584,0.8428353329333751,0.12040504756191073,0.5937760803648509,0.5247648287114097,1.2359889045342265,0.7907511644583528,0.8775771993936563,0.1253681713419509,0.5128915643793106,0.43122620398351497
v2-gen-noul-14-034,generated,noul,予定時間の重なり,False,1.6292243805034188,1.2925695881222807,,,0.8039184001259956,0.285978269730754,1.3470704201134387,1.095197515841599,,,0.739999160756821,0.17325236108061215
v2-gen-choice-07-001,generated,choice,複数属性の制約,True,0.00018178670356106143,4.0138020746375176e-08,,,0.9998182298186405,0.9990072146751577,0.0026842738508982182,8.468298392743683e-06,,,0.9973193255908057,0.9887065072875676
v2-gen-noul-03-028,generated,noul,いずれかの条件,True,0.002134574795590111,9.093391320806931e-06,,,0.997867701789054,0.9780063442495524,0.010429611080397787,0.00021529831837647335,,,0.9896245887219717,0.9167282728955557
v2-gen-noul-06-028,generated,noul,更新後の状態,False,1.3652259147474808,1.1090877036767286,,,0.7446770117563482,0.18039363631501037,1.1666301405706896,0.948299710410448,,,0.6885854015336252,0.10520037355031542
v2-gen-choice-08-028,generated,choice,改訂と例外の優先,True,0.0008443902357734933,1.0054276371775764e-06,,,0.9991559661613418,0.9960055451732431,0.007247295319445014,6.91360249926628e-05,,,0.9927789029980929,0.9730204550436167
v2-gen-score-07-029,generated,score,証拠の最高到達段階,True,0.0018849528817832283,4.233370183408558e-06,0.0013215140140707682,0.00022025233567846136,0.9981168225262047,0.9913205148812467,0.014786722740547745,0.00025516656917423414,0.011417726408892825,0.0019029544014821376,0.9853220639843745,0.9476176693753822
v2-gen-noul-05-032,generated,noul,締切の境界,True,0.001419958648530844,4.026843791423116e-06,,,0.9985810490157473,0.984529701678511,0.007717993239559902,0.00011821948340812522,,,0.9923117139943897,0.9349551235335143
v2-gen-score-01-020,generated,score,件数の段階境界,True,0.0008535337895609247,9.867187140188695e-07,0.00038368597717841624,6.394766286306937e-05,0.9991468303667901,0.9959076576830644,0.007544990109438357,7.26194866657547e-05,0.003973471380295024,0.0006622452300491707,0.9924834018778094,0.9716323467825176
v2-gen-choice-11-007,generated,choice,小数量の比較,True,0.005480757909891645,5.5123026249870076e-05,,,0.9945342340421504,0.9676797587876889,0.022899136375748978,0.000897168047289265,,,0.9773610589804778,0.8929978335574859
v2-gen-score-12-048,generated,score,目標からの差,True,0.07152423302757294,0.0069908674978577095,0.1027164691606206,0.02567911729015515,0.9309737170097533,0.8058906098991,0.17063282710376973,0.03476277577099095,0.253025942382485,0.06325648559562125,0.8431310915296004,0.6312061228036694
manual_v2_noul_029,manual,noul,scope,True,0.004586729928345206,4.188370613863813e-05,,,0.9954237730531235,0.957848306652493,0.018331594333218404,0.0006599048547254005,,,0.9818354073163558,0.8689926132155487
v2-gen-choice-02-040,generated,choice,条件と優先例外,True,6.555643190663531e-05,8.594728073574054e-09,,,0.9999344457168693,0.9989944236376812,0.0007918677828613348,1.2531165409936346e-06,,,0.9992084456616904,0.9907030772314898
v2-gen-noul-11-018,generated,noul,参照関係の真偽,True,0.01854157626960336,0.0006749680836664389,,,0.9816292612605476,0.8678076912144717,0.05105234004008041,0.004954317979678202,,,0.9502289342103356,0.7145763358937025
v2-gen-noul-02-032,generated,noul,全条件の充足,True,0.0036566992963984503,2.6645317015275745e-05,,,0.9963499782866896,0.9651863187040792,0.015513466494441113,0.00047393523403926137,,,0.9846062474678969,0.8852696757538426
v2-gen-choice-08-016,generated,choice,改訂と例外の優先,True,0.0683628348876502,0.007296161619089278,,,0.9339215527731113,0.7477497452386873,0.15006322751532855,0.031174598733746717,,,0.8606535577186829,0.5584463935987862
v2-gen-score-03-019,generated,score,順番に進む工程,True,0.0004429436039631576,3.3110560581499154e-07,0.0006907100703307678,9.867286719010969e-05,0.9995571544810724,0.9979798133467627,0.004230064068004963,2.6131900117289936e-05,0.008817875190170028,0.0012596964557385754,0.9957788700512664,0.984401151895852
v2-gen-score-11-018,generated,score,時刻順の評価更新,True,0.010799101089258127,0.00020968155919310374,0.008558964127173718,0.004279482063586859,0.98925899986879,0.9427385042433621,0.038003096450336026,0.0023965044141886532,0.024927245276422427,0.012463622638211214,0.9627099599030055,0.8398149836669054
v2-gen-noul-07-036,generated,noul,識別文字列の完全一致,True,0.0011611199935514062,2.69327055526432e-06,,,0.9988395538454404,0.9870111699009816,0.0066512788765091604,8.789279956975207e-05,,,0.9933707919187225,0.9424926127977618
v2-gen-choice-03-011,generated,choice,最終更新,True,0.003525373696358898,2.4769070811598192e-05,,,0.9964808331375453,0.9662487127228534,0.015100887806663367,0.00044924678544480494,,,0.9850125588333964,0.8877151164021361
v2-gen-choice-01-018,generated,choice,問い合わせ経路,True,0.000593004680393439,7.028921805822404e-07,,,0.9994071711121317,0.9927897993056504,0.00404623846256285,3.261191316616546e-05,,,0.9959619365305777,0.9620749158891273
v2-gen-score-09-006,generated,score,例外による上限,True,0.5979970213710394,0.336565597021638,0.265656397850595,0.06641409946264876,0.5499119957029582,0.40570120032189483,0.7096268539610237,0.40068625548928444,0.21959636874901056,0.05489909218725264,0.4918276867778602,0.3182989462725796
v2-gen-choice-04-009,generated,choice,参照先の担当,True,0.0003344968065830674,1.4198545363276917e-07,,,0.9996655591312366,0.9980556258630666,0.0038556879450479787,1.8436712735710076e-05,,,0.9961517356755971,0.982721371537253
v2-gen-noul-09-043,generated,noul,重複を除いた件数,True,0.003220921464742783,2.0681965718481197e-05,,,0.9967842601381267,0.9687397720128156,0.014128213866336158,0.000393618892615664,,,0.9859711209889089,0.8935490885297008
v2-gen-score-08-048,generated,score,要件への一致数,True,0.025341138554414958,0.0010402450297704556,0.0264113805413817,0.006602845135345425,0.9749772529594798,0.9167571811912647,0.0785691584096278,0.008635471843983984,0.08150276382359456,0.02037569095589864,0.9244381250502335,0.7899197054245582
v2-gen-noul-02-005,generated,noul,全条件の充足,True,0.0001370764550148977,3.757475813010991e-08,,,0.9998629329395331,0.9980433092343395,0.0013677793145975572,3.736526849297867e-06,,,0.9986331556691967,0.9850239733162556
v2-gen-noul-15-005,generated,noul,出来事の前後関係,True,0.001254420545207642,3.1431968563956155e-06,,,0.998746365911361,0.9861079060899799,0.007042356744673945,9.849390959533187e-05,,,0.9929823825412277,0.9397016553584804
v2-gen-choice-07-046,generated,choice,複数属性の制約,True,0.00019068414328653863,5.348708061385727e-08,,,0.9998093340357792,0.9985702403816318,0.0021881377961002406,6.863815210706049e-06,,,0.9978142544322472,0.9873348915661819
v2-gen-choice-05-040,generated,choice,否定条件で選択,True,0.00044173411913428224,2.8082400483912284e-07,,,0.9995583634310174,0.9973421963237855,0.004244711076501461,2.4840590284959685e-05,,,0.9957642849765103,0.980127433409188
v2-gen-noul-04-017,generated,noul,例外の優先,True,0.0033786891431012655,2.2754093340862975e-05,,,0.9966270122042273,0.9674438665099998,0.014635175253218486,0.00042216052990714186,,,0.985471398382722,0.8904961268418156
v2-gen-noul-13-041,generated,noul,範囲の開閉境界,True,0.00029567087293723876,1.7479084327858859e-07,,,0.9997043728333876,0.996107649951102,0.0024171124265995013,1.1656661115133128e-05,,,0.9975858064374274,0.9755316772381636
v2-gen-score-07-037,generated,score,証拠の最高到達段階,True,0.015676201031984312,0.0003214528746380773,0.03482640655346447,0.004975200936209211,0.984446031062278,0.9509039917044247,0.06613320996992296,0.005120450697628801,0.16454482279002747,0.02350640325571821,0.9360061706327463,0.8363720758453866
v2-gen-choice-15-036,generated,choice,文章内の順序参照,True,0.00012522265067673488,2.396425635381609e-08,,,0.9998747851893521,0.9992341376371207,0.0017074213678898772,4.0351451468323545e-06,,,0.9982940354467238,0.9918071369467855
v2-gen-noul-08-016,generated,noul,集合と否定所属,True,0.0009262070052623132,1.7141305806275627e-06,,,0.9990742217920507,0.9893358934229586,0.005627508457021318,6.298243666150202e-05,,,0.9943882963076486,0.949966134562559
v2-gen-noul-02-017,generated,noul,全条件の充足,True,0.000778609301175188,1.2115212799417928e-06,,,0.9992216937363924,0.9908397182991078,0.004949411038532795,4.8751549701353245e-05,,,0.9950628171139124,0.9550655929307154
v2-gen-noul-13-028,generated,noul,範囲の開閉境界,True,0.00013999489388797013,3.919165367795851e-08,,,0.9998600149049399,0.9980059076714449,0.0013892945152443794,3.85491978018564e-06,,,0.9986116701076139,0.9848198246744848
manual_v2_noul_037,manual,noul,extraction,True,0.0004165965306225705,3.469607709080319e-07,,,0.9995834902336631,0.9947220896169263,0.003115666188612717,1.935437150464291e-05,,,0.9968891824623869,0.9696106124968946
v2-gen-choice-02-017,generated,choice,条件と優先例外,True,0.00543862860812501,5.883664569148557e-05,,,0.9945761339576145,0.9513737490038107,0.020780250873744337,0.0008459066674420298,,,0.9794341707261531,0.8553941660192255
v2-gen-score-12-039,generated,score,目標からの差,False,0.901408326877828,0.6878982075411803,0.6093659664239071,0.30468298321195353,0.5786390740483565,0.3203394847123353,0.870737172609107,0.6357154337044775,0.6183123094590877,0.30915615472954383,0.5444020436467655,0.25593329359781725
v2-gen-choice-03-012,generated,choice,最終更新,True,0.7073591905609009,0.40045334349616585,,,0.4929442519408346,0.4929092618727501,0.8137306870171785,0.46101415143781577,,,0.4432015319375788,0.43131319645852184
v2-gen-choice-06-022,generated,choice,時間枠の包含,True,0.009274848965833742,0.0001107165000488238,,,0.9907680297788126,0.9637146931299061,0.0440869111013997,0.0023427164018073325,,,0.956870791164704,0.8656045679704614
v2-gen-choice-01-005,generated,choice,問い合わせ経路,True,3.966551156214047e-05,2.3317126993338095e-09,,,0.9999603352751039,0.9996559797488724,0.0006958731980132552,6.858146077946938e-07,,,0.9993043688655888,0.9953585263806165
v2-gen-noul-10-047,generated,noul,条件付き義務,True,0.00029595237501065,1.7512378185823988e-07,,,0.9997040914145735,0.9961043509289157,0.0024188163715653205,1.1673081767243372e-05,,,0.9975841066075628,0.9755169052971767
v2-gen-choice-15-003,generated,choice,文章内の順序参照,True,0.00021558362736613432,6.894531516395881e-08,,,0.9997844396091142,0.9986050729895508,0.0025200759883881154,8.776350438413716e-06,,,0.9974830967373759,0.987294568693301
v2-gen-noul-14-020,generated,noul,予定時間の重なり,True,0.006041072975243813,7.254974256566481e-05,,,0.9939771376171431,0.9469164381181657,0.022449471744340938,0.0009856229462935511,,,0.9778006425059919,0.8463826654531955
v2-gen-choice-11-018,generated,choice,小数量の比較,True,0.0847898205269301,0.011731257069961714,,,0.9187053571186513,0.8001614043538807,0.17851301319163668,0.043100400351185134,,,0.8365131711003612,0.644852652750127
v2-gen-noul-05-016,generated,noul,締切の境界,True,0.0007707149190501635,1.1870877727861124e-06,,,0.9992295820054068,0.9909212324575664,0.004912238260072537,4.802378187344419e-05,,,0.9950998070510721,0.955348950663342
v2-gen-score-14-020,generated,score,参照表の順序尺度,True,0.11070885142403551,0.016516038447528542,0.2151823066849019,0.053795576671225476,0.8951993470058958,0.7303783836019226,0.23650802019932327,0.06203512536988627,0.44825284997712567,0.11206321249428142,0.7893795512952378,0.5336864068993562
v2-gen-score-04-031,generated,score,独立チェックの合計,True,0.6192076983795951,0.413244203566373,0.43758853421847865,0.07293142236974644,0.5383708207339898,0.6072347582106874,0.6714789926402656,0.4384295064306801,0.4302530881102342,0.07170884801837236,0.5109523239508177,0.5450424528279239
v2-gen-score-13-032,generated,score,取消しを反映した件数,True,0.002838927963428815,1.4114455977512803e-05,0.003237598919310969,0.0016187994596554844,0.9971650979818713,0.9812324774045252,0.014507758145437684,0.00034639174437855596,0.017408058864706755,0.008704029432353377,0.9855969722980673,0.9246789052537465
v2-gen-score-01-015,generated,score,件数の段階境界,True,0.0016197491004707309,5.238683215943818e-06,0.001618438014868652,0.001618438014868652,0.9983815619851314,0.9826621443071879,0.008506430359091271,0.0001434937615566074,0.008470353049212514,0.008470353049212514,0.9915296469507875,0.9295272570012146
v2-gen-score-13-041,generated,score,取消しを反映した件数,True,1.2283406101187382,0.6497195971725427,1.4445588837557475,0.36113972093893687,0.2927780076740514,0.06554415585811424,1.3051661126598255,0.6809404365942401,1.5550717535011653,0.38876793837529133,0.27112749359561295,0.0415933541207808
v2-gen-noul-09-008,generated,noul,重複を除いた件数,True,0.0037811921731212565,2.848694405786139e-05,,,0.9962259475323029,0.9641856044725453,0.015900941031528552,0.0004977131430911083,,,0.9842248115210767,0.8829882606775733
v2-gen-choice-04-016,generated,choice,参照先の担当,True,0.0003646845289216682,1.818350138907258e-07,,,0.9996353819603984,0.9980906804324811,0.004036395762503984,2.085681091123469e-05,,,0.995971739533433,0.9834687923175512
v2-gen-score-02-037,generated,score,記述の満足段階,True,0.00011329161612745728,2.1258146939121196e-08,0.00014935630824375144,4.978543608125048e-05,0.9998867148011253,0.9991232925744418,0.0014384099543943072,3.167591591304887e-06,0.0021113237864368896,0.0007037745954789632,0.9985626240613652,0.991327129535939
v2-gen-score-04-020,generated,score,独立チェックの合計,True,0.0012722674033557439,2.6073226558965807e-06,0.0016051835594412956,0.0008025917797206478,0.9987285415856972,0.9904605996369295,0.008313603832709222,0.00010738866205150223,0.010906695453780407,0.005453347726890203,0.9917208586031607,0.9516585514956906
v2-gen-noul-11-012,generated,noul,参照関係の真偽,True,0.00557638955132632,6.184655813342877e-05,,,0.994439129648453,0.9503461553493439,0.02116616913036196,0.0008772803124271861,,,0.9790562621241194,0.8532929283210111
manual_v2_noul_001,manual,noul,entailment,True,0.0002988414411200937,1.7855904637390915e-07,,,0.9997012032075356,0.9960705152545718,0.0024362797376964286,1.1842038102228474e-05,,,0.9975666855831778,0.9753656117820805
v2-gen-choice-01-012,generated,choice,問い合わせ経路,True,3.395910511617323e-05,1.4480297450753396e-09,,,0.9999660414714877,0.9997586508563829,0.0007122919131404346,6.272985091783567e-07,,,0.9992879617065237,0.9961261654260417
v2-gen-choice-15-030,generated,choice,文章内の順序参照,True,0.0003167641864230984,1.8548153964097616e-07,,,0.9996832859780549,0.997306995882095,0.002785664081197344,1.3577456386262323e-05,,,0.9972182122807398,0.9815307820223037
v2-gen-choice-08-049,generated,choice,改訂と例外の優先,True,0.002064224303372052,6.6371285688706015e-06,,,0.9979379047424206,0.9896897038314751,0.013103229612996101,0.00024234677744617094,,,0.9869822439662124,0.9481244438822101
v2-gen-choice-14-031,generated,choice,二属性照合,True,0.0003999912843733423,3.19858093375099e-07,,,0.9996000887014755,0.9949089536625602,0.0030232425629727355,1.8224823678350217e-05,,,0.9969813228328993,0.9703795830603748
manual_v2_score_008,manual,score,count,True,0.0056717132303488816,5.247907292684914e-05,0.0035496311027842786,0.0008874077756960697,0.9943443405699446,0.9758852313155963,0.026411182441976818,0.0010230063723310808,0.012299276391152247,0.003074819097788062,0.9739345424819166,0.9099553705278225
v2-gen-noul-04-041,generated,noul,例外の優先,True,0.02425625166690414,0.0011485881010394965,,,0.9760355669685313,0.8368446287970333,0.06208884587856514,0.007248227905007867,,,0.9397993857796789,0.6717592315551133
manual_v2_choice_025,manual,choice,arithmetic,False,2.834960899388695,1.5531918162176077,,,0.8088814982862926,0.5831955935382297,2.3143325199221967,1.3164461433936976,,,0.6907474631118862,0.4066352151448295
v2-gen-noul-04-042,generated,noul,例外の優先,True,0.00223945068368716,1.0007845730195078e-05,,,0.9977630550151831,0.9770817498558334,0.010805498827377146,0.00023101016689911174,,,0.9892526708690226,0.9142922794488206
v2-gen-choice-01-044,generated,choice,問い合わせ経路,True,0.00011620605997618189,2.380742900965422e-08,,,0.9998838006916865,0.9988936508819812,0.0013623084456134426,3.105325397611248e-06,,,0.9986386190752994,0.9899574813065515
v2-gen-noul-08-035,generated,noul,集合と否定所属,True,7.071887447727278e-05,1.0001611091146872e-08,,,0.9999292836260434,0.9989229726384362,0.0008376209394129982,1.4020428858695296e-06,,,0.9991627297670795,0.990233987941643
v2-gen-choice-10-029,generated,choice,不在時の代理,False,3.64285186073293,1.870578595459933,,,0.9602416664659786,0.8245938332817124,2.7763721026691592,1.6898372409767928,,,0.8994571336714603,0.6422063737209049
manual_v2_noul_012,manual,noul,negation,True,0.001014002390988658,2.0543177344836195e-06,,,0.9989865115357135,0.9884579693928536,0.006017304348214444,7.198168029080396e-05,,,0.9940007633697776,0.947090547394159
v2-gen-choice-05-024,generated,choice,否定条件で選択,True,0.000555019755305356,4.6057316237037996e-07,,,0.9994451342396676,0.9967444660230728,0.005043916173007296,3.5317258819297456e-05,,,0.9949687830119932,0.9768335719904796
v2-gen-choice-11-016,generated,choice,小数量の比較,True,0.5006305636478277,0.278176587469563,,,0.6061483240834686,0.5921627568555218,0.6173951037432396,0.3450738515221355,,,0.5393475537391044,0.49149531179866557
v2-gen-noul-03-038,generated,noul,いずれかの条件,True,0.009834030917995869,0.00019152513142363733,,,0.9902141650477939,0.9206300064554009,0.03210593360299477,0.0019966156804848475,,,0.9684039901214976,0.7976663174151335
v2-gen-choice-14-021,generated,choice,二属性照合,True,3.809237050259536e-05,2.1053122237905184e-09,,,0.9999619083550025,0.9997731486619797,0.0007575958679302776,7.498233756784779e-07,,,0.9992426910353625,0.9964637754306416
manual_v2_choice_045,manual,choice,negation,True,0.00021743219485627157,6.510843756834472e-08,,,0.9997825914418103,0.9983590804891583,0.0025226132218643597,8.626240113746855e-06,,,0.9974805658930815,0.9853857109497458
v2-gen-score-04-013,generated,score,独立チェックの合計,True,0.0018584977748729201,6.157334107286243e-06,0.002083042514720468,0.001041521257360234,0.998143228162734,0.9870561393140935,0.010523052415670092,0.0001857180628117285,0.01243430133597112,0.00621715066798556,0.9895321211991949,0.9424750819121177
v2-gen-noul-01-020,generated,noul,事実と否定質問,True,0.00015554029069280229,4.837803883571545e-08,,,0.9998444718050711,0.9978081226283031,0.0015020105594383726,4.5053001965382e-06,,,0.998499116893869,0.9837580666336166
v2-gen-score-13-010,generated,score,取消しを反映した件数,True,0.16631655127926764,0.04695387489140776,0.15322185694509735,0.15322185694509735,0.8467781430549026,0.3821553829418666,0.24810037420909217,0.09655233372552036,0.2197183808031549,0.2197183808031549,0.7802816191968451,0.24034705890352503
v2-gen-choice-07-014,generated,choice,複数属性の制約,True,0.000240447719207023,1.1560241222236754e-07,,,0.999759581186029,0.9967628365983565,0.0020739669246903412,8.584857506522391e-06,,,0.9979281822586769,0.9785440758491053
manual_v2_noul_039,manual,noul,scope,True,0.0007038169720911725,9.900196633972823e-07,,,0.9992964306489772,0.991616825440951,0.004593092155600942,4.199971302189866e-05,,,0.9954174399610098,0.9577991364871907
v2-gen-score-02-023,generated,score,記述の満足段階,True,0.0023434374796691103,9.1392563721882e-06,0.001345750867703721,0.000448583622567907,0.9976593062262885,0.9871415362073771,0.013163690481366879,0.00026927455874537577,0.005152580111555949,0.001717526703851983,0.9869225719666043,0.9430585913199862
v2-gen-score-01-011,generated,score,件数の段階境界,True,0.000499537038787836,3.546143037923212e-07,0.0004174734862292251,0.00010436837155730627,0.9995005877090658,0.9969981442412246,0.004789594283389382,3.078522395606037e-05,0.004230720586813286,0.0010576801467033214,0.9952218575328308,0.9776057248611485
v2-gen-noul-13-045,generated,noul,範囲の開閉境界,True,0.011735155211508003,0.0002722175635786356,,,0.9883334331618373,0.9083506873933667,0.036544621687312144,0.002575456044051001,,,0.9641150724951896,0.7769043957766759
v2-gen-score-02-024,generated,score,記述の満足段階,True,0.00016795167745371108,4.183028950369501e-08,0.0002908522018489528,7.27130504622382e-05,0.9998320624256397,0.9988866107788801,0.002097865365004128,6.076436666955175e-06,0.004056971521603494,0.0010142428804008736,0.9979043336165495,0.9891747555253569
v2-gen-score-14-021,generated,score,参照表の順序尺度,True,0.0023973730125347206,7.993141102276577e-06,0.0005713478839797226,0.00011426957679594452,0.997605498391079,0.9890274653028133,0.01575845080162939,0.0003211828457255158,0.009308235930334252,0.0018616471860668504,0.9843650639328047,0.9432883954022812
v2-gen-noul-02-008,generated,noul,全条件の充足,True,0.0003202839139747355,2.050978727856e-07,,,0.9996797673714426,0.9958206260044576,0.0025645546337858217,1.312019750311573e-05,,,0.9974387310270966,0.9742598322901826
v2-gen-choice-09-017,generated,choice,利用可能集合の差,True,0.0018468595415819995,5.024433464449268e-06,,,0.9981548448540799,0.9914219242912109,0.01262903620564894,0.00021450852452312377,,,0.9874503754231232,0.9535564422563904
v2-gen-noul-07-002,generated,noul,識別文字列の完全一致,True,0.0007576011524552174,1.147049731845893e-06,,,0.9992426857548395,0.9910568996090179,0.004850267501401781,4.682262799294737e-05,,,0.9951614760518859,0.9558222614817824
v2-gen-choice-05-031,generated,choice,否定条件で選択,True,0.00041841558602461604,2.9221576641668505e-07,,,0.9995816719375692,0.9977894435614632,0.0038991809207775756,2.2779865585012652e-05,,,0.9961084110145004,0.9836049078029507
v2-gen-noul-03-011,generated,noul,いずれかの条件,True,0.0058920902250713435,6.902574884536972e-05,,,0.9941252340963503,0.9480100730789098,0.022041028636980035,0.0009504712790542275,,,0.9782001000110755,0.848569417166973
v2-gen-noul-09-030,generated,noul,重複を除いた件数,True,0.001440432774833059,4.143720822984075e-06,,,0.9985606041505228,0.9843365273008737,0.007800075198660267,0.00012073751895059356,,,0.9922302664475996,0.9343846393861382
v2-gen-score-08-026,generated,score,要件への一致数,True,0.0031848653930260473,1.4727032493010928e-05,0.0010664303961553934,0.00035547679871846444,0.996820200910834,0.9825061585264282,0.017734832364349192,0.00043819010097539203,0.0063134830702844535,0.0021044943567614847,0.9824215042099058,0.9241179083390718
v2-gen-noul-07-008,generated,noul,識別文字列の完全一致,True,0.0011473203139445963,2.6296692899412487e-06,,,0.9988533376063676,0.9871456724162183,0.006592747840935965,8.635774732282992e-05,,,0.9934289366415004,0.9429132165880438
v2-gen-score-06-014,generated,score,約束時刻からの遅れ,False,1.0235174776445943,0.8202582895763812,0.6393768931422166,0.1278753786284433,0.6401550983112109,0.6329250365257881,0.9339488099134999,0.7320482174762383,0.5961168390385794,0.11922336780771588,0.602985340713821,0.6100422734806019
v2-gen-choice-06-026,generated,choice,時間枠の包含,True,0.02646337380942865,0.001147561399140558,,,0.9738837128327819,0.8780601593526485,0.07571074591166298,0.008579025824071516,,,0.9270843307124008,0.724171884720699
v2-gen-choice-11-023,generated,choice,小数量の比較,True,0.19321021781782996,0.0617348857822768,,,0.8243086715539484,0.3294400215680686,0.27606099754008007,0.11638706172927066,,,0.7587666464507129,0.20291470560529112
v2-gen-noul-06-030,generated,noul,更新後の状態,True,0.004452698342182225,3.9476939737319305e-05,,,0.9955572002218579,0.9588872165660051,0.017935640406591232,0.0006319548692697889,,,0.9822242458771816,0.8712370355610003
v2-gen-score-06-029,generated,score,約束時刻からの遅れ,False,3.068512959474763,1.605602209504938,1.098146355250798,0.18302439254179967,0.8287626852160922,0.6676443670985681,2.48881890491814,1.3567946400234587,1.1599185736753017,0.19331976227921696,0.7023434335917842,0.49024961659284494
v2-gen-noul-02-019,generated,noul,全条件の充足,True,0.0002849986081951337,1.6240212347061852e-07,,,0.9997150420000503,0.9962330112404953,0.0023521966150619887,1.1039664907177301e-05,,,0.9976505676316206,0.9760957684987651
v2-gen-score-01-024,generated,score,件数の段階境界,True,0.00013234681328771792,2.4137055170787992e-08,0.0002492452964211189,8.308176547370631e-05,0.9998676619441654,0.9989536185325707,0.0017473010730981954,4.1406634025979765e-06,0.0033269886243614266,0.0011089962081204756,0.9982542245687073,0.989408770990097
v2-gen-choice-01-045,generated,choice,問い合わせ経路,True,2.4446605675434092e-05,8.549083803344406e-10,,,0.9999755536931404,0.999778121116935,0.0004934822752010104,3.3740073816988645e-07,,,0.9995066394671502,0.9965698939048125
v2-gen-noul-01-018,generated,noul,事実と否定質問,True,0.0003842126036687831,2.9512524064479405e-07,,,0.9996158611965417,0.9950874399195428,0.002934488636880445,1.7171994447929977e-05,,,0.9970698127663978,0.9711219185292577
v2-gen-choice-06-030,generated,choice,時間枠の包含,True,0.6849340595872161,0.43523627779690316,,,0.5041234705885951,0.5522990889262623,0.77318298535426,0.4670820041234912,,,0.46154164749371385,0.4603646396425386
v2-gen-choice-03-021,generated,choice,最終更新,True,0.3463043474013245,0.16715423850515937,,,0.7072971902838223,0.6008010148741265,0.43815603757328414,0.23465454620716952,,,0.6452250956438583,0.5276330680226077
v2-gen-noul-07-022,generated,noul,識別文字列の完全一致,True,0.0019389253285715404,7.504300821098354e-06,,,0.9980629531728559,0.9797516188953388,0.00971498486997067,0.0001869383926755344,,,0.9903320531477584,0.9214162862183132
v2-gen-choice-05-044,generated,choice,否定条件で選択,True,0.17910404803499363,0.043916285368335105,,,0.8360189087468383,0.5980528396010039,0.3110158606046666,0.10830756919647176,,,0.7327022546763734,0.4183996846597152
v2-gen-score-10-025,generated,score,不足の段階,True,0.07106009113376222,0.009342308909457817,0.06759567207300288,0.03379783603650144,0.9314059212081327,0.7697623389229025,0.13766588135948615,0.03225971426163046,0.12205601461110649,0.061028007305553245,0.8713897906845206,0.6368167540437584
v2-gen-noul-03-035,generated,noul,いずれかの条件,True,0.00021553657171153123,9.289200406807828e-08,,,0.9997844866546266,0.997064174896469,0.0019125855203989829,7.301989931809007e-06,,,0.9980892423058104,0.9799887201049682
v2-gen-noul-01-045,generated,noul,事実と否定質問,True,0.0026795180500012966,1.4321217134576873e-05,,,0.9973240686542274,0.9732767949640384,0.012335087260899241,0.0003005819476821217,,,0.9877406780839616,0.9045759825617771
v2-gen-noul-04-036,generated,noul,例外の優先,True,0.009651733791481612,0.0001845237798418382,,,0.9903946946992342,0.9218349377829493,0.03166848915135862,0.001943423858466831,,,0.9688277057431857,0.7997627891852503
v2-gen-choice-13-031,generated,choice,工程の依存順,True,0.4103794138257391,0.22256053854595811,,,0.6633984998177582,0.5814645222687418,0.49142543511903164,0.2842108464177485,,,0.6117537570988306,0.5176583339152818
v2-gen-score-03-041,generated,score,順番に進む工程,True,0.0004952241831438866,4.902511488145704e-07,0.0004951015798877413,0.0004951015798877413,0.9995048984201124,0.9938496869358017,0.0035410602853057616,2.4989595570090397e-05,0.003534798125076622,0.003534798125076622,0.9964652018749234,0.9661214390169992
v2-gen-score-12-025,generated,score,目標からの差,True,0.0012470481836619662,2.751448310119475e-06,0.001410243360511382,0.000705121680255691,0.9987537290578048,0.9908381651064714,0.007871142729425023,0.00010341810478687019,0.009392468704584989,0.004696234352292494,0.9921597535982298,0.954739277812642
v2-gen-choice-12-034,generated,choice,条件付き不足書類,True,0.40589690368147013,0.20012510989921117,,,0.6663788650913243,0.5935219636354043,0.5342573200579844,0.2779334084669217,,,0.5861044165390611,0.48055304514854713
v2-gen-choice-15-007,generated,choice,文章内の順序参照,True,9.386345436366797e-05,1.761904228131616e-08,,,0.9999061409506725,0.9986088425744446,0.0010331447636868108,2.132572001223797e-06,,,0.9989673887466176,0.9882680523284316
v2-gen-noul-10-044,generated,noul,条件付き義務,True,0.30938630167443526,0.14162139018233,,,0.7338972095389359,0.1641833701975407,0.3862140706438233,0.20528025262027993,,,0.679625022340789,0.09521123402711351
v2-gen-noul-12-022,generated,noul,記録と主張の照合,True,0.0001221170562476962,2.982150895302179e-08,,,0.9998778903997365,0.9982364757274846,0.001255550555095235,3.148858772616099e-06,,,0.99874523731873,0.9860970296078158
v2-gen-score-12-020,generated,score,目標からの差,True,0.0008768081098153437,1.1157918978046194e-06,0.001635775511537233,0.00040894387788430826,0.9991235761740928,0.9950646669916405,0.007192180906138281,7.015896102738888e-05,0.0146857213690793,0.003671430342269825,0.9928336209327345,0.9683435243928016
v2-gen-choice-11-033,generated,choice,小数量の比較,True,0.0803152779102807,0.011911851949417008,,,0.9228253540681365,0.6078552131973545,0.14747346488760493,0.03760086283846561,,,0.8628853347769364,0.4233677881029818
v2-gen-choice-08-008,generated,choice,改訂と例外の優先,True,0.0007933705316472624,8.106602532276677e-07,,,0.99920694410354,0.9953525569858961,0.007038899492132012,6.276117341768805e-05,,,0.9929858155380282,0.9682579244338386
v2-gen-score-01-042,generated,score,件数の段階境界,True,0.0019210123709031282,5.058587381269349e-06,0.00038623827474548733,5.517689639221247e-05,0.9980808315924137,0.9920490749519129,0.014198662005926952,0.0002513635007568821,0.00841429117055359,0.00120204159579337,0.9859016636043455,0.9534382224095304
v2-gen-score-05-010,generated,score,緊急条件の加点,True,0.009456171212430205,0.00011621546206937449,0.004018852396192152,0.0005741217708845932,0.9905883977799281,0.9681015919323146,0.04552657411127695,0.002481285004948319,0.0007192791444428082,0.00010275416349182973,0.9554942108250915,0.878762266171816
v2-gen-choice-12-010,generated,choice,条件付き不足書類,True,0.3531348732626807,0.1725763275736406,,,0.702482440888818,0.6872505854836695,0.4473668268273699,0.24049639943611464,,,0.6393093494358323,0.6207008915423091
v2-gen-noul-04-043,generated,noul,例外の優先,True,0.23371382910661803,0.08687086253942919,,,0.7915883130203236,0.26156425162785657,0.3161512205765661,0.14693706183069524,,,0.7289492097127411,0.1570315835851146
v2-gen-score-09-018,generated,score,例外による上限,False,1.9133740260752647,1.4139542683996844,0.8761176109485103,0.43805880547425513,0.8287191861712956,0.5205192847037576,1.579237082234098,1.1817436245824906,0.846995836021825,0.4234979180109125,0.7407395635279358,0.3594046193196775
manual_v2_score_026,manual,score,arithmetic,True,0.16447245705003688,0.03452348296649823,0.017034268518400175,0.004258567129600044,0.8483411224396477,0.667735978512129,0.29194764133363593,0.09510200345658068,0.020969321483056635,0.005242330370764159,0.746807636801608,0.5243505484679016
v2-gen-choice-13-034,generated,choice,工程の依存順,True,0.005485243844581945,4.139072501117138e-05,,,0.994529772636536,0.9776087633632131,0.02851012283925121,0.0010473144148037082,,,0.9718924557852412,0.9083456173414788
v2-gen-noul-12-030,generated,noul,記録と主張の照合,True,0.00019062422543466567,7.266133853352215e-08,,,0.9998093939422086,0.9973696981689132,0.001746261819408641,6.0882213170431645e-06,,,0.9982552620086323,0.9814984325928238
v2-gen-score-10-020,generated,score,不足の段階,True,0.003083128487793228,1.305507924137525e-05,0.00399788104114851,0.0009994702602871275,0.996921619472066,0.9849274594295995,0.01839458041449503,0.0004437617055127726,0.02304719807091149,0.0057617995177278725,0.9817735672991409,0.9298394176808176
v2-gen-score-08-041,generated,score,要件への一致数,True,0.03026754641499691,0.0012196672470692125,0.054986598408601414,0.013746649602150354,0.9701859290547319,0.8955592088799904,0.09805422355407728,0.011547449339355071,0.18541349966386322,0.046353374915965806,0.9065997433608968,0.7354506118711606
v2-gen-noul-05-050,generated,noul,締切の境界,True,0.0071571968939268356,0.00010172072526746086,,,0.9928683548438154,0.9388883069532153,0.02542836262993153,0.0012608017172688723,,,0.9748922151786655,0.830769725696427
v2-gen-score-14-047,generated,score,参照表の順序尺度,True,0.0017079786903392243,4.13009882773508e-06,6.784855388342059e-05,2.2616184627806863e-05,0.9982934790752018,0.989733735421034,0.011437517211739148,0.00017890767400672127,0.002138503016705817,0.000712834338901939,0.9886276425297602,0.9467382498590732
v2-gen-choice-11-032,generated,choice,小数量の比較,True,0.1066295733218702,0.01919808221113367,,,0.8988585725241933,0.7437994680645745,0.1975066023172747,0.05639654546489469,,,0.8207747215947127,0.5989990809215722
v2-gen-score-03-031,generated,score,順番に進む工程,True,0.0005420574633733858,5.058121075628915e-07,0.0007219619127705675,0.0001443923825541135,0.9994580894232319,0.9972312058854942,0.004682360521703462,3.342074374621525e-05,0.007676810731249005,0.001535362146249801,0.9953285846385983,0.9808358194839669
v2-gen-score-13-026,generated,score,取消しを反映した件数,True,0.2850139026656402,0.09061710005900725,0.3651342607609059,0.1217114202536353,0.752003799389324,0.4446796472515926,0.44029254084963204,0.1815670062709007,0.5562165024473456,0.18540550081578186,0.6438480416770029,0.2919983786349606
v2-gen-noul-11-044,generated,noul,参照関係の真偽,False,1.5989605292542264,1.2732680982028133,,,0.7978935073688761,0.27387887274433587,1.326417748633188,1.0791967937232907,,,0.7345736156857563,0.16517504529607685
v2-gen-score-03-037,generated,score,順番に進む工程,True,0.0027169384129135154,1.1209006709735226e-05,0.0044291108816221225,0.0011072777204055306,0.9972867491238968,0.9868365608124012,0.016132631765245434,0.0003620146800330042,0.02953589615714458,0.007383974039286145,0.9839968021672002,0.9381848973881776
v2-gen-choice-06-009,generated,choice,時間枠の包含,True,0.05395237621423069,0.004724055908604866,,,0.9474772278798862,0.8530913465489456,0.13208025841333057,0.023896219370854628,,,0.8762706641639333,0.7025663168045713
v2-gen-choice-05-010,generated,choice,否定条件で選択,True,0.018417380714246805,0.0004817513578858436,,,0.9817511828227055,0.9460204360787849,0.07060987569759608,0.006140367217263272,,,0.9318253489405323,0.8331260722851929
v2-gen-noul-15-041,generated,noul,出来事の前後関係,True,0.0008407937128715122,1.4126799466078515e-06,,,0.9991595596551188,0.990201595482229,0.0052388751565895664,5.460493228638082e-05,,,0.9947748238170192,0.9528729661270667
v2-gen-score-07-041,generated,score,証拠の最高到達段階,True,0.04734385628400845,0.004114289221256667,0.04120091807652981,0.010300229519132453,0.9537593850410365,0.8777773201691775,0.10926978289782308,0.01928632705266424,0.07183676337713685,0.017959190844284212,0.8964885275979829,0.764021845140053
v2-gen-choice-15-047,generated,choice,文章内の順序参照,True,0.0006440463438970721,8.290572915511684e-07,,,0.999356161009432,0.9922460906218814,0.004301173257084235,3.684143713890898e-05,,,0.9957080635408414,0.9600688953463258
v2-gen-score-06-037,generated,score,約束時刻からの遅れ,True,0.010748748629108395,0.0001480791271503352,0.05220834088244875,0.007458334411778393,0.9893088127472486,0.9636299130420247,0.05196669256348595,0.003130510973106469,0.2352892600091055,0.03361275142987221,0.9493604870804445,0.8616972518839157
manual_v2_choice_037,manual,choice,exception,True,0.001049898212995388,1.8010785039475572e-06,,,0.9989506527373027,0.9919674852508344,0.007176658060260903,8.08730306969132e-05,,,0.9928490326556307,0.9573903236672319
v2-gen-noul-04-015,generated,noul,例外の優先,True,0.04976738427392362,0.0047140649514762125,,,0.9514507211615033,0.7197978592838454,0.1045161158843661,0.019697043757058233,,,0.900760280741383,0.5334190826866629
v2-gen-noul-06-014,generated,noul,更新後の状態,True,0.008326362512877723,0.00013750770759525982,,,0.9917082056346271,0.9307569074842578,0.028416352856648407,0.0015698379658372744,,,0.9719835943968782,0.8156554588144489
v2-gen-noul-02-044,generated,noul,全条件の充足,True,0.0002822110557685972,1.592412150799901e-07,,,0.9997178287620256,0.9962658494166755,0.002335137375655816,1.0880301396027625e-05,,,0.9976675869366654,0.9762444377269993
v2-gen-choice-13-043,generated,choice,工程の依存順,True,0.0011007594205694957,1.4946879144076751e-06,,,0.9988998461928495,0.9949920625122485,0.009960796930367059,0.00011736839087078344,,,0.9900886475025448,0.9648175494111063
v2-gen-noul-15-008,generated,noul,出来事の前後関係,True,0.019599679409231494,0.0007534072605041107,,,0.9805911455708469,0.8618915553867658,0.0531608577653552,0.005360789629547728,,,0.9482274704618959,0.7061206541729379
v2-gen-choice-06-037,generated,choice,時間枠の包含,False,3.3286886501559874,1.4594367037988543,,,0.7100217275123838,0.44686035335685614,2.768185836246851,1.2526291321296674,,,0.574380196879418,0.273029209595006
v2-gen-noul-11-027,generated,noul,参照関係の真偽,True,0.3834299498405811,0.2028592539930296,,,0.6815198169485034,0.0972789503406718,0.45040652616001836,0.2630024962467987,,,0.6373689917789719,0.055154526019343564
v2-gen-noul-09-033,generated,noul,重複を除いた件数,True,0.00036484365092418185,2.6612467058182185e-07,,,0.9996352228964273,0.9953078250311317,0.0028242287599190537,1.5907556699819485e-05,,,0.9971797556223069,0.9720496216145503
v2-gen-noul-04-018,generated,noul,例外の優先,True,0.012741106098860158,0.00032056547224338045,,,0.9873397181657875,0.9020465073964522,0.03881222790067075,0.0028984493950665264,,,0.9619313160519928,0.7666339982694585
v2-gen-choice-10-041,generated,choice,不在時の代理,True,0.006558732415657848,6.05160380643617e-05,,,0.9934627291239935,0.975728894669258,0.03348932269291408,0.0014195425248917214,,,0.9670652368287838,0.9012470614728525
v2-gen-noul-11-043,generated,noul,参照関係の真偽,True,0.1997186267651635,0.06555012722417855,,,0.8189611544112997,0.31765561395830333,0.2826539927465129,0.1212480289283774,,,0.7537805562832441,0.1947690882312202
v2-gen-noul-01-026,generated,noul,事実と否定質問,True,0.00011808955267459165,2.7886991577372492e-08,,,0.9998819174196222,0.9982889212888006,0.0012247379535704583,2.996294561041457e-06,,,0.9987760117318697,0.9863941386828743
v2-gen-noul-10-025,generated,noul,条件付き義務,True,0.003146713780700855,1.9741413159001565e-05,,,0.9968582319341649,0.9693532025272469,0.01388748172167163,0.0003804106960755859,,,0.9862085045032167,0.895008409098624
v2-gen-score-08-029,generated,score,要件への一致数,True,0.40584279485214864,0.16560611372893913,0.2100800327023138,0.03501333878371896,0.666414923047117,0.5153486040695188,0.5765442804230049,0.26895361544767515,0.2770480388199359,0.046174673136655985,0.5618365653187276,0.3964214961009319
v2-gen-noul-05-020,generated,noul,締切の境界,True,0.007960286084961654,0.00012572815221565775,,,0.9920713130905661,0.9332748440963222,0.027493832773529275,0.0014709147621979686,,,0.9728806825104505,0.8202670316903922
v2-gen-noul-01-050,generated,noul,事実と否定質問,True,0.00032299811720981907,2.0858818478331793e-07,,,0.9996770540410662,0.9957891458552095,0.0025806297596709217,1.3284979416849259e-05,,,0.9974226972028059,0.9741219300536395
v2-gen-choice-02-020,generated,choice,条件と優先例外,True,0.00021241925166253468,9.022470979205268e-08,,,0.9997876033077093,0.9971021672369791,0.0018920581482216024,7.1462363143644195e-06,,,0.9981097306654388,0.9801738663940048
v2-gen-noul-12-036,generated,noul,記録と主張の照合,True,5.6605018212895186e-05,6.4078934462864555e-09,,,0.9999433965838209,0.999119737319068,0.0007102361011801411,1.008154399263686e-06,,,0.9992900160567788,0.991549693892346
v2-gen-choice-08-013,generated,choice,改訂と例外の優先,True,0.0010851314735492949,1.7130150995361072e-06,,,0.998915457068707,0.9947318403749682,0.008082297804653445,9.156946746209208e-05,,,0.9919502761477119,0.9692738364775814
manual_v2_score_051,manual,score,comparison,True,0.0020497075072283344,6.2890650909596e-06,0.0030741980300021173,0.0015370990150010587,0.9979523917086998,0.9853071828936126,0.01209770830589649,0.00021689492701763009,0.018049364759309093,0.009024682379654547,0.9879751747651263,0.9331462824562977
v2-gen-score-03-008,generated,score,順番に進む工程,True,0.0019445554842992855,5.393306961890858e-06,0.003037543789165653,0.0010125145963885511,0.998057333938822,0.9885226855241708,0.012533177258396732,0.00021579151799841037,0.02067849737943339,0.006892832459811131,0.98754503591353,0.942609552095319
manual_v2_choice_046,manual,choice,temporal,True,0.0274774517329894,0.0012377663721169583,,,0.9728966194388825,0.9121639072078885,0.0820757131077745,0.009562898351595657,,,0.9212022089737677,0.7858985774043079
v2-gen-noul-03-042,generated,noul,いずれかの条件,True,0.00022129672444534614,9.792280850547444e-08,,,0.9997787277598686,0.9969941437771443,0.001950314160773077,7.59263059830578e-06,,,0.9980515864660825,0.9796492628908751
manual_v2_noul_040,manual,noul,temporal,True,0.0012747258031223492,3.2457121551802552e-06,,,0.9987260863147017,0.9859126898860844,0.007126439876966433,0.00010085144175441162,,,0.9928988929822734,0.9391058710091934
v2-gen-score-09-003,generated,score,例外による上限,True,0.002116375479424795,8.939155041356539e-06,0.0021141375358945114,0.0021141375358945114,0.9978858624641055,0.9781675469340932,0.01036389015515647,0.00021260746308065907,0.010310370097156074,0.010310370097156074,0.9896896299028439,0.9171562581599639
v2-gen-choice-09-040,generated,choice,利用可能集合の差,True,0.0002008196664998182,7.862204186101314e-08,,,0.9997992004964197,0.9982394055714173,0.0019004532273465024,6.782430380640553e-06,,,0.9981013514904465,0.9870356622842561
v2-gen-score-11-001,generated,score,時刻順の評価更新,True,0.03225672495351308,0.001910135636670461,0.0341816642449174,0.005696944040819566,0.9682579741852266,0.9235286747165674,0.08421649853935718,0.011475544213835565,0.09918520917704883,0.016530868196174806,0.9192322221172009,0.8334378010694428
v2-gen-score-13-025,generated,score,取消しを反映した件数,True,0.003479357720368003,2.0036162043380503e-05,0.0019699340460357373,0.0009849670230178686,0.9965266882306637,0.9772898488372508,0.017270706238938897,0.00046863316158860934,0.007598306983660041,0.0037991534918300207,0.982877577525758,0.911943118932272
manual_v2_choice_028,manual,choice,extraction,True,4.722860866231064e-05,2.80961412307121e-09,,,0.9999527725065909,0.9997153691611247,0.0009529062725191278,1.0988757728500924e-06,,,0.999047547598486,0.9955672288304209
v2-gen-noul-12-048,generated,noul,記録と主張の照合,True,0.00013072959695097552,3.4175986981554045e-08,,,0.9998692789477904,0.9981249605451623,0.0013205731685219527,3.4832246022046297e-06,,,0.9986802984045239,0.9854736285795019
v2-gen-noul-06-043,generated,noul,更新後の状態,True,0.03141635522439198,0.0019130810226692789,,,0.9690720108747006,0.8009754597518974,0.07492475965763173,0.010421841423887265,,,0.9278132926921886,0.6259684679603101
manual_v2_score_045,manual,score,boundary,True,0.07229203698779237,0.00944335828915297,0.06773679941819477,0.022578933139398256,0.9302591860479268,0.8097889082759783,0.1450964712432984,0.03366355933450542,0.1256308591701074,0.04187695305670247,0.8649388473597664,0.6813244828388958
v2-gen-choice-10-004,generated,choice,不在時の代理,True,0.09433753222145688,0.012709505905932637,,,0.9099755643253878,0.7347564882047488,0.19960320341606688,0.0487691564891038,,,0.819055687106057,0.5480331811499783
v2-gen-noul-01-021,generated,noul,事実と否定質問,True,0.0009282328023634976,1.7216335758156289e-06,,,0.9990721978724384,0.9893155041891579,0.005636608833560371,6.31857276544173e-05,,,0.9943792470409021,0.9498985541180854
v2-gen-choice-04-040,generated,choice,参照先の担当,True,0.00032887489412365684,1.6858678953031624e-07,,,0.9996711791792964,0.9981875052070421,0.0033818842822892353,1.629021476791443e-05,,,0.9966238278472921,0.985298167842152
v2-gen-score-10-003,generated,score,不足の段階,True,0.0004657685174143021,4.336785905897543e-07,0.00046566006409702273,0.00046566006409702273,0.9995343399359029,0.99417422272138,0.003383922108467405,2.2824512325982267e-05,0.0033782030967648238,0.0033782030967648238,0.9966217969032353,0.9674010709797064
v2-gen-score-09-024,generated,score,例外による上限,True,0.0030503084672100153,1.8552101889637005e-05,0.003045661002938155,0.003045661002938155,0.9969543389970618,0.9701539696520072,0.013572468797017508,0.00036346275819830064,0.013480778134037691,0.013480778134037691,0.9865192218659622,0.896927599715988
manual_v2_score_056,manual,score,count,True,0.002464413675053758,8.115793752388708e-06,0.0031923665394879563,0.0006384733078975913,0.9975386204993284,0.988625155380897,0.016382714901950732,0.0003389926200171089,0.02216429129807551,0.0044328582596151024,0.9837507519281964,0.940938797888005
v2-gen-noul-15-017,generated,noul,出来事の前後関係,True,0.0009149345149046032,1.6726793575237104e-06,,,0.9990854839100585,0.9894494665750969,0.005576773981493583,6.185506193799963e-05,,,0.9944387473561256,0.9503432948933817
v2-gen-score-03-013,generated,score,順番に進む工程,True,0.005796594942812087,6.681280262997985e-05,0.005779827100786827,0.005779827100786827,0.9942201728992132,0.9487140008124327,0.02177775906577642,0.0009281444604342958,0.02154233576511951,0.02154233576511951,0.9784576642348805,0.8499851144262147
v2-gen-noul-11-015,generated,noul,参照関係の真偽,True,0.020036066613951593,0.0007869876280529927,,,0.9801633214971232,0.8594774445960626,0.05402111061566732,0.00553097322482088,,,0.947412105837841,0.7027099409742537
v2-gen-choice-02-002,generated,choice,条件と優先例外,True,0.00016703213369925353,5.5790147980187634e-08,,,0.9998329818153909,0.9976633685405232,0.0015834559185217755,5.006732119895892e-06,,,0.9984177970863546,0.9829985924270909
v2-gen-choice-13-038,generated,choice,工程の依存順,True,0.0009244392965961711,1.5654425607370418e-06,,,0.9990759878657717,0.9930252784522127,0.006186986190559994,6.615069451819297e-05,,,0.9938321137977458,0.9634197115027738
v2-gen-choice-10-019,generated,choice,不在時の代理,True,0.03153305170800375,0.0018062161784463625,,,0.9689589301768532,0.8938555224575144,0.0828821254272631,0.01105605793229178,,,0.9204596396124928,0.7710744835899205
v2-gen-noul-07-001,generated,noul,識別文字列の完全一致,True,0.000191675964038394,7.346526772938749e-08,,,0.9998083424046256,0.997356708661432,0.0017533934798842224,6.138007183310512e-06,,,0.9982481428164216,0.9814332399425234
v2-gen-choice-11-005,generated,choice,小数量の比較,True,0.05318969407455537,0.0035821740324802056,,,0.9482001274756029,0.8359569123729209,0.14665187210680097,0.0244371493230058,,,0.8635945664485662,0.6485111705028741
v2-gen-choice-11-036,generated,choice,小数量の比較,True,0.11369913116023161,0.021757451471130385,,,0.8925264488869328,0.7696800189016816,0.20784019120161537,0.06160907354914933,,,0.8123368449144857,0.638554190617288
v2-gen-choice-07-015,generated,choice,複数属性の制約,True,0.00018528857660399676,4.328508641954847e-08,,,0.9998147285882641,0.9990070970878638,0.0026077727913393217,8.242978572701119e-06,,,0.9973956244943682,0.989167488552359
v2-gen-noul-05-021,generated,noul,締切の境界,True,0.003792878823304412,2.8662972415305326e-05,,,0.9962143050561816,0.9640919758741678,0.015937138449170034,0.0004999636932750977,,,0.9841891857693049,0.8827758740246545
v2-gen-noul-13-040,generated,noul,範囲の開閉境界,True,0.00046431506877919694,4.309768184421685e-07,,,0.9995357927087808,0.9941903049420104,0.003376102349612108,2.2719323417585455e-05,,,0.9966295902758281,0.9674650258679792
v2-gen-noul-10-008,generated,noul,条件付き義務,True,0.006761089000103654,9.080894958481376e-05,,,0.9932617157382307,0.9417055770672228,0.02438663279723667,0.0011608182211531879,,,0.9759083186436357,0.8361646074562853
manual_v2_choice_021,manual,choice,negation,True,0.0002770099469582541,1.0304760121832496e-07,,,0.9997230284167546,0.998603242090423,0.003312973410610003,1.3961195780550985e-05,,,0.9966925084303976,0.9869359767030994
v2-gen-noul-04-010,generated,noul,例外の優先,True,0.015450155312272429,0.000470104508839075,,,0.9846685860267379,0.8856438380689418,0.044687668925861214,0.003820058920603236,,,0.9562961161874415,0.7409760627613291
v2-gen-score-05-012,generated,score,緊急条件の加点,True,0.04464910939791342,0.0033086467353162946,0.05052661500059849,0.025263307500299245,0.9563329912251974,0.8193950550979433,0.10895973728231446,0.01761535935970486,0.1263052228282912,0.0631526114141456,0.8967665230287237,0.6477582440843208
v2-gen-choice-06-041,generated,choice,時間枠の包含,True,0.00514918588756532,3.29925895935844e-05,,,0.9948640484449971,0.97936006411063,0.030106832758844144,0.0010688458096877265,,,0.9703418637126171,0.9061788162576138
manual_v2_noul_019,manual,noul,history,True,0.0065127892662485976,8.428244275713109e-05,,,0.9935083729790933,0.9434890473719374,0.023725207137781704,0.0010994276781553331,,,0.9765540229660253,0.8396256629563852
v2-gen-score-06-046,generated,score,約束時刻からの遅れ,True,0.0010540491489429646,1.738631541952507e-06,0.0013880720056316386,0.0006940360028158193,0.9989465061657344,0.9918681129165529,0.007306423898652413,8.151377942149656e-05,0.009914554605911702,0.004957277302955851,0.9927202031275286,0.9564414944086774
v2-gen-score-15-025,generated,score,軽重のある項目,True,0.001503904542665262,3.7702650048941418e-06,0.0018166860205856175,0.0009083430102928087,0.9984972257550805,0.98904027966356,0.009285092901687176,0.00013704681882410134,0.01175111175598332,0.00587555587799166,0.9907578804666545,0.9473032810085018
v2-gen-choice-15-015,generated,choice,文章内の順序参照,True,0.00016202016644119296,3.334800132088562e-08,,,0.9998379929581171,0.9991291878525592,0.002294633585568431,6.4906891582387864e-06,,,0.99770799707356,0.9904498018329674
v2-gen-score-04-009,generated,score,独立チェックの合計,True,0.06149789570314095,0.006948036287556413,0.059507423040802365,0.011901484608160474,0.9403549245232607,0.8691477661145647,0.1296461941095315,0.027290434729359714,0.12350959544332962,0.024701919088665925,0.8784061612222787,0.7671310292313881
v2-gen-noul-01-041,generated,noul,事実と否定質問,True,0.00017485794898681588,6.113991306899183e-08,,,0.9998251573377733,0.9975654515993556,0.0016380855751486059,5.357866067566384e-06,,,0.9983632553547412,0.9824926120336586
v2-gen-choice-14-019,generated,choice,二属性照合,True,7.696681325129893e-05,7.165001691335086e-09,,,0.9999230361486179,0.9995208232154115,0.0013746090841202287,2.254057121554237e-06,,,0.9986263352581968,0.9934439840074364
v2-gen-choice-05-048,generated,choice,否定条件で選択,True,0.00014644508101474085,4.288604267358331e-08,,,0.9998535656415427,0.9979235538140919,0.001436438611214934,4.120788963412095e-06,,,0.9985645925729236,0.9843741789906372
v2-gen-choice-02-021,generated,choice,条件と優先例外,True,0.0017570928639832832,6.163912167156178e-06,,,0.9982444499199459,0.9813994394249445,0.009033538657602784,0.00016174302000481524,,,0.9910071411663249,0.9259600576572034
v2-gen-noul-09-021,generated,noul,重複を除いた件数,True,0.0011314241246124207,2.5573462918652462e-06,,,0.9988692156943375,0.9873009082732679,0.0065250948593283155,8.460019872744724e-05,,,0.9934961473445562,0.9434003327680266
v2-gen-choice-09-005,generated,choice,利用可能集合の差,True,0.0003927026342556373,2.666360654538725e-07,,,0.9996073744633314,0.9977002213280631,0.003609817976697207,2.0259170605499468e-05,,,0.996396689583491,0.9832173525644426
v2-gen-noul-07-003,generated,noul,識別文字列の完全一致,True,0.004942643727678623,4.861865397123601e-05,,,0.9950695510361005,0.9551171474679223,0.019368313923207446,0.00073589465979082,,,0.9808180467653732,0.8631775174087275
v2-gen-choice-12-008,generated,choice,条件付き不足書類,True,0.0053218287909774795,3.973394612548917e-05,,,0.9946923070525661,0.9795801301725919,0.029130486240217746,0.0010676289363029563,,,0.9712897162540997,0.9111215071222883
v2-gen-choice-11-025,generated,choice,小数量の比較,True,0.025188521164942006,0.0010332142794106487,,,0.9751260627978177,0.8824159486496175,0.0732691870246662,0.008009901951700918,,,0.9293506272214159,0.7300216091560596
v2-gen-choice-11-008,generated,choice,小数量の比較,True,0.16093868963777166,0.03953358690044135,,,0.8513442657324122,0.6527633821758041,0.27251239008627676,0.09467854624393714,,,0.7614639945121686,0.4992807286752473
v2-gen-score-10-021,generated,score,不足の段階,True,0.0013917358136988944,2.8754704888126255e-06,0.0024576133994839806,0.0004915226798967961,0.9986092322014628,0.9932903384355084,0.010362989359070644,0.00014389759371909947,0.021489647207645315,0.004297929441529063,0.9896905214117903,0.9604358965329922
v2-gen-noul-15-015,generated,noul,出来事の前後関係,True,0.0007940916067191633,1.2601619445500757e-06,,,0.9992062236005808,0.9906801903200891,0.005022028704947709,5.018896624905096e-05,,,0.9949905605977789,0.9545132354060626
manual_v2_noul_047,manual,noul,sequence,True,0.0027846344866449524,1.546526334802187e-05,,,0.9972192390117073,0.9723842853691417,0.012690253117381985,0.00031802780087878665,,,0.9873899286108526,0.9023622340120753
v2-gen-choice-10-012,generated,choice,不在時の代理,True,0.013824495673104708,0.00034682593797490514,,,0.9862706238362836,0.9302850465135921,0.045180861166959393,0.0034058289051312105,,,0.9558245946476857,0.818268224754195
v2-gen-score-15-013,generated,score,軽重のある項目,True,0.0005235626284418652,4.3003481601456885e-07,0.0008608291830549554,0.00021520729576373886,0.9994765744065546,0.9969496552023525,0.004705388305016343,3.18509136958612e-05,0.008770623778847115,0.002192655944711779,0.9953056646915249,0.9784256628590932
v2-gen-score-05-021,generated,score,緊急条件の加点,True,0.005498360871471248,4.3221009599486284e-05,0.0019216318198995719,0.00048040795497489297,0.9945167274483233,0.9755960444580679,0.02726196297022053,0.0010013076047922563,0.012115288638572697,0.003028822159643174,0.9731062903177552,0.9048447450475559
v2-gen-score-01-038,generated,score,件数の段階境界,True,0.0003841555558682352,2.0872441567024903e-07,9.879452295202817e-05,3.293150765067606e-05,0.9996159182224296,0.9972806827347567,0.0037790224033546855,1.9752284410896313e-05,0.0012203882488750484,0.00040679608295834946,0.9962281091155896,0.9793707817313259
v2-gen-score-07-015,generated,score,証拠の最高到達段階,True,0.0019374089798825341,5.218608864180039e-06,9.483222238215738e-05,1.580537039702623e-05,0.9980644665854539,0.9915525759529014,0.013811438031023695,0.0002435223043203741,0.0032883060622808102,0.000548051010380135,0.9862835022891656,0.9524140020405374
manual_v2_score_041,manual,score,conditional,True,0.0015340441711379513,3.4266087801356346e-06,1.0274027538503816e-05,3.4246758461679385e-06,0.9984671318731767,0.990784419022707,0.01028548018284798,0.00014936139171946593,0.0010031209127931984,0.0003343736375977328,0.9897672344817653,0.951989421142957
v2-gen-choice-08-010,generated,choice,改訂と例外の優先,True,0.004136642303873727,2.6192912458199146e-05,,,0.9958719018155193,0.9842668306785791,0.022456811079108602,0.0006899278434284334,,,0.9777934661260754,0.9312676821982672
manual_v2_noul_049,manual,noul,contrast,True,0.00037456110082142367,2.804869605949084e-07,,,0.9996255090384303,0.9951970761419289,0.002879732090750018,1.6538031551094314e-05,,,0.99712441036037,0.9715818553408143
v2-gen-score-07-035,generated,score,証拠の最高到達段階,True,0.012210919996504073,0.00019243738821325503,0.04392402522717198,0.008784805045434396,0.9878633307564569,0.9542639270778839,0.05367267492183223,0.0034506990113714934,0.18043310372349808,0.036086620744699614,0.9477422755504024,0.8432269752771726
v2-gen-choice-08-042,generated,choice,改訂と例外の優先,True,0.0003635535837188765,2.1520977262606582e-07,,,0.9996365124938774,0.9974828666738086,0.0034382382995598727,1.7835577315417353e-05,,,0.9965676656733822,0.9813858974041447
manual_v2_choice_036,manual,choice,history,True,0.0009649063859144175,1.860292936809949e-06,,,0.99903555898656,0.9889474881478557,0.005800469581612832,6.690189335532423e-05,,,0.9942163206626178,0.9486853944433751
v2-gen-choice-14-028,generated,choice,二属性照合,True,0.000518269948945044,4.940798971024395e-07,,,0.9994818643297264,0.9976094070318017,0.004293161461898715,3.0237833692714024e-05,,,0.9957160409818678,0.9840168889398879
v2-gen-choice-11-038,generated,choice,小数量の比較,True,0.04468497377583747,0.0029126523235338485,,,0.9562986935524149,0.8100160566627905,0.11410619328544533,0.017606070771784874,,,0.892163209109433,0.6220709420999566
v2-gen-noul-05-028,generated,noul,締切の境界,True,0.0007741434122249091,1.1976685790287172e-06,,,0.9992261561594776,0.9908858169061346,0.004928394403460961,4.833941737924015e-05,,,0.9950837302057739,0.9552257460302109
v2-gen-noul-10-035,generated,noul,条件付き義務,True,0.0014356937341372417,4.116519398926637e-06,,,0.9985653363810763,0.9843812024928724,0.007781103571985959,0.0001201531853541453,,,0.9922490908483538,0.9345163806144937
v2-gen-choice-13-032,generated,choice,工程の依存順,True,0.0008283975077388969,9.720965870759784e-07,,,0.9991719455187492,0.9952977213409092,0.006899055408979186,6.411829794600818e-05,,,0.9931246884390363,0.9694973498853443
v2-gen-noul-10-027,generated,noul,条件付き義務,True,0.002383669964088559,1.133671515607269e-05,,,0.997619168721216,0.9758219556168981,0.011314885470024414,0.0002531750832680448,,,0.988748887093535,0.9110224081296173
manual_v2_choice_051,manual,choice,arithmetic,True,0.050830661402646575,0.0046026069926441366,,,0.9504396030152457,0.8093173853606965,0.11466317174334807,0.02090268752356161,,,0.8916664317810036,0.6505937327962623
v2-gen-choice-04-026,generated,choice,参照先の担当,True,0.001988724246816353,5.955388144866337e-06,,,0.9980132519549914,0.9857051796457978,0.01181129192820832,0.00020747361265110596,,,0.988258187563744,0.934515529332419
v2-gen-noul-03-017,generated,noul,いずれかの条件,True,0.00038417157540834873,2.950622260369929e-07,,,0.9996159022090424,0.9950879052312758,0.0029342566324181262,1.716928325654233e-05,,,0.9970700440910705,0.9711238641120129
v2-gen-noul-15-042,generated,noul,出来事の前後関係,True,0.0012438819500294233,3.090638229129349e-06,,,0.9987568913504586,0.9862094127850959,0.006998576067777895,9.727734301722706e-05,,,0.9930258569337435,0.9400124604255111
v2-gen-score-07-025,generated,score,証拠の最高到達段階,True,0.5982230796529476,0.37448380884927857,0.375358849608753,0.1876794248043765,0.549787697591847,0.25624337516502793,0.6652679833860963,0.41381113660100227,0.3455864651487357,0.17279323257436785,0.5141357294099492,0.1868729420383517
v2-gen-noul-15-023,generated,noul,出来事の前後関係,True,0.0028443067820108285,1.6134217060135448e-05,,,0.9971597344261377,0.9718802269531477,0.012890285246438529,0.00032806725526052363,,,0.9871924386540504,0.90112207833443
v2-gen-score-07-020,generated,score,証拠の最高到達段階,True,0.001494220895125963,3.151481450398907e-06,0.0026070748689268628,0.0006517687172317157,0.9985068948970999,0.9920175087270583,0.010830071029476859,0.00015548358435776423,0.0208663183518976,0.0052165795879744,0.9892283630511158,0.9548288152421911
v2-gen-choice-09-029,generated,choice,利用可能集合の差,True,0.00021454795751000953,7.246756732636333e-08,,,0.9997854750562571,0.9986330942480393,0.002420726388765478,8.487919675748556e-06,,,0.9975822012065803,0.987913967717728
v2-gen-score-09-014,generated,score,例外による上限,True,0.3641801769090489,0.13878819815701526,0.04019166056439438,0.008038332112878877,0.6947660026740152,0.517464305988474,0.5216145033452122,0.2377122740294973,0.01729696259998237,0.0034593925199964738,0.5935614669847588,0.4034496588154908
v2-gen-score-11-023,generated,score,時刻順の評価更新,True,0.05715204633230185,0.004572310044104696,0.26039981367966636,0.03719997338280948,0.9444504582208127,0.8673742610258118,0.1573406545488079,0.02837143310840511,0.6381260751907101,0.09116086788438715,0.8544129495788226,0.7007642902198066
v2-gen-score-11-002,generated,score,時刻順の評価更新,True,0.0808949669137193,0.011140295335814966,0.051952945815378904,0.007421849402196986,0.9222905573811442,0.8535923573727762,0.17156903653991637,0.041048130030638126,0.029689215588058815,0.00424131651257983,0.8423421136277076,0.7286212984424443
v2-gen-score-06-045,generated,score,約束時刻からの遅れ,True,0.0038873980136162867,3.0106500964188968e-05,0.003879851863421358,0.003879851863421358,0.9961201481365786,0.9633366592614508,0.016228810949579498,0.0005182804733660987,0.01609783329156592,0.01609783329156592,0.983902166708434,0.881069050494404
v2-gen-noul-07-015,generated,noul,識別文字列の完全一致,True,0.0030409063535717837,1.8438083333164125e-05,,,0.9969637125191145,0.9702323028389194,0.01354160586689839,0.00036182279674169343,,,0.9865496692096125,0.8971162217464445
v2-gen-choice-09-024,generated,choice,利用可能集合の差,True,0.0006606183727568204,6.475175405106704e-07,,,0.9993395997875175,0.9965869594138341,0.005750462623481436,4.58172769664914e-05,,,0.9942660396396757,0.9766037405071053
v2-gen-score-06-012,generated,score,約束時刻からの遅れ,True,0.039413355541078554,0.002773567772554026,0.03232401522252726,0.01077467174084242,0.9613532463139962,0.8735906041787252,0.09756176774257146,0.015004105490589973,0.06210858942092046,0.02070286314030682,0.9070463136222598,0.7433749074923037
v2-gen-score-14-035,generated,score,参照表の順序尺度,True,0.00043508248304176126,2.652944890264835e-07,0.0008746972592153798,0.00017493945184307596,0.9995650121516166,0.9975826265613761,0.00452368816479072,2.6576657497618604e-05,0.01035668287359628,0.0020713365747192557,0.9954865283013408,0.9803629918161534
v2-gen-noul-04-001,generated,noul,例外の優先,True,0.3415097420766111,0.16739297939277437,,,0.7106965439259545,0.1321802260651912,0.4145057078003851,0.23029409223015634,,,0.6606667624368663,0.07582077041585245
v2-gen-choice-15-025,generated,choice,文章内の順序参照,True,0.0001223084215034432,2.991504089341339e-08,,,0.9998776990578666,0.9982339886219103,0.001257007981436975,3.156168723092298e-06,,,0.9987437817221732,0.986083003885727
v2-gen-choice-03-018,generated,choice,最終更新,True,0.0013151100172857887,2.424419701029556e-06,,,0.998685754360934,0.9935685089001859,0.010018953874999736,0.00013179224035609778,,,0.9900310686462119,0.9615162952416572
v2-gen-score-11-044,generated,score,時刻順の評価更新,False,4.83351984285412,1.9529201885814855,0.9773331336770852,0.13961901909672644,0.9842571407216578,0.9494032161400818,3.640345235038859,1.819648265363427,0.8988370679074835,0.12840529541535478,0.9333540691960468,0.8268323039287373
v2-gen-score-04-010,generated,score,独立チェックの合計,True,0.12710679250405926,0.021324860434513294,0.17151955127104257,0.028586591878507095,0.880639621864897,0.7648618080936328,0.2485479829173922,0.07061941836211495,0.32985163677982854,0.05497527279663809,0.7799324365036033,0.6266827663187061
v2-gen-choice-02-011,generated,choice,条件と優先例外,True,0.0005030851383132345,5.059347311798045e-07,,,0.9994970413877963,0.9937635119456306,0.0035825797167697952,2.5577982805981545e-05,,,0.9964238300651408,0.9657850610565316
v2-gen-noul-15-028,generated,noul,出来事の前後関係,True,0.10780425453339254,0.020888322740173493,,,0.8978033201611386,0.5240795225765325,0.18207709515395046,0.05541980995393134,,,0.8335370762693216,0.3504508704659042
manual_v2_score_005,manual,score,sentiment,True,0.00028005859066416766,1.0881119380005344e-07,0.0005532008687172407,0.00013830021717931018,0.9997199806220822,0.9982098344470764,0.003140703547098999,1.3118684239167362e-05,0.0066322982591686674,0.0016580745647921669,0.9968642233030115,0.9844508438398915
v2-gen-score-01-012,generated,score,件数の段階境界,True,0.000630235465187479,5.516123320542214e-07,0.00047724380345282036,9.544876069056407e-05,0.9993699630914686,0.996653035376598,0.005822053084375133,4.4517693471217435e-05,0.0051061957698692595,0.0010212391539738519,0.9941948622234894,0.9758529829522553
v2-gen-score-12-041,generated,score,目標からの差,False,3.073660183834559,1.424599050256322,0.30622767689272834,0.07655691922318208,0.6954542955849549,0.405426846644491,2.55962070064144,1.2365383394528933,0.03361437346727758,0.008403593366819395,0.5767644183419977,0.25888768050863686
manual_v2_score_004,manual,score,sentiment,True,0.0005820490723134094,4.4852780795283905e-07,0.0003011335151126282,7.528337877815705e-05,0.9994181202853881,0.9965136707109868,0.005476154620053683,3.889117096267398e-05,0.0035100779146604033,0.0008775194786651008,0.9945388121820207,0.9746844870259463
v2-gen-score-15-024,generated,score,軽重のある項目,True,0.0013101929463496637,3.4287163802720217e-06,0.0013093350182958672,0.0013093350182958672,0.998690664981704,0.9855728300480011,0.007272469013452227,0.00010501159998828043,0.00724608859966118,0.00724608859966118,0.9927539114003388,0.9380746568343173
v2-gen-score-14-033,generated,score,参照表の順序尺度,True,0.000862888913164187,1.251953020832103e-06,0.001113192586216019,0.00037106419540533964,0.9991374832684159,0.9946129593978037,0.00640768944228674,6.339146442240964e-05,0.009210125352661616,0.0030700417842205387,0.9936127960215236,0.9684787867885474
v2-gen-noul-06-035,generated,noul,更新後の状態,True,0.2839439475370014,0.12220693885454287,,,0.752808840313268,0.1932042110936879,0.36324615835813845,0.1855437640404891,,,0.6954152301571128,0.11317670862713725
v2-gen-score-03-043,generated,score,順番に進む工程,True,0.0005191144381276222,4.851692841553421e-07,0.0005990050331636865,0.00019966834438789552,0.9994810202784602,0.996638260213812,0.0042090345183607835,2.9290659421328244e-05,0.005413315779172961,0.0018044385930576536,0.9957998110526379,0.9784635661973522
v2-gen-noul-06-038,generated,noul,更新後の状態,False,1.755366905918357,1.3683747145968026,,,0.8271561867618481,0.3358309436247745,1.433140987956832,1.1595865136558912,,,0.7614415649463494,0.20736522239846344
v2-gen-choice-11-003,generated,choice,小数量の比較,True,0.018169252367780074,0.0006483734929692397,,,0.9819948133449103,0.8699112297122411,0.050302446233082096,0.0048134194206599454,,,0.95094177224634,0.717617173229632
v2-gen-choice-09-038,generated,choice,利用可能集合の差,True,0.0012431881471601427,2.8905035402413326e-06,,,0.998757584291096,0.991021224699343,0.007593143924685423,0.00010183066380210723,,,0.9924356111661014,0.9569016763697387
v2-gen-choice-08-005,generated,choice,改訂と例外の優先,True,0.00010106529585793422,1.7724570061440736e-08,,,0.999898939811067,0.9990217708994591,0.0012379948377835733,2.53051948808815e-06,,,0.9987627711616919,0.9907368798139626
v2-gen-choice-14-033,generated,choice,二属性照合,True,0.0010220955853342335,1.6039342092656745e-06,,,0.9989784265764436,0.9920573013121661,0.007185242814660307,7.795090744638785e-05,,,0.9928405093271151,0.9569367738294239
v2-gen-score-12-003,generated,score,目標からの差,True,0.000959696244668271,1.8402669604188307e-06,0.000959235883508052,0.000959235883508052,0.999040764116492,0.9889996463149201,0.005777291046688679,6.636982181894131e-05,0.00576063459260099,0.00576063459260099,0.9942393654073991,0.9488565782538674
v2-gen-score-04-050,generated,score,独立チェックの合計,True,0.008128251984589621,0.0001057144634905721,0.009102958169308728,0.002275739542327182,0.9919046929336117,0.9668867618630116,0.03513045694602304,0.0017516819427318196,0.04032736352084587,0.010081840880211468,0.9654794545403673,0.8850648569236496
v2-gen-score-05-049,generated,score,緊急条件の加点,True,0.5103868625892292,0.3135748387349457,0.41079939423359296,0.10269984855839824,0.6002633144679156,0.5544451678026607,0.5760516128006039,0.36014697389285805,0.48201893634229265,0.12050473408557316,0.562113432199615,0.49300276668802545
v2-gen-noul-02-006,generated,noul,全条件の充足,True,0.001190682042850199,2.8320736816989403e-06,,,0.9988100265377541,0.9867238335451755,0.006776055219139846,9.12100569580633e-05,,,0.9932468504770714,0.9415985167455057
v2-gen-score-10-002,generated,score,不足の段階,True,0.23143529104081617,0.08000959150283674,0.23209261017986016,0.03315608716855145,0.793394033544224,0.7235316476746412,0.3497782333737039,0.14896232024641046,0.40300852672500564,0.0575726466750008,0.7048443833486764,0.6133937875032927
v2-gen-score-15-022,generated,score,軽重のある項目,False,1.9020448493741307,1.0569897879386323,1.2502210481562432,0.20837017469270722,0.5063335123828553,0.38307393214354046,1.740027382183856,0.9520161019030804,1.2522398719193877,0.20870664531989794,0.4340793446434574,0.3095977499204965
manual_v2_noul_010,manual,noul,scope,True,0.0002819872537912628,1.5898878452277664e-07,,,0.9997180525008775,0.9962684875900729,0.0023337658578293854,1.0867539192547154e-05,,,0.997668955256484,0.9762563982328901
v2-gen-score-15-029,generated,score,軽重のある項目,True,0.6817716113439833,0.39660528035834314,0.5349060040023437,0.08915100066705728,0.5057202585213267,0.46708744621694487,0.7971257235856696,0.45205566362530875,0.5277963832992345,0.08796606388320576,0.45062231759834626,0.3758915476393957
v2-gen-choice-12-019,generated,choice,条件付き不足書類,True,0.05893924390550422,0.006268991280518225,,,0.9427640460785919,0.8330663324558009,0.12751715782133596,0.025794432761947993,,,0.8802783120466434,0.6995963213337462
v2-gen-choice-02-035,generated,choice,条件と優先例外,True,0.00343281754702248,2.3487728130772738e-05,,,0.9965730678347264,0.9670017725402102,0.014807644704050734,0.00043209478372860876,,,0.9853014493277634,0.8894636325356744
v2-gen-noul-04-011,generated,noul,例外の優先,True,0.0015536734026238806,4.8203080498974205e-06,,,0.9984475329230709,0.9832755885673254,0.008248670011051588,0.00013496400776318853,,,0.9917852569193192,0.9312892446048593
v2-gen-choice-08-012,generated,choice,改訂と例外の優先,True,0.0005844463245643079,6.827558812441854e-07,,,0.9994157244309214,0.9928815738954101,0.004002941562883322,3.1919098746967624e-05,,,0.9960050595281676,0.9624179181686116
v2-gen-noul-07-004,generated,noul,識別文字列の完全一致,True,0.00265772139827497,1.4089478663720619e-05,,,0.9973458072165232,0.9734626111761661,0.012260981578678318,0.0002970031391390021,,,0.9878138779929995,0.9050398174767664
v2-gen-score-04-025,generated,score,独立チェックの合計,True,0.001438582276348192,2.7761652963167248e-06,0.0037832596771398084,0.0005404656681628298,0.9985624519871176,0.9937867103967691,0.01168492419659649,0.00016791991244956313,0.035284304298803165,0.0050406148998290235,0.988383079400136,0.960212881950444
v2-gen-noul-13-011,generated,noul,範囲の開閉境界,True,0.0005102091008581272,5.203611037798214e-07,,,0.9994899210336723,0.9936855698612097,0.0036200605510787257,2.6114996219085308e-05,,,0.9963864839685505,0.9654820099410436
v2-gen-choice-06-012,generated,choice,時間枠の包含,True,0.27068328389955354,0.1124725922231539,,,0.762858067580664,0.20974497997264296,0.35105455853653356,0.1752967156232737,,,0.7039453465799991,0.12358546583778174
v2-gen-choice-12-014,generated,choice,条件付き不足書類,False,5.8063930150986645,1.9690570604131845,,,0.9874335586437704,0.9570037218099349,4.34933218370728,1.8719079331164334,,,0.9470832926220927,0.8551024730742042
v2-gen-noul-04-019,generated,noul,例外の優先,True,0.1284153345663919,0.02904627392348222,,,0.8794880215010097,0.46916925667401166,0.20631486844150793,0.06950716958025868,,,0.8135768662688846,0.3060713249428214
v2-gen-score-08-004,generated,score,要件への一致数,True,0.0010045506761842558,1.5866775965102542e-06,0.0013130484613053106,0.0006565242306526553,0.9989959537159363,0.9922129166035236,0.007040463527862102,7.592544276482464e-05,0.009500233626472232,0.004750116813236116,0.9929842624739478,0.9578137661136444
v2-gen-choice-11-015,generated,choice,小数量の比較,True,0.03219731395510424,0.0015390280651275826,,,0.9683155010670381,0.8807840342885118,0.09399167541208313,0.011772824724481963,,,0.9102903400011912,0.724449846361088
v2-gen-choice-04-004,generated,choice,参照先の担当,True,0.0016047518300952664,4.832415749005364e-06,,,0.998396535095632,0.9910898309292056,0.009303466871786415,0.00015080619306307724,,,0.9907396764782235,0.9589048105169901
v2-gen-noul-05-015,generated,noul,締切の境界,True,0.0010430370200904906,2.173584336132474e-06,,,0.9989575067539469,0.9881701108308426,0.0061442386570919865,7.504108517732151e-05,,,0.9938745985773453,0.9461623318396484
manual_v2_noul_005,manual,noul,history,True,0.0001531243739197493,4.688696778095324e-08,,,0.9998468873490188,0.9978387072202534,0.0014846924542087456,4.4020835825388744e-06,,,0.9985164091563813,0.9839203745978456
v2-gen-noul-15-046,generated,noul,出来事の前後関係,True,0.0057351100211043456,6.54069603775496e-05,,,0.9942813043280154,0.9491684577283416,0.02160763334552417,0.0009138548490114596,,,0.9786241392101808,0.8509025537552019
v2-gen-choice-09-012,generated,choice,利用可能集合の差,True,0.0010731138651403974,1.7655430103401132e-06,,,0.9989274617156371,0.9917065003065492,0.007451716407788588,8.375103634758108e-05,,,0.9925759787959573,0.9555834664013723
v2-gen-noul-12-020,generated,noul,記録と主張の照合,True,5.0647641196742184e-05,5.130107284271861e-09,,,0.9999493536413734,0.9992042524946316,0.000654051402852123,8.55007104130907e-07,,,0.9993461624421422,0.9921402164792514
manual_v2_noul_004,manual,noul,insufficient,True,0.004975894795854988,4.927337009971108e-05,,,0.9950364644607038,0.9548639663255231,0.019464126040261112,0.0007431224139505834,,,0.9807240770136605,0.8626444677104477
v2-gen-score-01-002,generated,score,件数の段階境界,True,0.0009335057283035036,1.648100898438527e-06,0.000985980361724495,0.0004929901808622475,0.9990669298526192,0.9930403833936107,0.006093577148270104,6.654926439417042e-05,0.006747205119865432,0.003373602559932716,0.993924951039544,0.9643420997600536
v2-gen-choice-06-024,generated,choice,時間枠の包含,True,0.28440149885365923,0.10901675803591769,,,0.7524644704266464,0.40512093141856664,0.39974408289707036,0.18338254878623517,,,0.6704916143525533,0.27610280833799505
v2-gen-choice-08-021,generated,choice,改訂と例外の優先,True,0.20156967980421145,0.0660569638450101,,,0.8174466160554285,0.5588809599331607,0.2903847172068147,0.12336730510184106,,,0.7479757530760308,0.45542662428570124
v2-gen-noul-07-035,generated,noul,識別文字列の完全一致,True,0.007631732626316851,0.0001156016352765331,,,0.9923973151033161,0.9355560528392297,0.026656001669259254,0.0013837867578688648,,,0.9736961337645123,0.824497091698634
manual_v2_noul_054,manual,noul,exception,True,0.0030093751567292176,1.805826538921841e-05,,,0.9969951484737829,0.9704953150813578,0.013437917100910904,0.0003563398828579183,,,0.9866519686309569,0.8977507086652666
v2-gen-choice-06-044,generated,choice,時間枠の包含,True,0.0045320337010176836,4.0892980287907076e-05,,,0.9954782204671221,0.958271562589274,0.01817039142980082,0.0006484540544476173,,,0.9819936947925509,0.8699047765764005
v2-gen-noul-15-022,generated,noul,出来事の前後関係,True,0.02233009455182756,0.0009752845151831256,,,0.9779173765690857,0.8470205980186887,0.058460238732375505,0.0064489036616274895,,,0.9432157431076734,0.6854549128615235
v2-gen-score-11-030,generated,score,時刻順の評価更新,True,0.02395978274959907,0.0007577173446274142,0.05712904329969959,0.008161291899957084,0.9763249740743076,0.9304902340901566,0.08951333041595987,0.009233925668737201,0.19328028261826447,0.02761146894546635,0.9143760760296247,0.7932938787118795
v2-gen-score-10-017,generated,score,不足の段階,True,0.10265237374279876,0.01903566095175939,0.09755936898053257,0.09755936898053257,0.9024406310194675,0.5387891159088081,0.17581146924009547,0.051986289587529114,0.16122389647246638,0.16122389647246638,0.8387761035275336,0.36277051957974005
v2-gen-choice-13-006,generated,choice,工程の依存順,True,0.014684507038582697,0.00040642223175729796,,,0.9854227845183287,0.955608721879227,0.04740524799142663,0.003798627102900978,,,0.9537008339212177,0.8817044251226496
v2-gen-choice-07-039,generated,choice,複数属性の制約,True,0.000969103115830477,1.3132855844079685e-06,,,0.9990313663129402,0.9945887829910264,0.0077458236702524965,8.048936572695891e-05,,,0.9922840979162934,0.9663541279569738
v2-gen-noul-06-031,generated,noul,更新後の状態,True,0.1308993462397691,0.030107598904355132,,,0.8773060741023518,0.4629447849248237,0.2091553689578059,0.07123864498362173,,,0.8112691798041166,0.30119112889735866
v2-gen-score-09-016,generated,score,例外による上限,True,0.210336679769001,0.04320652013074252,0.369074059209614,0.052724865601373426,0.8103113845895288,0.6109728282519709,0.428797211207688,0.1438492997141657,0.6658238832614822,0.09511769760878318,0.6512919905064989,0.39029106216333387
v2-gen-choice-04-010,generated,choice,参照先の担当,True,0.0003464695422910946,1.5890980825492352e-07,,,0.9996535904713496,0.9982784852460282,0.003986201806810687,1.991053221459262e-05,,,0.996021732549462,0.9844957858165676
v2-gen-choice-10-043,generated,choice,不在時の代理,True,0.2039548460590268,0.06734491350626744,,,0.8154991933583939,0.7471944248552624,0.29742015425019314,0.12616434627454476,,,0.7427318848375101,0.672085456969807
v2-gen-score-04-003,generated,score,独立チェックの合計,True,0.0010160259635133427,1.3254267290426266e-06,0.0033520490784910593,0.0005586748464151766,0.9989844900161016,0.9951216211407361,0.008944784462080947,9.808300420265414e-05,0.029794803620467613,0.004965800603411269,0.9910951011112449,0.9665510435634174
v2-gen-noul-14-011,generated,noul,予定時間の重なり,True,0.016377556758459838,0.0005277463604174367,,,0.9837558262688212,0.8802017007502546,0.046631488893199825,0.004151599567307553,,,0.9544390541839419,0.7327678561117306
v2-gen-noul-04-013,generated,noul,例外の優先,True,0.002191877716960858,9.587621756784274e-06,,,0.9978105226928803,0.9775002474170359,0.010635582237989771,0.00022383997821798587,,,0.989420775590385,0.9153909705242205
v2-gen-noul-08-030,generated,noul,集合と否定所属,True,0.000814399885689671,1.3254145638116537e-06,,,0.9991859316478908,0.9904715984985768,0.005116722953521108,5.2094585141301894e-05,,,0.9948963451752052,0.9537952819449858
v2-gen-noul-11-004,generated,noul,参照関係の真偽,True,0.030298085572682362,0.0017812927583802265,,,0.9701563008460728,0.8063925897553988,0.07297990107166097,0.009906825564570218,,,0.9296195141940246,0.6326580521423449
v2-gen-score-12-024,generated,score,目標からの差,True,0.0006092594369393721,7.419419730838845e-07,0.000609073876095434,0.000609073876095434,0.9993909261239046,0.992615983767163,0.004128025514848761,3.394083946381061e-05,0.004119516929435463,0.004119516929435463,0.9958804830705645,0.9614288457400885
v2-gen-noul-12-040,generated,noul,記録と主張の照合,True,8.19802781161398e-05,1.3440430112185647e-08,,,0.999918023082175,0.998768947818596,0.0009345470404970487,1.745124805398807e-06,,,0.9990658895125847,0.9892519937798061
v2-gen-choice-15-026,generated,choice,文章内の順序参照,True,0.0011027261813071599,2.0044422124335496e-06,,,0.9988978815977831,0.9951220839033484,0.008307688124327228,9.943973637730281e-05,,,0.9917267253519095,0.9703368087721951
v2-gen-score-01-022,generated,score,件数の段階境界,True,0.00018883454957267375,7.130350859923828e-08,0.00018881672145132367,0.00018881672145132367,0.9998111832785487,0.997391820875162,0.001734102777519657,6.003806143933545e-06,0.0017326000900285132,0.0017326000900285132,0.9982673999099715,0.9816096800189253
v2-gen-noul-02-046,generated,noul,全条件の充足,True,0.000507930808912917,5.157254050188695e-07,,,0.9994921981661027,0.9937104805114275,0.0036080888641432714,2.594286551564686e-05,,,0.9963984124670052,0.9655787447056016
v2-gen-choice-07-040,generated,choice,複数属性の制約,True,0.00010145772105272533,1.2060663833043038e-08,,,0.9998985474256078,0.9994126054180763,0.0017739534067051296,3.642161696623678e-06,,,0.9982276191186398,0.9921402411812995
v2-gen-choice-15-013,generated,choice,文章内の順序参照,True,0.0005103901790238135,3.395047908499974e-07,,,0.9994897400478872,0.9975253399707144,0.005483167999721744,3.673416826004471e-05,,,0.9945318371281956,0.9792447365656041
v2-gen-choice-04-008,generated,choice,参照先の担当,True,0.0007409910371138498,7.065983426535177e-07,,,0.9992592834289482,0.9960490366603456,0.006842266453714037,5.862170875795816e-05,,,0.9931810885539775,0.9717535550879308
v2-gen-score-12-010,generated,score,目標からの差,True,0.010197388134508172,0.0002058652240501686,0.010145571054656521,0.010145571054656521,0.9898544289453435,0.9182433583491963,0.03297129979793622,0.002103886088791688,0.03243367146031795,0.03243367146031795,0.967566328539682,0.7935465190795322
v2-gen-noul-02-015,generated,noul,全条件の充足,True,0.0008348133936990754,1.392663785747189e-06,,,0.9991655349660569,0.9902626661420244,0.0052112869271574444,5.403283023953894e-05,,,0.9948022682716622,0.9530809007343911
v2-gen-choice-04-042,generated,choice,参照先の担当,True,0.00035307905464808083,1.5942562146745519e-07,,,0.9996469832704259,0.9982262245670355,0.004159971048073027,2.113844580086905e-05,,,0.9958486696456563,0.9837257369846433
v2-gen-choice-02-023,generated,choice,条件と優先例外,True,0.0007375139006011845,1.0870515451334469e-06,,,0.999262757995929,0.9912653504743238,0.004754795100198297,4.500175444700934e-05,,,0.9952564910431723,0.9565537389123556
v2-gen-noul-04-027,generated,noul,例外の優先,True,0.0798278564002079,0.011773368805798486,,,0.9232752686358613,0.6094678977409547,0.14683092050843316,0.03729729174603091,,,0.8634399550636591,0.42484150919442787
v2-gen-choice-14-030,generated,choice,二属性照合,True,2.9027735132657708e-05,1.1480947662661225e-09,,,0.999970972686168,0.9997382372051397,0.0005702835149161491,4.3875049929343545e-07,,,0.9994298790658204,0.9960754131533784
v2-gen-noul-11-016,generated,noul,参照関係の真偽,True,0.08947419639717485,0.014650659437743886,,,0.9144118599403401,0.5784304217947216,0.15934298922443352,0.04339231716110752,,,0.8527038405777199,0.3969676253735108
v2-gen-choice-08-027,generated,choice,改訂と例外の優先,True,0.00039282416297156116,2.0030983416119223e-07,,,0.9996072529823381,0.9977630568952939,0.004303569864318487,2.3219973504202234e-05,,,0.9957056772225527,0.9810378379763567
manual_v2_choice_059,manual,choice,negation,True,0.0007469451171005657,1.0303979857839245e-06,,,0.9992533337769596,0.9954046267362265,0.005387477513233383,4.9484775993473684e-05,,,0.9946270089169633,0.973735076223846
v2-gen-choice-02-042,generated,choice,条件と優先例外,True,0.0004122397783994717,3.397431900735078e-07,,,0.9995878451807431,0.9947710232519651,0.0030915112305460405,1.9055895928313634e-05,,,0.9969132625696122,0.9698111904282322
v2-gen-choice-01-014,generated,choice,問い合わせ経路,True,2.256253118131067e-05,6.597183537356877e-10,,,0.9999774377233507,0.9998177282170749,0.0005060336888563848,3.260990746183219e-07,,,0.9994940943245968,0.9968785206952405
v2-gen-choice-06-006,generated,choice,時間枠の包含,True,0.598263162858102,0.25825528558144156,,,0.549765660780429,0.2685340903550415,0.8087978189598304,0.3851555059966853,,,0.44539318774774833,0.16710063025780497
v2-gen-choice-13-023,generated,choice,工程の依存順,True,0.00046710420509669617,3.3757724894033167e-07,,,0.9995330048710885,0.9975198093622557,0.004362687131760063,2.7130683632264465e-05,,,0.9956468155636266,0.9817241671842742
v2-gen-score-02-033,generated,score,記述の満足段階,True,0.0019044692972694946,4.76965702202675e-06,0.0008698409278200536,0.00014497348797000895,0.9980973430536778,0.9915760459842631,0.013889205134553922,0.00024010566895739504,0.00815857792303376,0.0013597629871722934,0.98620680486024,0.9518633496991538
v2-gen-noul-01-032,generated,noul,事実と否定質問,True,0.00010856294375988797,2.3569266650929848e-08,,,0.9998914429489832,0.9984137778668903,0.0011507414322820236,2.64536609564793e-06,,,0.9988499204167433,0.9871123051371608
v2-gen-noul-08-020,generated,noul,集合と否定所属,True,0.0004909769517756041,4.818800939247892e-07,,,0.9995091435576847,0.9938963218063863,0.0035185560869148416,2.4673531303461085e-05,,,0.9964876267778423,0.9663040595774318
v2-gen-choice-02-032,generated,choice,条件と優先例外,True,0.00023896564550882735,1.1418187120539479e-07,,,0.9997610629045068,0.9967806561472574,0.0020644914346617973,8.506672701540234e-06,,,0.9979376381620166,0.978628377111169
v2-gen-score-11-007,generated,score,時刻順の評価更新,True,0.011956120149772388,0.00018113768097428689,0.029470138493810083,0.005894027698762017,0.988115070251956,0.9546297952774694,0.05361064958719172,0.0033967286854907548,0.13660504430797982,0.027321008861595962,0.9478010614052836,0.8420063802377544
manual_v2_choice_011,manual,choice,priority,True,0.00038982087819527884,2.4451538473756157e-07,,,0.9996102550920913,0.9976733512625441,0.0037258430372676347,2.0398482807270963e-05,,,0.9962810893036244,0.9824867788776697
v2-gen-score-13-019,generated,score,取消しを反映した件数,True,0.006436987849325324,6.899698534562062e-05,0.00803158517066116,0.002677195056887053,0.9935836851758398,0.9692114526199478,0.028172865589651017,0.001197475865471012,0.03869679518774616,0.01289893172924872,0.9722202888407164,0.8926223864266672
manual_v2_score_036,manual,score,count,True,0.0013852514356636346,2.8861483828355507e-06,0.0007065441236648873,0.00023551470788829576,0.9986157075822283,0.991608161425064,0.009501148273573923,0.00012910859535495423,0.004643037231097491,0.001547679077032497,0.9905438450269264,0.9551201854088914
v2-gen-score-15-017,generated,score,軽重のある項目,True,0.010052437893848677,0.00020008324937153396,0.01000208101775657,0.01000208101775657,0.9899979189822434,0.9191930686107705,0.03262711758956171,0.00206089640235589,0.03210059502840945,0.03210059502840945,0.9678994049715905,0.7951807512468345
v2-gen-score-15-045,generated,score,軽重のある項目,True,0.00037379616948337625,2.793427191384604e-07,0.00037372631639909226,0.00037372631639909226,0.9996262736836009,0.9952057806450291,0.002875376735080125,1.648811635830156e-05,0.0028712467987184187,0.0028712467987184187,0.9971287532012816,0.9716185039889811
v2-gen-score-04-016,generated,score,独立チェックの合計,True,0.06114226584770185,0.006893814822767261,0.061952180164513315,0.012390436032902663,0.9406894022807435,0.8701904318848934,0.1285049097646123,0.02702288753159486,0.14094725375591377,0.028189450751182753,0.879409244715427,0.7699394870057777
v2-gen-choice-04-050,generated,choice,参照先の担当,True,0.003602248917043229,2.1526964152096293e-05,,,0.9964042313980157,0.9812052626665615,0.018441464433790102,0.0005156692730073156,,,0.9817275388872752,0.9236786194257605
v2-gen-noul-01-046,generated,noul,事実と否定質問,True,6.683025106801053e-05,8.93196797333759e-09,,,0.9999331719820235,0.9989767404673939,0.0008032414667526937,1.2893576955792156e-06,,,0.9991970810453168,0.9905861175327115
v2-gen-score-04-012,generated,score,独立チェックの合計,True,0.01845887384341633,0.0006690154438022998,0.018289552260816855,0.018289552260816855,0.9817104477391831,0.8682739410166422,0.05088613660993475,0.00492292362142697,0.04961312135628526,0.04961312135628526,0.9503868786437147,0.7152487538999484
v2-gen-score-11-047,generated,score,時刻順の評価更新,True,0.007477837737055002,8.292203441079114e-05,0.008513062854732967,0.0028376876182443223,0.9925500517306194,0.9638051933098913,0.03296417712421833,0.0015100687150288155,0.03526069932603115,0.011753566442010385,0.9675732202234842,0.8749322483073824
v2-gen-noul-13-004,generated,noul,範囲の開閉境界,True,0.0006160582686979521,7.585881263991956e-07,,,0.9993841314562347,0.9925434697565204,0.004162064775794847,3.450171877266571e-05,,,0.9958465846118727,0.9611606611517357
v2-gen-choice-15-045,generated,choice,文章内の順序参照,True,0.007987235181923295,0.00010954211414127764,,,0.9920445780248013,0.9751367787798094,0.03476607330908823,0.0017615330482020062,,,0.9658313235591617,0.9098594395472572
v2-gen-choice-12-003,generated,choice,条件付き不足書類,True,0.031156090663390524,0.0013535447192721398,,,0.9693242588003637,0.9071712409328576,0.09630524353979346,0.011671474245595732,,,0.9081867556148003,0.771752155255794
v2-gen-noul-10-022,generated,noul,条件付き義務,False,1.805523945207501,1.396493814502868,,,0.8356116964544201,0.35529483287262886,1.4673739630674012,1.1841679417681892,,,0.7694699285118909,0.2210658066328598
v2-gen-noul-01-017,generated,noul,事実と否定質問,True,0.007274970524817176,0.00010508359154913862,,,0.9927514280182529,0.93805703018341,0.025735055288760713,0.0012910039868589808,,,0.9745932687378032,0.829194200229738
v2-gen-choice-01-026,generated,choice,問い合わせ経路,True,4.414245199793728e-05,3.037700114718644e-09,,,0.9999558585222658,0.999623856824224,0.0007376982061020342,7.960933655888161e-07,,,0.9992625738263229,0.9951437689251464
v2-gen-score-07-022,generated,score,証拠の最高到達段階,True,0.0025036807986274032,7.927540876846465e-06,0.0015048701560402833,0.00025081169267338055,0.9974994507960936,0.989134511088454,0.017378536706682848,0.00036599482129203174,0.008170420429388425,0.0013617367382314043,0.9827715990907931,0.9412569051705134
v2-gen-noul-04-035,generated,noul,例外の優先,True,0.03275962489759253,0.00207739629108511,,,0.967771159723897,0.7945509117040465,0.07723498394990698,0.01104921102758933,,,0.9256723099121554,0.6181299497846452
v2-gen-noul-05-042,generated,noul,締切の境界,True,0.0006596036318331681,8.695801663589823e-07,,,0.9993406138588206,0.9920815583640114,0.004377812423689874,3.816310728976429e-05,,,0.9956317562287709,0.9594702533926714
v2-gen-score-04-026,generated,score,独立チェックの合計,True,0.03424172810420547,0.002266275921727479,0.0336621146225804,0.0336621146225804,0.9663378853774196,0.7875628987149795,0.07975275066933303,0.011752096251137684,0.07665538549618567,0.07665538549618567,0.9233446145038143,0.6097168288524826
v2-gen-score-02-010,generated,score,記述の満足段階,True,0.012225603228121086,0.0002560165950732143,0.012385218771200801,0.0030963046928002003,0.9878488258368553,0.9551138849173465,0.0446977447701846,0.0030263318914625424,0.04460331016676955,0.011150827541692387,0.9562864807451904,0.8668129921412681
v2-gen-score-11-038,generated,score,時刻順の評価更新,False,1.6665056042389,1.3157468691538874,0.8110939739493468,0.8110939739493468,0.8110939739493468,0.30082266653458667,1.3725084692948548,1.1146130699453571,0.7465296611472839,0.7465296611472839,0.7465296611472839,0.18326770945721937
v2-gen-score-06-028,generated,score,約束時刻からの遅れ,False,3.469410888413185,1.5983743634541963,1.8167951697493505,0.3633590339498701,0.8016580426746233,0.6075471882538565,2.7980217407416514,1.374204460181008,1.6798121745309529,0.3359624349061906,0.6770597840380288,0.4273870824878404
v2-gen-noul-13-030,generated,noul,範囲の開閉境界,True,0.0003101851651867449,1.923699953725909e-07,,,0.9996898629372579,0.9959380487530224,0.0025044289992613524,1.251295869030037e-05,,,0.9974987044666513,0.974776940867025
v2-gen-choice-01-039,generated,choice,問い合わせ経路,True,2.03727150501938e-05,8.30078125945432e-10,,,0.9999796274924722,0.9996531438544891,0.0003330280983530033,2.2174157216348425e-07,,,0.9996670273493488,0.9956730991457767
v2-gen-noul-08-047,generated,noul,集合と否定所属,True,5.023654569885082e-05,5.0471674899534085e-09,,,0.9999497647161353,0.9992101205786053,0.0006501129794376729,8.447444439580609e-07,,,0.9993500982982181,0.9921818664574473
v2-gen-score-06-036,generated,score,約束時刻からの遅れ,True,0.3291512873205447,0.1168551429388823,0.13286357383958425,0.022143928973264042,0.7195341521184496,0.5669789815502508,0.49604258247365013,0.21574108016136725,0.21410593689207058,0.035684322815345094,0.6089357105319592,0.43881446879725283
v2-gen-score-14-045,generated,score,参照表の順序尺度,True,0.000866511440106628,1.5003835826549138e-06,0.0008661361274808579,0.0008661361274808579,0.9991338638725192,0.9899396654663609,0.005356936030609572,5.7087032371203134e-05,0.0053426132356368256,0.0053426132356368256,0.9946573867643632,0.9519855449354704
v2-gen-score-07-010,generated,score,証拠の最高到達段階,True,0.007725000492137256,0.00011843341761734943,0.00769523936006377,0.00769523936006377,0.9923047606399362,0.9349063712686274,0.026894819556553304,0.0014083583457926707,0.026536374524345555,0.026536374524345555,0.9734636254756545,0.8232872127153155
v2-gen-score-06-016,generated,score,約束時刻からの遅れ,False,1.2675547625621695,0.6933849368492598,0.32929572994123024,0.047042247134461465,0.37609791665558334,0.25909969012913225,1.35837341423126,0.7021110854299515,0.3592773174017285,0.05132533105738979,0.31865265126419035,0.18954870653872502
v2-gen-score-11-045,generated,score,時刻順の評価更新,True,0.06044234322246819,0.00688010422579887,0.0586519574515586,0.0586519574515586,0.9413480425484414,0.6779297128373858,0.12022802642888503,0.02566552405154656,0.11328178152630408,0.11328178152630408,0.8867182184736959,0.49026387319960774
v2-gen-noul-07-017,generated,noul,識別文字列の完全一致,True,0.0006706584069647868,8.989623325225138e-07,,,0.999329566434118,0.9919649681451767,0.004431983988761785,3.911130309908851e-05,,,0.9955778227591441,0.959048304561476
v2-gen-noul-10-030,generated,noul,条件付き義務,False,1.7157967104559684,1.3453891563319773,,,0.8201796011642747,0.3203160123130828,1.406139800329916,1.1397856254297554,,,0.7549124536758403,0.19660118159062057
v2-gen-score-11-004,generated,score,時刻順の評価更新,False,1.6963677551647576,1.3173859657831946,1.623101881086015,0.8115509405430075,0.8064501629762281,0.5164076529775092,1.414844368381666,1.1046232887265655,1.4855310935524568,0.7427655467762284,0.7284945168496827,0.3846503169091159
manual_v2_choice_041,manual,choice,meaning,True,9.14189330187372e-05,1.0470033370111582e-08,,,0.9999085852455646,0.9994426465933933,0.0015406599615123081,2.8749667987247015e-06,,,0.9984605262457873,0.9927689584015394
v2-gen-noul-14-039,generated,noul,予定時間の重なり,True,0.002795177265726633,1.5582425496424282e-05,,,0.9972087256049947,0.9722950942972997,0.012725676570812819,0.0003197944541128953,,,0.9873549524691899,0.9021422709074598
v2-gen-choice-11-039,generated,choice,小数量の比較,True,0.003534628322477532,2.152045351196604e-05,,,0.9964716111226735,0.9772357436923041,0.01717898425058211,0.00047802594045001645,,,0.9829677331460431,0.9131635612662534
manual_v2_noul_035,manual,noul,disjunction,True,0.6360437289600858,0.44296134664187553,,,0.5293826678489861,0.0024925117987606438,0.6504843560258079,0.4573639041870993,,,0.5217929819695767,0.0013708042555624633
v2-gen-noul-09-006,generated,noul,重複を除いた件数,True,0.0053765206515248125,5.7504083383607883e-05,,,0.9946379069672557,0.9518387087723604,0.020605405220311106,0.0008318765218207833,,,0.9796054355057434,0.8563497853610328
manual_v2_score_057,manual,score,count,True,0.0020041613738864556,5.829300954868604e-06,0.0013995219559808092,0.0002799043911961618,0.9979978456165184,0.990731864318796,0.01355362328914782,0.00024399180748226792,0.008885350459755692,0.0017770700919511385,0.9865378134969053,0.9504493306796928
v2-gen-noul-11-038,generated,noul,参照関係の真偽,True,0.0836496974753872,0.012879036317964797,,,0.9197533916044897,0.5969524653285849,0.15183873296810024,0.03969050658704465,,,0.8591268184020737,0.4134789645709075
v2-gen-noul-10-019,generated,noul,条件付き義務,True,0.001062353943075879,2.2547953494682737e-06,,,0.9989382101550993,0.987979249001746,0.0062281752072361725,7.709889969944952e-05,,,0.9937911796732612,0.945550681437138
v2-gen-noul-10-046,generated,noul,条件付き義務,True,0.01871055875310273,0.0006872112923231177,,,0.9814633971245657,0.8668567786069029,0.05139129346089915,0.0050186362447967574,,,0.9499069054419835,0.7132077154856045
v2-gen-score-13-002,generated,score,取消しを反映した件数,True,0.5862936625375581,0.3169049348553487,0.21626036355996758,0.03089433765142394,0.5563856208041459,0.48954862644379515,0.7444803916499941,0.3952284171369326,0.12512044605943817,0.017874349437062596,0.4749810399447273,0.3639738993924766
manual_v2_noul_018,manual,noul,comparison,True,0.0013985779189473822,3.906573558436177e-06,,,0.9986023996353686,0.9847318885273918,0.0076319434763647805,0.0001156079987201074,,,0.9923971058563167,0.9355545822000494
v2-gen-noul-10-033,generated,noul,条件付き義務,False,1.240653279944668,1.0104868399183724,,,0.7108047692293477,0.13232059751412528,1.0810304928199068,0.8731923441929902,,,0.6607542448569628,0.07590488489530878
v2-gen-choice-02-003,generated,choice,条件と優先例外,True,0.0017704061983275967,6.257589563658637e-06,,,0.9982311600462932,0.9812778919740609,0.00908404413227764,0.00016354840114988557,,,0.9909570911441649,0.9256207221037612
v2-gen-choice-11-011,generated,choice,小数量の比較,True,0.03899700525168599,0.002925575854911789,,,0.9617535893519942,0.7658065451313802,0.08762894762355633,0.014078173327830462,,,0.9161007350216033,0.5842283660880694
v2-gen-score-04-005,generated,score,独立チェックの合計,True,0.11164036107852307,0.022317147952565477,0.10563415156228001,0.10563415156228001,0.89436584843772,0.5133948631586929,0.18668516100400034,0.058000829408393274,0.170295081268358,0.170295081268358,0.8297049187316421,0.34162064519378776
v2-gen-score-11-037,generated,score,時刻順の評価更新,True,0.008123902182417089,8.508921346346057e-05,0.009125084319030474,0.0013035834741472105,0.9919090075321838,0.9717953438656532,0.04119697247969352,0.002022003870189133,0.036833752283406795,0.005261964611915256,0.9596400886425696,0.8874290071882819
v2-gen-noul-07-033,generated,noul,識別文字列の完全一致,True,0.0055152088955601804,6.050061715236402e-05,,,0.9944999719476914,0.9508018881423629,0.020995100710246524,0.0008633041259910842,,,0.9792237620586512,0.8542230066848471
v2-gen-choice-10-022,generated,choice,不在時の代理,True,0.000873877153828456,1.149053397219962e-06,,,0.9991265045656115,0.9951203312288732,0.00706821382334991,6.923785699476282e-05,,,0.992956707249584,0.9690023392305341
v2-gen-noul-09-048,generated,noul,重複を除いた件数,True,0.06353187597643997,0.007578231796527475,,,0.938444204998524,0.6664098665312053,0.12461917328172874,0.027456190694583917,,,0.8828330449858325,0.47883783834151217
v2-gen-score-15-028,generated,score,軽重のある項目,True,0.0014183850538202244,3.0325001680139218e-06,0.0024245658187529795,0.0004849131637505959,0.9985826203788405,0.993210013157419,0.010417551081523771,0.00014697822142965142,0.021117215058415125,0.004223443011683025,0.9896365236653649,0.9604146761221487
v2-gen-choice-15-040,generated,choice,文章内の順序参照,True,0.0012056589326183463,2.353828042785308e-06,,,0.9987950675821069,0.9947511826452534,0.00867339245000717,0.00010964336948792758,,,0.991364112907067,0.9697412418749861
v2-gen-choice-04-030,generated,choice,参照先の担当,True,0.0005919345073751298,4.663711115899037e-07,,,0.9994082406512929,0.9970177267271813,0.005908141699636088,4.3678439353365786e-05,,,0.9941092770485085,0.9767520983324138
v2-gen-noul-06-034,generated,noul,更新後の状態,True,0.002044448898964461,8.34247230767801e-06,,,0.997957639563192,0.9788069004455641,0.01010267035522442,0.00020207776054990956,,,0.9899481901990261,0.9188635937074634
v2-gen-choice-13-047,generated,choice,工程の依存順,True,0.0029759210446864454,1.4555098913931777e-05,,,0.9970285026190996,0.989089366662854,0.01742628924639896,0.00043094548182226797,,,0.9827246703714674,0.9477577406535461
v2-gen-score-15-016,generated,score,軽重のある項目,False,1.8425776510614864,1.0786014636483345,1.1369420771278413,0.16242029673254876,0.5728018649977689,0.44170578920516534,1.6935404332844746,0.9485900278499063,1.1293475129259285,0.16133535898941836,0.4767856604306158,0.34593786011232064
v2-gen-score-01-034,generated,score,件数の段階境界,True,0.0007820713247028402,7.583861533592409e-07,0.00046796199862253474,7.799366643708912e-05,0.9992182344133674,0.9960887520688195,0.007566484419607522,6.867072957694084e-05,0.005656104924177008,0.0009426841540295013,0.9924620693609963,0.9707288823366771
v2-gen-choice-08-011,generated,choice,改訂と例外の優先,True,0.0004165679321480966,3.469131462110865e-07,,,0.9995835188202264,0.9947224106100314,0.003115507846621311,1.9352407391363354e-05,,,0.9968893403118178,0.969611926440652
v2-gen-score-04-023,generated,score,独立チェックの合計,True,0.0008406135076768951,1.0320848929237884e-06,0.0014383987462787463,0.00028767974925574924,0.999159739708878,0.9956977428869344,0.007166189306311638,6.853073939472311e-05,0.014311910238328764,0.0028623820476657525,0.9928594266022681,0.9711084118322114
v2-gen-score-14-016,generated,score,参照表の順序尺度,True,0.0017377205373922614,3.69185633469627e-06,0.00032753382977457335,4.6790547110653335e-05,0.9982637884247627,0.992455327223196,0.01403397907415275,0.0002309771356813253,0.007970914475440516,0.0011387020679200738,0.9860640381505401,0.9526877350927045
v2-gen-score-01-018,generated,score,件数の段階境界,True,0.0006176334705981516,5.266995032609687e-07,1.749495420644287e-05,4.3737385516107175e-06,0.9993825572256917,0.9963612714586647,0.005615122324068033,4.192407820644124e-05,2.9286919472237827e-05,7.321729868059457e-06,0.9944006130095718,0.9743142111913332
v2-gen-choice-14-048,generated,choice,二属性照合,True,0.003986693807678996,2.6526983724604518e-05,,,0.9960212425060253,0.9840850663454311,0.02026899801117026,0.0006143661249145209,,,0.9799350372734581,0.9347070219916586
v2-gen-noul-03-016,generated,noul,いずれかの条件,True,0.013108682168895667,0.0003392042256352048,,,0.9869768624050269,0.8997734264282236,0.03962835843557719,0.0030191772992819907,,,0.9611465748016859,0.762989738336089
v2-gen-choice-13-025,generated,choice,工程の依存順,True,0.12932207631086998,0.023961602464435336,,,0.8786909144378846,0.7611341940673251,0.2587648646163219,0.07589066779820547,,,0.7720045272845568,0.5941228980499875
manual_v2_noul_059,manual,noul,conditional,True,0.0025694752920808186,1.3170528954827833e-05,,,0.9974338229840064,0.9742176042693086,0.011959288767462778,0.000282651974507701,,,0.9881119392980247,0.9069351699436332
v2-gen-noul-13-018,generated,noul,範囲の開閉境界,True,0.002286956765797233,1.043645202875606e-05,,,0.9977156563274371,0.976665313916589,0.010974225614451183,0.00023824076641539986,,,0.9890857715248534,0.9132052602263424
v2-gen-noul-06-015,generated,noul,更新後の状態,True,0.014031452511047171,0.0003882831999749912,,,0.9860665295067059,0.8941349026010083,0.04164990212912207,0.0033283763231179825,,,0.959205537611595,0.7540770127674508
v2-gen-score-05-001,generated,score,緊急条件の加点,True,0.002260405486128432,6.6341930105638595e-06,0.0014484147837054984,0.0002896829567410997,0.9977421473065413,0.9893288663659032,0.015722188759675237,0.00030579323760728205,0.014478048615674588,0.0028956097231349178,0.9844007596672474,0.9422925545025861
manual_v2_noul_026,manual,noul,scope,True,0.0012099354345561377,2.924347455764549e-06,,,0.9987907962421981,0.9865372702881526,0.006856882739806816,9.339147533801557e-05,,,0.9931665720411342,0.9410211664029657
v2-gen-noul-15-036,generated,noul,出来事の前後関係,True,0.12329647517486515,0.026911285818122965,,,0.8840015391952916,0.4822518830128788,0.20040973227718667,0.06596048953862452,,,0.8183953613772152,0.3164251582673471
v2-gen-choice-07-020,generated,choice,複数属性の制約,True,0.00039431962484789886,1.8877242327143294e-07,,,0.9996057581089177,0.9978799737073147,0.004591517952693326,2.514046258805622e-05,,,0.9954190069512715,0.9810018655973712
manual_v2_choice_007,manual,choice,priority,True,0.0006713314701085124,7.967333557148589e-07,,,0.9993288938224447,0.9971364105570673,0.005439420460844221,4.590297051652474e-05,,,0.9945753464001101,0.9811883316644628
v2-gen-choice-09-049,generated,choice,利用可能集合の差,True,0.000259083295236169,1.1227920480513099e-07,,,0.9997409502639425,0.9981542146958475,0.002640675508694484,1.0748456399041245e-05,,,0.997362808007923,0.9852745607272397
v2-gen-score-14-001,generated,score,参照表の順序尺度,True,0.0004664885433551164,3.025904176537902e-07,0.0010052577827668083,0.00016754296379446805,0.9995336202455085,0.9976103347935469,0.0048965945210167556,3.0576946754427534e-05,0.012344969940967442,0.0020574949901612403,0.9951153742545524,0.9803137640201184
v2-gen-choice-06-005,generated,choice,時間枠の包含,True,0.013760841848027982,0.00024096575789981425,,,0.9863334057321843,0.9441557682774407,0.05716344805959182,0.0039396841147345445,,,0.944439689915638,0.8208958506043529
v2-gen-noul-07-009,generated,noul,識別文字列の完全一致,True,0.004085778279187294,3.325108027954852e-05,,,0.9959225571567741,0.9617622734779524,0.01683490562510259,0.0005573786358884446,,,0.9833060095260533,0.877547699568758
v2-gen-noul-12-031,generated,noul,記録と主張の照合,True,0.002564292250034524,1.3117516383358816e-05,,,0.9974389927388468,0.9742620843981885,0.011941484446535398,0.00028181601553607,,,0.9881295321167177,0.9070473799332394
v2-gen-noul-08-023,generated,noul,集合と否定所属,True,0.0260136009184981,0.0013187360231398698,,,0.974321837846724,0.8277682007229772,0.065328884694476,0.007998765467151508,,,0.9367593269044695,0.6598229336502126
v2-gen-score-14-006,generated,score,参照表の順序尺度,True,0.0007363078062507027,6.839844922838109e-07,7.0127191821312e-05,1.7531797955328e-05,0.9992639632018229,0.9956212399891845,0.006757412784373292,5.701295061053474e-05,0.0004929284826944436,0.0001232321206736109,0.9932653671892863,0.9691637975548415
v2-gen-choice-01-002,generated,choice,問い合わせ経路,True,5.0599895618651034e-05,3.356317837482614e-09,,,0.9999494013845345,0.9996538457584553,0.0009453140447318646,1.1248039033887137e-06,,,0.9990551326238313,0.995023372466993
v2-gen-score-13-018,generated,score,取消しを反映した件数,False,1.764740570312657,1.1350556202477387,1.4720298458245973,0.7360149229122986,0.6432610490052888,0.18214491542403388,1.5536476103994796,0.9903569827874845,1.3526399654446066,0.6763199827223033,0.5641151516257094,0.10173641682617873
v2-gen-choice-12-013,generated,choice,条件付き不足書類,True,0.0036597090600451543,1.825884533202855e-05,,,0.9963469795132583,0.9798391657070435,0.020338925447845158,0.0005490870815568872,,,0.9798665153240037,0.9134486077643403
v2-gen-noul-15-010,generated,noul,出来事の前後関係,True,0.013653325731450332,0.00036777658940890894,,,0.9864394581706905,0.8964339379427482,0.04082611470075361,0.0032006328897106534,,,0.9599960446348699,0.7576896760106685
v2-gen-choice-11-030,generated,choice,小数量の比較,True,0.2200867408756012,0.055290743159465916,,,0.802449189798237,0.5063370918268355,0.3754643753260698,0.13612987800708568,,,0.6869701927016169,0.32529285064347246
v2-gen-score-08-001,generated,score,要件への一致数,True,0.002201423061142728,6.83397655011686e-06,0.005076276741158003,0.0008460461235263338,0.9978009982934698,0.9905441335462569,0.015233631742755058,0.0002961756939195783,0.04044148115872803,0.006740246859788006,0.984881813067283,0.9481407692183649
v2-gen-score-02-011,generated,score,記述の満足段階,True,0.005503902329100143,4.779466352913015e-05,0.002877848037220243,0.0005755696074440486,0.9945112163912866,0.978496386043655,0.026815234328842724,0.0010124055480846311,0.008185520627988607,0.0016371041255977214,0.9735411018829038,0.9157396212836807
v2-gen-choice-11-049,generated,choice,小数量の比較,True,0.19857552898853023,0.06487357438252549,,,0.8198978423470092,0.31969952242743027,0.28150056212144525,0.12039276267188602,,,0.7546504914699379,0.19617628122787134
manual_v2_noul_021,manual,noul,priority,True,0.0006177356353880368,7.627233477774679e-07,,,0.9993824551239879,0.992525596302659,0.004170447613481099,3.464054875262233e-05,,,0.9958382366265834,0.961094678453865
v2-gen-choice-08-040,generated,choice,改訂と例外の優先,True,0.0009806986481558694,1.3160695956620318e-06,,,0.9990197820796008,0.9949750884374895,0.008303770963325595,8.829277040215456e-05,,,0.991730610112771,0.966756869393653
manual_v2_noul_044,manual,noul,permission,True,0.00017722963225213177,6.280955256053793e-08,,,0.9998227860719914,0.9975358779740999,0.001654515244266058,5.4657919146711495e-06,,,0.9983468527115421,0.9823409634469932
v2-gen-noul-08-046,generated,noul,集合と否定所属,True,0.0017552555275527372,6.151039389151989e-06,,,0.9982462840325252,0.9814162253725671,0.009026560622204442,0.00016149436212779561,,,0.9910140564733636,0.926006974777003
v2-gen-score-07-043,generated,score,証拠の最高到達段階,True,0.01657284021263799,0.000457065868327202,0.04676752575669063,0.0077945876261151055,0.9835637337898514,0.9512260923941929,0.058534047806521015,0.00487675532213372,0.16166345857002185,0.02694390976167031,0.9431461277961076,0.857476745643433
v2-gen-choice-06-046,generated,choice,時間枠の包含,True,0.016242019419020575,0.0003694608287710749,,,0.9838891709525592,0.9389166519731991,0.06033299639761386,0.004716549232911487,,,0.9414509815959033,0.8213545619858258
v2-gen-score-08-033,generated,score,要件への一致数,True,0.0334420136697618,0.0020922404748711784,0.03128455851249656,0.010428186170832188,0.9671109888226952,0.8917655107456414,0.08350804023917727,0.011796858868501212,0.07140448291079093,0.023801494303596977,0.9198836905566159,0.7787550485193435
v2-gen-noul-14-021,generated,noul,予定時間の重なり,True,0.008694377585608808,0.0001498765906937927,,,0.991343309215012,0.9282498744177852,0.02933268977313635,0.0016711902278909755,,,0.9710933378968535,0.8111211647334083
v2-gen-noul-12-027,generated,noul,記録と主張の照合,True,0.00035680566602186285,2.545297354561333e-07,,,0.9996432579815496,0.9953997157431311,0.002778026603936203,1.5392054565142306e-05,,,0.997225828541245,0.9724402173132805
v2-gen-score-09-044,generated,score,例外による上限,True,0.04742382751383531,0.003281482279075955,0.05676293767757823,0.00810899109679689,0.9536831147798098,0.8864379783829673,0.13690093551343305,0.022227253857861267,0.1895164583185771,0.027073779759796728,0.8720566116936629,0.7292353754787539
v2-gen-noul-03-027,generated,noul,いずれかの条件,True,0.0019104839784724506,7.2859672554692526e-06,,,0.9980913398344036,0.980007660104013,0.009609548566312198,0.0001829219977572907,,,0.990436475603699,0.9221145022124477
v2-gen-noul-05-025,generated,noul,締切の境界,True,0.004333431502357069,3.7394916016654566e-05,,,0.9956759442639661,0.9598166773713946,0.01758061072377085,0.0006073988072724039,,,0.9825730265497361,0.873260860886166
v2-gen-score-10-036,generated,score,不足の段階,False,2.547880531755436,1.3530777829612233,1.2164760440504323,0.20274600734173873,0.6857308303087144,0.5039618171746805,2.1746440595051246,1.158306651998872,1.3044336361212983,0.21740560602021639,0.5680485892527856,0.369900087413395
v2-gen-choice-14-011,generated,choice,二属性照合,True,0.00023570178775562516,7.23018825607884e-08,,,0.9997643259877285,0.9986916792788395,0.0030354513407191814,1.1391295365475106e-05,,,0.9969691509838133,0.9869296363078508
v2-gen-choice-09-002,generated,choice,利用可能集合の差,True,0.0005493774428039011,4.295409105501864e-07,,,0.9994507734373521,0.997283449515861,0.0052685799639398696,3.674956917365843e-05,,,0.994745274661399,0.9794983767678683
v2-gen-noul-10-002,generated,noul,条件付き義務,True,0.008292979883603547,0.0001364118544807149,,,0.9917413120145899,0.9309855068911315,0.02833269209291566,0.0015607379827402693,,,0.9720649146883326,0.8160717165961485
v2-gen-choice-11-041,generated,choice,小数量の比較,True,0.23977014309924927,0.0774169245067015,,,0.7868086936907595,0.4365399459820668,0.36087655673400987,0.14946500138173346,,,0.6970650411413551,0.28778448883358365
v2-gen-noul-08-002,generated,noul,集合と否定所属,True,6.233248021399059e-05,7.770191831332451e-09,,,0.9999376694624147,0.9990393398519899,0.0007628218102278244,1.1629068556075855e-06,,,0.9992374690643627,0.9910028506997288
v2-gen-noul-08-036,generated,noul,集合と否定所属,True,5.535584685829684e-05,6.128200323256446e-09,,,0.9999446456852483,0.9991373805112373,0.0006985873418606126,9.753669710339344e-07,,,0.9993016566134652,0.9916715798539039
v2-gen-noul-07-040,generated,noul,識別文字列の完全一致,True,0.002586358058546314,1.3343946578936823e-05,,,0.9974169836838556,0.9740728246602315,0.012017217015649862,0.0002853803190909698,,,0.9880547013622311,0.9065703593883386
v2-gen-choice-12-011,generated,choice,条件付き不足書類,True,0.010271884113022522,0.00019801133965728724,,,0.9897806915176774,0.9666673497317161,0.036820325496629475,0.0022876545812534023,,,0.9638492989361572,0.9018627754503368
v2-gen-noul-13-034,generated,noul,範囲の開閉境界,True,0.0003682098484491274,2.710571637592109e-07,,,0.9996318579324777,0.9952694188987998,0.0028434986228784258,1.6125062887050167e-05,,,0.9971605402902092,0.9718870412271214
v2-gen-score-07-001,generated,score,証拠の最高到達段階,True,0.012372284157904541,0.0002060566476075107,0.0290479107401111,0.004841318456685183,0.987703937879006,0.9573995680290924,0.05499127096986251,0.003628930494745104,0.14427488508467398,0.024045814180778998,0.9464934098869243,0.850133988145407
v2-gen-noul-09-015,generated,noul,重複を除いた件数,True,0.0037854128047084424,2.8550454357245342e-05,,,0.996221742838474,0.964151784403328,0.015914017165131453,0.0004985255666051331,,,0.9842119417500895,0.8829115225963651
v2-gen-score-15-001,generated,score,軽重のある項目,True,0.0012513552012162702,2.424584490894234e-06,0.0022739900382879453,0.0003789983397146576,0.9987494274172249,0.9944291301030943,0.00949635231986202,0.00012343745109433021,0.021229415255714236,0.0035382358759523725,0.9905485956407486,0.9661343193232796
v2-gen-score-15-006,generated,score,軽重のある項目,True,0.05791546490865805,0.006009183556597912,0.061065192822399084,0.015266298205599771,0.9437297223431419,0.8563794849588593,0.1283175199036793,0.025510720559826568,0.1474277154527126,0.03685692886317815,0.8795740525326722,0.7320850487229473
v2-gen-noul-03-049,generated,noul,いずれかの条件,True,0.0009757389717281883,1.9022762021034035e-06,,,0.999024736906752,0.9888391747636639,0.005848556189045211,6.801247374767902e-05,,,0.9941685133221588,0.948330690391061
v2-gen-choice-05-034,generated,choice,否定条件で選択,True,0.0014361615381451496,3.362026107460064e-06,,,0.998564869248319,0.9938986141381968,0.00978018316126165,0.00014053838871841662,,,0.990267487294897,0.9666995843436577
v2-gen-choice-11-004,generated,choice,小数量の比較,True,0.003949911993203364,2.1815347555126606e-05,,,0.9960578786483487,0.981328244722777,0.022067171140284086,0.0006390578486253508,,,0.9781745277459919,0.9183902585426035
v2-gen-choice-07-041,generated,choice,複数属性の制約,True,0.00016372956337156803,3.779504889662175e-08,,,0.9998362838395819,0.9989001151743386,0.002107877183123257,5.943457268510597e-06,,,0.9978943428298741,0.9890371523895973
v2-gen-score-08-047,generated,score,要件への一致数,True,0.0019146989728207973,5.22283733550478e-06,0.003814352044389169,0.0012714506814630563,0.9980871328939132,0.9887131932501791,0.012303338547218351,0.0002092477231655498,0.02440436487413414,0.008134788291378047,0.9877720380777582,0.9437318277849492
v2-gen-score-10-010,generated,score,不足の段階,True,0.04083809463053894,0.0032024734348068233,0.04001545598145062,0.04001545598145062,0.9599845440185494,0.7576369503091895,0.09060290554852674,0.015005931981018853,0.08661966283996625,0.08661966283996625,0.9133803371600338,0.5749151074936156
v2-gen-score-13-043,generated,score,取消しを反映した件数,True,0.0008502666053092842,9.178875925351519e-07,0.0023467831930155114,0.0003911305321692519,0.999150094768912,0.995806258986615,0.00797714137617482,7.707543771183794e-05,0.023814651639899154,0.003969108606649859,0.992054591580603,0.9694589202350296
v2-gen-score-13-015,generated,score,取消しを反映した件数,False,1.34280856655791,0.7014801573717886,0.6051353208014381,0.10085588680023967,0.3168511079200733,0.1655733661355573,1.4288422655814321,0.7195185528672263,0.7844445379882847,0.1307407563313808,0.2765372739446818,0.11680027532502546
v2-gen-score-10-026,generated,score,不足の段階,True,0.010861475100929293,0.00021294538731899735,0.012036031041206208,0.004012010347068736,0.989197297740711,0.9541446894737458,0.03892699362040678,0.0024704823853624854,0.04676588619191868,0.015588628730639561,0.9618209256468078,0.8673302775861503
v2-gen-noul-07-028,generated,noul,識別文字列の完全一致,True,0.002366385949338023,1.1173098976129657e-05,,,0.9976364117346574,0.9759722479537856,0.011254277497986185,0.00025048524455119814,,,0.9888088149744722,0.9114096235799707
manual_v2_score_044,manual,score,boundary,True,0.0008326820407836715,9.65318836200245e-07,0.00028379772064890396,9.459924021630133e-05,0.9991676645427022,0.9945447812528669,0.0067622541473506695,6.229569492479987e-05,0.002693202163177366,0.0008977340543924554,0.9932605584427513,0.9658163129234406
manual_v2_choice_047,manual,choice,arithmetic,True,0.001506068346877561,3.1691256467287735e-06,,,0.9984950652049149,0.9927597127813715,0.010993604246368631,0.00015896289787823117,,,0.9890666045814674,0.9585996734737576
v2-gen-noul-05-047,generated,noul,締切の境界,True,0.00018341801828035233,6.727199902004217e-08,,,0.999816598801776,0.9974589265039872,0.0016971187598826198,5.750657717557e-06,,,0.9983043205318285,0.9819488273985574
v2-gen-choice-04-021,generated,choice,参照先の担当,True,0.00040296580499308047,2.116537534885598e-07,,,0.9995971153748223,0.9977077003125344,0.004404284258792746,2.426756836433173e-05,,,0.9956054003779422,0.9806117135560233
v2-gen-score-15-018,generated,score,軽重のある項目,True,0.013163603963315543,0.00027594794710718507,0.016499717205131548,0.008249858602565774,0.9869226573532257,0.9297081410014348,0.046304897740286774,0.0032087747670964673,0.05958095169137256,0.02979047584568628,0.9547508164416596,0.8065428841812047
v2-gen-choice-11-046,generated,choice,小数量の比較,True,0.06827825803557724,0.006671667457361162,,,0.9340005442585064,0.7902729418626371,0.15792954488850736,0.03173582794890874,,,0.8539099421693402,0.6145290280614477
manual_v2_score_040,manual,score,insufficient,True,0.00017396044270195517,4.3844993929067765e-08,0.00014423919476347358,4.8079731587824526e-05,0.9998260546875385,0.9986706774494445,0.0021015210836147617,6.1556531549966184e-06,0.0016590053212079958,0.0005530017737359986,0.9979006855657736,0.9876207610196327
v2-gen-noul-09-032,generated,noul,重複を除いた件数,True,0.00860611136526045,0.0001468618561415253,,,0.9914308152038387,0.9288490108959055,0.02911389157657522,0.001646710254400619,,,0.9713058346139793,0.8121997151180396
v2-gen-choice-09-047,generated,choice,利用可能集合の差,True,0.00045870189490187585,3.6647804898082746e-07,,,0.9995414032927284,0.9978110489431364,0.004119412133597875,2.611253808112368e-05,,,0.995889061005788,0.984195077775869
v2-gen-choice-01-025,generated,choice,問い合わせ経路,True,0.000120910870247844,1.8569081839308915e-08,,,0.9998790964391768,0.9992290145203083,0.0018100285746134844,4.077703014030661e-06,,,0.9981916085392171,0.9911293440915981
v2-gen-choice-13-009,generated,choice,工程の依存順,True,0.018808075720196674,0.000668576524472577,,,0.9813676924572546,0.9306205431472631,0.055492632507424526,0.005295726402230581,,,0.9460189934326702,0.8332650533081032
v2-gen-noul-12-043,generated,noul,記録と主張の照合,True,0.00025080713048177916,1.2577688436473856e-07,,,0.9997492243189973,0.9966386456395666,0.0021397814625002194,9.13775916657858e-06,,,0.9978625062378362,0.9779602673188134
v2-gen-choice-06-033,generated,choice,時間枠の包含,False,3.028997145450549,1.4573014573781062,,,0.7328210927105117,0.4863698509402964,2.5568529158526734,1.2200910891269245,,,0.5816622481735972,0.29468408837962456
v2-gen-noul-02-038,generated,noul,全条件の充足,True,0.00010009058180613577,2.003424380981782e-08,,,0.999899914427089,0.998525829468603,0.0010835060449672085,2.345428265717496e-06,,,0.9989170807357616,0.9877708394447247
v2-gen-score-15-021,generated,score,軽重のある項目,True,0.07358120431744469,0.009570027351394932,0.07717403419394575,0.01543480683878915,0.9290606989883317,0.846872393570637,0.15278536991590236,0.035237695031601804,0.1780674803601201,0.03561349607202402,0.8583139220325002,0.7279894211492738
v2-gen-noul-05-043,generated,noul,締切の境界,True,0.00013827511438877516,3.8234727302545015e-08,,,0.9998617344451742,0.9980279369348592,0.0013766302741383956,3.7850082767896585e-06,,,0.9986243168466559,0.9849399311307813
v2-gen-choice-13-029,generated,choice,工程の依存順,True,0.005465742274225038,5.4790644315951974e-05,,,0.9945491677179857,0.9777749131358344,0.023645707639859844,0.0009260537384493905,,,0.9766316616066203,0.9221022744351872
v2-gen-noul-09-024,generated,noul,重複を除いた件数,True,0.004215619046725379,3.5393420415902915e-05,,,0.9957932542021235,0.9607395524988562,0.01722733121433238,0.0005834383989522,,,0.9829202107894711,0.8752856021519526
v2-gen-choice-03-034,generated,choice,最終更新,True,0.0016010901804774187,3.351430220561916e-06,,,0.9984001908806163,0.9932034199070113,0.012380343088403818,0.0001893224687399506,,,0.9876959780736906,0.9588058780546866
v2-gen-score-06-047,generated,score,約束時刻からの遅れ,True,0.6770787128309235,0.36850859687478993,0.1417453051650348,0.047248435055011605,0.5080991299056761,0.24658239715768027,0.7822728857325777,0.43847169081372345,0.13911618373766732,0.04637206124588911,0.457365289990745,0.19309490550625752
v2-gen-noul-05-018,generated,noul,締切の境界,True,0.0009354043970688802,1.7483267420730143e-06,,,0.9990650329572458,0.989243375026592,0.00566878367555419,6.39070846198724e-05,,,0.994347253560442,0.9496597942087397
v2-gen-noul-07-039,generated,noul,識別文字列の完全一致,True,0.0067401080706940624,9.024812093118013e-05,,,0.993282555510792,0.9418557463256231,0.024331000738916524,0.0011555920492687325,,,0.9759626119423436,0.8364546317046266
v2-gen-choice-10-014,generated,choice,不在時の代理,True,0.036126205342803384,0.0017118037041883606,,,0.9645185584061722,0.8622811086089966,0.10796644167059503,0.01411616262392974,,,0.8976577198184413,0.6822715505563643
v2-gen-score-07-008,generated,score,証拠の最高到達段階,True,0.001465639774697292,2.879335260539556e-06,0.0021153105171869413,0.0003525517528644902,0.998535433750746,0.9932997352596178,0.011562823219797432,0.0001664520122172529,0.018702721997067018,0.003117120332844503,0.9885037693076103,0.9585408196387856
v2-gen-score-09-020,generated,score,例外による上限,True,0.009626258079082762,0.0001336753853605527,0.017587319357204922,0.004396829839301231,0.9904199260310295,0.9603122029345028,0.04190212142901026,0.0023011140311535515,0.08349024537064675,0.02087256134266169,0.9589636379696113,0.8636131014827627
manual_v2_score_012,manual,score,extraction,True,0.00026039364595660855,1.0000700862931634e-07,0.0004789352219394566,0.00011973380548486415,0.9997396402535264,0.9983449835253472,0.002899442183439112,1.1592912354720647e-05,0.005866332770381194,0.0014665831925952985,0.9971047571395033,0.9856373726033517
v2-gen-score-04-044,generated,score,独立チェックの合計,True,0.007512976438600599,8.390985018218134e-05,0.002962868383948436,0.0005925736767896872,0.9925151754233402,0.9713714682201282,0.034768864613253965,0.0016195213401280285,0.006938832546543594,0.0013877665093087188,0.9658286276339274,0.8941077864394192
v2-gen-choice-11-034,generated,choice,小数量の比較,False,3.2328691849442714,1.7725056001526214,,,0.9215515638529574,0.7705866719559147,2.536700879309719,1.5211990523191161,,,0.8181542989062298,0.5606967760656312
manual_v2_choice_005,manual,choice,history,True,0.0017727660106758806,4.120172320779442e-06,,,0.9982288044108547,0.9914750991647703,0.01285725074043164,0.00020848337636806465,,,0.987225050607252,0.9518831162001294
v2-gen-noul-14-027,generated,noul,予定時間の重なり,True,0.017641700654713374,0.0006115901236211419,,,0.9825130030648321,0.8729118456330449,0.04923250515864415,0.004615727702690628,,,0.9519597684087044,0.7219870592500284
v2-gen-score-10-039,generated,score,不足の段階,True,0.0009037002923307901,1.404800599537401e-06,0.0010541926005125987,0.0005270963002562993,0.9990967079218014,0.9930439227184478,0.0062899715121929696,6.457601788709522e-05,0.007731679687959558,0.003865839843979779,0.9937297689479563,0.9622639249908491
v2-gen-choice-07-036,generated,choice,複数属性の制約,True,0.00011694710605170208,2.117690424761226e-08,,,0.9998830597319945,0.9988613156986862,0.0014407081801254215,3.1660041576739007e-06,,,0.9985603291416856,0.9892438733057883
v2-gen-choice-13-030,generated,choice,工程の依存順,True,0.000767828148982048,8.553643939514092e-07,,,0.9992324665556188,0.9965765138670869,0.006758498344728637,6.064380940975891e-05,,,0.9932642889403666,0.9761348090694866
v2-gen-choice-15-006,generated,choice,文章内の順序参照,True,0.010211366888696661,0.0001934557310116457,,,0.98984059211031,0.9709873149314987,0.038141627749915925,0.0023523148246563726,,,0.9625766036783604,0.9091168883181397
v2-gen-noul-10-048,generated,noul,条件付き義務,False,1.105846851682711,0.8953079529060333,,,0.669069485519267,0.08412574871058975,0.9877445165658957,0.787724052117033,,,0.6275842780523716,0.047491094824332225
v2-gen-choice-04-017,generated,choice,参照先の担当,True,0.04165862470521746,0.0022938064751687184,,,0.9591971709047917,0.8761430629055338,0.12803877858264037,0.018652515645729742,,,0.879819260339213,0.6996728779300792
v2-gen-score-14-028,generated,score,参照表の順序尺度,True,0.0008959594055771123,1.0507666929371272e-06,0.0019657969973279066,0.0003931593994655813,0.9991044418462071,0.9953026623989929,0.007961944799724797,7.903822047886133e-05,0.019146730728579975,0.003829346145715995,0.9920696675285977,0.9676046557233827
v2-gen-score-09-035,generated,score,例外による上限,True,0.01971613720147838,0.0006305637440711725,0.018900471896035276,0.003780094379207055,0.980476954740272,0.9383887600945091,0.06682869489555589,0.0062137377614774805,0.06649335677805523,0.013298671355611047,0.9353554187710575,0.8289225722711246
v2-gen-score-12-005,generated,score,目標からの差,True,0.10887192505782417,0.018567408770458774,0.07503715202187156,0.025012384007290518,0.8968452735495379,0.7269497167083878,0.20803698212168256,0.05780510687678714,0.11618003504988783,0.03872667834996261,0.8121770001278876,0.5683699175216423
v2-gen-noul-03-025,generated,noul,いずれかの条件,True,0.0006275442591737058,7.871295066657919e-07,,,0.9993726526055423,0.9924212104599047,0.004219349004189654,3.545594779044232e-05,,,0.9957895399425691,0.9607102605168667
v2-gen-choice-05-050,generated,choice,否定条件で選択,True,0.0028107572256514386,1.0741258589773195e-05,,,0.9971931892540413,0.9888728915857017,0.018784192186232694,0.00043696878251932596,,,0.9813911312657683,0.9411240643873918
v2-gen-score-04-014,generated,score,独立チェックの合計,True,0.0012231225902290396,2.111521170165019e-06,0.001956448157663715,0.0006521493858879049,0.9987776251193284,0.9923484061935277,0.008944361794855686,0.00010953533652900392,0.015047820650359256,0.005015940216786419,0.9910955200147498,0.9567099008213802
v2-gen-score-09-023,generated,score,例外による上限,True,0.6648453150342916,0.3485115468594981,0.6599204875575881,0.09427435536536974,0.5143530842425714,0.4352322969809598,0.8266020346012222,0.4340586515279649,0.7915363843545689,0.11307662633636698,0.43753348691167404,0.3286253720092517
manual_v2_score_059,manual,score,meaning,True,0.0026553741817184158,9.947644322523683e-06,0.0011088197756650153,0.00036960659188833844,0.9973481482058619,0.9848979313055806,0.01581381187564275,0.0003407025645327447,0.007053489268238122,0.0023511630894127076,0.9843105699340812,0.9302481858976965
v2-gen-score-03-003,generated,score,順番に進む工程,True,0.002653299288768245,1.2193256827101056e-05,0.001941747470691757,0.0003883494941383514,0.9973502175986504,0.9889228998856905,0.014744567125736203,0.0003363714553172469,0.007732462662682238,0.0015464925325364477,0.9853636017172873,0.9502653796175139
manual_v2_score_025,manual,score,arithmetic,True,0.014115647436888337,0.0002867265916900044,0.000954526975474046,0.0002386317438685115,0.9859835112032886,0.9465869026680431,0.053041009859519615,0.0037800449703682113,0.0027992540180394876,0.0006998135045098719,0.948341120348701,0.8414864432409619
v2-gen-choice-01-022,generated,choice,問い合わせ経路,True,5.154528792322732e-05,5.313559519333882e-09,,,0.9999484560405123,0.9991914559388851,0.000662622492021494,8.77555485297221e-07,,,0.9993375969937806,0.9920496932106374
v2-gen-choice-07-017,generated,choice,複数属性の制約,True,0.00021188787912655236,7.460613825633951e-08,,,0.9997881345675247,0.9980753034576317,0.002182493348902358,7.601417899897823e-06,,,0.9978198865580148,0.9846851436369181
v2-gen-noul-05-007,generated,noul,締切の境界,True,0.0009242772521596315,1.7069985300843987e-06,,,0.9990761497604903,0.9893553219739173,0.005618834681686138,6.278897857057549e-05,,,0.9943969214457329,0.9500305672955879
v2-gen-noul-02-029,generated,noul,全条件の充足,True,0.0005678779950521746,6.446046910847788e-07,,,0.9994322832171387,0.9930597608677895,0.003918647846910282,3.059152858288312e-05,,,0.996089020034385,0.9630876848752238
manual_v2_noul_045,manual,noul,meaning,True,0.01945987181129941,0.0007428007541478319,,,0.9807282492473072,0.8626681206648393,0.05288412178124613,0.005306577623497885,,,0.9484899154364027,0.7072226178298957
v2-gen-score-08-044,generated,score,要件への一致数,False,1.5690594581768773,1.2518698948576232,0.7949427442149108,0.11356324917355869,0.790561251625625,0.7487771846567006,1.3140791265118612,1.056689310501349,0.7571377869633542,0.10816254099476488,0.7224289610286206,0.6901199956138679
v2-gen-choice-01-028,generated,choice,問い合わせ経路,True,0.00018537502113255956,5.033163024715972e-08,,,0.999814642159755,0.9985984784658812,0.0021774267318823057,6.694658069996368e-06,,,0.9978249421420423,0.9872925240325311
v2-gen-noul-02-037,generated,noul,全条件の充足,True,0.00015155487643508204,4.59307996662659e-08,,,0.999848456607425,0.9978586059152708,0.0014734037596132088,4.3354454932150835e-06,,,0.9985276811667959,0.9840263320794072
v2-gen-choice-12-025,generated,choice,条件付き不足書類,True,0.004798642444311243,3.531721318869921e-05,,,0.9952128526460498,0.9695375923361051,0.022451430213785203,0.000750765011307354,,,0.9777987275151862,0.8895361206173453
v2-gen-score-04-028,generated,score,独立チェックの合計,True,0.018906210185737092,0.0006163478000844862,0.019448405277848524,0.006482801759282841,0.9812713911885708,0.9264732117586719,0.059963383338593176,0.0055052210941463915,0.059605879213138646,0.019868626404379548,0.9417990184886571,0.8114391994244969
v2-gen-choice-14-023,generated,choice,二属性照合,True,0.00014131911136309945,2.735873881523178e-08,,,0.9998586908737122,0.9988880081062993,0.0018392222371033744,4.570452444513778e-06,,,0.9981624680956573,0.9889094048493939
v2-gen-noul-09-023,generated,noul,重複を除いた件数,True,0.01159544366225685,0.00026581149917169884,,,0.9884715244032071,0.9092362967330355,0.03622552977943745,0.002531479599163996,,,0.9644227629012314,0.7783672139596194
v2-gen-score-14-018,generated,score,参照表の順序尺度,True,0.0005681551362478115,4.883852605028293e-07,9.4444502438229e-05,4.72222512191145e-05,0.9994320062333192,0.9952681288384432,0.0046756470810726935,3.280630112391732e-05,0.0005774020244848632,0.0002887010122424316,0.9953352667403893,0.9700619046799258
v2-gen-score-11-039,generated,score,時刻順の評価更新,True,0.0011052529998264139,1.8794583671637497e-06,0.000313387973608803,0.0001566939868044015,0.998895357567306,0.9914935368214894,0.007607721361083746,8.746074444891346e-05,0.001613790211176136,0.000806895105588068,0.9924211441045467,0.9548219671718399
v2-gen-choice-12-047,generated,choice,条件付き不足書類,True,0.003891823434857241,1.909170335656081e-05,,,0.9961157398950706,0.9849244272232026,0.024508763764966378,0.0007156475062068355,,,0.9757891372942792,0.9256643820470719
v2-gen-score-11-022,generated,score,時刻順の評価更新,True,0.03538151490064143,0.0016015534524238234,0.05959046772973675,0.009931744621622792,0.9652370936678698,0.8985192362516065,0.11604559066503943,0.01519694045555108,0.1518079486482411,0.02530132477470685,0.8904346268652575,0.7381277517672656
v2-gen-noul-05-024,generated,noul,締切の境界,True,0.0007564349251335243,1.1435223190306273e-06,,,0.9992438510996402,0.991068980550639,0.004844742816934673,4.6716280242415514e-05,,,0.9951669740202221,0.9558645136091547
v2-gen-choice-06-047,generated,choice,時間枠の包含,True,0.013725539778555526,0.0003430108860176238,,,0.9863682259572059,0.9627390204362466,0.04768227485019074,0.0035919364189550248,,,0.9534366697669682,0.8916045979028668
v2-gen-noul-02-031,generated,noul,全条件の充足,True,0.0002388389843811276,1.1406087602545333e-07,,,0.9997611895353785,0.9967821796583721,0.002063680931775265,8.50000159572769e-06,,,0.9979384469936807,0.9786355909124675
v2-gen-noul-11-008,generated,noul,参照関係の真偽,True,0.18175491992886575,0.05524111428569124,,,0.8338056645284033,0.3510754569986485,0.264298801295228,0.10788560389524901,,,0.7677441024481305,0.21807684146487682
v2-gen-choice-14-037,generated,choice,二属性照合,True,7.318444764950504e-05,8.014320180147471e-09,,,0.9999268182302669,0.9993986645888366,0.0010911930827916185,1.6959893536944497e-06,,,0.9989094020518917,0.9930864793505214
v2-gen-score-03-036,generated,score,順番に進む工程,True,0.00035907732180601295,1.7830754716771163e-07,0.0006385017563235174,0.00021283391877450578,0.9996409871387398,0.9974239958845299,0.003645415658559426,1.806236312366184e-05,0.0066283773463631235,0.0022094591154543743,0.9963612208024336,0.9798862774329753
v2-gen-score-02-007,generated,score,記述の満足段階,True,0.00033576731803998795,2.2540368994600891e-07,0.0003357109545024968,0.0003357109545024968,0.9996642890454974,0.9956414829353223,0.0026557912146796194,1.406904812880877e-05,0.0026522677211028643,0.0026522677211028643,0.9973477322788971,0.973479078547702
v2-gen-noul-05-012,generated,noul,締切の境界,True,0.0010062246647375404,2.0229397663747115e-06,,,0.9989942814095447,0.9885352838464403,0.005983140417516243,7.116906120923798e-05,,,0.9940347229230639,0.9473410479971796
v2-gen-choice-10-030,generated,choice,不在時の代理,True,0.003763141065927431,2.6472611889069378e-05,,,0.9962439306759784,0.9814339137974054,0.017434613120339965,0.0005251635299569943,,,0.9827164903292374,0.9311878049534061
v2-gen-choice-02-030,generated,choice,条件と優先例外,True,3.218149531423181e-05,2.0712306251272695e-09,,,0.9999678190225045,0.9994733227705672,0.0004673542264084146,4.366358425359222e-07,,,0.9995327549665668,0.9941566845449035
manual_v2_score_042,manual,score,meaning,True,0.00019206674607544845,5.192634493792565e-08,0.0003552067566610084,0.00011840225222033614,0.9998079516975612,0.9985394927815282,0.0022810725820539934,7.145980475712693e-06,0.00426943863733964,0.0014231462124465466,0.9977215270869547,0.9866605377974028
v2-gen-choice-03-028,generated,choice,最終更新,True,6.094140800807303e-05,5.129139456911878e-09,,,0.9999390604488818,0.9994842898376615,0.0009826572562124478,1.3124265046299947e-06,,,0.9990178253933232,0.9936357860642762
v2-gen-choice-01-043,generated,choice,問い合わせ経路,True,6.048347022091186e-05,5.856698524249551e-09,,,0.9999395183588673,0.9995671074049034,0.0009507879938450456,1.314222880999478e-06,,,0.9990496638618419,0.9946843223186126
v2-gen-score-03-045,generated,score,順番に進む工程,True,0.0018305736010508988,4.722899696850104e-06,0.000287227991217609,5.74455982435218e-05,0.998171100876896,0.9914198930089958,0.012684526204325346,0.00021222023273725788,2.644197302070772e-05,5.288394604141544e-06,0.9873955833233188,0.9532103698029872
v2-gen-noul-04-014,generated,noul,例外の優先,True,0.08410946701651464,0.013015099608370773,,,0.9193306142072137,0.5954665679168074,0.15243658069363356,0.0399803724849595,,,0.8586133448925262,0.4121411520468613
v2-gen-choice-01-009,generated,choice,問い合わせ経路,True,0.0001321555160434928,2.3567706981392975e-08,,,0.999867853216112,0.9989508833549515,0.0017601669277553514,4.151454730715089e-06,,,0.9982413812575633,0.9893090720928168
v2-gen-score-15-039,generated,score,軽重のある項目,True,0.004298703593820444,3.092911409220243e-05,0.005143927430904416,0.002571963715452208,0.9957105226075039,0.9728690292281772,0.0200815793186349,0.0006373720079806928,0.02510633848281696,0.01255316924140848,0.9801187126284733,0.9007584984470074
v2-gen-noul-02-043,generated,noul,全条件の充足,True,9.78571695268976e-05,1.9150177197078222e-08,,,0.9999021476183297,0.9985555366110356,0.0010655396691501657,2.2683315025517946e-06,,,0.9989350278166657,0.9879478215281278
v2-gen-choice-12-002,generated,choice,条件付き不足書類,True,0.13679584167364728,0.027841526373149184,,,0.8721482642874735,0.7143535269033949,0.25641308471960034,0.07923192758982193,,,0.7738222486144454,0.5455964297824856
v2-gen-noul-15-004,generated,noul,出来事の前後関係,True,0.009757874046361907,0.000188584531312032,,,0.9902895795324808,0.9211327593920049,0.031923457962607676,0.001974342765963596,,,0.968580716383377,0.7985396930585306
v2-gen-noul-07-018,generated,noul,識別文字列の完全一致,True,0.002613328407436536,1.3623329708629005e-05,,,0.9973900833625737,0.9738418722112565,0.012109550208434962,0.00028975585232715687,,,0.9879634753286682,0.9059897499715615
manual_v2_score_052,manual,score,comparison,True,0.00036084774161478463,1.9578067890468613e-07,3.2695709100361015e-05,1.6347854550180507e-05,0.9996392173561012,0.9968420904532479,0.003347884717633221,1.6781592529924175e-05,0.00022481523873074671,0.00011240761936537336,0.996657713199605,0.9775166027508673
v2-gen-score-04-030,generated,score,独立チェックの合計,True,0.007017529335149259,9.025605044129377e-05,0.007537154036057148,0.0015074308072114296,0.9930070360275297,0.9752925848506437,0.028738173496492894,0.0013476392199652726,0.033117799983900964,0.0066235599967801925,0.9716708403426653,0.9170924020229518
manual_v2_score_031,manual,score,insufficient,True,0.005278232708735572,3.923793030055038e-05,0.00030886306169808364,7.721576542452091e-05,0.9947356726854687,0.9762897357015827,0.02673367188128266,0.0009517671081090708,0.0011001007462365653,0.0002750251865591413,0.9736205095162701,0.905747390097776
v2-gen-score-02-030,generated,score,記述の満足段階,True,0.0015043849913632297,3.6957540812941453e-06,0.0019078247740038634,0.0006359415913346211,0.9984967460285037,0.9911690110627828,0.009723980414906084,0.00014331103638820652,0.01351742846006232,0.00450580948668744,0.990323144611342,0.9550694654998003
v2-gen-choice-09-023,generated,choice,利用可能集合の差,True,0.0005573526895431195,5.352724993409055e-07,,,0.999442802602615,0.9963721437100909,0.004561098956234528,3.295429295403319e-05,,,0.9954492870590619,0.9766173672099874
v2-gen-score-03-011,generated,score,順番に進む工程,True,0.0008297292835459341,9.114248115299889e-07,0.0006435357094056737,0.00010725595156761229,0.9991706148466112,0.995987713680779,0.007457680939611032,7.011713716233725e-05,0.00760504206801782,0.0012675070113363034,0.9925700585626013,0.9718235273207407
v2-gen-choice-05-007,generated,choice,否定条件で選択,True,0.00012820858659275385,2.1938396117911372e-08,,,0.9998717996317769,0.9991103405267358,0.0017969391710114472,4.196233587028326e-06,,,0.9982046743575651,0.9904058211226815
v2-gen-score-13-012,generated,score,取消しを反映した件数,False,3.2802390909902766,1.8259921870694362,0.9308571596382791,0.3102857198794264,0.9485252259509975,0.826178966611909,2.525705625610722,1.6136371040157251,0.8159114441526714,0.2719704813842238,0.8752841193207876,0.6495045989412974
v2-gen-noul-07-042,generated,noul,識別文字列の完全一致,True,0.0015450097735934753,4.766740997074394e-06,,,0.9984561831395735,0.9833563211517583,0.008214661232047983,0.0001338579507339863,,,0.9918189868984952,0.9315226108282874
v2-gen-choice-03-013,generated,choice,最終更新,True,0.0016074927166045624,4.62622742776655e-06,,,0.9983937986077882,0.9886046229998051,0.009433452986239573,0.00014997136440117389,,,0.9906109024468428,0.947533063340632
v2-gen-score-02-014,generated,score,記述の満足段階,True,4.44003239380777e-05,3.942602475541831e-09,4.4399338258283017e-05,4.4399338258283017e-05,0.9999556006617417,0.9992939721429586,0.0005932545606031152,7.034844987900306e-07,0.0005930786199105365,0.0005930786199105365,0.9994069213800895,0.9927871224435979
v2-gen-score-13-014,generated,score,取消しを反映した件数,True,0.28360105648121525,0.08631556902563484,0.30712712163332956,0.06142542432666591,0.7530670159918641,0.5473280024801437,0.45900206860734016,0.18431532459017724,0.4298178357929481,0.08596356715858962,0.631913937716334,0.38984649115321235
v2-gen-choice-11-013,generated,choice,小数量の比較,True,0.10044654386779883,0.016164243631365673,,,0.9044334586350898,0.6790162684225803,0.1925518759111092,0.051570488135883066,,,0.8248515271691993,0.498109978974694
v2-gen-choice-05-027,generated,choice,否定条件で選択,True,0.00043535214157265016,3.788979903675651e-07,,,0.9995647426104203,0.9945121770683168,0.0032189119310918925,2.0656208289553286e-05,,,0.9967862632116528,0.9687563503259434
v2-gen-choice-02-019,generated,choice,条件と優先例外,True,0.000538647277433962,5.79969309962986e-07,,,0.999461497766967,0.9933758481800463,0.003768345344959742,2.8294063935866056e-05,,,0.9962387459580703,0.9642885892188596
v2-gen-noul-02-002,generated,noul,全条件の充足,True,0.0002943526861737579,1.732360089764102e-07,,,0.9997056906313279,0.9961231034093811,0.002409127755828238,1.157986769016786e-05,,,0.9975937718634585,0.9756009218351324
v2-gen-choice-15-005,generated,choice,文章内の順序参照,True,0.00034627930009666514,1.6696850234040977e-07,,,0.9996537806476604,0.9981847539827746,0.0038559865081074338,1.921528919266608e-05,,,0.9961514382615316,0.9841565793670729
v2-gen-choice-10-033,generated,choice,不在時の代理,False,4.988209639960876,1.9378329304039539,,,0.9753485024714738,0.92656186401276,3.7735265590239844,1.7841257183235955,,,0.9100833483382242,0.7826224331366156
v2-gen-choice-06-003,generated,choice,時間枠の包含,False,2.1193553461797423,1.2115951248341208,,,0.6028818479359825,0.5449733975401471,1.8358279870967456,1.0701379504970918,,,0.5273681583258203,0.4721932119408385
v2-gen-noul-05-013,generated,noul,締切の境界,True,0.011142870607757477,0.00024557795413482526,,,0.988918981226105,0.9121226704165204,0.03518452466120592,0.002390549437455664,,,0.9654272546833805,0.7831706448604082
v2-gen-score-14-038,generated,score,参照表の順序尺度,True,0.0003955817812002267,3.128461146120718e-07,0.0003955035490434966,0.0003955035490434966,0.9996044964509565,0.9949587411252441,0.002998532782722445,1.7928571083301174e-05,0.0029940416733322817,0.0029940416733322817,0.9970059583266677,0.9705858665697922
v2-gen-noul-11-003,generated,noul,参照関係の真偽,True,0.0818038874861541,0.012339372580923387,,,0.9214526493733767,0.6029601070184876,0.14942875733016078,0.038530996588456934,,,0.8611997900065405,0.4189119753131664
v2-gen-choice-03-025,generated,choice,最終更新,True,0.00037086934549961575,2.032404683530712e-07,,,0.9996291994180351,0.9980938168874409,0.00395616934504648,2.0893221095161898e-05,,,0.9960516459832459,0.9839420264997812
v2-gen-noul-13-019,generated,noul,範囲の開閉境界,True,0.00032429177478328884,2.102621148957532e-07,,,0.9996757608021107,0.9957741532481892,0.0025882791856043415,1.3363751842591432e-05,,,0.9974150675209407,0.9740563601073574
v2-gen-choice-07-042,generated,choice,複数属性の制約,True,0.00021110593111694817,6.352888592454888e-08,,,0.9997889163501722,0.9989130336152141,0.0027099815931819022,9.492977123638308e-06,,,0.9972936870921643,0.9890041500999516
v2-gen-score-02-047,generated,score,記述の満足段階,True,0.06363313796724068,0.00745677233287559,0.0638001093227194,0.010633351553786566,0.9383491810813072,0.8773392636390756,0.13170967492535604,0.028434617701474353,0.14161058108205538,0.023601763513675895,0.876595455780557,0.7860700905342557
v2-gen-choice-05-009,generated,choice,否定条件で選択,True,0.0002647038974119257,8.891065288875647e-08,,,0.9997353311335737,0.998420770409355,0.003276356060802876,1.3233848967427662e-05,,,0.9967290053368348,0.9849469912818544
v2-gen-score-05-045,generated,score,緊急条件の加点,True,0.12581400726124567,0.025486448220957632,0.0778704566739783,0.01112435095342547,0.8817788359932242,0.7988229163268766,0.23888744044756172,0.07284574998020349,0.04442343693288264,0.006346205276126092,0.7875035184277548,0.6579905988280218
v2-gen-noul-13-014,generated,noul,範囲の開閉境界,True,0.00040275899127560557,3.242989738580758e-07,,,0.9995973221052391,0.9948777396112268,0.0030387158476835913,1.8411569597618492e-05,,,0.996965896376389,0.9702505590325579
v2-gen-score-07-012,generated,score,証拠の最高到達段階,True,0.0020749854239502812,6.614534367415874e-06,0.0030515987026355313,0.0010171995675451772,0.9979271658700793,0.9880566746447083,0.012803180358181655,0.00023503940323067938,0.020423395782601928,0.006807798594200643,0.9872784316862597,0.9422802500474861
v2-gen-noul-05-037,generated,noul,締切の境界,True,0.0006329773296823609,8.008135692427228e-07,,,0.9993672229582061,0.9923634861781347,0.004246349834007005,3.5910216456923105e-05,,,0.9957626531616516,0.9604983630230224
v2-gen-score-09-002,generated,score,例外による上限,True,0.017846057712258355,0.000403231410629554,0.04908521773327998,0.00701217396189714,0.9823122401128879,0.9439199070182659,0.0754427857084458,0.006418044520000746,0.2289891381455236,0.032712734020789086,0.9273327857045964,0.8138174517679817
v2-gen-score-10-018,generated,score,不足の段階,True,0.0012281937645174598,2.655779951413474e-06,0.00139626253052048,0.00069813126526024,0.9987725601567587,0.9909471634277399,0.007802654765282153,0.0001011921616410545,0.009358510021922884,0.004679255010961442,0.9922277069268243,0.955010141004311
v2-gen-choice-08-048,generated,choice,改訂と例外の優先,True,0.023823315664264974,0.0008863611303068678,,,0.9764582193894515,0.8858415736916154,0.07147737117082979,0.0074146757349776065,,,0.9310173451889522,0.7317335786861803
v2-gen-score-05-026,generated,score,緊急条件の加点,True,0.015671574761629885,0.00044477136645435915,0.016917292587276256,0.008458646293638128,0.9844505853863018,0.9228095811179473,0.049515708639239896,0.004072163200825833,0.055561888520762714,0.027780944260381357,0.9516902082608917,0.8052644412639536
v2-gen-score-02-029,generated,score,記述の満足段階,True,0.00013370852113863514,2.8497251332735318e-08,0.00017153313897200206,8.576656948600103e-05,0.9998663004174473,0.9987202674975718,0.0015758894751311172,3.855593903846054e-06,0.0021009003450549457,0.0010504501725274729,0.9984253515866768,0.9884044757348733
manual_v2_score_003,manual,score,sentiment,True,0.0004489659442931988,2.6595548779876384e-07,8.858591737137544e-05,2.214647934284386e-05,0.999551134825835,0.9972261362789928,0.004572186314130263,2.689792740202223e-05,0.0007539395086690881,0.00018848487716727202,0.995438250217734,0.9782176340346591
v2-gen-score-15-044,generated,score,軽重のある項目,True,0.001770049581019465,4.0145056687399376e-06,0.007324938020715236,0.0010464197172450338,0.9982315160328659,0.9925029010969663,0.013612519570397162,0.00022503522617685123,0.055223843945060205,0.00788912056358003,0.9864797117993822,0.9548321114998778
v2-gen-score-06-032,generated,score,約束時刻からの遅れ,False,3.0064596608143863,1.8019241112638567,0.9451488788819733,0.47257443944098665,0.9478411907919045,0.8039120370462733,2.306769266712797,1.601043008503227,0.8774000003185417,0.43870000015927085,0.8889087717722746,0.6488526176616993
v2-gen-score-15-048,generated,score,軽重のある項目,True,0.0019537041635884597,6.093595226513263e-06,0.002903029766896411,0.0007257574417241028,0.9980482030741293,0.9902539252005992,0.012401946410469258,0.0002214971086675792,0.02125394390981386,0.005313485977453465,0.9876746407898525,0.9508216985176619
v2-gen-noul-14-041,generated,noul,予定時間の重なり,True,0.003977372226723482,3.151343112947627e-05,,,0.996030527041944,0.9626208041506434,0.016504702133679508,0.0005359044150412194,,,0.9836307542165007,0.8794619402746526
manual_v2_noul_016,manual,noul,conjunction,True,0.0007849395631732583,1.2312934285948785e-06,,,0.9992153684212973,0.990774438517473,0.004979147529648548,4.933765063897341e-05,,,0.9950332278772339,0.9548392169328136
v2-gen-noul-08-003,generated,noul,集合と否定所属,True,5.7752584298449467e-05,6.670336747855368e-09,,,0.9999422490833499,0.9991035642832555,0.0007208787756401214,1.0385835006200855e-06,,,0.9992793809950397,0.9914385772579435
v2-gen-noul-01-007,generated,noul,事実と否定質問,True,0.0007845071746971231,1.2299378038184747e-06,,,0.9992158004706012,0.9907788950896849,0.004977118380962213,4.9297545701926246e-05,,,0.9950352469496496,0.9548546559458599
v2-gen-choice-14-012,generated,choice,二属性照合,True,0.00019744576737477741,4.7381734184194595e-08,,,0.9998025737237579,0.9988693194769116,0.002744086450688051,9.01135720759049e-06,,,0.9972596751130643,0.9879249285129376
v2-gen-noul-15-038,generated,noul,出来事の前後関係,True,0.0011225193958225093,2.517272578784171e-06,,,0.9988781103934022,0.9873880098243681,0.006487088039176057,8.36206994835403e-05,,,0.9935339076915211,0.9436744464383013
v2-gen-choice-05-039,generated,choice,否定条件で選択,True,0.0009893144330876701,1.4158692891286355e-06,,,0.9990111747770952,0.9950825977233885,0.007836072686703211,8.361425113944376e-05,,,0.9921945492933151,0.9693566603966371
manual_v2_score_032,manual,score,extraction,True,0.003787601837785724,2.56891587859457e-05,0.0045497196597223954,0.0011374299149305989,0.9962195620785135,0.9834835637462094,0.01861291750834668,0.0005548343560270274,0.025939825433856534,0.006484956358464133,0.9815592331110398,0.9343298706738412
v2-gen-score-03-048,generated,score,順番に進む工程,True,0.00020791263123821132,8.643735148266494e-08,0.00020789101890494877,0.00020789101890494877,0.999792108981095,0.9971572088113068,0.0018622432464811757,6.922997505466984e-06,0.001860510347386768,0.001860510347386768,0.9981394896526132,0.980443360828055
v2-gen-noul-05-045,generated,noul,締切の境界,True,0.0003190683005816496,2.0354420773305508e-07,,,0.9996809825962952,0.9958347358243393,0.0025573435604601446,1.3046611933204147e-05,,,0.9974459236568571,0.9743217411135231
v2-gen-choice-09-048,generated,choice,利用可能集合の差,True,0.00031613978358370834,1.3462943581029233e-07,,,0.999683910183332,0.997688759143823,0.003359540856127056,1.5086844603128527e-05,,,0.9966460960869745,0.9811711501939476
v2-gen-noul-09-038,generated,noul,重複を除いた件数,True,0.005150668917008532,5.2786311673983726e-05,,,0.9948625730334153,0.9535385432751543,0.019964940083936133,0.0007814654475109899,,,0.9802330395924034,0.8598699135021692
v2-gen-choice-03-016,generated,choice,最終更新,True,0.061632581239535016,0.005727245775886805,,,0.9402282808445779,0.7620843118410017,0.14141779117692688,0.02713848312315478,,,0.8681265403126041,0.5692845331742924
v2-gen-choice-06-048,generated,choice,時間枠の包含,True,0.025671627417184536,0.0012847292223543323,,,0.9746550870749737,0.8295195699140913,0.06470336915530842,0.007851180830227776,,,0.9373454677208912,0.6621064864385519
v2-gen-score-13-036,generated,score,取消しを反映した件数,True,0.23365064422628423,0.0764164201544176,0.14412714007682226,0.02402119001280371,0.7916383310133293,0.6871433768143032,0.36097117617344887,0.1488342668570459,0.1228106063633021,0.020468434393883683,0.6969990883581667,0.5692938703687116
v2-gen-score-07-038,generated,score,証拠の最高到達段階,False,7.973694988285997,1.9986226209765026,0.9996555959370463,0.9996555959370463,0.9996555959370463,0.995541325440742,5.913432953041004,1.9892030430880534,0.9972971079593216,0.9972971079593216,0.9972971079593216,0.9730466958269289
v2-gen-score-02-045,generated,score,記述の満足段階,True,0.000582558257300109,4.806021990349064e-07,4.0964844228774666e-05,1.0241211057193667e-05,0.9994176113968154,0.9965612563545255,0.005334231086015865,3.829273896378277e-05,0.0016865392273688329,0.0004216348068422082,0.9946799706616015,0.9755092725959605
v2-gen-noul-13-025,generated,noul,範囲の開閉境界,True,0.0001184253887880584,2.8045823917733446e-08,,,0.9998815816232215,0.9982845405909605,0.001227317591338763,3.008922147986886e-06,,,0.998773435254871,0.9863692218098024
v2-gen-score-03-030,generated,score,順番に進む工程,True,0.0028479042350838756,1.2237103981959312e-05,0.002725601959528756,0.000681400489882189,0.9971561471972392,0.9862713481531433,0.01670687079509055,0.0003870423257780426,0.016013056225842703,0.004003264056460676,0.983431915003804,0.9364068338255936
v2-gen-noul-05-019,generated,noul,締切の境界,True,0.00020006704946382982,8.003763433402981e-08,,,0.9997999529626137,0.9972533694114185,0.0018099338060830353,6.539875094003302e-06,,,0.9981917031363734,0.9809178703361875
v2-gen-noul-15-018,generated,noul,出来事の前後関係,True,0.0886454942735409,0.014392275084220583,,,0.9151699490621967,0.5810263974672963,0.1582842920055746,0.042861777680960514,,,0.8536070738031367,0.3992605020652156
v2-gen-choice-01-034,generated,choice,問い合わせ経路,True,2.874074304217264e-05,1.0191870410903702e-09,,,0.999971259669969,0.9997921315587168,0.0006370862677740577,4.962340178255291e-07,,,0.9993631166285925,0.9964820588326038
v2-gen-score-04-024,generated,score,独立チェックの合計,True,0.015007708010065304,0.000303740327179521,0.0073405771052637014,0.0012234295175439502,0.9851043463795811,0.9506155922160696,0.061658657346443345,0.004614005758265367,0.02499686003072954,0.0041661433384549236,0.940203763671066,0.8390652071114992
v2-gen-choice-04-045,generated,choice,参照先の担当,True,0.0004290637472718269,2.445459438774907e-07,,,0.9995710282874144,0.9975829280627516,0.0045842639483542015,2.6510351180316156e-05,,,0.995426227751257,0.9799659506437558
v2-gen-choice-13-020,generated,choice,工程の依存順,True,0.0003382831761914521,1.7179737152669317e-07,,,0.9996617740351108,0.9970189264030467,0.003193059183392069,1.5254579020591497e-05,,,0.9968120332085374,0.9784135597858418
v2-gen-noul-11-013,generated,noul,参照関係の真偽,True,0.5833118782129236,0.39064469873832175,,,0.5580471186097313,0.009744187243253433,0.6104278309660812,0.4174814896413475,,,0.5431184564674627,0.005371189964872292
v2-gen-score-12-023,generated,score,目標からの差,True,0.0009628836267841838,1.2513990140515324e-06,0.0024784000604026837,0.00035405715148609766,0.9990375797969022,0.9956525283112476,0.008708911835094394,9.355436592122306e-05,0.026160779191813924,0.003737254170259132,0.9913289008887374,0.9690286411373322
v2-gen-noul-11-025,generated,noul,参照関係の真偽,True,0.0030658524657482655,1.8741370960666308e-05,,,0.9969388424607131,0.970024558805639,0.013623437346852037,0.0003661790778038017,,,0.9864689416932044,0.8966163328853407
v2-gen-noul-12-007,generated,noul,記録と主張の照合,True,0.0007374801531124267,1.0869521005116348e-06,,,0.9992627917185383,0.9912657013426668,0.0047546341343600975,4.499871481400407e-05,,,0.9952566512454805,0.9565549745518569
v2-gen-noul-07-010,generated,noul,識別文字列の完全一致,True,0.003323064400152573,2.2012264493589904e-05,,,0.9966824508674633,0.9678995082627997,0.01445716891952393,0.0004120267399968622,,,0.9856468341471843,0.8915650078926682
v2-gen-score-03-025,generated,score,順番に進む工程,True,0.003177120012898215,1.612585261169088e-05,0.003097214372012047,0.0005162023953353412,0.9968279216921093,0.9876324431778332,0.018136690552786255,0.0004644972137505626,0.015888185818071943,0.0026480309696786573,0.9820267893989437,0.9429691118281804
v2-gen-score-13-024,generated,score,取消しを反映した件数,True,0.05634026405726336,0.006002253895158448,0.05478254236140576,0.05478254236140576,0.9452174576385941,0.6936244848002793,0.11429466904327,0.023330128159286513,0.10800492618229626,0.10800492618229626,0.8919950738177038,0.5061312712698383
v2-gen-score-13-006,generated,score,取消しを反映した件数,True,0.0898477956901007,0.011994567072632367,0.2984138250517393,0.07460345626293483,0.9140703001232493,0.7778746080590738,0.19705520576586588,0.04731572647291034,0.5772970027403851,0.14432425068509627,0.8211453001061627,0.5977689613244586
v2-gen-noul-01-003,generated,noul,事実と否定質問,True,0.0004163749437780121,3.4659185041129847e-07,,,0.9995837117282391,0.9947245768116074,0.0031144392483127923,1.933915483107793e-05,,,0.9968904055866498,0.9696207941258512
v2-gen-noul-06-026,generated,noul,更新後の状態,True,0.31957589061579145,0.1496514701895848,,,0.7264570690096481,0.15349729439698034,0.3952688855429053,0.21320590946765855,,,0.6734989207769303,0.08868847099953159
v2-gen-score-01-041,generated,score,件数の段階境界,True,0.002169114308495099,6.160790704255368e-06,0.0017984417498304595,0.00029974029163840993,0.9978332365199009,0.9904580919883376,0.015618437505490903,0.00029874172271876997,0.019215602662306708,0.0032026004437177846,0.9845028977790699,0.9462262191884369
v2-gen-noul-12-010,generated,noul,記録と主張の照合,True,9.756402692771906e-05,1.903562143333712e-08,,,0.9999024407322872,0.9985594411983229,0.001063173669312879,2.2582745004379866e-06,,,0.9989373912995749,0.9879711610047203
v2-gen-choice-06-036,generated,choice,時間枠の包含,True,0.04558083492550895,0.0035712143907909296,,,0.9554423663377929,0.8198352199514916,0.10867252360942031,0.018092463176795335,,,0.8970241236269675,0.6541585488983801
v2-gen-score-12-033,generated,score,目標からの差,True,0.22478387175507933,0.06972325553848728,0.13673703437407903,0.04557901145802634,0.7986888193195344,0.5693027766988286,0.34675685412543855,0.13967893160754816,0.1651557476872736,0.055051915895757864,0.7069772059522628,0.4347405367104421
v2-gen-noul-04-024,generated,noul,例外の優先,True,0.0012880224469970594,3.3137331939885655e-06,,,0.998712806697891,0.9857851102888149,0.00718130986924232,0.00010240481850554353,,,0.9928444141223257,0.9387178780448202
v2-gen-score-10-038,generated,score,不足の段階,True,0.0011687846307118339,2.728923947966855e-06,0.0011681018679821076,0.0011681018679821076,0.9988318981320179,0.9869365674573669,0.006683709307681415,8.874911282311457e-05,0.006661423001998679,0.006661423001998679,0.9933385769980013,0.9422598977246445
v2-gen-score-05-014,generated,score,緊急条件の加点,True,0.01005682761765158,0.00016863293362030273,0.014606682518540014,0.0036516706296350035,0.9899935731743521,0.9612808120016779,0.039632861959559444,0.002320709686293888,0.06597310793441039,0.016493276983602596,0.9611422462647826,0.8766274263964111
v2-gen-choice-06-017,generated,choice,時間枠の包含,True,0.024248612742064204,0.0007185312343147225,,,0.976043022859346,0.917156099849855,0.09038243560683266,0.009189124903965078,,,0.9135817322696802,0.7619382389801176
v2-gen-choice-13-010,generated,choice,工程の依存順,True,0.0017465196371903803,4.8011173111263285e-06,,,0.9982550046407083,0.9911156382446585,0.011540822987168523,0.00018944340523642335,,,0.9885255168597143,0.9534401622502587
v2-gen-choice-13-014,generated,choice,工程の依存順,True,0.00016611911812121317,3.526911444318724e-08,,,0.9998338946788955,0.9989696857029062,0.0022976906034410972,6.566308016080639e-06,,,0.9977049470670432,0.9890261461571831
v2-gen-choice-05-023,generated,choice,否定条件で選択,True,0.010259073574224646,0.00017714098213204147,,,0.9897933712228443,0.9547358577929356,0.039285927843793825,0.002333187052386216,,,0.9614757571499223,0.8611617127412688
manual_v2_score_020,manual,score,history,True,0.0037616557931180144,2.1931558177867707e-05,0.002323413952895592,0.000580853488223898,0.996245410371099,0.9826945132669263,0.02018780186937102,0.000575186985920738,0.009928247287465997,0.002482061821866499,0.9800146074480505,0.9262432748261411
v2-gen-score-05-005,generated,score,緊急条件の加点,True,0.013694926679386472,0.0003645069224333783,0.013806817250564318,0.006903408625282159,0.9863984222077223,0.9335281524371133,0.04225692857120381,0.003282490477108902,0.04316426387715033,0.021582131938575166,0.9586234511756766,0.8364667715794645
v2-gen-choice-02-034,generated,choice,条件と優先例外,True,5.7559592234039366e-05,6.625831926974677e-09,,,0.9999424420642875,0.9991062818652499,0.000719092803944029,1.0334455554118434e-06,,,0.9992811656813243,0.9914572079994921
v2-gen-score-05-017,generated,score,緊急条件の加点,True,0.026897961858280254,0.001162680774473117,0.011727216819798159,0.001675316688542594,0.973460566564029,0.9327105359986565,0.08190702243228191,0.009367169251256588,0.0009739212866302083,0.00013913161237574405,0.9213576203045174,0.8313911221699322
v2-gen-score-13-035,generated,score,取消しを反映した件数,True,0.0022599194468784444,6.80371913068332e-06,0.004900015629012877,0.0009800031258025755,0.9977426322485041,0.9893742134605468,0.015647004265696002,0.00030563727229287714,0.03741795064177644,0.007483590128355288,0.9844747741225706,0.9425890294345823
v2-gen-choice-14-035,generated,choice,二属性照合,True,0.00020107461573657905,4.859402491159337e-08,,,0.9997989455984091,0.9988429729230855,0.0028276808284091537,9.461863941172178e-06,,,0.9971763132954351,0.9875204323075505
v2-gen-noul-13-033,generated,noul,範囲の開閉境界,True,0.00040576089641735405,3.291502312481469e-07,,,0.9995943214134021,0.9948439153902996,0.0030554671638045516,1.8614809783190436e-05,,,0.9969491960253738,0.9701110083156476
v2-gen-choice-12-033,generated,choice,条件付き不足書類,True,0.012287046344036564,0.0002704399724382124,,,0.9877881311915956,0.9634566817101327,0.04398558929144836,0.003043589918094075,,,0.9569677479569902,0.8918253331789503
v2-gen-noul-07-019,generated,noul,識別文字列の完全一致,True,0.006859029406135562,9.344975976443703e-05,,,0.9931644400461835,0.941005852164205,0.024645711879115708,0.001185308000902928,,,0.9756555139620599,0.8348165495793392
v2-gen-noul-14-028,generated,noul,予定時間の重なり,True,0.004752151606354477,4.495184840172726e-05,,,0.9952591220010568,0.9565740324691452,0.01881602996584369,0.0006949076664178519,,,0.9813598864486043,0.8662644502543062
v2-gen-choice-13-049,generated,choice,工程の依存順,True,0.0021415641382963716,6.925588297452976e-06,,,0.997860727374084,0.9877876594136037,0.01290145319347703,0.0002408302698993647,,,0.9871814138027413,0.9425631349929939
v2-gen-score-09-038,generated,score,例外による上限,False,0.808430400423248,0.6148143831620153,0.5544431364720891,0.5544431364720891,0.5544431364720891,0.008569435839565487,0.7774671208992483,0.5841322610643442,0.5404314300003027,0.5404314300003027,0.5404314300003027,0.004721902507627718
v2-gen-noul-03-019,generated,noul,いずれかの条件,True,0.000640844269413643,8.208365863806384e-07,,,0.9993593610274184,0.9922800225783169,0.00428533927855061,3.65712651126836e-05,,,0.9957238296857653,0.9601928269381481
v2-gen-choice-04-022,generated,choice,参照先の担当,True,0.007200715556508944,9.08262151404034e-05,,,0.9928251474810627,0.9586466096413804,0.02869859495410855,0.0013417754273080283,,,0.9717092984192557,0.8698160758848139
v2-gen-noul-08-009,generated,noul,集合と否定所属,True,0.0018045189488610212,6.500837565591648e-06,,,0.9981971082165599,0.9809671144205581,0.00921299959565814,0.0001682031082264203,,,0.9908293100524982,0.9247561995151179
v2-gen-noul-11-034,generated,noul,参照関係の真偽,True,0.07563326062142041,0.010612447460395791,,,0.9271561688940106,0.6235522423358775,0.14125258846018085,0.03470560212260136,,,0.8682699690226231,0.437836216229172
v2-gen-noul-14-040,generated,noul,予定時間の重なり,True,0.06562810417674303,0.00806981653852023,,,0.9364790721945899,0.6587340471351286,0.1275629065111599,0.028685853460992908,,,0.8802380413883588,0.4713237646200109
v2-gen-score-14-042,generated,score,参照表の順序尺度,True,0.0005952031457314206,4.763038387180856e-07,0.0004718911933343506,9.437823866687012e-05,0.9994049739525227,0.9967851945418869,0.005716196734740665,4.18890949950183e-05,0.005434317138675482,0.0010868634277350965,0.9943001096328847,0.9759741335390865
v2-gen-noul-04-025,generated,noul,例外の優先,True,0.1803171918599847,0.05444649379758,,,0.8350053125134327,0.3538743518997389,0.26280763531772255,0.1068238580309076,,,0.7688897903262303,0.22005836637960852
v2-gen-noul-03-041,generated,noul,いずれかの条件,True,7.852449356029437e-05,1.2331223843024995e-08,,,0.999921478589407,0.9988159605121237,0.0009051933155722466,1.637267274646231e-06,,,0.9990952162483095,0.9895477738472283
v2-gen-noul-11-017,generated,noul,参照関係の真偽,True,0.020893524929845492,0.000855057426159204,,,0.9793232325282794,0.8547762778113458,0.055696282926890106,0.005869567433644425,,,0.9458263558838598,0.6961315443234353
v2-gen-choice-03-030,generated,choice,最終更新,True,7.937333308310469e-05,9.67515724871356e-09,,,0.9999206298168966,0.9991981993171655,0.0010839028810518947,1.7839814473434506e-06,,,0.998916684329497,0.9916182829059944
v2-gen-score-04-042,generated,score,独立チェックの合計,True,0.0017152062271853193,4.7970052773901954e-06,0.002209842296521547,0.0007366140988405157,0.9982862638983726,0.9900680512992849,0.010782786636695756,0.0001749074280505194,0.015322365540745508,0.005107455180248503,0.9892751392194672,0.9507933002642965
v2-gen-choice-03-042,generated,choice,最終更新,True,0.05453858188828289,0.005625821486771083,,,0.9469219741152219,0.8105831703252478,0.11240104381283543,0.022421281331661942,,,0.8936857784701889,0.6870578916794037
v2-gen-score-11-005,generated,score,時刻順の評価更新,True,0.0017411289859205167,4.706104358553334e-06,0.003244917004090908,0.001081639001363636,0.9982603858998209,0.9898053787567628,0.011143708613265628,0.00018039835277588296,0.02067850105590896,0.006892833685302986,0.9889181525068989,0.948876893918714
v2-gen-score-06-006,generated,score,約束時刻からの遅れ,True,0.29608820502241073,0.13116676796262436,0.25537007086444574,0.06384251771611144,0.7437218251267171,0.6444447704434237,0.3770408056228517,0.1954013853754064,0.3061732385201337,0.07654330963003342,0.6858880852344521,0.6006822691289846
v2-gen-choice-11-043,generated,choice,小数量の比較,True,0.013317003534983945,0.00023535163388555675,,,0.9867712754515742,0.9550540984034619,0.057055629767448976,0.003931083683231941,,,0.9445415232796877,0.8476077973012228
v2-gen-choice-01-023,generated,choice,問い合わせ経路,True,0.0026320326485637716,1.3818780336317741e-05,,,0.9973714281124233,0.9736819434940613,0.012173435840666484,0.0002928025436624565,,,0.9879003606735065,0.9055886471890113
v2-gen-score-04-048,generated,score,独立チェックの合計,False,0.7920825941340326,0.596753248142708,0.5436480938572203,0.2718240469286102,0.5453737447793583,0.3625004087887943,0.7718508266383115,0.5706588896351139,0.5229648088874392,0.2614824044437196,0.5304039524733064,0.3359684086273633
v2-gen-score-05-028,generated,score,緊急条件の加点,True,0.07731967092592837,0.008224763282888837,0.014951740492139765,0.003737935123034941,0.9255939208427557,0.7936393646848521,0.18130613770454296,0.0387564398435297,0.004584743429903115,0.0011461858574757788,0.8341799456682627,0.6135215278963028
v2-gen-noul-07-032,generated,noul,識別文字列の完全一致,True,0.001951951756955258,7.605373921361926e-06,,,0.9980499520619531,0.9796345531481925,0.009763139161343217,0.0001887871052325861,,,0.9902843655577058,0.9210979728898496
v2-gen-noul-02-049,generated,noul,全条件の充足,True,0.00034016799218269006,2.3134981685336816e-07,,,0.9996598898583889,0.9955907576966119,0.0026815208406114404,1.4342605048507257e-05,,,0.9973220712249476,0.9732597342460286
manual_v2_choice_003,manual,choice,meaning,True,6.337005575697115e-05,6.13397558921186e-09,,,0.9999366319520826,0.999474611777952,0.0009726995394059736,1.365319137750143e-06,,,0.9990277733794426,0.9937733576214479
v2-gen-noul-10-003,generated,noul,条件付き義務,True,0.0006530748344614738,8.524566093438894e-07,,,0.9993471383724923,0.9921505407629541,0.004345708068421523,3.760663360356266e-05,,,0.9956637208574884,0.9597207835096433
v2-gen-score-12-046,generated,score,目標からの差,True,0.001791241256679389,5.462367177830451e-06,0.002110801425370579,0.0010554007126852894,0.9982103620584895,0.9873012777044285,0.010470782601586022,0.0001768820745644775,0.012965505638570362,0.006482752819285181,0.9895838452109906,0.9420162080992674
v2-gen-score-02-042,generated,score,記述の満足段階,True,0.000129722460544184,3.365146795212623e-08,0.00012971404694961386,0.00012971404694961386,0.9998702859530504,0.998137957563481,0.001313028261382725,3.4435624612108066e-06,0.00131216661693756,0.00131216661693756,0.9986878333830624,0.9855457217416178
v2-gen-noul-06-025,generated,noul,更新後の状態,True,0.029664776091484227,0.0017086800327295584,,,0.9707709046263012,0.8094890461677177,0.0718693975082793,0.0096181699863486,,,0.9306524334012051,0.6365158328932734
v2-gen-choice-11-048,generated,choice,小数量の比較,True,0.17434191372988428,0.045251435518675734,,,0.8400096377237992,0.5424313082263474,0.28430020478334483,0.10283834141184303,,,0.7525406944760799,0.37781987741532774
v2-gen-noul-04-004,generated,noul,例外の優先,True,0.026210733081391532,0.0013385358821192544,,,0.9741297866058352,0.8267618021580019,0.06568840601434296,0.008084170948723126,,,0.9364226024882933,0.6585148736198461
v2-gen-noul-11-020,generated,noul,参照関係の真偽,True,0.09914656375348141,0.01781895601755576,,,0.9056099687001965,0.5490441479089072,0.171494628429047,0.04967249851038615,,,0.8424047930449879,0.37147463903681677
v2-gen-choice-02-018,generated,choice,条件と優先例外,True,5.9169373519885895e-05,7.001615234084831e-09,,,0.999940832376953,0.9990836423317553,0.0007339429897939186,1.0765542534230883e-06,,,0.9992663262804818,0.9913024892144874
v2-gen-choice-01-011,generated,choice,問い合わせ経路,True,3.2809487999675124e-05,1.3513840468669957e-09,,,0.9999671910502257,0.9997658290613022,0.0006981804630223394,6.00785509489327e-07,,,0.999302063208245,0.996186778537593
v2-gen-choice-05-019,generated,choice,否定条件で選択,True,7.504400991849706e-05,8.088225243819714e-09,,,0.9999249588058128,0.999380257312573,0.0011301502183831593,1.7741870308770036e-06,,,0.9988704881608641,0.9928287191563332
v2-gen-score-13-021,generated,score,取消しを反映した件数,True,0.44350508164816366,0.1812775860774646,0.346410314551739,0.0692820629103478,0.641782972410727,0.4324149274982325,0.6199269271363875,0.2908758180404849,0.38996780401776654,0.07799356080355331,0.5379837481714447,0.32042200255210895
manual_v2_noul_048,manual,noul,scope,True,0.0007983284622713406,1.2736395463710153e-06,,,0.9992019901171129,0.9906366108808607,0.005041836309398284,5.058465089341244e-05,,,0.9949708524135091,0.9543628414367749
v2-gen-noul-06-042,generated,noul,更新後の状態,True,0.011199083261385204,0.00024804802968235885,,,0.9888633930283421,0.9117626792061149,0.035314448187203695,0.002407925847490104,,,0.9653018311182701,0.7825685173030561
v2-gen-noul-02-050,generated,noul,全条件の充足,True,0.0002639521685456478,1.3930472073262215e-07,,,0.9997360826637632,0.9964819473596397,0.002222285464844716,9.855184053918736e-06,,,0.997780181983369,0.9772325797536411
v2-gen-score-10-004,generated,score,不足の段階,True,0.02340697479200328,0.0010515395683929737,0.022301855025942396,0.011150927512971198,0.9768648434974835,0.8979728761758281,0.06269990712662264,0.0070424556079006625,0.0548107079826885,0.02740535399134425,0.9392252862169422,0.7806405608842248
v2-gen-noul-10-036,generated,noul,条件付き義務,True,0.0013958668541867968,3.891453438200237e-06,,,0.9986051069148139,0.9847575595327471,0.007621007774614639,0.00011527818905212727,,,0.9924079584744244,0.9356308681076937
v2-gen-noul-01-002,generated,noul,事実と否定質問,True,0.006692893004017898,8.899235400043148e-05,,,0.99332945452004,0.9421940396615736,0.024205635661049715,0.0011438572011051946,,,0.9760849712408161,0.8371089165390295
v2-gen-choice-07-003,generated,choice,複数属性の制約,True,0.0001580726858367507,4.996604922745483e-08,,,0.999841939806992,0.997776121642197,0.0015200888108164144,4.614321363341501e-06,,,0.9984810659389984,0.9835889444993354
v2-gen-choice-03-039,generated,choice,最終更新,True,1.431704327583712e-05,4.0994958702198596e-10,,,0.9999856830592125,0.9997489581423775,0.00025640771835016874,1.314561260924455e-07,,,0.9997436251512994,0.9965717637953749
v2-gen-score-13-020,generated,score,取消しを反映した件数,True,0.38806804878428885,0.15497204893881902,0.2250928369434373,0.05627320923585932,0.6783661796996034,0.4300491262575681,0.5547171184261126,0.25598684289169577,0.2655145003743331,0.06637862509358328,0.5742346786325753,0.29813622187519107
v2-gen-choice-09-031,generated,choice,利用可能集合の差,True,0.00016596487111265166,5.507953498678229e-08,,,0.9998340489002947,0.997676762681518,0.0015759547162586477,4.959445539921101e-06,,,0.9984252864482832,0.983068280868827
v2-gen-choice-12-029,generated,choice,条件付き不足書類,True,0.21875598116936373,0.07088858425947979,,,0.8035177676988327,0.4948911441817492,0.327362655677103,0.13573694330191108,,,0.720822285325957,0.3524776181226691
v2-gen-noul-13-021,generated,noul,範囲の開閉境界,True,0.0008088200009643088,1.3073218434587995e-06,,,0.9991915070057635,0.9905288370359225,0.0050907670562756,5.1568736595562884e-05,,,0.9949221689376485,0.9539918148889673
v2-gen-score-06-024,generated,score,約束時刻からの遅れ,True,0.018121082180563488,0.0006449710979513613,0.01795788264177267,0.01795788264177267,0.9820421173582273,0.8701842288604289,0.05020511467843006,0.00479527301275055,0.04896566660809665,0.04896566660809665,0.9510343333919034,0.7180131703645887
v2-gen-noul-12-046,generated,noul,記録と主張の照合,True,6.182135612919768e-05,7.643287616720602e-09,,,0.9999381805547715,0.9990464826451138,0.0007581815127711487,1.1488071330859809e-06,,,0.999242105834207,0.9910508886303677
v2-gen-noul-14-022,generated,noul,予定時間の重なり,True,0.0042392667318176674,3.5790769995162474e-05,,,0.9957697062752592,0.9605539253596636,0.017298452469445808,0.000588223956708478,,,0.9828503067562642,0.874877103070519
v2-gen-choice-02-046,generated,choice,条件と優先例外,True,0.00035366306346779254,2.5006667254405187e-07,,,0.9996463994679415,0.9954357130608312,0.0027598894914189196,1.519200351665514e-05,,,0.9972439155023245,0.9725938560245887
v2-gen-score-01-008,generated,score,件数の段階境界,True,0.0008968389871660427,1.6071984008934427e-06,0.0008964369472789224,0.0008964369472789224,0.9991035630527211,0.9896322060690731,0.005494986705014981,6.005897804606974e-05,0.005479916881033442,0.005479916881033442,0.9945200831189666,0.9509527429229953
v2-gen-choice-03-019,generated,choice,最終更新,True,0.002016942609282404,7.088626088149477e-06,,,0.997985090052645,0.9902888985870885,0.011990126207390367,0.00022418147363603553,,,0.9880814689252714,0.9536260510276904
v2-gen-noul-13-009,generated,noul,範囲の開閉境界,True,0.0006738680517237689,9.075845382982505e-07,,,0.99932635894636,0.991931166989513,0.004447668326388902,3.938799739429941e-05,,,0.9955622079028925,0.9589263200863183
v2-gen-noul-07-049,generated,noul,識別文字列の完全一致,True,0.005308955993941074,5.607168618519141e-05,,,0.9947051116071635,0.9523457246993154,0.020414579279492667,0.0008166952081894503,,,0.9797923874716797,0.8573953543398533
v2-gen-noul-13-005,generated,noul,範囲の開閉境界,True,0.00027937403221126364,1.560560966516296e-07,,,0.9997206649890797,0.996299311255618,0.002317730307151421,1.071888007717717e-05,,,0.9976849535558463,0.9763963259875387
v2-gen-noul-01-044,generated,noul,事実と否定質問,True,0.00018489911451983636,6.836272391949706e-08,,,0.9998151179782679,0.9974405544673465,0.0017072595231066208,5.819527644413318e-06,,,0.9982941970154187,0.9818557197272255
v2-gen-noul-02-018,generated,noul,全条件の充足,True,0.00017710967975613745,6.272456737879617e-08,,,0.9998229060032373,0.9975373726116246,0.0016536856587277165,5.4603166446284526e-06,,,0.9983476809259969,0.9823486149427618
v2-gen-choice-05-037,generated,choice,否定条件で選択,True,0.0002793260852929005,1.560025431985749e-07,,,0.999720712922606,0.9962998771318297,0.0023174357261518254,1.0716158689904457e-05,,,0.9976852474549205,0.9763988980426883
v2-gen-score-14-002,generated,score,参照表の順序尺度,True,0.0012171722678567683,1.9005410939140057e-06,0.001104198337892548,0.00015774261969893542,0.9987835681858577,0.9945642898134605,0.010613398195922908,0.00013514179629374362,0.00887003825079713,0.001267148321542447,0.989442725185957,0.9629507716627848
v2-gen-score-09-011,generated,score,例外による上限,True,0.005286167223973787,4.603562451187782e-05,0.0029465805495074715,0.0014732902747537358,0.9947277799714282,0.9675095816062664,0.023516494144528926,0.0008617629817993489,0.01014570210936272,0.00507285105468136,0.9767578637506018,0.886928789257531
v2-gen-choice-13-003,generated,choice,工程の依存順,True,0.020624488120253564,0.0008281439715910288,,,0.9795867419715986,0.9516043995386703,0.05685323854214063,0.005899995133424041,,,0.9447327095424972,0.8916171302707595
v2-gen-choice-11-012,generated,choice,小数量の比較,True,0.09370927096699215,0.010588368036653173,,,0.910547446341809,0.795537968859243,0.2339838833744008,0.05458445148908773,,,0.7913745700804611,0.594537094868882
v2-gen-choice-15-018,generated,choice,文章内の順序参照,True,0.0003005273552867075,1.3502073771481555e-07,,,0.9996995177985355,0.9984370322557251,0.0032961121123667478,1.4830562119846666e-05,,,0.9967093141017214,0.9864918472107393
v2-gen-score-06-035,generated,score,約束時刻からの遅れ,False,2.6646416735815337,1.2156855998375757,1.5332265497131492,0.30664530994262984,0.4133903134827815,0.33775138586524,2.3025544329614482,1.1064692062790504,1.5240295894645812,0.3048059178929162,0.3745333767163173,0.25511347844148513
v2-gen-choice-12-024,generated,choice,条件付き不足書類,True,0.1276700827521785,0.024230098045698114,,,0.8801437058392363,0.7578323279938785,0.24023566066096996,0.07157822617127194,,,0.786442505666223,0.6175181376315225
manual_v2_score_055,manual,score,count,True,0.010061025747456478,0.0001928716731573463,0.010728443137659305,0.002145688627531861,0.9899894170615499,0.9675461328919233,0.03568687729514101,0.002201076131598958,0.0430289431576627,0.008605788631532541,0.9649423915554489,0.9055057807570372
v2-gen-choice-14-002,generated,choice,二属性照合,True,0.0049296177378479545,4.3948978302449514e-05,,,0.9950825128863734,0.9814486848273867,0.022730212021377108,0.0008240461985382112,,,0.9775261730118522,0.9298988889700285
v2-gen-score-10-019,generated,score,不足の段階,True,0.3229932555285781,0.1505823500785162,0.27031732350628834,0.09010577450209611,0.7239787372053523,0.5614567784731654,0.4088460735827744,0.2165686531382108,0.31484709817785683,0.10494903272595228,0.664416495702226,0.4951190867326911
v2-gen-choice-03-023,generated,choice,最終更新,True,1.2758983789981566e-05,1.8847465967984869e-10,,,0.9999872410976055,0.9999131305418191,0.0003850166213110366,1.7068090483763677e-07,,,0.9996150574880769,0.9980054888047447
v2-gen-score-04-007,generated,score,独立チェックの合計,True,0.003847844192715241,2.1916829831535154e-05,0.0006368892605124188,0.00021229642017080627,0.9961595492737415,0.9795105139523533,0.0202070928502231,0.0005748239533810235,0.0001463526928766612,4.8784230958887065e-05,0.9799957021873745,0.9159200139898339
v2-gen-choice-10-045,generated,choice,不在時の代理,True,0.05963797298178923,0.0053852153141199476,,,0.9421055395131542,0.7680284909013647,0.13803750601307596,0.02597988295187103,,,0.8710660209195553,0.5763289513222136
v2-gen-choice-05-003,generated,choice,否定条件で選択,True,0.0002863994638508751,1.2673541602434744e-07,,,0.9997136415445605,0.9985203484520293,0.003101384148068037,1.352562814098706e-05,,,0.9969034201757809,0.9873159503388738
v2-gen-noul-14-042,generated,noul,予定時間の重なり,True,0.013789500807169187,0.000375098443919839,,,0.9863051388484615,0.8956041771106196,0.04112350470852952,0.0032464724956942346,,,0.9597105938509003,0.7563824643158237
v2-gen-choice-02-044,generated,choice,条件と優先例外,True,5.515424037307932e-05,6.083644915738688e-09,,,0.9999448472805941,0.9991402317740541,0.0006967009701890742,9.701084120242555e-07,,,0.9993035416695795,0.9916913441360371
v2-gen-noul-03-026,generated,noul,いずれかの条件,True,0.0001542228579725372,4.756204421669693e-08,,,0.9998457890337611,0.9978247940535033,0.0014925754875471907,4.448918694157199e-06,,,0.9985085378492639,0.9838464573334065
v2-gen-noul-12-026,generated,noul,記録と主張の照合,True,0.00016520284705543446,5.457494479354785e-08,,,0.9998348107981835,0.9976863321435039,0.001570591201560845,4.925772006292523e-06,,,0.9984306415313428,0.9831181414097453
v2-gen-choice-04-036,generated,choice,参照先の担当,True,0.0009185757335855079,1.1907299128364361e-06,,,0.9990818460279538,0.9948079540126108,0.007581350770287518,7.627119849685829e-05,,,0.9924473151815073,0.9666093268390631
v2-gen-score-04-029,generated,score,独立チェックの合計,True,0.0017354769193716505,4.006187506872235e-06,0.003644164178205801,0.0009110410445514502,0.9982660281499003,0.9907394452889398,0.012435537256166276,0.0001975853220405416,0.027471602901710142,0.0068679007254275354,0.9876414645206074,0.9486018178560813
v2-gen-noul-10-009,generated,noul,条件付き義務,True,0.002574462817098375,1.3221642434621032e-05,,,0.9974288482702667,0.9741748164801076,0.011976412473063143,0.00028345713069936955,,,0.9880950193049428,0.9068272872106863
v2-gen-noul-11-023,generated,noul,参照関係の真偽,True,0.03399053577204247,0.0022337055701261775,,,0.9665806525338526,0.7887400101476387,0.07932826256539441,0.01163219817136155,,,0.9237366465090816,0.6111259533158332
v2-gen-score-04-006,generated,score,独立チェックの合計,True,0.045468309070053836,0.003927492180496619,0.04390382692715811,0.021951913463579054,0.9555498843565682,0.8329703105766219,0.09962982662111608,0.01758853259668893,0.09055528286547987,0.045277641432739935,0.9051724267621651,0.7052814316800372
v2-gen-noul-10-004,generated,noul,条件付き義務,True,0.05025997283678418,0.004805496721483501,,,0.9509821628308455,0.7177899405088813,0.105261472530547,0.019964358601434324,,,0.9000891432289906,0.5312870474689364
v2-gen-score-03-040,generated,score,順番に進む工程,True,0.0037522691979641983,2.39427375627102e-05,0.0034836126352848495,0.0004976589478978356,0.9962547617673289,0.9869133875979803,0.019920096871273385,0.0005850358933532665,0.015387525717071693,0.0021982179595816703,0.9802769973766536,0.9429575685023616
v2-gen-noul-04-048,generated,noul,例外の優先,True,0.01756425535111379,0.0006062790845195155,,,0.9825890970291671,0.8733543564910682,0.04907468896729936,0.004586901340196781,,,0.9521100149290231,0.7226347656611972
v2-gen-noul-05-030,generated,noul,締切の境界,True,0.0006807954383245276,9.263340347857543e-07,,,0.9993194362503094,0.9918582892244882,0.004481453521475769,3.998731511854838e-05,,,0.995528573207658,0.9586638333182442
v2-gen-choice-06-029,generated,choice,時間枠の包含,True,0.35405237929103517,0.162874972102051,,,0.7018382046050204,0.6447520343852045,0.4864524185389119,0.24237264808932793,,,0.6148035958397122,0.5221443990643189
v2-gen-score-10-029,generated,score,不足の段階,False,0.9649493632525116,0.6376514398878949,0.4695673861676375,0.07826123102793958,0.4965987804116897,0.44659218193286976,1.018964397691526,0.6184254233305975,0.43204097998447644,0.07200682999741274,0.4393167484335721,0.35066843256815305
v2-gen-choice-01-016,generated,choice,問い合わせ経路,True,3.46951557916451e-05,1.5892618369166862e-09,,,0.9999653054460783,0.9997302982866865,0.0006872632118173293,6.095525083090708e-07,,,0.9993129728994505,0.9959087557297592
v2-gen-noul-14-037,generated,noul,予定時間の重なり,True,0.09932350784306931,0.017879503126055827,,,0.9054497405448937,0.5485216708137381,0.1717135752134932,0.04978882239325326,,,0.8422203714143469,0.3710288387965196
v2-gen-choice-15-027,generated,choice,文章内の順序参照,True,0.00966463360956738,0.00012954088458100202,,,0.9903819188702426,0.9679348944775718,0.045715732489656685,0.002560833555969309,,,0.9553134881827604,0.8786661163287245
v2-gen-noul-15-019,generated,noul,出来事の前後関係,True,0.004155907213039193,3.439991889141387e-05,,,0.9958527166185915,0.9612091441785148,0.01704726835218415,0.0005714083388955871,,,0.9830972141512769,0.8763218406576774
v2-gen-choice-01-019,generated,choice,問い合わせ経路,True,3.179973185707513e-05,1.2493383875022494e-09,,,0.999968200773749,0.9997715602943261,0.0006893818546038984,5.798993304702507e-07,,,0.9993108557144718,0.9962178077527601
v2-gen-choice-13-022,generated,choice,工程の依存順,True,0.007591694934858507,9.583718988599224e-05,,,0.9924370491962476,0.9760045119855902,0.03359276090385693,0.0016230455722610446,,,0.9669652105041824,0.9126198434577452
v2-gen-noul-08-010,generated,noul,集合と否定所属,True,4.4000977717116116e-05,3.872001705135926e-09,,,0.9999559999903117,0.9992997486487109,0.0005892954923058786,6.941292068421596e-07,,,0.9994108781081804,0.992829552255841
v2-gen-choice-03-027,generated,choice,最終更新,True,0.005545254655765625,5.5123673983049086e-05,,,0.9944700918888967,0.9772369067673966,0.024388938556122116,0.0009566372705129518,,,0.9759060684369528,0.9189903853834459
v2-gen-score-13-033,generated,score,取消しを反映した件数,True,0.41886553502422935,0.1781334835334132,0.5369031685355372,0.17896772284517906,0.6577926393926832,0.3455690332684572,0.5672328904224024,0.2743850483874058,0.6209933289839735,0.20699777632799118,0.5670924766402978,0.2330401793409106
v2-gen-noul-15-006,generated,noul,出来事の前後関係,True,0.0466643757909218,0.004157321809862043,,,0.9544076661605153,0.7326301172126144,0.09977029859010454,0.018032796052414042,,,0.9050452843392861,0.5472047299956717
v2-gen-choice-01-017,generated,choice,問い合わせ経路,True,2.37758143713768e-05,7.73882045549367e-10,,,0.9999762244682711,0.999782280271613,0.0004913666103573679,3.263833301643396e-07,,,0.9995087540904453,0.9965664655569193
v2-gen-noul-12-016,generated,noul,記録と主張の照合,True,8.445805288209476e-05,1.4265120546552761e-08,,,0.9999155455135988,0.9987353700305474,0.0009553960081337137,1.8238199006847567e-06,,,0.9990450602373225,0.9890427264434178
v2-gen-choice-05-035,generated,choice,否定条件で選択,True,0.00020482550886529493,4.962517294513245e-08,,,0.9997951954664471,0.9988861044887036,0.002969881589369007,1.0240746672013815e-05,,,0.9970345241463747,0.9876028142362485
v2-gen-choice-10-047,generated,choice,不在時の代理,True,0.10433185929149338,0.0150527513038289,,,0.900926267053274,0.7113186432424177,0.21669815674496593,0.05554931465356083,,,0.805172968659024,0.5189247098281082
v2-gen-noul-02-035,generated,noul,全条件の充足,True,0.000654280086868136,8.556049062596388e-07,,,0.9993459339076746,0.9921377991366636,0.004351641001286528,3.7709164266246595e-05,,,0.995657813669,0.9596744589203697
v2-gen-choice-09-035,generated,choice,利用可能集合の差,True,0.0001826880219291851,6.673763361845059e-08,,,0.9998173286645113,0.9974679879831931,0.0016921128028573214,5.71681116325345e-06,,,0.9983093180128638,0.9819948222351141
v2-gen-noul-10-028,generated,noul,条件付き義務,True,0.0033814566633968393,2.2791321808396807e-05,,,0.9966242540225606,0.9674212320684253,0.014644011187259278,0.0004226667140105682,,,0.9854626908609164,0.8904431554372425
v2-gen-noul-13-003,generated,noul,範囲の開閉境界,True,0.00018072244498313933,6.530940047803689e-08,,,0.9998192938843342,0.9974924077818558,0.0016786079194826943,5.625998641393554e-06,,,0.9983228001548126,0.982119013190023
v2-gen-choice-03-048,generated,choice,最終更新,True,0.0022643773779592534,1.0231619702508526e-05,,,0.9977381843905273,0.9768630620748615,0.010894147572878798,0.00023479537107464957,,,0.9891649787477216,0.9137206710550811
manual_v2_noul_053,manual,noul,disjunction,True,0.0015451952943320358,4.767884937109719e-06,,,0.9984559979052622,0.983354591625105,0.008215390012818582,0.00013388160532422827,,,0.9918182640801531,0.9315176077766096
v2-gen-score-15-014,generated,score,軽重のある項目,False,2.0246589288584844,1.1426606392590601,0.20322484003911168,0.04064496800782234,0.5480725033853608,0.41407989422970715,1.7915553345164175,1.0181224684606094,0.062393532487594605,0.012478706497518921,0.47881540072964246,0.33561588066927284
v2-gen-choice-11-006,generated,choice,小数量の比較,True,0.19746082632467638,0.05466953598409953,,,0.8208122942322491,0.7015672261585396,0.33429100129380174,0.12411126448837995,,,0.7158454399655528,0.5549376561734312
manual_v2_choice_049,manual,choice,comparison,True,0.0035703421246697058,1.6317162902137265e-05,,,0.9964360239681438,0.9862321322348322,0.022222797994246892,0.0006027368126127212,,,0.9780223093665532,0.9329580943504457
v2-gen-choice-04-020,generated,choice,参照先の担当,True,0.07979666166873743,0.011587517131820177,,,0.9233040704091692,0.8662878917782045,0.15380267088352204,0.038311895944011166,,,0.8574412024336062,0.7818020580147269
v2-gen-choice-06-010,generated,choice,時間枠の包含,True,0.22668340141464874,0.08227748144969915,,,0.7971731262262085,0.27245405899528885,0.3093439474671996,0.1415883056466108,,,0.733928293831709,0.16422886856257035
v2-gen-noul-02-042,generated,noul,全条件の充足,True,0.0002797381643329297,1.5646310736444753e-07,,,0.9997203009587392,0.9962950141056929,0.002319967068907588,1.073955489221282e-05,,,0.9976827219747932,0.9763767980853272
v2-gen-noul-09-041,generated,noul,重複を除いた件数,True,0.0032285052828716675,2.07793162874003e-05,,,0.9967767007362487,0.9686772233527182,0.014152732367956545,0.00039497661125304434,,,0.9859469467507406,0.893400808254753
v2-gen-noul-07-031,generated,noul,識別文字列の完全一致,True,0.0005456136332505842,5.950637248774337e-07,,,0.9994545351868005,0.9933003132980153,0.0038043551791758033,2.883635887837693e-05,,,0.9962028722118964,0.9640000835926287
manual_v2_noul_031,manual,noul,arithmetic,True,0.1599727340436863,0.04370917770530907,,,0.8521670237982928,0.39560934741224585,0.24131858255451488,0.09194217198253615,,,0.7855913108307686,0.25017429490179754
v2-gen-score-12-028,generated,score,目標からの差,True,0.33655780028055715,0.13909342081629522,0.25633458250631147,0.05126691650126229,0.7142246000008009,0.565656859393288,0.4838332673480016,0.2258324303563365,0.30567121373154604,0.06113424274630921,0.6164159700140671,0.42870391049800993
v2-gen-choice-05-018,generated,choice,否定条件で選択,True,0.0017715053749901997,6.1239290833066374e-06,,,0.9982300628145012,0.9880042894247477,0.009486716934754476,0.00016845298662073734,,,0.9905581400039171,0.9494556396105627
v2-gen-score-07-019,generated,score,証拠の最高到達段階,False,2.9830483671295918,1.77814194394372,0.9137683535336567,0.30458945117788555,0.9363496986247665,0.8004380023198928,2.314602220152112,1.5510324212322282,0.7880650630678113,0.2626883543559371,0.8589959091680335,0.6254372804127603
v2-gen-noul-10-020,generated,noul,条件付き義務,True,0.001061961126217827,2.2531290727366972e-06,,,0.9989386025549455,0.9879831251353844,0.0062264723363855716,7.705687669375343e-05,,,0.9937928719727336,0.9455630736005827
v2-gen-noul-07-026,generated,noul,識別文字列の完全一致,True,0.0011047615599854299,2.438301227125587e-06,,,0.9988958484644023,0.9875620152038762,0.006411057399936427,8.167826930682617e-05,,,0.9936094495813418,0.9442237905728443
v2-gen-choice-07-047,generated,choice,複数属性の制約,True,0.0013190319262880268,3.031300348315425e-06,,,0.9986818376139641,0.994439588989063,0.008912676431792754,0.00012262049765121013,,,0.991126923733648,0.96960502910254
v2-gen-score-13-049,generated,score,取消しを反映した件数,False,2.5589709621723107,1.2141260598336676,1.4270126138318582,0.2854025227663716,0.5351774454147676,0.3155241403377427,2.2398456311842825,1.0842061552779596,1.4817340978270597,0.2963468195654119,0.4465117907043334,0.21401281763145596
v2-gen-score-08-008,generated,score,要件への一致数,True,0.03827374768930498,0.0021867153016470664,0.011387552019995972,0.0018979253366659954,0.9624494365166689,0.9022071558542828,0.10888641611581143,0.015387275991174877,0.002976963574372826,0.0004961605957288043,0.8968322774068375,0.7732879110174347
v2-gen-noul-09-029,generated,noul,重複を除いた件数,True,0.00116974416845669,2.7334038972600137e-06,,,0.9988309397155707,0.9869272331141087,0.006687765341374496,8.885650095695764e-05,,,0.9933345479914353,0.9422308088121214
v2-gen-score-09-025,generated,score,例外による上限,True,0.05938218353857111,0.005000388379872531,0.08378683866332168,0.04189341933166084,0.9423465509873403,0.7631814246701633,0.14034051520724541,0.02575827088162324,0.19186614709875568,0.09593307354937784,0.8690622560946955,0.5643509328679044
v2-gen-noul-12-009,generated,noul,記録と主張の照合,True,4.5847469958722955e-05,4.203788266488601e-09,,,0.9999541535810205,0.9992730824067806,0.0006075249308045312,7.377247834344499e-07,,,0.9993926595751004,0.9926345009649701
v2-gen-noul-04-047,generated,noul,例外の優先,True,0.002317258314018314,1.0714519894019998e-05,,,0.9976854244564045,0.9764004470956473,0.011081362265316749,0.00024288918125997555,,,0.9889798098641636,0.9125170651380564
v2-gen-choice-14-045,generated,choice,二属性照合,True,0.00016489436347633492,5.4371336069672826e-08,,,0.999835119230852,0.9976902075082505,0.0015684181104859947,4.912161379319252e-06,,,0.9984328112144162,0.9831383505816268
v2-gen-score-06-034,generated,score,約束時刻からの遅れ,True,0.006677346041035191,6.569258157521623e-05,0.02094357090962897,0.005235892727407243,0.9933448978963475,0.9711732854701212,0.03163252733700989,0.001346368329088896,0.09198939735646777,0.022997349339116943,0.9688625471717522,0.891974374494411
v2-gen-score-08-006,generated,score,要件への一致数,True,0.013911108806865755,0.0002646971572993537,0.025843520399590314,0.0064608800998975785,0.9861852035461296,0.9448077297596993,0.05626693104109561,0.003956072282989942,0.1120129072718591,0.028003226817964775,0.945286775827322,0.825276389024214
v2-gen-score-07-009,generated,score,証拠の最高到達段階,True,0.0036779365218389893,1.64671449555249e-05,0.0035875357745549508,0.0005125051106507073,0.9963288188022682,0.9853171082622639,0.024526241427796507,0.0006951551596706982,0.02177918398223211,0.00311131199746173,0.9757720829297799,0.9239809378340108
v2-gen-score-13-029,generated,score,取消しを反映した件数,False,1.3825117538500364,0.8799934442260893,0.8918506020762758,0.14864176701271262,0.5292279736599463,0.43188256420129434,1.3299597124091416,0.8027111798053994,0.8207431974948998,0.13679053291581664,0.45986975298858096,0.3582630048887706
v2-gen-score-03-001,generated,score,順番に進む工程,True,0.0011592827621878508,2.0639312662086657e-06,0.0006090113417309695,0.00020300378057698984,0.9988413889464817,0.9928705580017924,0.008234966682313572,9.867701300813541e-05,0.00403205920379035,0.0013440197345967835,0.991798847771852,0.9604569318054978
v2-gen-choice-07-022,generated,choice,複数属性の制約,True,0.00011339479585463211,2.183335144096473e-08,,,0.9998866116330922,0.9991276250064411,0.0014195875075897406,3.150774290651027e-06,,,0.9985814196301264,0.9914733558624295
v2-gen-score-14-017,generated,score,参照表の順序尺度,True,0.00029815605693760133,1.7774106741733306e-07,0.0002981116128376461,0.0002981116128376461,0.9997018883871623,0.9960785385521105,0.0024321408267458876,1.1801885053378036e-05,0.002429185568598906,0.002429185568598906,0.9975708144314012,0.9754014525562231
v2-gen-score-09-032,generated,score,例外による上限,True,0.07522265479628587,0.007885771394418296,0.004342672750203391,0.0021713363751016956,0.9275369427864073,0.7177699772058524,0.16609903136293677,0.03515391904564757,0.006802572681966712,0.003401286340983356,0.8469623541998008,0.5140518769545324
v2-gen-score-09-027,generated,score,例外による上限,True,0.0011338885716819323,2.2146537850525547e-06,0.0014913375590065764,0.0003728343897516441,0.9988667540370594,0.9941002064499607,0.007933527146618827,9.704876576987581e-05,0.0123023582042254,0.00307558955105635,0.9920978602208497,0.9670002911067102
manual_v2_choice_029,manual,choice,insufficient,True,0.0026474139703178494,1.3980548312067657e-05,,,0.9973560873395602,0.9735505728616998,0.012225881572105404,0.00029531543166931313,,,0.9878485508751155,0.9052597478434828
v2-gen-noul-04-049,generated,noul,例外の優先,True,0.07464912412218394,0.010348118459017019,,,0.9280690662544374,0.6269114506476364,0.13993073630795957,0.034103081123561405,,,0.8694184524452987,0.44096907288801235
v2-gen-choice-15-035,generated,choice,文章内の順序参照,True,0.00039402885463012144,2.884126549220616e-07,,,0.999606048764544,0.996733342201389,0.0032632229508429735,1.8725256454697547e-05,,,0.9967420955744197,0.9788749708195987
v2-gen-noul-02-007,generated,noul,全条件の充足,True,0.0009211881679229097,1.6956127034406066e-06,,,0.9990792359956426,0.9893864347258721,0.005604940106127866,6.247969348730817e-05,,,0.994410738264882,0.9501338238197079
v2-gen-score-11-003,generated,score,時刻順の評価更新,True,0.0068077740708767055,9.206305092175793e-05,0.006784653672876617,0.006784653672876617,0.9932153463271234,0.941371779324847,0.024510253398352062,0.0011724725185799055,0.024212316272714474,0.024212316272714474,0.9757876837272855,0.8355208460467809
v2-gen-choice-05-042,generated,choice,否定条件で選択,True,4.586011029933281e-05,2.7514331133382423e-09,,,0.9999541409412595,0.9996853088179177,0.0008635748211841689,9.486880993221093e-07,,,0.9991367979522381,0.9954433283075839
v2-gen-score-03-004,generated,score,順番に進む工程,True,0.0004822494107537972,3.835639902664827e-07,0.0007422506794328252,0.00012370844657213752,0.9995178668528032,0.997658896879916,0.00452247025019701,2.9505204012492236e-05,0.00890466698879192,0.0014841111647986534,0.9954877407196497,0.9823768630293706
v2-gen-noul-03-023,generated,noul,いずれかの条件,True,0.0016938183912402701,5.728331881003364e-06,,,0.9983076153095405,0.981979148833484,0.008792102251510746,0.00015324979149367892,,,0.9912464352548896,0.927588098129963
v2-gen-score-05-031,generated,score,緊急条件の加点,True,0.00375720371411413,2.2682126177694345e-05,0.00665833822749743,0.0009511911753567758,0.9962498457442466,0.986472078742479,0.02124459698149265,0.0006211879515784602,0.049025129380878774,0.00700358991155411,0.9789794798563185,0.9374054212742402
v2-gen-noul-12-042,generated,noul,記録と主張の照合,True,0.00011664130262246104,2.7207213315914224e-08,,,0.9998833654997098,0.9983078283338114,0.0012135916965685528,2.9420373739578476e-06,,,0.9987871444080275,0.9865018920402783
v2-gen-noul-14-024,generated,noul,予定時間の重なり,True,0.021383376988586597,0.0008951842789840349,,,0.9788436265042418,0.8521150662058317,0.056644593733896506,0.00606544423370875,,,0.9449298436823139,0.6924438703235163
v2-gen-choice-05-028,generated,choice,否定条件で選択,True,0.0013477736907290285,2.528995891464745e-06,,,0.998653134148332,0.9938361451916702,0.01071686202848861,0.00014576321419329462,,,0.9893403589451981,0.9613363794181826
v2-gen-score-10-001,generated,score,不足の段階,True,0.0016577896464304693,4.179707972402722e-06,0.0028643152867532805,0.00047738588112554675,0.9983435837277987,0.9928137914762696,0.0118302730892998,0.00018846787327803883,0.02512734008584576,0.004187890014307627,0.9882394294539117,0.9589503381536507
v2-gen-score-03-034,generated,score,順番に進む工程,True,0.0018612435348835889,6.915573440087353e-06,0.0018595124952641706,0.0018595124952641706,0.9981404875047358,0.980452409138455,0.009426020246602749,0.0001760338871917338,0.00938173457287439,0.00938173457287439,0.9906182654271256,0.9233340047414825
v2-gen-score-11-034,generated,score,時刻順の評価更新,True,0.02609905795267003,0.0008500496837105313,0.0558282204020844,0.0139570551005211,0.9742385787497211,0.904380776929354,0.09147959212552814,0.009679473439070725,0.19711320805558435,0.04927830201389609,0.9125799397788328,0.7421855149045611
v2-gen-score-01-019,generated,score,件数の段階境界,True,0.02127777873100879,0.0007097057867433126,0.010772925826458835,0.002154585165291767,0.9789469961433727,0.9351518594462032,0.06841243259042049,0.006606593812537771,0.0273323967271355,0.0054664793454271,0.9338752335581989,0.8323468156979682
v2-gen-noul-10-001,generated,noul,条件付き義務,True,0.0021050626574358375,8.84394419072971e-06,,,0.9978971514330878,0.9782678666800082,0.010322962245845007,0.00021094018607799786,,,0.9897301366591859,0.917423103520842
v2-gen-noul-01-035,generated,noul,事実と否定質問,True,0.0003332246855966894,2.220033948987084e-07,,,0.9996668308275826,0.9956708290437675,0.002640885091132281,1.3911768299411712e-05,,,0.9973625989782162,0.9736063194763415
v2-gen-choice-08-039,generated,choice,改訂と例外の優先,True,7.720586650848106e-05,7.229814985892828e-09,,,0.9999227971137877,0.9995470451487561,0.0014182964499380101,2.370769350535877e-06,,,0.9985827088571413,0.993603723730856
v2-gen-noul-11-028,generated,noul,参照関係の真偽,True,0.028360080435470728,0.0015637142502479687,,,0.9720382918060433,0.8159354022333182,0.06956004844863807,0.009030573044939368,,,0.9328041182625774,0.6446289942870617
v2-gen-score-15-027,generated,score,軽重のある項目,True,0.003270139239085669,1.4825325157289951e-05,0.0023436402530134792,0.0005859100632533698,0.9967352018426227,0.9840838579722546,0.019361724760551164,0.0004892301822507318,0.011152132290378702,0.0027880330725946756,0.9808245095563117,0.9264059469313151
v2-gen-score-02-012,generated,score,記述の満足段階,True,0.0009640324990273602,1.2555536965901703e-06,0.0003256738229020506,5.42789704836751e-05,0.9990364320310162,0.9954438030025363,0.008205214949768318,8.60060045159912e-05,0.005582083126349557,0.0009303471877249262,0.9918283559448671,0.9696478342023985
v2-gen-score-14-008,generated,score,参照表の順序尺度,True,0.004928563279657702,3.110662833906565e-05,0.0037776223304968326,0.0006296037217494721,0.9950835621598323,0.9804274432809605,0.028403633485308562,0.0009736255962722373,0.031028381350098,0.005171396891683,0.9719959574957768,0.9118518295797808
v2-gen-score-06-007,generated,score,約束時刻からの遅れ,True,0.0007839802001909941,9.066226295061468e-07,0.00143074084260113,0.000286148168520226,0.9992163270319929,0.9959647501231877,0.006787657063657194,6.180166712423786e-05,0.014420174819999769,0.002884034963999954,0.9932353270483915,0.9724436991717089
manual_v2_choice_006,manual,choice,scope,True,9.298231367921406e-05,1.1806784057716221e-08,,,0.9999070220090421,0.9994438560670823,0.0015011581295159273,2.84945608533602e-06,,,0.9984999680447566,0.9930152165494659
v2-gen-score-14-012,generated,score,参照表の順序尺度,True,0.0012272813654884277,2.1607319976780967e-06,6.712546439358036e-06,2.237515479786012e-06,0.9987734714362886,0.9923708865484838,0.008864497061070892,0.00010912478359893529,0.0012350605047468655,0.0004116868349156218,0.991174676755485,0.9572799388556004
v2-gen-score-14-041,generated,score,参照表の順序尺度,True,0.001523855526765425,2.9977901426878487e-06,0.0006295560674653977,0.00015738901686634943,0.9984773049515259,0.9916989900541114,0.011388636242984747,0.00016379507072464855,0.0038115695704261654,0.0009528923926065413,0.988675968787772,0.9521516914800838
v2-gen-choice-15-002,generated,choice,文章内の順序参照,True,0.00028614568980917193,1.2966294185283045e-07,,,0.9997138952459641,0.9974568082790457,0.0027744996544874865,1.1888718897668825e-05,,,0.9972293457125336,0.9810073901390127
v2-gen-noul-10-040,generated,noul,条件付き義務,True,0.0011877781093410807,2.818284520305571e-06,,,0.9988129270198708,0.9867520114355718,0.006763834550115864,9.088246690219615e-05,,,0.9932589886922586,0.9416859331871835
v2-gen-choice-11-002,generated,choice,小数量の比較,True,0.5568183672284943,0.3267313597657874,,,0.5730293355082013,0.23796417252894253,0.6404740253260344,0.3803538966114604,,,0.527042533311773,0.1652116848329288
v2-gen-choice-14-004,generated,choice,二属性照合,True,1.7828933445664286e-05,6.357304011358492e-10,,,0.9999821712254888,0.9996930221081262,0.0003016809983900422,1.8196794640654487e-07,,,0.9996983645027466,0.9960372987664668
v2-gen-noul-06-003,generated,noul,更新後の状態,True,0.0004064005343767045,3.301885771446978e-07,,,0.9995936820351347,0.9948367123765524,0.00305903230958154,1.8658208486048124e-05,,,0.9969456417624935,0.9700813254434565
v2-gen-score-05-039,generated,score,緊急条件の加点,True,0.006472099898353158,8.323598793031232e-05,0.006451200970761632,0.006451200970761632,0.9935487990292383,0.9437826350541115,0.0236161727638096,0.001089463892419297,0.023339493272340927,0.023339493272340927,0.976660506727659,0.840198933971529
v2-gen-noul-08-049,generated,noul,集合と否定所属,True,5.249938135406671e-05,5.5120806979592686e-09,,,0.9999475019967143,0.9991778794262269,0.0006716902648801134,9.017297712246522e-07,,,0.9993285352685268,0.9919540991021984
v2-gen-score-15-030,generated,score,軽重のある項目,False,1.4150047296269677,0.8134311618904736,0.7459487371075051,0.10656410530107216,0.443586950162055,0.3419690960290249,1.4231453260460125,0.7737718519605731,0.8053883516489044,0.11505547880698634,0.3765251855177555,0.27020122344952124
v2-gen-score-02-049,generated,score,記述の満足段階,True,0.00022489788251860577,1.011353678610967e-07,0.00022487259488547284,0.00022487259488547284,0.9997751274051144,0.996950471855472,0.001973771734822839,7.776188673362922e-06,0.0019718251283218544,0.0019718251283218544,0.9980281748716782,0.9794387453483618
v2-gen-choice-01-048,generated,choice,問い合わせ経路,True,3.016893934893908e-05,1.2346225723658884e-09,,,0.9999698315157289,0.9997868046232996,0.0006289440406457851,5.102559210910864e-07,,,0.9993712537031986,0.9965724215823489
v2-gen-noul-05-033,generated,noul,締切の境界,True,0.0010070690512808597,2.0263346327416415e-06,,,0.9989934378725728,0.9885268860137247,0.005986852756917295,7.125714040586784e-05,,,0.9940310327356456,0.9473138139916248
v2-gen-score-14-046,generated,score,参照表の順序尺度,True,0.0007477336639146894,8.411521753977425e-07,0.0010816809743827704,0.0005408404871913852,0.9992525458192374,0.9939542920559181,0.005737954305494379,4.920456999285789e-05,0.008357763765383108,0.004178881882691554,0.9942784763132441,0.964321766386784
v2-gen-noul-02-027,generated,noul,全条件の充足,True,0.0004168826233525294,3.474373775401528e-07,,,0.9995832042601345,0.9947188786301726,0.00311725005052143,1.93740235874533e-05,,,0.996887603528834,0.9695974700408241
v2-gen-choice-08-001,generated,choice,改訂と例外の優先,True,0.00016763686460286633,3.450098653777516e-08,,,0.9998323771856712,0.9990869964027893,0.002458785360988363,7.221861943621692e-06,,,0.9975442349757769,0.9896671290828861
manual_v2_score_023,manual,score,history,True,0.0012082035254145907,2.535653073438501e-06,0.0012632318016427835,0.00031580795041069587,0.9987925260586066,0.9937871432031219,0.008236778870148908,0.00010577130301700904,0.008859347134151818,0.0022148367835379545,0.9917970504476735,0.966119873169247
v2-gen-score-04-021,generated,score,独立チェックの合計,True,0.001781717700517065,4.30774608515583e-06,0.003210699884155215,0.0010702332947184051,0.9982198686162024,0.9892243727821476,0.012023912014833268,0.00019245679583946993,0.022187826800086782,0.007395942266695594,0.988048086358956,0.9439657978053073
v2-gen-choice-13-004,generated,choice,工程の依存順,True,0.0010873337879502179,1.7871019610627146e-06,,,0.998913257145233,0.9932513417637266,0.007864534539376309,8.952356901956153e-05,,,0.9921663100001032,0.9619756517156852
manual_v2_noul_002,manual,noul,negation,True,0.0015549057066082562,4.827951638198038e-06,,,0.998446302532956,0.9832641109867024,0.00825350331470375,0.00013512156608636998,,,0.9917804633315992,0.931256095775286
v2-gen-score-06-031,generated,score,約束時刻からの遅れ,True,0.0016821060085962952,5.649451609150719e-06,0.0016806920611983456,0.0016806920611983456,0.9983193079388015,0.9820868296099502,0.008747152422453002,0.0001516936192944938,0.00870900738587627,0.00870900738587627,0.9912909926141238,0.9278922885383339
manual_v2_score_058,manual,score,count,True,0.03731107002194836,0.0024912957608679504,0.03636428489990973,0.007272856979981946,0.9633764112124931,0.9050691662688825,0.09664698236579632,0.014327760255384596,0.09466447881251527,0.018932895762503055,0.9078764459645929,0.7930052575397212
v2-gen-noul-04-040,generated,noul,例外の優先,True,0.031082341869354626,0.0018732404893364706,,,0.9693957479315661,0.802586840569316,0.07434595578414166,0.010267310279798679,,,0.9283504700650497,0.627950560202118
v2-gen-choice-15-010,generated,choice,文章内の順序参照,True,0.032277301808804976,0.001989309164497929,,,0.9682380506859888,0.9308171924458843,0.08034988497333527,0.011222316112034104,,,0.9227934183455239,0.8570297535205942
v2-gen-choice-05-049,generated,choice,否定条件で選択,True,3.771954786637379e-05,1.984809866148669e-09,,,0.9999622811635068,0.9996686368939814,0.000683758162233723,6.411374984512299e-07,,,0.9993164755471086,0.9954035465731895
v2-gen-noul-15-031,generated,noul,出来事の前後関係,True,0.0032239037413229854,2.072022087916792e-05,,,0.9967812874562049,0.9687151721245933,0.014137857405614301,0.0003941526312794874,,,0.985961612783523,0.8934907597020659
v2-gen-choice-04-029,generated,choice,参照先の担当,True,0.001032569343610638,1.765432267717771e-06,,,0.9989679635726739,0.9954273612989848,0.007752562219503214,8.811473990476675e-05,,,0.9922774113835576,0.9724159681798128
manual_v2_noul_017,manual,noul,negation,True,0.001051796681499715,2.2102267902091795e-06,,,0.9989487562627513,0.9880834967437393,0.006182351526230488,7.597204351081154e-05,,,0.993836719886667,0.9458843917731996
v2-gen-score-07-002,generated,score,証拠の最高到達段階,True,0.003287750268830568,1.3596128527428895e-05,0.0023581052490229126,0.00033687217843184465,0.9967176484639022,0.986934575113449,0.02187009835440921,0.0005679988972884182,0.020266307355746527,0.0028951867651066466,0.9783673183215106,0.932008066072213
v2-gen-score-05-044,generated,score,緊急条件の加点,True,0.003061548484531089,1.2006394005040179e-05,0.009170663883014463,0.0015284439805024104,0.9969431332759995,0.9870229560111324,0.0202403576716262,0.0004953261991069486,0.06330057074706552,0.01055009512451092,0.9799631033475658,0.9330106112707083
v2-gen-noul-14-029,generated,noul,予定時間の重なり,True,0.09974762537965073,0.01802500281599195,,,0.9050658048541202,0.5472714801663252,0.1722379007925945,0.05006783962796933,,,0.8417788894806237,0.36996314903553074
v2-gen-noul-14-026,generated,noul,予定時間の重なり,False,1.8436752237858762,1.4171372775754492,,,0.8417651921930038,0.36993011905314044,1.4934214889071167,1.2024814396159422,,,0.7753971368324564,0.23151642355567015
v2-gen-score-08-037,generated,score,要件への一致数,True,0.10719551845163636,0.019272558274604747,0.10718973597175996,0.015312819424537136,0.898350011815027,0.8240361319938496,0.2076465267212434,0.05882393641845219,0.2272171190836989,0.03245958844052842,0.8124941809421513,0.6971761074820764
v2-gen-choice-01-020,generated,choice,問い合わせ経路,True,0.00011425216630199716,2.610413241376452e-08,,,0.9998857543602282,0.9983390756505991,0.001195125153624906,2.8532365923663517e-06,,,0.9988055887240221,0.9866807403897911
manual_v2_noul_014,manual,noul,arithmetic,False,0.7995023429302403,0.605984610970381,,,0.5504473684969259,0.007355645498563934,0.7710104255244655,0.5777147557425837,,,0.5374545356318913,0.004051541173438866
v2-gen-choice-01-003,generated,choice,問い合わせ経路,True,3.142287872676884e-05,1.518133273071268e-09,,,0.9999685776149667,0.9997604773703981,0.000596658981336143,5.034708131125692e-07,,,0.9994035189842372,0.9964694914719872
v2-gen-noul-01-013,generated,noul,事実と否定質問,True,0.0028270184394513635,1.5938953691055275e-05,,,0.9971769738142328,0.9720260731187437,0.012832447372535367,0.00032514859215815783,,,0.987249537417055,0.901480174714906
v2-gen-noul-14-007,generated,noul,予定時間の重なり,True,0.12005844466374523,0.025597426216355107,,,0.8868686024651973,0.4907104595488051,0.19663702662982027,0.06373252722160874,,,0.8214887577467336,0.3231906562705972
v2-gen-choice-13-018,generated,choice,工程の依存順,True,0.0006851462460497402,7.051922660691505e-07,,,0.9993150884130445,0.9944042198487282,0.005381150019126724,4.325410604777181e-05,,,0.9946333024334116,0.9662145252535069
v2-gen-noul-03-021,generated,noul,いずれかの条件,True,6.009596942671774e-05,7.22261702162472e-09,,,0.9999399058362999,0.9990706397151593,0.0007424432596013702,1.1016258397212786e-06,,,0.9992578322831996,0.9912141245508538
v2-gen-noul-08-011,generated,noul,集合と否定所属,True,3.1070558807498835e-05,1.9306992605399413e-09,,,0.9999689299238773,0.9994899291680706,0.0004553426371360758,4.1448506585427714e-07,,,0.9995447610155894,0.9942897303408432
v2-gen-noul-07-048,generated,noul,識別文字列の完全一致,True,0.0031995192593197216,2.040846260669359e-05,,,0.996805593747917,0.9689164313332838,0.014058937399758008,0.00038979514390837086,,,0.9860394279503243,0.8939684004913244
v2-gen-choice-01-008,generated,choice,問い合わせ経路,True,0.0002018274453183527,6.643346678238582e-08,,,0.9997981929204703,0.9985206427238785,0.0022062834666978426,7.41008165195346e-06,,,0.9977961485877406,0.9873943005324418
v2-gen-choice-07-033,generated,choice,複数属性の制約,True,0.001648479961629129,4.778773074330448e-06,,,0.9983528780351502,0.9882905830577225,0.009700945490672587,0.00015602078268281948,,,0.9903459568926833,0.9460201109002526
v2-gen-choice-10-036,generated,choice,不在時の代理,False,3.0739873646974267,1.1113251823832353,,,0.2541437353991412,0.07066397557741821,2.7164830775586988,1.0580681957369262,,,0.23382261326551368,0.04377129102551669
v2-gen-choice-02-012,generated,choice,条件と優先例外,True,7.902752011592964e-05,1.248971080798263e-08,,,0.9999209756024763,0.9988091038798861,0.0009094865810344457,1.6528278876241582e-06,,,0.9990909268765319,0.9895044279610715
v2-gen-score-09-026,generated,score,例外による上限,True,0.0009848791040508178,1.7755602317196562e-06,0.0011202934911833315,0.0003734311637277772,0.9990156057301932,0.9941151555627099,0.006669972778725338,7.482193920759446e-05,0.00844326238779565,0.002814420795931883,0.9933522221158455,0.9683537876227576
v2-gen-noul-14-006,generated,noul,予定時間の重なり,True,0.6058367540894636,0.41292657137897415,,,0.5456176877457849,0.006012777996028618,0.6276230333244689,0.4345743794857097,,,0.5338592597263624,0.003310486844831706
v2-gen-choice-12-035,generated,choice,条件付き不足書類,True,0.0897088284165577,0.014551868182482617,,,0.9141973348073115,0.7844049321913287,0.16484840746418883,0.04428896128539134,,,0.8480222481875337,0.6701793530983376
v2-gen-choice-13-040,generated,choice,工程の依存順,True,0.004289925686607739,3.282853231077668e-05,,,0.9957192629004428,0.9787433097905747,0.02008950009758409,0.0006529280533214553,,,0.9801109493555522,0.9202409543672057
v2-gen-score-01-003,generated,score,件数の段階境界,True,0.0005056014676765793,4.789778965061947e-07,0.0005567454782976994,0.00018558182609923314,0.9994945263272068,0.996762772120292,0.003990625323874784,2.7660635721830344e-05,0.004856320411602334,0.0016187734705341112,0.9960173266400767,0.9797909287206129
v2-gen-score-02-028,generated,score,記述の満足段階,True,0.00010425921812331161,2.1737702673009145e-08,0.00010425378331990753,0.00010425378331990753,0.9998957462166801,0.9984705727622701,0.001116764835175428,2.4915436308325613e-06,0.001116141485393518,0.001116141485393518,0.9988838585146065,0.9874443525663399
v2-gen-noul-03-012,generated,noul,いずれかの条件,True,0.02119838994014427,0.0008799250234987152,,,0.9790247166467445,0.8531179868281787,0.05628720035677981,0.00599126778113641,,,0.9452676157054326,0.6938306122391711
v2-gen-noul-09-001,generated,noul,重複を除いた件数,True,0.007108124122879346,0.00010033554429562362,,,0.992917078840774,0.9392355238359297,0.025300169750200677,0.0012482808485129219,,,0.9750171974299027,0.8314299725918495
v2-gen-noul-14-033,generated,noul,予定時間の重なり,True,0.022238544890492977,0.0009673921323254228,,,0.9780069086719781,0.8475104929515791,0.05828562223348149,0.00641154495503006,,,0.9433804585190323,0.6861230389755809
v2-gen-noul-14-048,generated,noul,予定時間の重なり,False,1.3022531531611357,1.0602055497350555,,,0.7280815715752788,0.15579598916583803,1.1234151871771891,0.9107981066269057,,,0.6748326113292488,0.09008746697948578
v2-gen-noul-09-034,generated,noul,重複を除いた件数,True,0.13888957466027535,0.033631663044507376,,,0.8703241289898013,0.4434514104914571,0.2181869136224121,0.07685148072348445,,,0.8039751537132545,0.28609381178470894
v2-gen-choice-13-001,generated,choice,工程の依存順,True,0.00018212214337678741,4.8151955541573863e-08,,,0.999817894439854,0.9988030751608391,0.00221178620498539,6.7536116522414175e-06,,,0.9977906579917772,0.9887105540288298
v2-gen-noul-15-045,generated,noul,出来事の前後関係,True,0.0022439137525951144,1.0047730528070188e-05,,,0.997758601939852,0.9770425646391011,0.010821390307889171,0.00023168647750017324,,,0.9892369503043938,0.9141897307019076
v2-gen-choice-08-023,generated,choice,改訂と例外の優先,True,2.755925717096057e-05,9.216108426077758e-10,,,0.9999724411225819,0.9998250182349551,0.0006564772187452789,5.101075770753958e-07,,,0.999343738215279,0.9968032416523427
v2-gen-noul-08-013,generated,noul,集合と否定所属,True,0.0256275289847506,0.0012803754464998157,,,0.9746980687841835,0.8297459279049719,0.06462253579851115,0.007832202515429895,,,0.9374212395639308,0.6624023013137381
v2-gen-noul-06-011,generated,noul,更新後の状態,True,0.003922080993636828,3.0645049701790185e-05,,,0.9960856003204968,0.9630603546323032,0.016335360717139456,0.0005250525282266529,,,0.9837973377461194,0.8804475392489659
v2-gen-choice-09-028,generated,choice,利用可能集合の差,True,0.00015120669756458626,3.704149277977836e-08,,,0.999848804733592,0.9988555214013253,0.0018026456825441942,4.885370398751346e-06,,,0.9981989781073317,0.9893764056710123
v2-gen-choice-07-024,generated,choice,複数属性の制約,True,0.0011226358053006136,2.1358140441058284e-06,,,0.9988779941145295,0.9941182509526584,0.007965410272091173,9.630216803947586e-05,,,0.9920662295445365,0.9666960562786795
v2-gen-choice-03-032,generated,choice,最終更新,True,0.006791397914979833,6.298748196469851e-05,,,0.9932316115096542,0.9657205099711872,0.03193990817694643,0.0013427923527863398,,,0.9685647831540409,0.87525888647463
v2-gen-choice-06-020,generated,choice,時間枠の包含,True,0.010680002444401543,0.00017654190442175944,,,0.9893768262914309,0.940370224503982,0.040163604358895905,0.002381804150603256,,,0.9606322626698262,0.8254625148054013
v2-gen-noul-02-021,generated,noul,全条件の充足,True,0.002389302993899692,1.1390295619374938e-05,,,0.9976135491185262,0.9757730135157202,0.011334613015661119,0.0002540536738575667,,,0.9887293816971391,0.9108964773800184
v2-gen-noul-11-014,generated,noul,参照関係の真偽,True,0.46133572518532706,0.27314772825600486,,,0.6304409869479538,0.04966711070418495,0.514646336986564,0.32367135702292066,,,0.5977119458504139,0.027726704703359473
v2-gen-noul-01-048,generated,noul,事実と否定質問,True,0.00014770565546312167,4.362747688988821e-08,,,0.9998523052524801,0.9979075077315464,0.0014455885225877936,4.173415676549144e-06,,,0.9985554558372017,0.9842879495561414
v2-gen-noul-08-004,generated,noul,集合と否定所属,True,5.61428922946147e-05,6.303694794468547e-09,,,0.9999438586836881,0.9991262596623275,0.0007059345311562565,9.959838183492751e-07,,,0.9992943145820022,0.9915946705679091
v2-gen-noul-03-048,generated,noul,いずれかの条件,True,0.007001939858427096,9.737054896374752e-05,,,0.9930225166082696,0.939988565996309,0.025021959664228224,0.001221316979951825,,,0.9752884947853047,0.8328663518317582
v2-gen-noul-06-033,generated,noul,更新後の状態,True,0.0034855212512632703,2.4213198514774016e-05,,,0.9965205461265614,0.9665725190959646,0.01497487925915365,0.0004418361671456773,,,0.9851366866556329,0.8884653943466834
v2-gen-noul-01-029,generated,noul,事実と否定質問,True,0.00013795032887383278,3.80553364248658e-08,,,0.9998620591858353,0.9980321006839078,0.001374234016103373,3.7718518860439983e-06,,,0.9986267098110662,0.984962676035484
v2-gen-noul-01-024,generated,noul,事実と否定質問,True,0.02902311717177335,0.0016366055194324035,,,0.9713940083248945,0.8126479356565528,0.07073733854283974,0.009327981501926926,,,0.9317065833995438,0.6404775006609305
v2-gen-noul-04-045,generated,noul,例外の優先,True,0.005663827413227395,6.379570042284728e-05,,,0.9943521818184874,0.9496965554980752,0.02140978110156323,0.0008973727740632994,,,0.9788177813477519,0.8519721162771561
v2-gen-score-07-017,generated,score,証拠の最高到達段階,True,0.01397879753123565,0.00038539473937522105,0.013881547813108241,0.013881547813108241,0.9861184521868918,0.8944541122233143,0.041535559724949836,0.0033105023625822306,0.040684778250484666,0.040684778250484666,0.9593152217495153,0.7545768892829846
v2-gen-choice-14-016,generated,choice,二属性照合,True,8.393790953893579e-05,1.408996259214994e-08,,,0.9999160656131488,0.9987424099921585,0.0009510326198984283,1.807206694511578e-06,,,0.9990494194682954,0.9890864679494478
v2-gen-score-02-050,generated,score,記述の満足段階,True,0.00024197568114862916,9.171159324282216e-08,0.0003187353539069182,0.0001593676769534591,0.9997580535926053,0.9978083785311938,0.0024595200563720257,9.282203467157932e-06,0.003345165912614023,0.0016725829563070116,0.9975435020849017,0.9828672822116984
v2-gen-noul-01-019,generated,noul,事実と否定質問,True,0.00013306271208005294,3.540665912490519e-08,,,0.99986694614037,0.998094894778306,0.001337993916519709,3.5756685506137787e-06,,,0.9986629007982551,0.985307408599619
v2-gen-score-11-043,generated,score,時刻順の評価更新,True,0.009775522854664804,0.0001255752782742324,0.04252125272469964,0.0070868754541166075,0.9902721022557542,0.9648958033186316,0.046651274970458026,0.0026053855236669366,0.18721141284073628,0.031201902140122712,0.9544201697659025,0.8681483134940655
v2-gen-score-08-043,generated,score,要件への一致数,True,0.002666315757991006,1.0829370513469685e-05,0.0047984893432682085,0.0007997482238780348,0.9973372357047281,0.9890989326171921,0.016805295653016198,0.0003785413073585332,0.03723152501491178,0.006205254169151964,0.983335125620609,0.9447858524136931
v2-gen-noul-09-014,generated,noul,重複を除いた件数,True,0.0015934708855970833,5.07021432169603e-06,,,0.9984077980150596,0.9829056309728198,0.008404257592961048,0.00014008167935071697,,,0.9916309594531177,0.9302242694117124
manual_v2_choice_060,manual,choice,arithmetic,False,3.960988771657991,1.9127572051492252,,,0.9749180699489157,0.9152932378862995,2.9975982543141733,1.7549480172724947,,,0.923017247709284,0.7840836710812125
v2-gen-score-10-045,generated,score,不足の段階,True,0.10841894611661056,0.02111446017258551,0.10274838240231692,0.10274838240231692,0.897251617597683,0.5223522960061504,0.1828187010567968,0.0558320212672596,0.1670808505892576,0.1670808505892576,0.8329191494107425,0.3490167634465462
manual_v2_choice_016,manual,choice,meaning,True,0.00037762637670851003,2.275030293702288e-07,,,0.9996224449151575,0.996743617992501,0.003398300453965839,1.7909382019076475e-05,,,0.9966074672337268,0.9773943397395791
v2-gen-choice-14-039,generated,choice,二属性照合,True,0.00015061106922643596,3.239264159120629e-08,,,0.9998494002720513,0.9989820630801886,0.0019764949759002474,5.253832159254439e-06,,,0.9980254570040566,0.9896460366527643
v2-gen-choice-03-010,generated,choice,最終更新,True,0.0001629134599135568,3.6164664379867574e-08,,,0.9998370998097635,0.9990774390812773,0.002235738202510324,6.379157010183529e-06,,,0.9977667591986197,0.9901352501295275
v2-gen-noul-07-037,generated,noul,識別文字列の完全一致,True,0.0003281995320285922,2.1535917520085715e-07,,,0.9996718543195463,0.9957289102149482,0.0026113377874625557,1.3602610400825015e-05,,,0.9973920687891716,0.9738589043137305
v2-gen-score-10-044,generated,score,不足の段階,True,0.040369775119068835,0.0020890450241037354,0.07192349703332557,0.010274785290475081,0.960434228801083,0.8944840119907682,0.12834755723225574,0.018365751658175906,0.2075843569138991,0.029654908130557014,0.8795476328746389,0.7331325426860433
v2-gen-choice-07-016,generated,choice,複数属性の制約,True,5.719968616643975e-05,5.8446868370417035e-09,,,0.9999428019497044,0.999537608851294,0.0008259059136929843,1.1226513159093216e-06,,,0.999174435052721,0.9947871699732738
v2-gen-choice-03-002,generated,choice,最終更新,True,0.09062497673464896,0.014642485477751582,,,0.9133601779950811,0.8097187329890208,0.16956644781071367,0.04527496890043924,,,0.8440306686268866,0.7002614351124488
v2-gen-noul-05-023,generated,noul,締切の境界,True,0.0001636714847784218,5.356794171666725e-08,,,0.9998363419086683,0.9977055782980906,0.0015597932113493986,4.858326812588142e-06,,,0.9984414226338438,0.9832186031526229
v2-gen-score-10-022,generated,score,不足の段階,True,0.651326341619547,0.3372385688245734,0.002557331202928559,0.0004262218671547598,0.5213538247038344,0.4391662505502245,0.7834708166385679,0.4216482844816965,0.0004583240724360671,7.638734540601118e-05,0.45681772601192583,0.3673116247516929
manual_v2_choice_058,manual,choice,boundary,True,0.0014068659282035145,3.200855602163469e-06,,,0.9985941232437346,0.9895900348243567,0.008941507282088097,0.00012448158016231298,,,0.9910983491136034,0.9486498599849862
v2-gen-score-10-034,generated,score,不足の段階,True,0.22988591764073754,0.06437658738220671,0.08149931501802188,0.02037482875450547,0.7946242499417594,0.5877087856092491,0.3743318043573512,0.1431731463373909,0.12010441564319452,0.03002610391079863,0.6877486759587996,0.44220952688483695
v2-gen-score-13-030,generated,score,取消しを反映した件数,True,0.15014134891525074,0.024160500412532752,0.6911505829267637,0.09873579756096625,0.8605863248841017,0.6960107391142465,0.33920400119745603,0.0991699851330457,1.3485713062681144,0.19265304375258777,0.7123371166409119,0.4669283822790644
manual_v2_noul_050,manual,noul,insufficient,True,0.0004525784667721996,4.0946918528647807e-07,,,0.9995475239314138,0.994320412024295,0.003312721582740921,2.1875680436829206e-05,,,0.9966927594253797,0.9679843798932302
v2-gen-choice-10-026,generated,choice,不在時の代理,True,0.022420294455506355,0.000631132867150832,,,0.9778291724939727,0.9236929352372334,0.08346760456672735,0.008055434900426022,,,0.9199208874242544,0.7794734621633326
v2-gen-noul-03-043,generated,noul,いずれかの条件,True,0.0013917676561138249,3.868647036173805e-06,,,0.9986092004033338,0.9847963892917077,0.0076044620987891064,0.00011478007705191236,,,0.9924243786706333,0.9357463328718721
v2-gen-noul-09-009,generated,noul,重複を除いた件数,False,1.5059284084245794,1.2111554090852596,,,0.7781887332406129,0.23653894102136053,1.262896986966772,1.0286556531161761,,,0.7171665263786983,0.14071705135480483
v2-gen-choice-15-028,generated,choice,文章内の順序参照,True,5.735018655236384e-05,4.945952385528282e-09,,,0.9999426514579381,0.9996511047053435,0.0009885188507939141,1.3191570513061405e-06,,,0.9990119695730133,0.9952804155140941
v2-gen-choice-13-005,generated,choice,工程の依存順,True,0.00032487854846915764,1.4095889108583852e-07,,,0.999675174218852,0.9981423981880451,0.0036036498694225266,1.6796072762176614e-05,,,0.9964028354841148,0.9840282949651278
v2-gen-noul-08-017,generated,noul,集合と否定所属,True,0.0032588641040488956,2.1171302354232618e-05,,,0.9967464402299764,0.9684270955896982,0.01425072940734351,0.0004004262314876955,,,0.9858503316030429,0.8928087954733542
v2-gen-choice-06-038,generated,choice,時間枠の包含,True,0.04738495096527109,0.002539722274030222,,,0.9537201914084374,0.8703442196462466,0.1566518797744839,0.02460863829007087,,,0.8550016503832063,0.672669138889665
v2-gen-noul-13-036,generated,noul,範囲の開閉境界,True,0.00014237138353710377,4.053345055474488e-08,,,0.9998576387507874,0.9979755165178033,0.0014067284566361487,3.952206959771489e-06,,,0.9985942605220434,0.9846547572753324
v2-gen-choice-09-043,generated,choice,利用可能集合の差,True,0.001865970206464035,5.003673169480542e-06,,,0.9981357696336102,0.9914400707330787,0.012300938471176567,0.00020743782626723788,,,0.9877744088086065,0.9556217286621794
v2-gen-choice-02-031,generated,choice,条件と優先例外,True,0.010251500807910124,0.00020804463911732206,,,0.989800866725125,0.9178896091410026,0.033099445332831,0.0021200015144302612,,,0.9674423471789637,0.7929395125422798
manual_v2_noul_020,manual,noul,exception,True,0.002463078013606782,1.2103663723342902e-05,,,0.9975399528740955,0.9751338009280069,0.011591857964348334,0.0002656480797198678,,,0.9884750687698393,0.9092590591876468
v2-gen-noul-04-009,generated,noul,例外の優先,True,0.0355791425281163,0.0024435145976652323,,,0.9650463549993336,0.7813441327784554,0.08199801583611063,0.012395633336004496,,,0.9212737866527149,0.6023250559797244
v2-gen-noul-06-024,generated,noul,更新後の状態,True,0.017517492951595708,0.000603083232101291,,,0.9826350463274258,0.8736218027468984,0.04897930359805065,0.004569520038542285,,,0.9522008366258242,0.7230266404008805
v2-gen-noul-02-041,generated,noul,全条件の充足,True,0.0008606501411050274,1.480162971392453e-06,,,0.9991397201120006,0.9899992630160062,0.005330110577659064,5.6518239324979244e-05,,,0.9946840692571771,0.9521868413501527
v2-gen-noul-04-020,generated,noul,例外の優先,True,0.01981589777295592,0.0007699557701887152,,,0.9803791466777217,0.8606935796818317,0.05358775457918039,0.005444928421073964,,,0.9478227615665894,0.704425311460248
v2-gen-score-13-009,generated,score,取消しを反映した件数,True,0.39311824566194203,0.14469112752712973,0.2793323077420471,0.039904615391721014,0.6749489330839973,0.5215714534941931,0.5840974663534572,0.25931119002957803,0.29645901629661786,0.04235128804237398,0.5576088955654432,0.39855126768748284
v2-gen-noul-04-007,generated,noul,例外の優先,True,0.16585320272634124,0.046713658714761325,,,0.847170587394374,0.38312414958529506,0.2476076205261801,0.09621463113376333,,,0.7806662005825785,0.24105082675051648
v2-gen-noul-05-031,generated,noul,締切の境界,True,0.0005759708118933971,6.631027328182084e-07,,,0.9994241950274536,0.9929726390346026,0.003959900285654598,3.123771803743234e-05,,,0.9960479297806446,0.9627595784340962
v2-gen-choice-11-009,generated,choice,小数量の比較,True,0.231637307848607,0.07703945168193368,,,0.7932337708026759,0.4703338062365242,0.34408072940038636,0.14485718342404671,,,0.7088716989522992,0.3274211261093434
v2-gen-score-14-029,generated,score,参照表の順序尺度,True,0.0014501920556899063,2.5103366697978553e-06,0.000958033314236495,0.00015967221903941584,0.9985508589646874,0.9931215833420041,0.01221053324088605,0.00017435241936243693,0.009321453550517944,0.0015535755917529908,0.9878637128182238,0.9554472472339475
v2-gen-choice-09-022,generated,choice,利用可能集合の差,True,0.0005005875386249767,5.009249585536727e-07,,,0.9994995377344127,0.9937908722413401,0.0035694065409144745,2.5390561985794803e-05,,,0.996436956217937,0.965891709221357
v2-gen-score-08-016,generated,score,要件への一致数,False,2.4669735876488574,1.651466728147622,0.8979468711647938,0.1282781244521134,0.9021605541621429,0.8189305863477245,1.964820435714613,1.3939265126053144,0.791355604938059,0.11305080070543701,0.808677557104418,0.6735613570404086
v2-gen-score-01-050,generated,score,件数の段階境界,True,0.00011543912323067315,2.6649305824055555e-08,0.00011543246039147359,0.00011543246039147359,0.9998845675396085,0.9983235426137644,0.001204311990499351,2.897243804184587e-06,0.0012035870978422958,0.0012035870978422958,0.9987964129021577,0.9865917144896047
v2-gen-choice-08-014,generated,choice,改訂と例外の優先,True,0.0005171794178613628,5.346725193022506e-07,,,0.9994829542963614,0.9936094482035075,0.003656601073176695,2.6643888201169124e-05,,,0.9963500761513993,0.9651871106862946
v2-gen-noul-09-010,generated,noul,重複を除いた件数,True,0.0006227548045935433,7.751642307628028e-07,,,0.9993774390669329,0.9924721530730191,0.004195496077495841,3.505703568419306e-05,,,0.9958132927207534,0.9608976655055045
v2-gen-choice-15-043,generated,choice,文章内の順序参照,True,0.00039104997417223027,2.854307001726409e-07,,,0.9996090264759033,0.9967600322241368,0.003234123537167086,1.849314847513317e-05,,,0.9967711006069997,0.9790726418388799
v2-gen-score-05-009,generated,score,緊急条件の加点,True,0.005922716037120956,4.679937405313476e-05,0.003385015730833274,0.0005641692884722124,0.9940947886699875,0.9775132713673989,0.0314782404526301,0.0012297056586078453,0.027584954997623257,0.004597492499603876,0.9690120414877572,0.9056769239682776
v2-gen-choice-14-022,generated,choice,二属性照合,True,3.50494783695294e-05,1.5435270708843255e-09,,,0.9999649511358563,0.9997832455529192,0.000769151386317476,7.128757792849314e-07,,,0.9992311443347871,0.9963342328822691
v2-gen-noul-12-013,generated,noul,記録と主張の照合,True,0.0021708604981265207,9.404835543344416e-06,,,0.9978314941153706,0.977685613446514,0.010560204778638406,0.00022069498921425547,,,0.9894953584255755,0.9158796693492014
v2-gen-noul-09-003,generated,noul,重複を除いた件数,True,0.007705840701964204,0.00011784891659679577,,,0.9923237731730753,0.9350396961016715,0.02684582400313915,0.001403300120861567,,,0.9735113220331633,0.823535159289758
v2-gen-score-02-006,generated,score,記述の満足段階,True,0.05948591439926154,0.006504555055739443,0.060387827644031056,0.008626832520575865,0.94224880563823,0.8898597353101472,0.12671153004674962,0.02610149792137038,0.14128402416532904,0.020183432023618435,0.8809877744471294,0.8016849262989244
v2-gen-choice-04-005,generated,choice,参照先の担当,True,0.006090786179250033,5.594191972071561e-05,,,0.9939277250571618,0.973504883600961,0.02934610173630709,0.0011757544439766766,,,0.9710803137161104,0.8987159260590472
manual_v2_choice_012,manual,choice,conjunction,True,0.0006178906156099485,6.610893595898724e-07,,,0.9993823002394853,0.9969074815716797,0.005064729383911746,3.9775224526246754e-05,,,0.9949480747323727,0.9797278977285785
v2-gen-noul-15-012,generated,noul,出来事の前後関係,True,0.005238669188330685,5.460064998190251e-05,,,0.9947750287090787,0.9528745177285209,0.020215370174615364,0.0008009930697031462,,,0.9799875904786162,0.8584897872627486
v2-gen-score-15-026,generated,score,軽重のある項目,True,0.010360090764879806,0.00018077658788610612,0.006147201326074825,0.002049067108691608,0.989693390127144,0.954352859573308,0.03959858179275452,0.002368667504424132,0.013835194527775041,0.004611731509258347,0.9611751949460478,0.8601920404791359
v2-gen-score-03-016,generated,score,順番に進む工程,True,0.0009668910943219153,1.2989331509392477e-06,0.0005178029005143969,0.00012945072512859923,0.9990335761942544,0.9945820386140868,0.007795089198766565,8.092341089663354e-05,0.004905126733392606,0.0012262816833481516,0.9922352137199362,0.966019765976671
v2-gen-score-10-015,generated,score,不足の段階,False,1.4662737251504918,1.064154028485286,0.7777449401477248,0.12962415669128746,0.6848295669118508,0.5465782719772891,1.3493069576507775,0.896387256486924,0.7479954797167738,0.12466591328612897,0.5810070585405475,0.4174833711700545
manual_v2_score_034,manual,score,insufficient,True,0.005954814557156885,4.5848014750069254e-05,0.005829035894310941,0.0014572589735777353,0.9940628802106056,0.9727330836208988,0.030897194800063112,0.0011874676143671275,0.03091622949322259,0.007729057373305648,0.9695752453294751,0.890563204564713
v2-gen-noul-06-045,generated,noul,更新後の状態,True,0.004670038242819056,4.341536805733635e-05,,,0.9953408494305648,0.9572054864297517,0.01857613738425113,0.000677463340013579,,,0.9815953356453645,0.8676130144839338
v2-gen-score-06-026,generated,score,約束時刻からの遅れ,False,1.5521990785419342,1.030126553086159,0.9617157925795006,0.32057193085983354,0.6162909161518151,0.3228851557958713,1.4072759607028773,0.905794296184158,0.9764309976848748,0.3254769992282916,0.5404053082411517,0.2523640333027771
v2-gen-score-01-047,generated,score,件数の段階境界,True,0.0002573106943513389,1.0080821605050936e-07,0.0004724038344595741,9.448076689191483e-05,0.9997427224072062,0.9985279050272023,0.002921071592715134,1.17544226352545e-05,0.0063278704928261134,0.0012655740985652226,0.9970831905858568,0.986842934288888
v2-gen-choice-10-044,generated,choice,不在時の代理,True,0.013978003296412422,0.0003682996053033228,,,0.9861192353968173,0.9310383791687887,0.044299423286951814,0.003429088286605305,,,0.9566674660668782,0.8251343635882722
v2-gen-noul-11-010,generated,noul,参照関係の真偽,True,0.06762423345974751,0.008551284827593781,,,0.9346116033703464,0.6515265490173325,0.13034052983110156,0.029867408354241756,,,0.8777964641382219,0.46433813334018614
v2-gen-score-13-011,generated,score,取消しを反映した件数,True,0.0033229451240732043,1.999297540448069e-05,0.0036561150400167275,0.0018280575200083637,0.9966825697478455,0.9787520130237615,0.0159985437847106,0.0004339294182333799,0.018511367278372548,0.009255683639186274,0.9841287531575788,0.9193110388263911
v2-gen-score-08-018,generated,score,要件への一致数,True,0.0017782411737957845,4.906568723680573e-06,0.0005861434100991048,0.0002930717050495524,0.9982233389602817,0.9871113082029231,0.01077770743140196,0.00017592732042763948,0.0026664558730955523,0.0013332279365477762,0.9892801639637522,0.9395792424787686
v2-gen-noul-14-049,generated,noul,予定時間の重なり,True,0.009297697595834377,0.00017129552568479286,,,0.9907453923453019,0.9241898539631473,0.030812413807570625,0.001841340636615871,,,0.9696574503657334,0.803893170793152
v2-gen-choice-12-045,generated,choice,条件付き不足書類,True,0.2129618410459994,0.07177221575560455,,,0.8081869761977416,0.629603404192242,0.3099414651795719,0.1326711196249471,,,0.7334898896667038,0.5258309468979051
v2-gen-score-09-037,generated,score,例外による上限,True,0.01267614841734186,0.000206767087784085,0.001410243823887214,0.00020146340341245912,0.9874038555478357,0.9586802044410655,0.05732659665501854,0.003843234844251609,0.022732306656942924,0.003247472379563275,0.9442856184753743,0.8525764934415517
v2-gen-score-05-016,generated,score,緊急条件の加点,True,0.059092777373753964,0.005478936626131427,0.023023803556229572,0.0038373005927049286,0.9426193113559526,0.8645249354089396,0.1496068495878746,0.028356570705117976,0.004857707280839119,0.0008096178801398531,0.8610464306480581,0.7111608999495009
v2-gen-choice-09-016,generated,choice,利用可能集合の差,True,0.0027364722330014387,1.1540185756515929e-05,,,0.9972672684942295,0.9889416359416678,0.016839997659467254,0.0003861813490629683,,,0.9833010025108098,0.9452282621444442
v2-gen-score-10-048,generated,score,不足の段階,True,0.0022540317239602694,7.748914114898933e-06,0.003407911791713618,0.0008519779479284045,0.99774850669796,0.9888029654108729,0.014106765118434542,0.00027689188085568416,0.02431940597452346,0.006079851493630865,0.9859922690617203,0.9445913587300566
v2-gen-noul-01-012,generated,noul,事実と否定質問,True,8.806168018685466e-05,1.5508353292924394e-08,,,0.9999119421971291,0.9986867216775492,0.000985437809340571,1.94026255884671e-06,,,0.9990150475750457,0.9887423457528765
v2-gen-score-12-030,generated,score,目標からの差,True,0.005939758434463429,4.4113778977152554e-05,0.007883544250449681,0.0011262206072070974,0.9940778470559661,0.9780696475631867,0.033844867199877504,0.0013408193151444071,0.057150592401391975,0.008164370343055996,0.9667214632129858,0.9022240029636244
v2-gen-score-06-013,generated,score,約束時刻からの遅れ,True,0.12007620568678354,0.019294011544116207,0.032916631367108096,0.008229157841777024,0.8868528509113992,0.7181706101781222,0.24679997434850975,0.06774646707998515,0.026718664093078992,0.006679666023269748,0.7812969573353692,0.5305293168688328
v2-gen-score-09-039,generated,score,例外による上限,False,3.294220464986091,1.4160293926741783,1.5567288867671925,0.7783644433835962,0.5938258389189897,0.27220296017934664,2.6604967611588406,1.3107579531433686,1.4762671869003348,0.7381335934501674,0.5461806697144875,0.19546416073219497
v2-gen-choice-09-011,generated,choice,利用可能集合の差,True,3.8681582305661194e-05,2.992413866169812e-09,,,0.9999613191658171,0.9993772119299859,0.0005356259488056381,5.7348307309139e-07,,,0.9994645174731649,0.9934086483427315
v2-gen-score-14-040,generated,score,参照表の順序尺度,True,0.0026909426371419434,1.0631764006119349e-05,0.00036833377165068626,0.0001227779238835621,0.9973126747035833,0.9848859381494616,0.015697378289600043,0.0003443153899758433,0.0005822197865783529,0.0001940732621927843,0.9844251834158182,0.9312668857245581
manual_v2_choice_042,manual,choice,conjunction,True,9.135660118471301e-05,1.0370912805824243e-08,,,0.9999086475717025,0.9994746035580957,0.001584841342329642,2.9964313411941364e-06,,,0.9984164138555265,0.9929667472282117
v2-gen-choice-14-009,generated,choice,二属性照合,True,0.0004471082469168356,3.996328564861278e-07,,,0.9995529916910805,0.9943812024343993,0.0032830348598991608,2.1485999939566063e-05,,,0.9967223484062849,0.9682282484714165
v2-gen-choice-01-006,generated,choice,問い合わせ経路,True,0.00013991630721368466,3.743165127361116e-08,,,0.9998600934806163,0.9987187648791567,0.0014826143635508328,4.0106931762412505e-06,,,0.998518484166159,0.9894423762394969
v2-gen-score-03-005,generated,score,順番に進む工程,True,0.007915076735800221,9.289576706547978e-05,0.007761892859517339,0.0011088418370739056,0.9921161650028079,0.9738600776122583,0.03749718233763015,0.0018322075164268622,0.04663321225715489,0.006661887465307841,0.9631971316813109,0.8996493608587287
v2-gen-score-10-046,generated,score,不足の段階,True,0.05139457664445177,0.004970065554952308,0.04910437208066232,0.02455218604033116,0.9499037867283747,0.8165133279681708,0.10953562936312294,0.02086397193709479,0.09713856161070566,0.04856928080535283,0.8962502309683009,0.6833373496301024
manual_v2_choice_018,manual,choice,intersection,True,0.0006250177698110687,5.604242819334402e-07,,,0.999375177513108,0.9963578474563141,0.005557938666824609,4.209269820466436e-05,,,0.9944574780992502,0.9747433534944867
v2-gen-score-05-034,generated,score,緊急条件の加点,True,0.006972623705260482,8.77625446159144e-05,0.006419408575291774,0.0021398028584305915,0.9930516286351886,0.968152303347456,0.028386108883882252,0.001314238030459105,0.02429263049139485,0.008097543497131618,0.9720129914867764,0.8955663072436992
v2-gen-choice-15-004,generated,choice,文章内の順序参照,True,0.0002843188938113822,1.5740422991138324e-07,,,0.999715721520975,0.998092312382342,0.0024868962133398594,1.1471969262376544e-05,,,0.9975161935512095,0.9869079893510143
v2-gen-score-12-007,generated,score,目標からの差,True,0.0016693944272143638,3.829871230805977e-06,0.0038092158255236264,0.0007618431651047253,0.9983319982365862,0.9919551768717458,0.012271366022630695,0.00019258242765880025,0.030761187250369748,0.00615223745007395,0.9878036201484092,0.9536640962848841
v2-gen-noul-10-015,generated,noul,条件付き義務,True,0.00039825138593084085,3.170820334763904e-07,,,0.999601827905626,0.9949285903178239,0.003013501117447597,1.8107741711937638e-05,,,0.9969910349194501,0.9704608716371323
v2-gen-choice-08-033,generated,choice,改訂と例外の優先,True,3.107942395026348e-05,1.2529541467064387e-09,,,0.99996892105901,0.9997553334989414,0.0006398381018880869,5.224418771506565e-07,,,0.9993603665508597,0.9961503417302134
v2-gen-score-09-036,generated,score,例外による上限,True,0.26688143691350086,0.09496052635678943,0.15216618460832354,0.025361030768053922,0.7657638574098007,0.6590447457835251,0.3995126618374625,0.1731141533838983,0.11850082659420913,0.01975013776570152,0.6706467981881162,0.5424399656434409
v2-gen-choice-11-001,generated,choice,小数量の比較,True,0.06654324082073947,0.005847436038451579,,,0.9356224578986376,0.8420008189682628,0.17098480046218406,0.03320069373787074,,,0.8428343840673553,0.6732634757882299
v2-gen-noul-14-001,generated,noul,予定時間の重なり,True,0.07523054091686934,0.010503909593003048,,,0.927529628147073,0.6249243050245296,0.14071228733137064,0.034458783144258015,,,0.868739223024816,0.439114239760226
v2-gen-choice-10-027,generated,choice,不在時の代理,True,0.006332478217663327,5.053278981198632e-05,,,0.9936875296670832,0.9769598801555905,0.03503810207945273,0.0014466399910032799,,,0.9655686253841851,0.9001882551821555
v2-gen-noul-06-027,generated,noul,更新後の状態,True,0.002242751218818897,1.0037333770743437e-05,,,0.9977597618686015,0.9770527702980898,0.010817251724403301,0.0002315102532466549,,,0.9892410443525718,0.9142164338638408
v2-gen-choice-05-004,generated,choice,否定条件で選択,True,0.0018916219082250386,4.582524038646122e-06,,,0.9981101660809193,0.9920329372454633,0.014349167383315122,0.00024919410858383897,,,0.9857532912680944,0.9526885853475212
v2-gen-score-09-047,generated,score,例外による上限,False,4.685156619264829,1.5559306645066346,1.8437796915298619,0.614593230509954,0.728261163831515,0.44513103471301785,3.698556897163705,1.4183151530448364,1.810340255985075,0.603446751995025,0.6309879618268092,0.3086063476187423
v2-gen-choice-06-016,generated,choice,時間枠の包含,True,0.06734092189088213,0.007817218266084084,,,0.9348764271620277,0.8101690611252272,0.14520376102164864,0.031185442518020898,,,0.864846053240566,0.6592073881623163
v2-gen-choice-11-026,generated,choice,小数量の比較,True,0.003650076492056184,1.9680378627954427e-05,,,0.996356576939503,0.9803648353335562,0.01955322119468562,0.0005354232226177625,,,0.9806367031429232,0.9178390894438262
v2-gen-choice-12-042,generated,choice,条件付き不足書類,True,0.31099239084936087,0.1340474680113696,,,0.7327194512208012,0.6582280710610946,0.42972970266289506,0.2089645853275248,,,0.6506849493648328,0.5500493415468558
v2-gen-score-14-023,generated,score,参照表の順序尺度,True,0.0031629482668108135,1.5600989987013285e-05,4.818931743511001e-05,6.884188205015716e-06,0.9968420485844095,0.9882457087724247,0.018937774346525722,0.00048590281705361966,0.012111130289571115,0.0017301614699387307,0.9812404186694154,0.942853782476913
v2-gen-choice-04-006,generated,choice,参照先の担当,True,0.012702586263426843,0.0002577878673415522,,,0.9873777510617537,0.9318006772725839,0.04507270039843606,0.003049552295711983,,,0.9559279829615952,0.8106144861485576
v2-gen-noul-09-047,generated,noul,重複を除いた件数,False,2.5814105995636365,1.708782277680724,,,0.9243328074023782,0.6132748383819371,2.0006147985236935,1.495577844243255,,,0.8647478951241382,0.4283318566203266
v2-gen-score-12-042,generated,score,目標からの差,False,1.2100340029386563,0.688300946327913,2.1865046260026197,0.43730092520052394,0.40081368345980634,0.2037520290801751,1.2845587046142795,0.6891486473758716,2.239875654740532,0.4479751309481064,0.3446253612313703,0.1311622974763057
v2-gen-score-14-039,generated,score,参照表の順序尺度,True,0.0008322485909071024,1.0801221418123355e-06,0.000289930394161253,0.0001449651970806265,0.999168097631897,0.9933950584300775,0.006143005856897907,5.755839393417225e-05,0.0016125093707612947,0.0008062546853806474,0.9938758238268985,0.9623694947886877
v2-gen-score-05-008,generated,score,緊急条件の加点,True,0.009586803931080919,0.0001366361713455459,0.0173134433940616,0.00346268867881232,0.9904590029762438,0.9643990420653904,0.04250251034948264,0.002361341390678834,0.08905660896255174,0.017811321792510347,0.9583880596289575,0.8735330671779263
v2-gen-choice-05-036,generated,choice,否定条件で選択,True,0.00010825170398899075,1.4377107304888518e-08,,,0.9998917541550153,0.9993469811136393,0.0017593503077340286,3.715401661390778e-06,,,0.9982421964417942,0.9918462789149927
v2-gen-noul-01-011,generated,noul,事実と否定質問,True,0.000299290867483169,1.7909643810461466e-07,,,0.9997007539155607,0.9960652553789819,0.0024389924010734605,1.186839151670205e-05,,,0.997563979524234,0.9753421271335354
v2-gen-noul-09-011,generated,noul,重複を除いた件数,False,2.9074290035022448,1.7875019397888887,,,0.9453840330227946,0.694309306332892,2.2277089235169023,1.592130657069282,,,0.8922249315809556,0.5068317997569749
v2-gen-choice-03-041,generated,choice,最終更新,True,8.334440470936904e-05,9.269172913763128e-09,,,0.999916659068339,0.9994983277088265,0.0013626390330612583,2.356673271109607e-06,,,0.9986382889379616,0.9936434324323403
v2-gen-score-03-039,generated,score,順番に進む工程,True,0.004454400406411288,2.8912887653131846e-05,0.005236228307369473,0.0008727047178949121,0.9955555057210015,0.9827706346547482,0.024909973619772856,0.0008058588864675405,0.03434223264328651,0.005723705440547751,0.9753977196017519,0.9229218419780166
v2-gen-choice-13-028,generated,choice,工程の依存順,True,0.00019864044903599234,5.425633427610349e-08,,,0.9998013792786717,0.998686085762368,0.002440959249450029,7.89815416223814e-06,,,0.9975620174690699,0.987521606029725
v2-gen-noul-05-002,generated,noul,締切の境界,True,0.002661211727619687,1.4126460508763611e-05,,,0.9973423261572605,0.973432838620823,0.012272859045054912,0.0002975753167810762,,,0.9878021453365545,0.9049654297904496
v2-gen-choice-09-046,generated,choice,利用可能集合の差,True,0.0002510206281550858,1.0192998485398125e-07,,,0.9997490108748868,0.9987740299659577,0.0028313863816271014,1.1387750371384851e-05,,,0.9971726182123847,0.9889448493305133
v2-gen-noul-14-038,generated,noul,予定時間の重なり,True,0.050004248517013315,0.004757926488967662,,,0.9512253831949052,0.7188313636993243,0.1048747917658325,0.019825479313590272,,,0.9004372576874505,0.5323920148929482
v2-gen-score-03-012,generated,score,順番に進む工程,True,0.02100654641330752,0.0008156495952362435,0.024595119787630182,0.003513588541090026,0.9792125542183814,0.9481843860407213,0.06380675607164836,0.006503520246877204,0.09495499677895758,0.013564999539851083,0.9381862808168421,0.8666542827741709
manual_v2_score_011,manual,score,priority,True,0.0004028512256688891,2.503108265994132e-07,7.027583348850897e-05,1.756895837212724e-05,0.9995972299079908,0.997571413297823,0.003935928949082869,2.191196666215464e-05,0.0006322726930707567,0.00015806817326768918,0.9960718066669902,0.9813791285929152
v2-gen-choice-04-002,generated,choice,参照先の担当,True,0.0797583735799344,0.011753688244118838,,,0.9233394226341894,0.6096981881858552,0.14673923062496164,0.03725405717015789,,,0.8635191274021193,0.42505219033778274
v2-gen-choice-15-001,generated,choice,文章内の順序参照,True,0.00034639546467752274,2.398965248354339e-07,,,0.9996536645233047,0.9955191159710093,0.0027177837630453032,1.473261174595334e-05,,,0.9972859060677683,0.9729512066227821
v2-gen-choice-04-049,generated,choice,参照先の担当,True,0.00013739125842684676,2.6981681091768844e-08,,,0.9998626181793199,0.9989240546583291,0.0017738148133731387,4.352123947420421e-06,,,0.9982277574663412,0.9893131095505566
v2-gen-choice-04-023,generated,choice,参照先の担当,True,0.0009477463212642518,1.2980989048141032e-06,,,0.9990527026484328,0.9947459441617884,0.007478931978052963,7.683544828072047e-05,,,0.9925489656422545,0.9676216813623251
v2-gen-score-15-033,generated,score,軽重のある項目,True,0.006638060656469169,7.02308646102116e-05,0.008599545665159969,0.0028665152217199896,0.9933839225992133,0.9680146592718126,0.02926484862031217,0.0012548296281870326,0.04111828080354929,0.013706093601183097,0.9711592202231375,0.8883934820430669
v2-gen-noul-04-030,generated,noul,例外の優先,True,0.037356891457584494,0.0026890450031138626,,,0.9633322689336123,0.7732005238490447,0.0849453813514527,0.013264147904116803,,,0.9185624536711818,0.5927756704510891
v2-gen-noul-01-043,generated,noul,事実と否定質問,True,0.00048741445702076567,4.7491417877332665e-07,,,0.9995127043101086,0.9939354792261034,0.003499640819913392,2.4409422872738382e-05,,,0.9965064757856329,0.9664577195841193
v2-gen-choice-05-047,generated,choice,否定条件で選択,True,0.0001510892717466528,3.5444241027823514e-08,,,0.9998489221416625,0.9991680144157953,0.001946482490300831,5.308918822039703e-06,,,0.9980554106782027,0.9915358278809984
manual_v2_choice_017,manual,choice,exception,True,0.00014129697970859573,2.6930175821569323e-08,,,0.9998587130022395,0.9988850943834195,0.0018496716156291306,4.5833603618947486e-06,,,0.9981520379726923,0.988831906408949
v2-gen-noul-14-003,generated,noul,予定時間の重なり,True,0.011629267444276834,0.0002673554737482681,,,0.9884380911232559,0.9090216613809011,0.03630287765814041,0.002542106003031069,,,0.9643481697311971,0.7780122196802806
v2-gen-score-14-034,generated,score,参照表の順序尺度,True,0.0010535667988053913,1.563394260007387e-06,0.0009026401139404783,0.00022566002848511957,0.9989469880078353,0.9941475664755695,0.008343426747316777,9.265382071055684e-05,0.007627140829026935,0.0019067852072567337,0.991691283037697,0.9638725142362337
v2-gen-score-09-040,generated,score,例外による上限,True,0.04253374912558476,0.002579270737819849,0.0008707127478140286,0.0002902375826046762,0.9583581212265657,0.8524018581111819,0.11324192985569353,0.016825929352094447,0.003591302977086208,0.0011971009923620695,0.892934606441672,0.6912595212134398
v2-gen-noul-04-039,generated,noul,例外の優先,True,0.07849078941894254,0.011397306521745976,,,0.924510575171929,0.6139170257477558,0.1450623617659797,0.036467092746923994,,,0.8649683504749276,0.4289222335891212
v2-gen-noul-09-012,generated,noul,重複を除いた件数,True,0.018023945700693416,0.0006381368046432198,,,0.9821375141057688,0.8707353363088085,0.050008622666851306,0.004758738287978695,,,0.9512212224016494,0.7188135325362744
v2-gen-noul-05-038,generated,noul,締切の境界,True,0.00013767697477223717,3.790467986384823e-08,,,0.9998623325022675,0.9980356059382879,0.0013722160823601138,3.7607903848996586e-06,,,0.998628724975634,0.9849818346597531
v2-gen-score-07-046,generated,score,証拠の最高到達段階,False,1.4598889405076985,1.1576182309659648,0.7395754634791704,0.3697877317395852,0.7536566976371837,0.44270438243149834,1.2579652651225637,0.9762416870364378,0.644601363290854,0.322300681645427,0.6801847942336184,0.3278861639961079
v2-gen-noul-04-050,generated,noul,例外の優先,True,0.005482815150763693,5.979393508968052e-05,,,0.99453218804778,0.9510435941186681,0.020904317114828007,0.0008559317789707669,,,0.9793126635478275,0.8547174579885168
v2-gen-score-08-010,generated,score,要件への一致数,True,0.0006165018684811783,7.596806428246174e-07,0.0006163118702510184,0.0006163118702510184,0.999383688129749,0.9925387422639866,0.004164282297270024,3.45384166199114e-05,0.004155623696866173,0.004155623696866173,0.9958443763031338,0.961143204258123
v2-gen-score-04-043,generated,score,独立チェックの合計,True,0.004459921054769444,2.8462458493791862e-05,0.0021259734654703877,0.0005314933663675969,0.9955500096243044,0.9794824963046097,0.02368791752334113,0.0007503982735551788,0.009422172504713,0.00235554312617825,0.9765904389679873,0.9144011036954149
v2-gen-score-09-030,generated,score,例外による上限,True,0.06570249632815087,0.005028144858401997,0.01493521652519636,0.002133602360742337,0.9364094080929243,0.8374109793355661,0.19023028254097613,0.0361821414167596,0.029409563917768722,0.00420136627396696,0.826768721617873,0.6347042247971282
v2-gen-score-04-022,generated,score,独立チェックの合計,True,0.01659298042337007,0.0005141100734326239,0.018009437813966134,0.0045023594534915334,0.9835439248084636,0.9451888094223009,0.05209323411085032,0.004525093773648286,0.06333155830237924,0.01583288957559481,0.9492403611360245,0.8583026445316443
v2-gen-choice-10-011,generated,choice,不在時の代理,True,0.5901695405718457,0.3745890412686823,,,0.5542333117360065,0.42065112550619865,0.6603381578126726,0.4122261755563191,,,0.5166765867227775,0.33754723068456394
v2-gen-choice-02-049,generated,choice,条件と優先例外,True,0.0012785804149075713,3.2653585065580653e-06,,,0.9987222366207787,0.9858756847138157,0.0071423617549099564,0.00010130097835705932,,,0.9928830842931414,0.9389932207743553
v2-gen-noul-03-018,generated,noul,いずれかの条件,True,0.00014458787238689515,4.1805260784866426e-08,,,0.9998554225799358,0.9979472231580372,0.001422920653068422,4.043649165646064e-06,,,0.9985780912185295,0.9845017285886918
v2-gen-score-14-007,generated,score,参照表の順序尺度,True,0.001473609709032683,2.7002476779432085e-06,0.0006796419306578372,0.00013592838613156742,0.9985274755206208,0.9925918634197087,0.011736946384040247,0.00016695825398563204,0.0059434802762883265,0.0011886960552576654,0.9883316628877246,0.9544921813017402
v2-gen-choice-10-007,generated,choice,不在時の代理,False,2.8324335346612175,1.0816495501008085,,,0.26372022203550083,0.16617043687384714,2.5624259552075612,1.0234597552194427,,,0.2343870296724292,0.11749319593624696
v2-gen-score-02-044,generated,score,記述の満足段階,True,0.0003463880291674352,1.6415378424903095e-07,0.00012025716899777272,4.008572299925758e-05,0.9996536719562397,0.997499827677094,0.0035675107546820173,1.7181622353658436e-05,0.0014891782131261078,0.0004963927377087026,0.9964388452511908,0.9802207533140775
v2-gen-choice-15-024,generated,choice,文章内の順序参照,True,6.250439114680614e-05,5.510406900147104e-09,,,0.999937497562212,0.9996442758505092,0.001069007808907999,1.5038345875940853e-06,,,0.9989315633763878,0.9952414322476256
v2-gen-choice-15-029,generated,choice,文章内の順序参照,True,0.002667909600768073,1.2427452065254615e-05,,,0.9973356461072455,0.9857464339230626,0.01434615763480467,0.0003279073584554675,,,0.9857562581420592,0.9389765672878219
v2-gen-score-12-018,generated,score,目標からの差,True,0.02380832772449154,0.0010569543303384228,0.02464495664751687,0.012322478323758435,0.9764728545961106,0.8944467176668067,0.06534690589173611,0.007297236090460177,0.0694407152372678,0.0347203576186339,0.9367424455319658,0.7668994588950099
v2-gen-noul-04-038,generated,noul,例外の優先,True,0.03175408007732866,0.0019537767504417677,,,0.9687447864313666,0.7993518472924319,0.07550821022449455,0.010578689817723946,,,0.9272721173904948,0.6239779092877396
manual_v2_noul_052,manual,noul,negation,True,0.0004954858319989832,4.907692000301653e-07,,,0.9995046369008342,0.9938468157438346,0.0035424449965457717,2.5009108856397865e-05,,,0.9964638220593134,0.9661102090216622
v2-gen-score-06-001,generated,score,約束時刻からの遅れ,True,0.01234905389812019,0.00018674284520717857,0.040571922709299095,0.006761987118216516,0.9877268827645798,0.9560899399975767,0.05709930916028439,0.003729825504279904,0.18759589842181337,0.031265983070302227,0.9445002671804702,0.8425408394156908
v2-gen-noul-15-016,generated,noul,出来事の前後関係,True,0.010745270379213029,0.00022845583696552124,,,0.9893122538165074,0.9146812571267099,0.034260344862403355,0.0022686988828251493,,,0.9663198954661275,0.7874757748133269
v2-gen-choice-01-035,generated,choice,問い合わせ経路,True,4.760233226862951e-05,3.917102337263238e-09,,,0.9999523988007044,0.9995062591317146,0.0007099418908469593,8.299820350566732e-07,,,0.9992903100582706,0.9943235453859811
v2-gen-choice-04-013,generated,choice,参照先の担当,True,0.0010009440094826507,1.7223509668921519e-06,,,0.9989995567678751,0.9939040951835303,0.007044134798741444,7.823212697986967e-05,,,0.9929806169664331,0.9661021294523595
v2-gen-choice-03-045,generated,choice,最終更新,True,0.00019605145295954952,5.662389282295109e-08,,,0.9998039677638707,0.9988465568505215,0.0023849362862126723,7.77812095949223e-06,,,0.9976179054147911,0.9890130090928031
v2-gen-noul-03-015,generated,noul,いずれかの条件,True,0.00010891426406518365,2.3722050046847343e-08,,,0.999891091666878,0.9984091526160803,0.0011534994115685595,2.6580542470019267e-06,,,0.9988471656131512,0.9870854164305521
v2-gen-noul-06-004,generated,noul,更新後の状態,True,0.038510660652821674,0.0028544381673431566,,,0.9622214467763577,0.767987454157363,0.08683663717590749,0.0138355428258956,,,0.9168268588248117,0.5867375659788436
v2-gen-score-05-013,generated,score,緊急条件の加点,True,0.051401567403649644,0.004527617818441311,0.03973667689390048,0.013245558964633494,0.9498971462029517,0.8434265388683773,0.11944795845548148,0.021487370308802517,0.07648725345482688,0.02549575115160896,0.8874101888142223,0.7031271682210214
v2-gen-score-08-045,generated,score,要件への一致数,True,0.0034044238439661346,2.3101444671979456e-05,0.0033986353637878775,0.0033986353637878775,0.9966013646362121,0.9672335207236038,0.014717264920782696,0.00042687470680282985,0.014609495316451374,0.014609495316451374,0.9853905046835486,0.8900043111028798
v2-gen-score-12-004,generated,score,目標からの差,True,0.0018635326661271161,6.061310964336998e-06,0.0021362370614730264,0.0010681185307365132,0.9981382026327756,0.9869450858090634,0.010658209766694873,0.0001869799842918252,0.012870199041186138,0.006435099520593069,0.9893983876966762,0.9415150110247371
v2-gen-score-06-027,generated,score,約束時刻からの遅れ,False,1.9580674812925871,1.1029219621578519,1.2314483918819303,0.3078620979704826,0.5171223040676326,0.3232484527598799,1.7487661566520913,0.9907711279206497,1.2564986879009261,0.31412467197523153,0.4556151048992696,0.2539980593860891
v2-gen-noul-14-047,generated,noul,予定時間の重なり,True,0.0025246251982215325,1.2715329556157984e-05,,,0.9974785589877851,0.9746030111109948,0.011804905780528042,0.0002754439793357938,,,0.988264498746628,0.9079094904757812
manual_v2_noul_033,manual,noul,conditional,True,0.00018808120414968293,7.073577359661998e-08,,,0.9998119364820112,0.9974011405141529,0.0017289756109671746,5.968386695020423e-06,,,0.9982725182063159,0.9816566274925813
v2-gen-score-03-026,generated,score,順番に進む工程,True,0.0007741930581079937,8.137639616766279e-07,0.0003012992762372324,4.3042753748176056e-05,0.9992261065520139,0.9964939075945737,0.007033295676896008,6.31949018398673e-05,0.005652654064966622,0.0008075220092809461,0.9929913800626617,0.9749227474073158
v2-gen-choice-01-010,generated,choice,問い合わせ経路,True,2.7105122335631465e-05,1.3663805962312152e-09,,,0.9999728952450049,0.9997092619304784,0.0004489530485947127,3.5575502305731994e-07,,,0.9995511477157452,0.9962799577497676
manual_v2_score_022,manual,score,history,True,0.00028354903555375516,1.0372166636683609e-07,0.0006406874983957422,0.00016017187459893556,0.9997164911606747,0.9981550567805562,0.0033001245396922377,1.3816883616683664e-05,0.007673461359693601,0.0019183653399234002,0.9967053148860572,0.9835119542946504
v2-gen-choice-02-038,generated,choice,条件と優先例外,True,0.0001330469786442204,3.5398287156470245e-08,,,0.9998669618717125,0.9980950973287074,0.00133787670605419,3.575042528112149e-06,,,0.9986630178520055,0.985308525855508
v2-gen-score-01-021,generated,score,件数の段階境界,True,0.0008697125522920367,1.064338687736671e-06,0.00047673775884371494,6.810539412053071e-05,0.9991306655380519,0.9961342777721497,0.007596132575039965,7.477444588604133e-05,0.004821564737486739,0.0006887949624981056,0.9924326451274924,0.9732709871310631
manual_v2_noul_055,manual,noul,history,True,0.0003148072387557163,1.9814480954305297e-07,,,0.9996852423078437,0.9958842477083978,0.0025320100255230744,1.2789731627721667e-05,,,0.997471192808089,0.9745394720440496
v2-gen-noul-06-032,generated,noul,更新後の状態,True,0.15417356647655794,0.040827536959393826,,,0.8571232402393695,0.40827651472468385,0.2350500355297864,0.08775427759748548,,,0.7905312939870427,0.2595340371496073
v2-gen-choice-06-011,generated,choice,時間枠の包含,True,0.012089827184623045,0.0002888184455420871,,,0.9879829611479765,0.9061136826963172,0.03735001515377284,0.0026880735150783923,,,0.96333889312174,0.7732317607770001
v2-gen-score-06-015,generated,score,約束時刻からの遅れ,True,0.970878386316779,0.5353383121588344,0.18946242155331827,0.031577070258886376,0.37875020295012823,0.31369845581392064,1.0815119399382527,0.5848032462245957,0.27068941322407003,0.045114902204011674,0.3390824655626156,0.25114719472421987
v2-gen-choice-02-037,generated,choice,条件と優先例外,True,0.0007660620241028839,1.1728033226384837e-06,,,0.9992342313264965,0.9909693311924929,0.004890282233159325,4.759648565140575e-05,,,0.9951216557290713,0.9555165102678895
v2-gen-noul-01-038,generated,noul,事実と否定質問,True,0.00019354349849507214,7.490367333131344e-08,,,0.9998064752298396,0.9973336641797447,0.0017660319197585848,6.226732779691297e-06,,,0.9982355265970138,0.9813178119062334
v2-gen-score-07-034,generated,score,証拠の最高到達段階,True,0.14765759097870346,0.02839725468573971,0.19635676519968315,0.04908919129992079,0.8627264696992294,0.6753815323195314,0.28557427474664615,0.08729668830084687,0.2913709855800999,0.07284274639502497,0.7515825155042237,0.4869477799399551
v2-gen-choice-06-025,generated,choice,時間枠の包含,True,0.060916338944586514,0.006985158239522897,,,0.9409019533337907,0.6761459525436335,0.12090590971325392,0.0259385247318071,,,0.8861173307043448,0.48848269079900164
v2-gen-noul-05-040,generated,noul,締切の境界,True,0.000321417106438672,2.0655151454100772e-07,,,0.9996786345425057,0.9958074788671502,0.0025712703686704723,1.3188914002816049e-05,,,0.997432032515508,0.9742022027449622
v2-gen-score-10-043,generated,score,不足の段階,True,0.021831079159577195,0.0007336945578428248,0.034023971180001666,0.005670661863333611,0.9784054941713121,0.9362815133301935,0.07573236298887714,0.007478819355504875,0.14368216766932296,0.02394702794488716,0.9270642900754505,0.8188657078360096
v2-gen-score-05-007,generated,score,緊急条件の加点,True,0.0046371317046778136,3.098329171345392e-05,0.007929256254390449,0.001982314063597612,0.9953736031910936,0.9786461693132149,0.024735515623643577,0.0008096357629720439,0.04690592000604754,0.011726480001511885,0.9755679003776097,0.910390388042776
v2-gen-choice-10-031,generated,choice,不在時の代理,True,0.28862442575962555,0.11408185306259476,,,0.7492935679256952,0.41170137270833274,0.40021305201267154,0.18722940377733194,,,0.6701772482129192,0.2871968681108986
v2-gen-score-05-046,generated,score,緊急条件の加点,True,0.004264515638958123,3.6217462660560466e-05,0.004255435504185279,0.004255435504185279,0.9957445644958147,0.9603559435621077,0.017374272309186718,0.0005933468182863298,0.017224209971524518,0.017224209971524518,0.9827757900284755,0.8744421092461668
v2-gen-noul-08-045,generated,noul,集合と否定所属,True,0.002457912662066246,1.2053013698667835e-05,,,0.9975451055319354,0.9751784490200917,0.011573914115178639,0.00026483102858813727,,,0.9884928059765177,0.9093729941031805
v2-gen-score-06-033,generated,score,約束時刻からの遅れ,True,0.00246671336328136,8.835875572614531e-06,0.004015173283832739,0.001338391094610913,0.997536326474144,0.9859116603399927,0.014873160085224452,0.00030568565610649784,0.025552243958748423,0.00851741465291614,0.9852368990422811,0.933902474458804
v2-gen-noul-10-037,generated,noul,条件付き義務,True,0.0003787803928683854,2.868405053349047e-07,,,0.9996212913353679,0.9951491033790443,0.0029037143715939964,1.6814231472820212e-05,,,0.99710049732947,0.9713802261038685
v2-gen-score-09-048,generated,score,例外による上限,True,0.043394805033182784,0.002949932139554747,0.04356551477053783,0.010891378692634457,0.9575332764743753,0.8719787028346705,0.11644507109342761,0.018066844181825026,0.11389276159811601,0.028473190399529003,0.8900789866994382,0.7198359591650215
v2-gen-choice-14-026,generated,choice,二属性照合,True,0.00016618436905786163,5.5225310819400283e-08,,,0.9998338294387995,0.9976740071754187,0.0015774984675634338,4.969158835856132e-06,,,0.9984237451291342,0.9830539347105278
v2-gen-noul-02-033,generated,noul,全条件の充足,True,0.0001875156644820344,7.031106339635341e-08,,,0.9998125019154813,0.9974081396715319,0.0017251231183625065,5.9418417678688415e-06,,,0.9982763640512178,0.9816919178471861
v2-gen-score-13-017,generated,score,取消しを反映した件数,True,0.011550146925263911,0.00026375073358677714,0.011483700048041556,0.011483700048041556,0.9885162999519584,0.9095239690532533,0.03612184835711064,0.002517269001246975,0.03547723919111356,0.03547723919111356,0.9645227608088864,0.7788434783469409
v2-gen-noul-02-025,generated,noul,全条件の充足,True,0.00017103557437752985,5.849632973891749e-08,,,0.9998289790513725,0.9976132126586678,0.001611483874059264,5.18539875365085e-06,,,0.998389813868888,0.9827386601923563
v2-gen-score-05-035,generated,score,緊急条件の加点,True,0.00396538520449019,2.1387756942114603e-05,0.0009793601623675485,0.00024484004059188713,0.9960424665535761,0.9811478087843593,0.02231922574781965,0.0006449811329701226,0.010011171150312137,0.0025027927875780343,0.9779280054191489,0.9173128434785777
v2-gen-noul-01-036,generated,noul,事実と否定質問,True,0.00010257588383723871,2.1041465450822773e-08,,,0.9998974293768889,0.9984928564108917,0.0011033769312009413,2.4321964411227227e-06,,,0.9988972315653043,0.9875756002383993
v2-gen-choice-04-043,generated,choice,参照先の担当,True,0.028717532524262013,0.0012297752431654689,,,0.9716908967804898,0.916924160458602,0.08497629720263182,0.009886871156456221,,,0.9185340559700372,0.8047114494040856
manual_v2_score_017,manual,score,scope,True,0.0048896082162612495,3.569568147733862e-05,0.0010246049606172924,0.0002561512401543231,0.9951223264581089,0.9782473353916101,0.024416055783331798,0.0008303246858813305,0.00033129312243440623,8.282328060860156e-05,0.9758796049291698,0.9143139150698597
v2-gen-noul-11-030,generated,noul,参照関係の真偽,True,0.0634001588192356,0.007547824903488935,,,0.9385678223424851,0.6668959112607101,0.12443325992164282,0.027379314767440807,,,0.8829971907015887,0.4793162771508461
v2-gen-score-14-048,generated,score,参照表の順序尺度,True,0.0005954398477138521,4.646202991982905e-07,0.0003785383348469118,9.463458371172795e-05,0.9994047373914121,0.9964111295459958,0.0056856976611189824,4.1206644140070965e-05,0.00459737367501134,0.001149343418752835,0.9943304353275809,0.973587827074076
v2-gen-score-12-049,generated,score,目標からの差,True,0.0015082225044931567,3.1052325928649854e-06,0.003338694165968323,0.0006677388331936646,0.9984929142914828,0.9926200706900885,0.011465809117552567,0.0001671795694520604,0.028075177018996055,0.005615035403799211,0.988599672765274,0.956107948077782
v2-gen-choice-04-028,generated,choice,参照先の担当,True,0.00063083297327597,5.523450060897775e-07,,,0.9993693659600107,0.9957288891361025,0.005541089285864424,4.1622427043942e-05,,,0.9944742342333123,0.9710945544315545
v2-gen-noul-12-006,generated,noul,記録と主張の照合,True,0.00012101298090252079,2.92847390815628e-08,,,0.9998789943408729,0.9982508334771751,0.0012471303702233324,3.106791732466388e-06,,,0.9987536469736735,0.9861781105382347
manual_v2_choice_020,manual,choice,distractor,True,0.0004133024574743936,2.387487337091264e-07,,,0.9995867829402209,0.997876371823511,0.004360680662028345,2.4697088885308338e-05,,,0.9956488133008297,0.9824385333922057
manual_v2_noul_038,manual,noul,conditional,True,0.0011167843524780004,2.491630670620326e-06,,,0.9988838390190882,0.9874441614002919,0.006462568052026592,8.299178550273692e-05,,,0.9935582694288437,0.9438514654031954
v2-gen-noul-08-005,generated,noul,集合と否定所属,True,9.017071571004533e-05,1.6260049707916157e-08,,,0.9999098333495468,0.9986583494062825,0.0010028716821154553,2.009487121577402e-06,,,0.9989976310256254,0.9885686410434539
v2-gen-score-15-004,generated,score,軽重のある項目,True,0.0007723865882781841,9.6419625839284e-07,0.0009710288856840337,0.00048551444284201684,0.999227911625459,0.9938600290128681,0.005743127036809549,5.147658519366595e-05,0.0075212354861362365,0.0037606177430681183,0.9942733331911356,0.9646503796617806
v2-gen-noul-02-011,generated,noul,全条件の充足,True,0.000454439521609728,4.1284290993961407e-07,,,0.99954566372039,0.9942997520461639,0.003322800104780006,2.2008769015849145e-05,,,0.9966827142860578,0.9679016764427474
v2-gen-noul-07-021,generated,noul,識別文字列の完全一致,True,0.003202670809558766,2.0448622971767967e-05,,,0.99680245226996,0.9688904044739166,0.014069146333107315,0.0003903574751151924,,,0.986029361590908,0.8939065760524901
v2-gen-noul-09-018,generated,noul,重複を除いた件数,True,0.00275606137224798,1.5149946417860612e-05,,,0.9972477330781826,0.972626306125176,0.012594068537090141,0.0003132552125126061,,,0.9874849048642728,0.9029602508221783
v2-gen-noul-05-046,generated,noul,締切の境界,True,0.007967502902739093,0.0001259553187554925,,,0.992064153518512,0.9332249664960157,0.027512129344583913,0.0014728463149134997,,,0.9728628822927572,0.8201751045391323
manual_v2_score_053,manual,score,comparison,True,0.00031257583679654183,1.7512433270709192e-07,0.00034917724703831254,0.00017458862351915627,0.9996874730099408,0.9973168054508711,0.002810071921209621,1.339440611454923e-05,0.003319561929731707,0.0016597809648658535,0.9971938726351974,0.9812252321162034
v2-gen-score-03-035,generated,score,順番に進む工程,True,0.0007450872475067597,8.946872184889128e-07,0.0003537651697955724,0.0001768825848977862,0.9992551902610695,0.9940491286957526,0.005598080484359374,4.882356795715114e-05,0.0020386790931725685,0.0010193395465862842,0.9944175595698248,0.96539480103957
v2-gen-noul-02-001,generated,noul,全条件の充足,True,4.901597209543389e-05,4.804895519485813e-09,,,0.9999509852291677,0.9992275721297815,0.0006383699038621303,8.145121699377256e-07,,,0.9993618338108542,0.9923062589736579
v2-gen-noul-01-031,generated,noul,事実と否定質問,True,0.0001670439209055644,5.5798021653924276e-08,,,0.9998329700301534,0.9976632206662522,0.001583538694691912,5.007255179448731e-06,,,0.9984177144411566,0.9829978237005115
v2-gen-score-03-044,generated,score,順番に進む工程,True,0.0009832344000638147,1.683795493010454e-06,0.001216233157500416,0.000304058289375104,0.9990172488164942,0.9948231192928704,0.0070566513912285085,7.796153615723065e-05,0.01019416419866508,0.00254854104966627,0.9929681883104854,0.9703207690514705
v2-gen-choice-12-018,generated,choice,条件付き不足書類,True,0.039492945204811204,0.002325891793506757,,,0.9612767355771661,0.8595704968022247,0.10951287651611312,0.015698116709293736,,,0.8962706234446812,0.6905136873034013
v2-gen-choice-04-039,generated,choice,参照先の担当,True,0.01839391024083206,0.000664357729881374,,,0.9817742252581492,0.8686405833750841,0.05075543599692594,0.004898301870514531,,,0.950511102909266,0.7157781509159562
v2-gen-noul-05-034,generated,noul,締切の境界,True,0.0013685320161438066,3.7406376561601964e-06,,,0.9986324039967592,0.9850168229834184,0.007510431804909303,0.0001119695962285567,,,0.9925177010141081,0.9364035498583049
v2-gen-noul-11-032,generated,noul,参照関係の真偽,False,0.7012285847315392,0.5080812293041769,,,0.5040244187061659,4.673212631811641e-05,0.6991317963491935,0.505984544661457,,,0.5029833718232924,2.5681588265991095e-05
v2-gen-score-14-019,generated,score,参照表の順序尺度,True,0.0014050782374838786,2.680322102831037e-06,0.0005646249283037807,0.00018820830943459357,0.9985959084227771,0.9912659369334649,0.010077205148249562,0.00013561798782944263,0.004634585523829893,0.0015448618412766308,0.9899733997555659,0.9517503609984449
v2-gen-choice-03-029,generated,choice,最終更新,True,0.00032306545324823987,1.6553777479410997e-07,,,0.999676986726776,0.9983489233989069,0.0034283555725525255,1.651339851264823e-05,,,0.9965775145282331,0.9860488533044358
v2-gen-score-07-036,generated,score,証拠の最高到達段階,False,5.112156124100009,1.9649037656149213,0.9894987932559989,0.16491646554266648,0.98838148744243,0.9605381437973572,3.831222768874607,1.8618794165617953,0.9699107865976897,0.1616517977662816,0.9510463999509169,0.8654518624229351
v2-gen-noul-15-026,generated,noul,出来事の前後関係,True,0.002413420817245896,1.1621125199637625e-05,,,0.9975894891413191,0.9755636867824943,0.011418937675116774,0.00025782613497261317,,,0.9886460109438883,0.9103587732479839
v2-gen-noul-15-027,generated,noul,出来事の前後関係,True,0.0017356208487393074,6.014313341994567e-06,,,0.9982658844701124,0.9815957838719259,0.008951869047268144,0.00015884464906141144,,,0.9910880796384446,0.9265096738039713
v2-gen-noul-04-034,generated,noul,例外の優先,True,0.037089343722769355,0.0026513702605653828,,,0.9635900407816392,0.7744173942549779,0.08450443022366884,0.013132504841554185,,,0.9189675841358713,0.5941934343965622
v2-gen-score-02-022,generated,score,記述の満足段階,True,0.0003379415234277137,1.970919316516661e-07,0.0002273460006534389,0.00011367300032671945,0.999662115572377,0.9970972320590205,0.0030342619760936416,1.5109044145352188e-05,0.0016375316677756935,0.0008187658338878467,0.9969703367443594,0.9797672774653668
v2-gen-score-15-035,generated,score,軽重のある項目,True,0.005166583832055447,3.755995095326267e-05,0.01499943807188897,0.002999887614377794,0.9948467400060731,0.9785933975395978,0.027785103103805466,0.0009882317059136012,0.07149003601224369,0.014298007202448736,0.9725973524975526,0.9090093095341929
v2-gen-score-15-019,generated,score,軽重のある項目,True,0.007296685624154074,7.799298924167604e-05,0.01071504615423624,0.0035716820514120804,0.9927298705564387,0.9647303598675955,0.03198193051355059,0.001433477430422579,0.04354372825210495,0.014514576084034983,0.9685240826538714,0.8791759875497824
v2-gen-noul-14-023,generated,noul,予定時間の重なり,True,0.03003741059309072,0.0017512274230601268,,,0.9704092292846221,0.8076645764352309,0.07252361884586321,0.00978774547809785,,,0.9300437798401819,0.6342397481196417
v2-gen-noul-10-049,generated,noul,条件付き義務,True,0.00018125781883895106,6.569688480707196e-08,,,0.999818758607367,0.9974857533945417,0.0016822900755222052,5.65068703610157e-06,,,0.9983191241812523,0.982085136426893
v2-gen-score-14-015,generated,score,参照表の順序尺度,True,0.000996010186794761,1.2424033549637522e-06,0.0002912102909609082,4.85350484934847e-05,0.9990044856667126,0.9951730449940005,0.008920444337507596,9.626044796722e-05,0.004080375550812754,0.0006800625918021256,0.9911192247830554,0.9664895725882067
v2-gen-noul-06-009,generated,noul,更新後の状態,True,0.22600575046908086,0.08183964449209619,,,0.7977135144255848,0.2735224371159488,0.3086846778023691,0.14107364213457618,,,0.7344123100230583,0.16493824881096564
v2-gen-noul-11-045,generated,noul,参照関係の真偽,True,0.009797310595825578,0.00019010445931122677,,,0.9902505266985537,0.9208723063871271,0.03201799834911745,0.0019858672451375375,,,0.9684891507164791,0.7980869940771078
v2-gen-noul-09-046,generated,noul,重複を除いた件数,True,0.0010777424071307829,2.3205553080705514e-06,,,0.9989228381486354,0.9878275680483986,0.006294755347988323,7.875087050634239e-05,,,0.9937250151192875,0.9450667028230104
v2-gen-noul-03-009,generated,noul,いずれかの条件,True,0.006965238063252516,9.635598965672798e-05,,,0.9930589629860975,0.9402494045873884,0.024925533101049925,0.0012120383746241094,,,0.9753825430372661,0.8333653147345584
v2-gen-noul-15-044,generated,noul,出来事の前後関係,True,0.1836822826303158,0.05631356839556592,,,0.8322001662760569,0.34735310294122435,0.26629245707278326,0.10931084334984001,,,0.7662150097313345,0.21544873791786778
v2-gen-choice-04-007,generated,choice,参照先の担当,True,0.0003826258191700342,2.48725162746327e-07,,,0.9996174473727534,0.9967455765800346,0.0033496391584402424,1.8182113248086032e-05,,,0.9966559646241763,0.9779008399571846
v2-gen-choice-07-005,generated,choice,複数属性の制約,True,0.00013725278586863553,2.7961290997325e-08,,,0.9998627566328641,0.9992261479510601,0.0018822528096554532,4.767082948135535e-06,,,0.9981195175172558,0.991659543846854
v2-gen-score-12-008,generated,score,目標からの差,True,0.00425315398995157,2.6974552280192396e-05,0.004793542541825069,0.0007989237569708448,0.9957558778603258,0.9835869130130848,0.02375163927124291,0.0007452523038836805,0.03122270166981056,0.005203783611635093,0.9765282109008937,0.9264135292117223
v2-gen-noul-12-018,generated,noul,記録と主張の照合,True,0.00010346714705391399,2.1408685847808954e-08,,,0.9998965382054867,0.9984810531157875,0.0011104723716257564,2.4635607940024258e-06,,,0.998890143974652,0.9875060112172912
v2-gen-noul-15-047,generated,noul,出来事の前後関係,True,0.002611129046979457,1.3600438642837288e-05,,,0.9973922769852956,0.9738606904634307,0.012102030181541747,0.0002893982593650011,,,0.9879709048685074,0.9060369975184887
v2-gen-score-14-044,generated,score,参照表の順序尺度,True,0.000590665749844315,4.357713942910875e-07,0.0006910244535398569,9.87177790771224e-05,0.9994095086588289,0.9971537013125216,0.006202453489221854,4.615644639984256e-05,0.009529336657694065,0.0013613338082420093,0.9938167420185022,0.97677269577515
v2-gen-noul-13-001,generated,noul,範囲の開閉境界,True,0.00018413512766076776,6.779900534091975e-08,,,0.9998158818241714,0.9974500290787337,0.0017020313072015135,5.783969660052729e-06,,,0.9982994163266613,0.9819037117291903
v2-gen-choice-14-010,generated,choice,二属性照合,True,7.34642351704389e-05,6.808615228118683e-09,,,0.9999265384632604,0.999457668195683,0.0012275084282026183,1.890867699967833e-06,,,0.998773244652099,0.9930819098894734
v2-gen-score-12-001,generated,score,目標からの差,True,0.004430468110816102,2.9293239336878294e-05,0.020842931565567428,0.0034738219275945712,0.9955793319347527,0.983105975381603,0.024140203251844815,0.0007776303036014293,0.103946946081219,0.0173244910135365,0.9761488409216238,0.926087282093215
v2-gen-choice-09-008,generated,choice,利用可能集合の差,True,0.0077875324495723704,0.00010728827607386445,,,0.9922427118209185,0.9560112308595867,0.030232441131883322,0.0015007407528608173,,,0.9702199883042705,0.8648697242469838
v2-gen-choice-13-027,generated,choice,工程の依存順,True,0.002805539418733478,1.0374132511780622e-05,,,0.9971983924291373,0.9881753476741557,0.018378904639704582,0.00041988726403506803,,,0.9817889574811033,0.9392877539781225
v2-gen-noul-08-008,generated,noul,集合と否定所属,True,0.0007132926210739377,1.0168472013549874e-06,,,0.9992869617116329,0.9915177582693528,0.004638764088923443,4.283716859633435e-05,,,0.9953719783602314,0.9574465436537809
v2-gen-choice-15-020,generated,choice,文章内の順序参照,True,0.006847914936774786,7.56603706628935e-05,,,0.9931754786032664,0.9741619329494992,0.03149729704627692,0.0013997309622617914,,,0.9689935755949928,0.9037408152431018
v2-gen-choice-12-036,generated,choice,条件付き不足書類,True,0.08437118976207501,0.010076779374204975,,,0.9190900359585589,0.6961188420807278,0.17895380493467178,0.04086666931721997,,,0.8361445242558115,0.49396763457073234
manual_v2_choice_053,manual,choice,extraction,True,3.396024244894377e-05,1.520654258949862e-09,,,0.9999660403341936,0.999736088658789,0.0006716303162885886,5.848414749059881e-07,,,0.9993285951768668,0.9960038030083306
v2-gen-choice-04-047,generated,choice,参照先の担当,True,0.0018046654536797479,5.363888598207822e-06,,,0.9981969619758843,0.9918786073333761,0.011692211572681637,0.00019943494059232374,,,0.9883758767071646,0.9577000303621296
v2-gen-score-01-017,generated,score,件数の段階境界,True,0.000951927555381508,1.3651121157709555e-06,0.00020449295535129863,6.816431845043287e-05,0.9990485253839206,0.9940068144542246,0.007101853345356922,7.322271858056118e-05,0.000526441426479618,0.000175480475493206,0.9929233052223957,0.9652169178513492
v2-gen-choice-11-027,generated,choice,小数量の比較,True,0.016621066410372805,0.0005434246394344512,,,0.9835163013944921,0.8787862175383861,0.047136750976728564,0.00423992782986539,,,0.9539569341275725,0.7306557784878804
v2-gen-choice-12-021,generated,choice,条件付き不足書類,True,0.0026596381117781785,9.41682844439042e-06,,,0.9973438955921792,0.9865676949641851,0.016905967501832753,0.0003656788794457946,,,0.9832361364383021,0.9337593610343777
v2-gen-choice-12-020,generated,choice,条件付き不足書類,False,1.0362692046181108,0.8100619652242383,,,0.6272352923888986,0.33326230839180804,0.9690026813390249,0.7219570511232888,,,0.5789277064009285,0.2568573979830293
v2-gen-noul-12-024,generated,noul,記録と主張の照合,True,0.00012640022314265063,3.1949994121915645e-08,,,0.999873607765029,0.9981809113343194,0.0012880311788713663,3.3137780947105402e-06,,,0.9987127979772563,0.9857850265734049
v2-gen-choice-12-023,generated,choice,条件付き不足書類,True,0.0031216829879943545,1.2690009562527155e-05,,,0.9968831843982149,0.9859621577695624,0.019534305712091842,0.0004767640371432177,,,0.9806552525348471,0.931630733187766
v2-gen-noul-04-005,generated,noul,例外の優先,True,0.22692530480335446,0.0824339885130064,,,0.796980310667898,0.27207348268419196,0.3095791541344426,0.14177206595663117,,,0.7337556893033852,0.16397631594586226
v2-gen-score-10-007,generated,score,不足の段階,True,0.05465305385828067,0.004490706991243153,0.05948047665367184,0.01189609533073437,0.9468135842953272,0.8585656333802987,0.14298695338804274,0.02541248892001724,0.16037773999213156,0.03207554799842631,0.8667653771732554,0.6962525591668498
v2-gen-choice-04-024,generated,choice,参照先の担当,True,0.0054131687259149994,3.9655205782581234e-05,,,0.9946014560711816,0.9716607935761302,0.027214147017759333,0.0009718563904773408,,,0.9731528214343287,0.8899922480234099
v2-gen-noul-12-015,generated,noul,記録と主張の照合,True,0.00020688265086945602,8.558315526526435e-08,,,0.9997931387478705,0.9971698081774761,0.0018554056200559554,6.872299265991155e-06,,,0.9981463145808969,0.9805052632928686
v2-gen-score-01-026,generated,score,件数の段階境界,True,0.035640648906319315,0.0020865470839885364,0.02319962577183521,0.004639925154367041,0.964987000318604,0.9048789922017351,0.0963958677316875,0.013377686619448185,0.04916657202131969,0.009833314404263938,0.908104455653224,0.789800423751085
v2-gen-choice-15-021,generated,choice,文章内の順序参照,True,0.001692540597869699,5.719699697455857e-06,,,0.9983088909412081,0.9819908908033894,0.008787202323477995,0.00015307977273562863,,,0.9912512923029847,0.9276212408444588
v2-gen-noul-15-007,generated,noul,出来事の前後関係,True,0.0006721792839071049,9.030428027330902e-07,,,0.9993280465779784,0.991948948838206,0.004439418387655232,3.924233555696839e-05,,,0.9955704212639931,0.9589904735608065
v2-gen-score-15-005,generated,score,軽重のある項目,True,0.0006736410136683602,6.642961692588053e-07,0.0013297614496372567,0.00044325381654575224,0.999326585831499,0.9955219799661552,0.0056991936437447415,4.5407586503701244e-05,0.011237203395086048,0.003745734465028683,0.9943170159518555,0.9706309692973728
v2-gen-noul-08-021,generated,noul,集合と否定所属,True,0.0010941105057266551,2.3915377977355402e-06,,,0.9989064878149432,0.9876665812212649,0.006365300821708201,8.052021264411493e-05,,,0.9936549147900081,0.9445550397214189
v2-gen-score-10-014,generated,score,不足の段階,True,0.23317127412033078,0.07862034707646717,0.23167945141204793,0.046335890282409586,0.7920179097360214,0.6723067429023755,0.35107340423797456,0.14799622840837828,0.36683767261179234,0.07336753452235847,0.7039320803611726,0.5617899736935356
v2-gen-score-08-015,generated,score,要件への一致数,True,0.10190151861127121,0.01753814031512059,0.08376048836802696,0.013960081394671161,0.903118487652386,0.8214259122474925,0.19432110380061351,0.053808411613162924,0.12255147588506987,0.02042524598084498,0.823393467043282,0.7067015266966117
v2-gen-noul-01-025,generated,noul,事実と否定質問,True,0.00031697715207828255,2.0088534540419168e-07,,,0.9996830730798716,0.9958590238061205,0.0025449220132803627,1.292033996524751e-05,,,0.9974583135554078,0.9744284529194698
v2-gen-noul-09-007,generated,noul,重複を除いた件数,False,0.8189886126826558,0.6252363273028444,,,0.5591226731687977,0.010109489348638423,0.7850886915316387,0.5916995653779071,,,0.5439207503754141,0.005573190899203051
v2-gen-score-15-007,generated,score,軽重のある項目,False,0.9524395575495079,0.6003188667599652,0.7319347609297275,0.1463869521859455,0.4469960171725386,0.39336615697695176,1.002968944737482,0.6030035473858741,0.7208321938276052,0.14416643876552104,0.40908885379603593,0.32668776399804167
manual_v2_noul_011,manual,noul,scope,True,0.0005638866812029222,6.35577900348087e-07,,,0.9994362722730129,0.9931027900358242,0.0038982460125726033,3.027443491272152e-05,,,0.9961093422848623,0.9632501891137464
v2-gen-score-09-022,generated,score,例外による上限,True,0.046220769702936586,0.002565376655055039,0.02975008060837192,0.004958346768061987,0.9548311411327373,0.8708793702938493,0.14420536489646915,0.022139688902698913,0.08840459047349514,0.014734098412249189,0.8657099433695167,0.688083861922761
v2-gen-noul-04-016,generated,noul,例外の優先,True,0.003728672735588721,2.770254641049425e-05,,,0.9962782701326873,0.9646070263780812,0.01573790024296977,0.000487638124866854,,,0.9843852933926561,0.8839464561547107
v2-gen-score-03-038,generated,score,順番に進む工程,True,0.0018849035798790467,5.027073036448503e-06,0.0012039104886536478,0.00024078209773072956,0.9981168717352659,0.9912136717379733,0.012901226962239554,0.00022037937504137376,0.009962218628520647,0.0019924437257041296,0.9871816371340394,0.9526699373100859
v2-gen-noul-15-033,generated,noul,出来事の前後関係,True,0.005657916466366893,6.366298749571205e-05,,,0.9943580593987658,0.9497404062124438,0.021393344618645567,0.00089601013514168,,,0.9788338698017129,0.8520610962804378
v2-gen-score-14-043,generated,score,参照表の順序尺度,True,0.0019080057898781635,4.857537517981688e-06,0.004186027983596574,0.000697671330599429,0.9980938132960429,0.9915328577189009,0.014060840353294555,0.00024519392958330816,0.03552518661342585,0.005920864435570976,0.986037551564893,0.9510191805425887
v2-gen-noul-09-028,generated,noul,重複を除いた件数,True,0.0005389678315402393,5.806596197259447e-07,,,0.9994611773855312,0.9933723696214227,0.003770004980709019,2.831894471363481e-05,,,0.9962370925660047,0.9642752813708192
v2-gen-score-05-002,generated,score,緊急条件の加点,True,0.1807596105458796,0.05309511400754434,0.1783209260901848,0.02972015434836413,0.8346359722678927,0.75433908044634,0.28338984677471984,0.11024561515279302,0.31511807678392884,0.05251967946398814,0.7532260878534524,0.6513599676400297
v2-gen-noul-13-046,generated,noul,範囲の開閉境界,True,0.00023170751815850446,1.0735187130509648e-07,,,0.9997683193239553,0.9968681168582216,0.002017864218912228,8.127138755583343e-06,,,0.9979841703003994,0.9790441390342101
v2-gen-choice-12-001,generated,choice,条件付き不足書類,True,0.02085920910250761,0.0006647593307163732,,,0.9793568393918551,0.8966179225160059,0.06544146347722896,0.006156347703407404,,,0.9366538736157269,0.7471418755887085
v2-gen-score-15-038,generated,score,軽重のある項目,True,0.0008534329087076804,1.4554528861668183e-06,0.0008530688384201208,0.0008530688384201208,0.9991469311615799,0.9900727272657458,0.00529701358559153,5.582037130034204e-05,0.00528300914727307,0.00528300914727307,0.9947169908527269,0.9524354742170359
v2-gen-score-15-047,generated,score,軽重のある項目,True,0.006606372180028637,6.810716561184431e-05,0.008013048375225429,0.002671016125075143,0.9934154019210042,0.9681148640896118,0.029078896973797164,0.0012342958300965913,0.03442248158854677,0.01147416052951559,0.971339825670586,0.8894373957318978
v2-gen-choice-05-002,generated,choice,否定条件で選択,True,4.642747740510504e-05,2.7017537269498873e-09,,,0.9999535736003335,0.9996774004787585,0.0009049229742744745,1.0074520661418914e-06,,,0.9990954863450434,0.9951853958983932
v2-gen-choice-01-031,generated,choice,問い合わせ経路,True,6.647370384691298e-05,5.757293846131268e-09,,,0.9999335285054808,0.9995555904661118,0.001154694635280564,1.6783139179025734e-06,,,0.9988459717680477,0.9940562229582655
manual_v2_choice_052,manual,choice,priority,True,0.0006505885252516323,5.931895537690946e-07,,,0.9993496230615752,0.9956247156969166,0.005629238422317795,4.331867787061804e-05,,,0.9943865760518927,0.970791959848073
v2-gen-noul-03-031,generated,noul,いずれかの条件,True,0.0006185300322376084,7.64685698577755e-07,,,0.9993816612180294,0.9925171337814436,0.004174415629871484,3.470636072331705e-05,,,0.9958342851319781,0.9610634541974682
v2-gen-choice-02-050,generated,choice,条件と優先例外,True,0.00010679087750817954,2.280614744108242e-08,,,0.9998932148244346,0.9984371328545664,0.001136794625521677,2.5816678246830727e-06,,,0.9988638512807112,0.9872484260277502
v2-gen-choice-12-004,generated,choice,条件付き不足書類,True,0.010649331593810473,0.0001732532904171327,,,0.989407171785607,0.9577201753337112,0.04380720472234655,0.00261275438481385,,,0.9571384714631207,0.8611705074061935
v2-gen-noul-09-019,generated,noul,重複を除いた件数,True,0.04187241822571746,0.0033632920038393355,,,0.9589921226845418,0.753105661747032,0.0922566600137864,0.015533413551540014,,,0.9118710786644362,0.5698066292568684
v2-gen-score-09-013,generated,score,例外による上限,False,0.9624344948625652,0.6747623047942026,0.6906893934835749,0.17267234837089374,0.5361515445374373,0.4148633841144822,0.9758765868372127,0.6356553235626863,0.7331552156160339,0.18328880390400848,0.48456621135077693,0.32735332201328904
v2-gen-choice-10-038,generated,choice,不在時の代理,True,0.2842665316850669,0.09193015394610882,,,0.7525660352794924,0.33495803283776127,0.42157359135716044,0.17759063616607337,,,0.6560137096779188,0.19736536269063154
v2-gen-choice-04-014,generated,choice,参照先の担当,True,0.00019074277463919934,5.11498050023157e-08,,,0.9998092754156073,0.9989555495262938,0.0023877913581825307,7.598018553593396e-06,,,0.9976150571479387,0.9897658624447754
v2-gen-noul-06-044,generated,noul,更新後の状態,True,0.02617059781791453,0.0013344930718528836,,,0.9741688843460752,0.8269665128360372,0.06561527135983408,0.00806676331499052,,,0.936491089936173,0.6587807010727745
v2-gen-score-15-012,generated,score,軽重のある項目,True,0.0018296451859368152,5.281557431184534e-06,0.002511173211035707,0.0008370577370119023,0.9981720275944627,0.9893767074419826,0.011532415923317324,0.00019443485767832756,0.017377372628038158,0.005792457542679386,0.9885338274917871,0.9474091290117339
v2-gen-score-04-035,generated,score,独立チェックの合計,True,0.006629451751620558,6.52267508440347e-05,0.001222445971464925,0.0004074819904883083,0.9933924745836926,0.9674367334396053,0.02997702887374281,0.001260128138673657,0.0009117525362376533,0.00030391751207921774,0.9704678260314258,0.884659244147196
v2-gen-noul-14-045,generated,noul,予定時間の重なり,True,0.0161599208964038,0.0005139249985803529,,,0.9839699501157927,0.8814714580662976,0.046178139673690416,0.0040731004802786516,,,0.9548718464798378,0.7346704043549568
v2-gen-choice-07-002,generated,choice,複数属性の制約,True,0.00012418985732100672,2.1702658751914396e-08,,,0.9998758178539201,0.999227943906624,0.0017514953286951256,4.054393657260511e-06,,,0.9982500376441192,0.991540025445394
v2-gen-score-04-002,generated,score,独立チェックの合計,False,1.2490260642431792,1.0040940685794593,0.7008348726147404,0.14016697452294807,0.7038195701444419,0.6338901185691763,1.1131775835073705,0.8599087681551166,0.6377476482985229,0.1275495296597046,0.6391381988740906,0.5573527158710618
v2-gen-noul-03-033,generated,noul,いずれかの条件,True,0.0004321264171689062,3.733051367714926e-07,,,0.999567966936004,0.9945481946381717,0.003201238862838652,2.0430370724200584e-05,,,0.9968038796389841,0.9689022295425713
v2-gen-noul-15-037,generated,noul,出来事の前後関係,True,0.0009406835569060651,1.7681072270434624e-06,,,0.9990597587471708,0.9891903302810237,0.005692426942292693,6.44397593369163e-05,,,0.9943237442210152,0.9494845170128823
v2-gen-score-03-009,generated,score,順番に進む工程,True,0.00048779756580157713,4.1338206439576893e-07,0.0006248511384822421,0.00015621278462056053,0.9995123213880884,0.99721283831989,0.004227078544810787,2.7876734764671594e-05,0.006385522397575168,0.001596380599393792,0.9957818429766171,0.9807885809891328
v2-gen-noul-05-011,generated,noul,締切の境界,True,0.002498136055759583,1.2450232740530828e-05,,,0.9975049816893927,0.9748311843070615,0.011713383424029377,0.0002712143239684379,,,0.9883549511815442,0.9084885295220136
v2-gen-choice-11-010,generated,choice,小数量の比較,True,0.12090096016227185,0.019265627378362193,,,0.8861217165981033,0.7725868298436335,0.23968084858083236,0.06615747519572683,,,0.786878954531056,0.6359327891341526
v2-gen-choice-05-025,generated,choice,否定条件で選択,True,0.06624825834282314,0.006130998476916169,,,0.9358984908401017,0.8300377658441485,0.17013142531562017,0.03337175298931064,,,0.8435539449674139,0.6465828213542045
v2-gen-score-06-038,generated,score,約束時刻からの遅れ,True,0.008114279073043129,0.00013061957682062675,0.008081447173020062,0.008081447173020062,0.9919185528269799,0.9322126565610053,0.027883275541076512,0.0015122937645454986,0.02749812506831606,0.02749812506831606,0.9725018749316839,0.8183144453453743
v2-gen-choice-01-015,generated,choice,問い合わせ経路,True,0.00033803010672375154,2.2845147175065172e-07,,,0.9996620270190159,0.9956153901043769,0.0026690320607258727,1.4209496481236154e-05,,,0.9973345266385465,0.9733661553846897
v2-gen-choice-11-022,generated,choice,小数量の比較,False,1.1513226371292935,0.8993414487042977,,,0.6568429745655009,0.6316734575296601,1.0780201651968992,0.7794640348347869,,,0.5850176695747298,0.5322586677651122
v2-gen-score-14-009,generated,score,参照表の順序尺度,True,0.0018547256452180862,4.109393648183708e-06,0.0008945700122726663,0.00012779571603895233,0.998146993295506,0.9919315073983912,0.01496411767890532,0.00025887078927959597,0.0037956684446243116,0.0005422383492320445,0.9851472883401873,0.9496981934880081
v2-gen-choice-07-007,generated,choice,複数属性の制約,True,0.00020013724937458625,5.213708191327625e-08,,,0.9997998827767487,0.9988836162052231,0.0026066100386196093,8.561184477940426e-06,,,0.9973967842195175,0.9887326781327392
manual_v2_score_049,manual,score,scope,True,0.0020220917689517445,6.06267333279443e-06,0.00031709092004117423,0.00010569697334705808,0.9979799512812989,0.988298174013274,0.012548572364294089,0.00022388150744521968,0.00010628072396690058,3.542690798896686e-05,0.9875298326701518,0.943396876092334
v2-gen-noul-12-035,generated,noul,記録と主張の照合,True,0.0005291692259765973,5.597438748933115e-07,,,0.9994709707593652,0.9934788267533384,0.0037191563697352922,2.756158340042586e-05,,,0.99628775112631,0.9646835027049462
v2-gen-score-08-030,generated,score,要件への一致数,True,0.3884561031814258,0.1726241146527331,0.3693767635111236,0.052768109073017655,0.6781029877903936,0.5825648983067031,0.5512982169396489,0.26511691146392036,0.5282782723144424,0.0754683246163489,0.5762012903391498,0.4427653448888206
v2-gen-choice-08-006,generated,choice,改訂と例外の優先,True,0.03968944218939935,0.0029345365961019262,,,0.9610878661540142,0.9175187111401525,0.09616700793210911,0.015207233185596669,,,0.9083123080405616,0.8313322944305443
v2-gen-score-09-021,generated,score,例外による上限,False,2.334769837492062,1.1550081834249537,1.4721125544546951,0.294422510890939,0.5184253842834428,0.29752893881479614,2.0777196802972986,1.037209928759419,1.5736973613610075,0.3147394722722015,0.4343340031111203,0.21279303531287086
v2-gen-score-01-043,generated,score,件数の段階境界,True,0.0007632744622748537,1.1642868564298436e-06,0.0007629832424208085,0.0007629832424208085,0.9992370167575793,0.9909981668875477,0.00487711160883843,4.7341077917845976e-05,0.0048652378111376324,0.0048652378111376324,0.9951347621888624,0.9556170929989884
v2-gen-choice-06-021,generated,choice,時間枠の包含,True,0.002308833782947983,7.813276900056023e-06,,,0.9976938295236656,0.9885522088615224,0.014287369393833928,0.00028205220265315806,,,0.9858142107219497,0.9443245887372314
v2-gen-choice-12-030,generated,choice,条件付き不足書類,True,0.010039695666478492,0.00015979631225590923,,,0.9900105338411936,0.9646673090453891,0.04065038762649144,0.0023476469281126693,,,0.9601647567543062,0.8845793862074984
v2-gen-noul-03-010,generated,noul,いずれかの条件,True,0.0002023078107733495,8.18403422635693e-08,,,0.9997977126520718,0.997225860560894,0.0018249273296483592,6.648577117644745e-06,,,0.9981767368377488,0.9807816384513898
v2-gen-noul-11-005,generated,noul,参照関係の真偽,True,0.32419158362452477,0.1533342693843018,,,0.7231116927493129,0.14882381340155693,0.39934521096443437,0.2167991299524439,,,0.6707591079828905,0.08585108485954551
manual_v2_score_018,manual,score,meaning,True,0.0006922527181575165,6.961815615816096e-07,0.001204850875107244,0.000301212718776811,0.9993079868334754,0.9959950941653266,0.006064981822165583,4.9789354901619825e-05,0.011763442322955342,0.0029408605807388355,0.9939533730540089,0.9725880869591838
v2-gen-noul-13-048,generated,noul,範囲の開閉境界,True,0.002149483445661134,9.22072062141877e-06,,,0.9978528250395673,0.9778744579424655,0.010483338437954955,0.00021751055178154634,,,0.98957142023616,0.9163788542891095
v2-gen-score-11-041,generated,score,時刻順の評価更新,True,0.0010324550268378978,1.5093273057181935e-06,0.00014242438435241311,3.560609608810328e-05,0.9989680777714741,0.9943048087843729,0.008043896125924706,8.77601720090274e-05,0.0026382474603148243,0.0006595618650787061,0.9919883694349498,0.9653799729801766
v2-gen-noul-14-005,generated,noul,予定時間の重なり,True,0.0032703772665078137,2.1320912426543052e-05,,,0.9967349645923402,0.9683323468258073,0.014287829758386569,0.0004024989872578121,,,0.9858137568881361,0.8925849348556645
v2-gen-noul-11-024,generated,noul,参照関係の真偽,True,0.005668978935222344,6.391147475146043e-05,,,0.9943470594045462,0.9496583460719336,0.021424102093023045,0.0008985608574957279,,,0.9788037638070373,0.8518946045039505
manual_v2_score_048,manual,score,meaning,True,0.0002678302870454351,1.1346947781384743e-07,0.0002453997946845199,8.179993156150663e-05,0.9997322055762841,0.9980728960695231,0.0027847035693598448,1.1443674094439318e-05,0.0024181059194829935,0.0008060353064943312,0.9972191701210973,0.9843970659155948
v2-gen-choice-05-043,generated,choice,否定条件で選択,True,0.00010490986798275862,2.016132935707561e-08,,,0.999895095634865,0.9993118066132234,0.0012935660897745302,2.7862679661637674e-06,,,0.9987072702061995,0.9932983424111941
v2-gen-choice-01-036,generated,choice,問い合わせ経路,True,4.0923591452365736e-05,2.7316974678437474e-09,,,0.9999590772459064,0.9996986008599645,0.00070246842884782,7.297910772427824e-07,,,0.9992977782443355,0.9959595558436387
v2-gen-choice-04-001,generated,choice,参照先の担当,True,0.002945842647373653,1.2718644649694216e-05,,,0.9970584920895489,0.9835923691000374,0.01689551741262447,0.00039578130705392346,,,0.9832464113973277,0.926641768183384
v2-gen-noul-01-008,generated,noul,事実と否定質問,True,0.010089918133285155,0.00020157049829332046,,,0.9899608143185485,0.9189471999859784,0.032716243429370774,0.002071987402401615,,,0.967813143968371,0.7947570213095804
v2-gen-noul-11-006,generated,noul,参照関係の真偽,True,0.006598797168009833,8.65157763080446e-05,,,0.993422927083115,0.9428697104968589,0.023955076495836548,0.0011205786151962452,,,0.9763295689182026,0.83841961792885
v2-gen-noul-11-041,generated,noul,参照関係の真偽,True,0.05694261881261304,0.006127627396768512,,,0.9446482728509376,0.6912902837219926,0.11517364745525974,0.023669930345137504,,,0.8912113738823366,0.5037487583573292
v2-gen-noul-13-002,generated,noul,範囲の開閉境界,True,0.0001424026132028957,4.05512335497559e-08,,,0.999857607525568,0.997975117528436,0.0014069570523186697,3.953490640830084e-06,,,0.9985940322477329,0.9846525949906952
v2-gen-noul-01-047,generated,noul,事実と否定質問,True,0.0005382478791682694,5.791097843315535e-07,,,0.9994618969502356,0.9933801827187899,0.0037662771409772188,2.8263073267964782e-05,,,0.9962408063851429,0.9643051746897956
v2-gen-noul-06-007,generated,noul,更新後の状態,True,0.2633374837526423,0.1072007026639338,,,0.7684825031839561,0.2193527238241385,0.3442305042228139,0.16963502631072966,,,0.708765535769949,0.12968944893669276
v2-gen-noul-08-022,generated,noul,集合と否定所属,True,0.00010988804927448833,2.4148113036150283e-08,,,0.999890117988196,0.9983963409420193,0.001161131912340165,2.6933258157965166e-06,,,0.9988395419404829,0.9870110538345253
v2-gen-score-14-031,generated,score,参照表の順序尺度,True,0.0018456239310976467,6.800095316470651e-06,0.0018439218145667737,0.0018439218145667737,0.9981560781854332,0.9805938828861653,0.009367536306791895,0.00017386640410585566,0.009323797619689538,0.009323797619689538,0.9906762023803105,0.9237237371701762
v2-gen-choice-14-049,generated,choice,二属性照合,True,8.324200802371208e-05,1.3857310249308184e-08,,,0.9999167614564961,0.9987518360633663,0.0009451838436363701,1.7850571247955553e-06,,,0.9990552627019125,0.989145145578382
v2-gen-noul-14-015,generated,noul,予定時間の重なり,True,0.12938414742778134,0.029458259041386096,,,0.8786363748040911,0.4667320968435429,0.20742462660513317,0.07018169077082059,,,0.8126744935001902,0.3041570211046799
v2-gen-score-10-005,generated,score,不足の段階,True,0.0030539007277141992,1.537257005623221e-05,0.0038744145960951234,0.0012914715320317077,0.9969507576837978,0.9836592533892119,0.016397046009794733,0.00040604938481194377,0.022942123253008227,0.007647374417669409,0.9837366537911001,0.9305316241820814
v2-gen-noul-01-023,generated,noul,事実と否定質問,True,0.03226395575050311,0.0020160014393141063,,,0.9682509729336937,0.7969113010863806,0.0763857192140765,0.010816620702288275,,,0.9264587846772699,0.6209980678164648
v2-gen-noul-03-047,generated,noul,いずれかの条件,True,0.0030701469065870565,1.8793830379302477e-05,,,0.9969345611750271,0.9699888260290468,0.01363750662514949,0.00036693064291136153,,,0.9864550628847646,0.896530462237358
v2-gen-choice-02-022,generated,choice,条件と優先例外,True,0.0002718389000582931,1.4775260571435165e-07,,,0.9997281980447877,0.9963883892536067,0.0022712719685641044,1.0293950213436416e-05,,,0.997731305417929,0.976802645162366
v2-gen-score-08-021,generated,score,要件への一致数,False,1.9969913307013216,1.4704111524037653,0.878956282853057,0.1757912565706114,0.8504883521704468,0.7347142404752891,1.6325552506899275,1.2285720113429541,0.8513230407724848,0.17026460815449695,0.761689498847911,0.6111104570262995
v2-gen-noul-06-019,generated,noul,更新後の状態,True,0.13122360533504557,0.030247351230430326,,,0.8770216457452159,0.46213811436040575,0.2095249874899511,0.07146515430712155,,,0.810969375090805,0.3005608078476196
v2-gen-score-01-023,generated,score,件数の段階境界,True,0.0006738172729577312,8.128804655842493e-07,0.0007531942809784601,0.00037659714048923006,0.9993264096909207,0.9946867330594202,0.004963453215080651,4.166850729786923e-05,0.005861870184191768,0.002930935092095884,0.9950488443642624,0.9694309448763727
v2-gen-choice-07-049,generated,choice,複数属性の制約,True,0.0016602474059308804,4.738187973503789e-06,,,0.9983411300423864,0.9917594379205614,0.010498308156638672,0.00016962808850766518,,,0.9895566067412588,0.9582556461994054
v2-gen-noul-15-035,generated,noul,出来事の前後関係,True,0.0006829588597052962,9.322287530132161e-07,,,0.9993172743036134,0.9918355504977268,0.004491986185819179,4.0175075827087096e-05,,,0.9955180876945724,0.9585820789699707
v2-gen-score-06-018,generated,score,約束時刻からの遅れ,False,2.7669920121716958,1.75544720255859,0.9377098430508211,0.46885492152541053,0.9365886068356061,0.7820326245976329,2.1328395133154237,1.5477914408541147,0.8850830886314585,0.44254154431572923,0.8779162465609172,0.647527809007374
v2-gen-choice-03-050,generated,choice,最終更新,False,5.141209239543302,1.8614147342684337,,,0.932341981373041,0.756556289543254,3.9051842080016717,1.7204346060717068,,,0.8642561545838057,0.5866139211248362
v2-gen-score-07-026,generated,score,証拠の最高到達段階,True,0.00347628040329828,1.7895566749170137e-05,0.0003431393467385746,0.00011437978224619154,0.9965297548639703,0.9813575093313367,0.01846907661766252,0.0004874565888691111,6.376468530966406e-07,2.1254895103221352e-07,0.9817004316202059,0.9227369984313253
v2-gen-noul-10-011,generated,noul,条件付き義務,False,2.507123612708392,1.6872759223795557,,,0.9184976653153659,0.5925492359759492,1.9491456816881225,1.4709703706986705,,,0.857604329133975,0.40952136486457913
manual_v2_choice_048,manual,choice,meaning,True,0.002802745083883153,1.0221665074146418e-05,,,0.9972011789392512,0.9880496700974004,0.018822167059707053,0.0004325073613678818,,,0.9813538637693483,0.9371754551936595
v2-gen-noul-02-034,generated,noul,全条件の充足,True,0.0006847582555560855,9.371458356393193e-07,,,0.9993154761378742,0.9918166454435582,0.004500739941001367,4.033145791445296e-05,,,0.9955093732110956,0.9585141601913765
v2-gen-noul-01-001,generated,noul,事実と否定質問,True,0.0003806021398033227,2.896057356018623e-07,,,0.9996194702800031,0.9951284114315885,0.0029140475686436273,1.693394020680439e-05,,,0.9970901941467853,0.971293440109204
v2-gen-choice-10-010,generated,choice,不在時の代理,True,0.013219019281705135,0.00023502176398290133,,,0.986867968235264,0.9552707325512209,0.05692671439512116,0.003914237092605211,,,0.9446632970509272,0.8475413864362654
v2-gen-noul-02-045,generated,noul,全条件の充足,True,0.001483194362140073,4.393211017896355e-06,,,0.9985179050270148,0.9839344287178519,0.007970526548975673,0.00012605055568803657,,,0.9920611538720027,0.9332040720662499
v2-gen-noul-11-022,generated,noul,参照関係の真偽,True,0.08079178835177478,0.012047952018273606,,,0.9223857229039862,0.6062833499339708,0.1481005158295249,0.037898111177377056,,,0.86234443131973,0.4219341279295856
v2-gen-score-03-024,generated,score,順番に進む工程,True,0.0016315665629136784,3.945072404280624e-06,0.0030269256596033856,0.0006053851319206771,0.9983697637182318,0.9922855743215849,0.011627985604190899,0.00018116029912362987,0.02509839521432955,0.00501967904286591,0.9884393581436356,0.956434814576115
v2-gen-choice-10-042,generated,choice,不在時の代理,False,2.608705451151867,1.3801744965569245,,,0.6787446905188405,0.27113140397521973,2.157177417249727,1.2230193710809718,,,0.6001458007518891,0.16854173399009365
v2-gen-choice-03-007,generated,choice,最終更新,True,0.00044773705528483273,4.0075747390136025e-07,,,0.9995523631639927,0.9943742095982439,0.0032864521820217796,2.1530679382549152e-05,,,0.9967189422907735,0.9682001560789061
v2-gen-choice-10-049,generated,choice,不在時の代理,True,0.0004964594823891648,3.106074936720226e-07,,,0.9995036637332283,0.9972111492686735,0.005219431802973603,3.346390534574706e-05,,,0.9947941657637225,0.9773991193434963
manual_v2_score_054,manual,score,history,True,0.01595538867724311,0.00041907514690709975,0.019092898323363805,0.009546449161681902,0.9841712242560989,0.9186400949206366,0.052564617243093754,0.004212840697419689,0.06498662957421919,0.032493314787109595,0.9487930106863519,0.7889385021052293
v2-gen-choice-13-007,generated,choice,工程の依存順,True,0.00041173547493521576,2.6085556767288396e-07,,,0.9995883492764833,0.9964596877084801,0.0036658115013988293,2.0380291385681942e-05,,,0.9963408993827998,0.9757544106482446
v2-gen-noul-02-048,generated,noul,全条件の充足,True,0.0013141459687582822,3.44942372535321e-06,,,0.998686717142929,0.9855350378447562,0.00728868002285271,0.00010547857515680734,,,0.9927378179877943,0.9379604502978905
v2-gen-noul-07-029,generated,noul,識別文字列の完全一致,True,0.0002954313277816412,1.7450777745860638e-07,,,0.9997046123077559,0.9961104575705393,0.002415662116295076,1.1642693783869187e-05,,,0.9975872532474512,0.9755442517378282
v2-gen-noul-08-012,generated,noul,集合と否定所属,True,0.002614219624915146,1.3632611015348653e-05,,,0.9973891944714945,0.973834247513333,0.012112596970377176,0.0002899007942945411,,,0.9879604652437368,0.9059706094906826
v2-gen-score-02-018,generated,score,記述の満足段階,True,0.05413811042528739,0.005495306875352069,0.051867876784440714,0.010373575356888144,0.9473012652861144,0.882688913908221,0.11523934524370588,0.022638442654434945,0.10113009236729154,0.020226018473458306,0.8911528251893154,0.7930669992891612
v2-gen-choice-01-037,generated,choice,問い合わせ経路,True,0.0002828137250661801,1.4522778259318581e-07,,,0.9997172262629656,0.9980494547957838,0.0026683568259063396,1.1899195389388326e-05,,,0.997335200073773,0.9855034097233036
v2-gen-noul-14-012,generated,noul,予定時間の重なり,True,0.011756224583262281,0.00027319017859409815,,,0.988312609816685,0.9082173504352081,0.03659265177145821,0.002582106998422362,,,0.9640687670791666,0.7766845936735305
v2-gen-score-13-042,generated,score,取消しを反映した件数,True,0.5921745003611996,0.38948147595568744,2.211028586093204,0.44220571721864077,0.5531232094591406,0.5792747820120838,0.6497296530503475,0.42015217554783185,2.3002685884285583,0.4600537176857117,0.522186929323565,0.5073769138278303
v2-gen-choice-01-027,generated,choice,問い合わせ経路,True,7.122355256514415e-05,7.010541969079867e-09,,,0.9999287789837719,0.9994058601918255,0.0010999956715409631,1.6485901467116676e-06,,,0.998900609101928,0.9929732992188397
v2-gen-score-04-001,generated,score,独立チェックの合計,True,0.0016793893908126757,4.196445573952424e-06,0.0015560769353981652,0.0003890192338495413,0.998322019994471,0.991299299291461,0.011447850115364505,0.00018030295193844378,0.010788753889193758,0.0026971884722984396,0.9886174271883857,0.9533591212865644
v2-gen-noul-14-004,generated,noul,予定時間の重なり,True,0.023476590712050695,0.0010767732197351828,,,0.9767968405197138,0.8409339550571382,0.060630249077522624,0.006921661452973155,,,0.9411711743574073,0.6772218565447531
v2-gen-noul-03-040,generated,noul,いずれかの条件,True,0.00014014395939999672,3.927515421555596e-08,,,0.999859865860306,0.9980039996811371,0.0013903903070626013,3.860999005478531e-06,,,0.9986105758377157,0.9848094402059817
v2-gen-choice-01-004,generated,choice,問い合わせ経路,True,1.9339961066061307e-05,5.35667552509969e-10,,,0.9999806602259498,0.9998216608147608,0.0004112712641027574,2.3622206196006742e-07,,,0.9995888132963308,0.9970964482100355
v2-gen-choice-08-009,generated,choice,改訂と例外の優先,True,0.02132715799536546,0.0006749350081065906,,,0.9788986576543283,0.8938787554247021,0.06707475588812999,0.006349985723068398,,,0.935125292602003,0.7409711575007358
v2-gen-score-08-046,generated,score,要件への一致数,True,0.001353631038652151,2.936784872822113e-06,0.0017192125882186104,0.0008596062941093052,0.9986472847066019,0.9899167434077932,0.008718190825144766,0.00011767028044908467,0.01149582663977844,0.00574791331988922,0.9913197024004058,0.9496502702763333
v2-gen-score-10-030,generated,score,不足の段階,True,0.6369840910252492,0.3100969321083506,0.03771558181637458,0.0053879402594820824,0.5288850904583038,0.41657223634505414,0.8152816808196407,0.41329455181199,0.10174922728468694,0.01453560389781242,0.44251466191157207,0.3130895346339091
v2-gen-choice-12-007,generated,choice,条件付き不足書類,False,5.221038130150057,1.9780180153726876,,,0.9943803227936858,0.9675553511998236,3.8888490357220054,1.915257300509829,,,0.9776361885524646,0.8966052527146102
v2-gen-noul-08-001,generated,noul,集合と否定所属,True,4.4375348884601637e-05,3.938168416435466e-09,,,0.9999556256356866,0.9992943332523173,0.0005930072322822972,7.028982283416772e-07,,,0.9994071685617557,0.992789771967562
v2-gen-score-06-003,generated,score,約束時刻からの遅れ,True,0.0029746983682090327,1.764510679681294e-05,0.0029702783368578084,0.0029702783368578084,0.9970297216631423,0.9707851250371793,0.013323549951816574,0.0003503402092059263,0.013235184343369122,0.013235184343369122,0.9867648156566309,0.8984519446611996
v2-gen-score-06-008,generated,score,約束時刻からの遅れ,False,1.5531957590474486,1.2424735720424118,0.7872403149657383,0.1312067191609564,0.7879421175226001,0.7324931099561242,1.298782934226376,1.0517619031816914,0.7165439875930822,0.11942399793218038,0.7232068772007944,0.6839775576250418
v2-gen-noul-06-001,generated,noul,更新後の状態,True,0.2407771031585045,0.09157761332125837,,,0.7860168075277192,0.25097220277450705,0.3229324449327486,0.15232686944531665,,,0.7240227641223677,0.15008856173892893
v2-gen-score-13-044,generated,score,取消しを反映した件数,False,2.394860799129778,1.0401975657112175,2.0375786186581815,0.29108265980831166,0.3420092429727156,0.18785439870342158,2.2315627797493662,0.9723321977951253,2.0017064992059392,0.2859580713151342,0.28604884798891467,0.12245720484029954
v2-gen-choice-11-021,generated,choice,小数量の比較,False,1.687156489055921,1.3260042529090732,,,0.8135419651386859,0.554571602257276,1.3923530766296404,1.1195589933847656,,,0.7448132082547974,0.45481286436039925
v2-gen-score-14-014,generated,score,参照表の順序尺度,False,6.607722967807978,1.9764154990783342,0.9884616127588566,0.19769232255177133,0.9894872983065005,0.9589119220144271,4.9399780016073205,1.8920951783093858,0.9366622780257181,0.1873324556051436,0.9517625283193113,0.8510335809314228
v2-gen-score-14-030,generated,score,参照表の順序尺度,True,0.0019240799981570052,5.217104003819074e-06,0.004257407631010679,0.0006082010901443827,0.9980777698571492,0.9920776165562556,0.014133777373642159,0.0002517181807175972,0.037950664972126624,0.005421523567446661,0.985965635546633,0.9536743191410578
v2-gen-choice-12-009,generated,choice,条件付き不足書類,True,0.22129035954074203,0.06961635062066512,,,0.8014839279956609,0.7153418303081851,0.34947385453740604,0.1404704132598166,,,0.7050589557158382,0.5965523093760687
v2-gen-score-01-028,generated,score,件数の段階境界,True,0.045586747015284965,0.0038185389720937425,0.04199678249209571,0.005999540356013673,0.955436717693445,0.907878953713264,0.10709451495379534,0.018436757485098727,0.08521026353959016,0.012172894791370023,0.8984407528910118,0.8168768365837298
manual_v2_choice_009,manual,choice,arithmetic,True,0.0007383015446969296,1.030006005883244e-06,,,0.9992619709328275,0.994335425609026,0.005127327462177937,4.709998687083943e-05,,,0.9948857948442408,0.9691631779704944
v2-gen-choice-11-047,generated,choice,小数量の比較,True,0.0025568961390150914,1.046714118201118e-05,,,0.9974463699356535,0.9877550602938724,0.014889889387800202,0.0003229641030659028,,,0.9852204168539563,0.9433054714303535
v2-gen-choice-13-024,generated,choice,工程の依存順,True,0.00022886903807794125,6.944838216737258e-08,,,0.9997711571504424,0.9987453690214088,0.0028466172875723996,1.032796158420015e-05,,,0.9971574304856872,0.9878779055089458
v2-gen-noul-07-041,generated,noul,識別文字列の完全一致,True,0.00037882879203307796,2.8691379898097324e-07,,,0.9996212429545336,0.9951485534831924,0.0029039890654272765,1.6817408286904697e-05,,,0.9971002234321499,0.9713779183213823
v2-gen-noul-07-047,generated,noul,識別文字列の完全一致,True,0.005515313801264861,6.050291241756865e-05,,,0.9944998676189765,0.9508011058465571,0.020995394475211353,0.0008633280322592864,,,0.9792234743970595,0.854221407682789
v2-gen-choice-08-015,generated,choice,改訂と例外の優先,True,0.017625692617301052,0.000498484782257693,,,0.982528731295632,0.9447993603519348,0.059065693142830694,0.005048654607855287,,,0.942644841820789,0.8510294424435016
v2-gen-score-05-030,generated,score,緊急条件の加点,True,0.0029937762759285895,1.1081607691609062e-05,0.0002650448816234885,4.417414693724808e-05,0.9970107006035603,0.9871112110786464,0.02033306976096895,0.0004898046679285812,0.00417676060511285,0.0006961267675188084,0.9798722531322973,0.932107142759731
v2-gen-choice-09-001,generated,choice,利用可能集合の差,True,0.00024655965079366205,9.862087454839286e-08,,,0.9997534707425391,0.998605833083927,0.0027356452091700898,1.0791182418513411e-05,,,0.9972680932583678,0.9877344098438801
v2-gen-score-04-004,generated,score,独立チェックの合計,True,0.015014158409656121,0.0003565732808244482,0.011878705792568667,0.0016969579703669524,0.9850979920834022,0.9568007327302837,0.05673287437288446,0.004370276260613067,0.047645364679619995,0.006806480668517142,0.9448464283539483,0.8654090965871235
v2-gen-score-13-003,generated,score,取消しを反映した件数,True,0.022331000134110122,0.0009753627408455943,0.022083509015163316,0.022083509015163316,0.9779164909848367,0.8470157550245343,0.058461964978495255,0.0064492734962331355,0.05678588511343785,0.05678588511343785,0.9432141148865621,0.6854483120483219
v2-gen-choice-12-031,generated,choice,条件付き不足書類,True,0.0033354966513339476,1.6369025712711818e-05,,,0.9966700599379098,0.9857875616303944,0.01899754576964581,0.000492481417452776,,,0.9811817702859347,0.9357938505594503
v2-gen-choice-09-030,generated,choice,利用可能集合の差,True,8.108310420778488e-05,1.1449502683445865e-08,,,0.9999189201829383,0.9991994777658606,0.001049786362263264,1.8253059469912124e-06,,,0.9989507644706708,0.9919921499314547
v2-gen-noul-09-035,generated,noul,重複を除いた件数,True,0.3366189850902797,0.16338511397304356,,,0.7141809016414022,0.13674091548135792,0.4102451628241699,0.22648123417228297,,,0.6634875677093913,0.0785578221079326
v2-gen-score-02-032,generated,score,記述の満足段階,True,0.001025073165688562,1.4537383330762338e-06,0.002156474587896362,0.0004312949175792724,0.9989754520423347,0.9948118052910598,0.008441606045117653,9.253286215777512e-05,0.01906921465364242,0.003813842930728484,0.9915939242632794,0.9665489265686958
v2-gen-score-01-009,generated,score,件数の段階境界,True,0.002274569019799176,7.795300869180324e-06,0.0003238299456422844,0.0001619149728211422,0.9977280158521191,0.9839334925457983,0.013037573621193859,0.00025261078910404454,0.0013728198671026925,0.0006864099335513463,0.9870470473916745,0.9289346775508504
v2-gen-score-03-049,generated,score,順番に進む工程,True,0.0005180165809971003,5.04328539170613e-07,0.0005509639409523397,0.00027548197047616986,0.9994821175664275,0.99585028753147,0.003961975774353133,2.7962759902657452e-05,0.004429548036944634,0.002214774018472317,0.9960458624965685,0.9751712081424806
v2-gen-noul-05-001,generated,noul,締切の境界,True,0.0006498154963042432,8.439717840215766e-07,,,0.9993503955880609,0.9921850138302817,0.004329649411219536,3.7329811225596444e-05,,,0.995679710008252,0.9598462300983052
v2-gen-score-05-018,generated,score,緊急条件の加点,True,0.005267930378020275,5.5210695762398373e-05,0.005254079165867176,0.005254079165867176,0.9947459208341328,0.9526542068846723,0.02029838999892442,0.0008075187469293436,0.02009376454188394,0.02009376454188394,0.9799062354581161,0.8580333198357928
v2-gen-score-14-036,generated,score,参照表の順序尺度,True,0.001724029136797272,3.726423499985247e-06,0.001975163755566278,0.0003291939592610464,0.9982774561477544,0.9921145442936345,0.013458807366509253,0.00021747650457335784,0.01961158857004275,0.0032685980950071247,0.9866313574245666,0.9521978612373008
v2-gen-score-01-030,generated,score,件数の段階境界,True,0.00047595573337031594,3.867466815870907e-07,0.0003069448700843136,0.0001534724350421568,0.9995241575155919,0.9960508355019033,0.00392840192532582,2.5089968769352587e-05,0.00201602820567226,0.00100801410283613,0.9960793041513596,0.9746834157981054
v2-gen-choice-13-012,generated,choice,工程の依存順,True,0.00016803501103725385,5.2367429163658825e-08,,,0.9998319791060545,0.9984756609970196,0.0017382189117695068,5.310346766356758e-06,,,0.9982632909157928,0.9877359131011539
v2-gen-noul-08-044,generated,noul,集合と否定所属,True,0.006195165663203918,7.628632729365312e-05,,,0.9938239848084038,0.9457910224080589,0.022869073619167308,0.0010223842630134416,,,0.9773904415897452,0.8441481369332212
v2-gen-choice-03-006,generated,choice,最終更新,True,6.520764074750842e-05,5.939398533607207e-09,,,0.9999347944852245,0.9995680634705544,0.0011129230499395792,1.609210486116444e-06,,,0.9988876960192379,0.9942838374647465
v2-gen-noul-04-031,generated,noul,例外の優先,True,0.0790926926563788,0.011565904064619853,,,0.9239542766994098,0.6119095634841617,0.1458595978551419,0.03684035726223413,,,0.8642790412975319,0.4270782635324525
v2-gen-choice-08-045,generated,choice,改訂と例外の優先,True,0.00891299149313375,0.000147090732296188,,,0.9911266114679195,0.9667067635032307,0.03360044435656207,0.0018752358714679452,,,0.9669577809012625,0.897504435806125
v2-gen-noul-06-040,generated,noul,更新後の状態,True,0.0011319677686806111,2.55980307710744e-06,,,0.9988686726651611,0.9872955939282926,0.006527412671227552,8.466011591680184e-05,,,0.9934938446100327,0.9433836268459707
v2-gen-noul-02-026,generated,noul,全条件の充足,True,0.00036223557749853405,2.623341860924073e-07,,,0.9996378300218872,0.9953376123276261,0.0028092669435495756,1.573969273542304e-05,,,0.9971946753543107,0.9721759876153823
v2-gen-choice-08-037,generated,choice,改訂と例外の優先,True,3.521937175733047e-05,1.6329096397319014e-09,,,0.9999647812484375,0.9997704403097009,0.0007403068908944088,6.821756909079372e-07,,,0.9992599670686431,0.9962740379471502
v2-gen-noul-07-024,generated,noul,識別文字列の完全一致,True,0.0005333367505961302,5.685928602075181e-07,,,0.9994668054481676,0.9934335167738896,0.0037408129807169504,2.7882896115194285e-05,,,0.9962661751436902,0.9645095155955966
v2-gen-noul-04-029,generated,noul,例外の優先,False,0.750448281140769,0.5572410107127399,,,0.5278451528207586,0.0022383523627500512,0.7353274324178741,0.5421560125462601,,,0.5206515209553604,0.001230926626761053
v2-gen-score-08-027,generated,score,要件への一致数,True,0.05359549142971021,0.0051718282488832125,0.05435515329932805,0.013588788324832013,0.9478154284319221,0.8648669530799886,0.12042439017283907,0.02283242243035411,0.12323983867646504,0.03080995966911626,0.886544116258725,0.7463301197807701
v2-gen-noul-03-050,generated,noul,いずれかの条件,True,0.0005606178281065147,6.282324178087142e-07,,,0.9994395392887059,0.993138061035439,0.003881508983896653,3.001552986512209e-05,,,0.9961260143350084,0.9633836197627853
v2-gen-noul-02-023,generated,noul,全条件の充足,True,0.0002763683348927004,1.5271670214161873e-07,,,0.9997236698513177,0.9963348080019597,0.0022992380593859813,1.0548714056215172e-05,,,0.9977034031637861,0.9765578924656501
v2-gen-score-02-043,generated,score,記述の満足段階,True,0.000279168856704413,1.3181266713854177e-07,0.00017287233229312804,8.643616614656402e-05,0.9997208701072949,0.9975429920234435,0.0026576168417016253,1.1413459929333013e-05,0.0013016767997169332,0.0006508383998584666,0.9973459114955887,0.9818862769331966
v2-gen-score-09-043,generated,score,例外による上限,True,0.0372947317123938,0.0021951486389589266,0.0534124023541489,0.008902067059024818,0.9633921512830997,0.9040856419855423,0.10883785597360404,0.01541424271194566,0.19052773510765153,0.03175462251794192,0.8968758287671861,0.7669168094711758
manual_v2_score_030,manual,score,range,True,0.0003400012847051781,1.551937204641449e-07,0.00013287890299551464,3.321972574887866e-05,0.9996600565091814,0.9978457243088827,0.0037073578739322635,1.7821216135130925e-05,0.002247454616466804,0.000561863654116701,0.9962995058925044,0.9818691645713823
v2-gen-score-04-037,generated,score,独立チェックの合計,True,0.03591991107132318,0.0022985958820190356,0.03244970709929618,0.006489941419859235,0.9647175535845847,0.9075973110911394,0.09408929580511023,0.013570155650256476,0.07612022689587716,0.015224045379175433,0.9102014814377061,0.7971706848745373
v2-gen-choice-09-034,generated,choice,利用可能集合の差,True,0.00030345877112284504,1.6351918733703085e-07,,,0.999696587267833,0.9973808601128,0.0027630247936401425,1.2839504149577844e-05,,,0.9972407888461626,0.9814539313576672
v2-gen-score-13-038,generated,score,取消しを反映した件数,False,1.3904267445744518,1.1280950184547873,0.7510309642267712,0.7510309642267712,0.7510309642267712,0.1903600080619685,1.1838977149863552,0.963040537855705,0.6939166152556462,0.6939166152556462,0.6939166152556462,0.11139945343629454
v2-gen-score-08-035,generated,score,要件への一致数,True,0.0014639969948992578,2.805285380111477e-06,0.003548611231845697,0.0007097222463691394,0.9985370741259316,0.9927286328076673,0.011437729788838436,0.00016258702337535851,0.029769448645257195,0.005953889729051439,0.988627432370186,0.9558465352331631
manual_v2_noul_015,manual,noul,disjunction,True,0.00042991952938740144,3.695027186036081e-07,,,0.9995701728727712,0.994572856213257,0.003189127974317434,2.0276324698556996e-05,,,0.9968159518927506,0.969002279322927
v2-gen-choice-04-041,generated,choice,参照先の担当,True,0.0005770708596858867,5.398429799759181e-07,,,0.9994230956136788,0.9970217893032401,0.00507550864284726,3.738121336219978e-05,,,0.9949373499872503,0.9791555459454645
v2-gen-score-08-028,generated,score,要件への一致数,True,0.0024049670690024544,8.593910843140363e-06,0.004437000223560972,0.0008874000447121943,0.9975979225473575,0.9891493961344545,0.015501874844695932,0.00032065731707840516,0.03338868083699076,0.006677736167398152,0.9846176607448037,0.9444352698302776
manual_v2_score_029,manual,score,range,True,0.010425269857041964,0.00015548669859937993,0.0036069250585804014,0.0009017312646451003,0.9896288849126751,0.958085043924153,0.043341182833796475,0.0025031889071900153,0.018778816574770207,0.004694704143692552,0.957584622891287,0.8625433964410447
v2-gen-score-01-046,generated,score,件数の段階境界,True,0.0034426397018424777,1.7578967175270905e-05,0.00047980623927357247,0.00011995155981839312,0.9965632793878366,0.9839966543759808,0.018646923417772184,0.0004908872546303217,0.00046872599640912505,0.00011718149910228126,0.9815258548641949,0.931869563117598
manual_v2_noul_009,manual,noul,temporal,True,0.003917074415773486,3.0567015113033065e-05,,,0.9960905873130972,0.96310021196309,0.01631999558442822,0.0005240732884850267,,,0.9838124540389065,0.8805370993933944
v2-gen-choice-03-020,generated,choice,最終更新,False,0.981413785411202,0.7817979350349091,,,0.6252191355976355,0.04572764027726073,0.9007175739681174,0.7050115776800053,,,0.5937219794146101,0.025495258021433376
v2-gen-noul-03-008,generated,noul,いずれかの条件,True,0.00011241789661256569,2.5272725717856852e-08,,,0.9998875884220424,0.9983631147951091,0.001180879341088112,2.7856608880838853e-06,,,0.9988198176225507,0.9868189940357842
v2-gen-choice-10-016,generated,choice,不在時の代理,True,0.07085121839825802,0.008349091837032436,,,0.9316004868297797,0.7988852159408317,0.15345222082686236,0.033443699558701356,,,0.8577417454111572,0.6397503246986442
v2-gen-noul-11-001,generated,noul,参照関係の真偽,True,0.03654481776242447,0.0025754831787189033,,,0.964114883456237,0.7769034982667059,0.08360414775812866,0.012865591953785192,,,0.9197952870655808,0.5970999015014538
v2-gen-score-08-025,generated,score,要件への一致数,True,0.002083219339860748,7.4833014074434824e-06,0.0024190303835798233,0.0012095151917899116,0.9979189490555391,0.9855705517572315,0.011636909330469068,0.00022049283223021682,0.014214596253045553,0.007107298126522776,0.988430537620717,0.9369068491442227
v2-gen-noul-09-042,generated,noul,重複を除いた件数,True,0.0003395211965708414,2.3047102497313194e-07,,,0.9996605364342281,0.9955982079263771,0.002677744648478681,1.4302292165734348e-05,,,0.9973258373118176,0.973291903466133
v2-gen-noul-07-045,generated,noul,識別文字列の完全一致,True,0.016128306596426695,0.0005119322820030768,,,0.9840010581286905,0.8816562765881171,0.04611214413364627,0.00406173263326789,,,0.9549348658424948,0.7349479581940228
v2-gen-noul-12-028,generated,noul,記録と主張の照合,True,0.00010586533161222914,2.241256405654398e-08,,,0.9998941402719242,0.9984493479444972,0.0011294863999188542,2.5485990921552393e-06,,,0.9988711512297577,0.9873198534198385
v2-gen-choice-08-044,generated,choice,改訂と例外の優先,True,2.757089941852055e-05,9.389491757754064e-10,,,0.9999724294806552,0.9998259409585322,0.0006465139584706771,5.007706434711212e-07,,,0.9993536949866475,0.9968619670278747
v2-gen-score-08-017,generated,score,要件への一致数,True,0.008437116957529642,0.00014117458426883935,0.008401624374751577,0.008401624374751577,0.9915983756252484,0.9299999047088633,0.02869326509244749,0.0016001415651559097,0.02828552249080715,0.02828552249080715,0.9717144775091929,0.8142804110602668
v2-gen-noul-12-002,generated,noul,記録と主張の照合,True,9.271070793855896e-05,1.7188957070982872e-08,,,0.9999072935895663,0.9986242739945228,0.0010237282700862565,2.09389464826327e-06,,,0.9989767955609304,0.9883614111476091
v2-gen-choice-08-019,generated,choice,改訂と例外の優先,True,0.005728516952969244,4.778336878969119e-05,,,0.9942878597140103,0.9745662224926157,0.028533079113763855,0.00108689115608406,,,0.9718701450113165,0.9000781489704022
v2-gen-choice-09-045,generated,choice,利用可能集合の差,True,4.5023449327251315e-05,4.054039448382774e-09,,,0.999954977564213,0.9992849690307702,0.0005994137780790092,7.181631702757196e-07,,,0.9994007658344705,0.9927211893627412
v2-gen-choice-15-049,generated,choice,文章内の順序参照,True,0.002559644204538945,8.367860035988018e-06,,,0.9974436288914387,0.9880483122326129,0.01733219047580645,0.000368270565106525,,,0.9828171479057232,0.9372124758486773
v2-gen-score-04-033,generated,score,独立チェックの合計,True,0.03096662573123447,0.001859532768919522,0.030492070845709422,0.030492070845709422,0.9695079291542906,0.8031464019194087,0.07414502028040262,0.010213912912298586,0.07146297262323538,0.07146297262323538,0.9285370273767646,0.628640386680895
v2-gen-score-07-047,generated,score,証拠の最高到達段階,True,0.0021254902465665257,6.9409998786571204e-06,0.0020576898454141013,0.0006858966151380338,0.9978767670082866,0.987808817441979,0.013018842007178422,0.0002432086356817789,0.011919678851901816,0.003973226283967272,0.9870655365491466,0.941507095150414
v2-gen-noul-11-049,generated,noul,参照関係の真偽,True,0.006601934103694055,8.659778023216434e-05,,,0.9934198107841733,0.9428471532461993,0.0239634450648411,0.0011213523407362937,,,0.9763213984710214,0.8383757756741684
v2-gen-choice-13-048,generated,choice,工程の依存順,True,0.043975468599128216,0.003653335004279135,,,0.9569774331821381,0.9068046460526236,0.10022738358581436,0.017173497816250622,,,0.9046316962490327,0.8228875126752973
v2-gen-choice-14-020,generated,choice,二属性照合,True,3.3315691151235346e-05,2.2197965986858713e-09,,,0.9999666848638102,0.9994564257839597,0.0004795070060394209,4.5963349616162264e-07,,,0.9995206079390719,0.9940225296453821
v2-gen-noul-07-043,generated,noul,識別文字列の完全一致,True,0.00035870160338294095,2.5724139384656927e-07,,,0.9996413627223457,0.995378017887899,0.0027889486267558923,1.5513153192965968e-05,,,0.9972149368774689,0.9723477810347027
v2-gen-score-13-031,generated,score,取消しを反映した件数,True,0.00024446466153134653,1.194967257728893e-07,0.00024443478248081796,0.00024443478248081796,0.9997555652175192,0.996714605499667,0.0020995728788051806,8.797924496768665e-06,0.002097370317417524,0.002097370317417524,0.9979026296825825,0.9783165808477462
v2-gen-choice-09-032,generated,choice,利用可能集合の差,True,0.00010267124241574592,1.6187964987571712e-08,,,0.9998973340280959,0.9993611428719648,0.0014725341644872682,3.0088263326022007e-06,,,0.9985285494819781,0.9928117848541123
v2-gen-choice-02-007,generated,choice,条件と優先例外,True,0.006908699245561637,9.480339437853243e-05,,,0.993115110953017,0.940651787650942,0.024776718868057504,0.001197786480073541,,,0.975527704643071,0.8341364979315511
v2-gen-choice-07-045,generated,choice,複数属性の制約,True,0.00012221807041805228,2.1287360051278918e-08,,,0.9998777893979061,0.9991655674173491,0.0016465318866244268,3.7264932265202028e-06,,,0.9983548229033321,0.9912972583630084
v2-gen-noul-08-032,generated,noul,集合と否定所属,True,0.00010073425099669302,2.0292734388544088e-08,,,0.9998992708225276,0.9985172813028458,0.0010886645742386408,2.3678021984872084e-06,,,0.9989119278060516,0.9877201043959937
v2-gen-noul-07-006,generated,noul,識別文字列の完全一致,True,0.00020943207169539854,8.770521542140169e-08,,,0.99979058985767,0.9971386355137137,0.0018723141558324497,6.998007901535474e-06,,,0.9981294375309101,0.9803522534069177
v2-gen-noul-05-035,generated,noul,締切の境界,True,0.002181079929568361,9.493494422645146e-06,,,0.997821296896931,0.9775954439623125,0.010596880387765108,0.0002222224634008174,,,0.9894590687460543,0.9156417876506278
v2-gen-choice-05-022,generated,choice,否定条件で選択,True,0.11415788066473297,0.01500610831838276,,,0.8921170967229818,0.7577400453060237,0.2744415250383945,0.07072595926750179,,,0.7599964437124785,0.5414516446426674
v2-gen-score-11-012,generated,score,時刻順の評価更新,True,0.008679177027291231,0.0001263911978898889,0.010398131732834976,0.003466043910944992,0.9913583783013254,0.960819136438102,0.03435810047806169,0.0018101177837280278,0.044348924215854534,0.014782974738618178,0.9662254368868268,0.8764013630364196
v2-gen-choice-05-046,generated,choice,否定条件で選択,True,0.00709796985270256,9.459752517756855e-05,,,0.9929271612402453,0.9754219672353923,0.02820820333073978,0.0013469981360828523,,,0.9721859333788939,0.9200391363664673
v2-gen-noul-02-024,generated,noul,全条件の充足,True,0.0002567731840152056,1.3183108175012855e-07,,,0.9997432597793974,0.9965674056174328,0.002177362992850302,9.461200040835232e-06,,,0.9978250057424403,0.9776282316378633
v2-gen-noul-08-014,generated,noul,集合と否定所属,True,3.8800473177247406e-05,3.010836613782349e-09,,,0.9999612002795514,0.9993754695624938,0.0005368455708757438,5.760969896327403e-07,,,0.9994632985049244,0.9933954049129547
v2-gen-choice-04-025,generated,choice,参照先の担当,True,0.0030854978355564656,1.5656687544239966e-05,,,0.9969192574208551,0.9887753943863601,0.017755639086620343,0.00045002641824146134,,,0.9824010634511678,0.9472349428624252
v2-gen-score-06-009,generated,score,約束時刻からの遅れ,True,0.6611326665536422,0.3333575989763597,0.07810699765044404,0.011158142521492007,0.5162662456897261,0.4154451143669854,0.8347117952686077,0.42922069745581565,0.04410294298748196,0.006300420426783138,0.43399954413233544,0.3087291144307327
manual_v2_noul_030,manual,noul,temporal,True,0.0012455831483863722,3.0990925776943385e-06,,,0.9987551922683213,0.9861930182555282,0.0070056499645028145,9.747340222380571e-05,,,0.9930188323962318,0.9399622143294926
v2-gen-choice-04-044,generated,choice,参照先の担当,True,0.006362346113865063,6.140661349246408e-05,,,0.9936578507543157,0.9688207678294655,0.02870022650179976,0.001177445525958373,,,0.9717077130304866,0.889575515927072
v2-gen-choice-05-045,generated,choice,否定条件で選択,True,0.000579238584052645,6.706461166372153e-07,,,0.9994209291422299,0.9929375072045771,0.003976514505671084,3.149986784074793e-05,,,0.9960313813586622,0.96262761412668
v2-gen-score-09-004,generated,score,例外による上限,True,0.2662220578235177,0.08211136204193599,0.34148453901349185,0.17074226950674593,0.7662689525915417,0.3582410385920901,0.4026960167449765,0.16500705968616333,0.48763837585853964,0.24381918792926982,0.6685152858919768,0.21315484460711698
v2-gen-score-02-003,generated,score,記述の満足段階,True,0.0006183950249477999,5.231670946119135e-07,0.0002055514388081825,5.1387859702045624e-05,0.9993817961418481,0.9963339709981301,0.00570273712248199,4.2656897670864724e-05,0.0014487380839534048,0.0003621845209883512,0.9943134926168938,0.9737902630999952
v2-gen-choice-02-033,generated,choice,条件と優先例外,True,0.005796738258467851,6.68160968785512e-05,,,0.9942200304119073,0.9487129426479336,0.021778155042931034,0.000928177846771196,,,0.9784572767880754,0.8499829814348531
v2-gen-noul-08-007,generated,noul,集合と否定所属,True,5.2294112568359606e-05,5.469062412623295e-09,,,0.9999477072547449,0.9991807982213572,0.0006697430061540943,8.965107891748762e-07,,,0.9993304812216319,0.9919746124167796
manual_v2_score_050,manual,score,scope,True,0.0004965936054227735,3.781486628065367e-07,0.0006830953566598907,0.00022769845221996357,0.9995035296767738,0.9966403839406918,0.0044018427977652735,2.8274152515892193e-05,0.006535235186060806,0.0021784117286869353,0.9956078311126932,0.9768352802934299
v2-gen-choice-10-021,generated,choice,不在時の代理,True,0.0037656744228203964,2.1489970931201724e-05,,,0.9962414068377464,0.9853939081662946,0.021196789744735687,0.0006078466173833575,,,0.9790262832788544,0.9340920441231781
v2-gen-noul-05-014,generated,noul,締切の境界,True,0.0013279066828329764,3.521992850404205e-06,,,0.9986729745951181,0.9854036154058506,0.007345011891639784,0.00010710926929041925,,,0.9926818967863791,0.9375640089742903
v2-gen-choice-03-014,generated,choice,最終更新,True,2.6430604793660512e-05,8.601293671319088e-10,,,0.9999735697444917,0.9998323170522145,0.000629921504740123,4.7375966605235975e-07,,,0.9993702768541586,0.9969290852682171
v2-gen-score-02-017,generated,score,記述の満足段階,True,0.0012948048871020707,2.476073295571135e-06,0.0021334425999715023,0.0005333606499928756,0.9987060330110685,0.9930455575425767,0.009559762434264546,0.00012457082212800463,0.01772061721850582,0.004430154304626455,0.9904857868323557,0.959690122403952
v2-gen-score-01-036,generated,score,件数の段階境界,True,0.00013579077326106875,3.6873260873787435e-08,0.00013578155411131387,0.00013578155411131387,0.9998642184458887,0.9980598143905663,0.0013582634140633662,3.6847513078376312e-06,0.0013573413918093191,0.0013573413918093191,0.9986426586081907,0.9851144222489592
v2-gen-noul-08-025,generated,noul,集合と否定所属,True,0.002807828817614386,1.5723604467897236e-05,,,0.997196109446867,0.9721881400203204,0.012768138630792916,0.0003219185051786317,,,0.9873130282340775,0.9018787978479469
v2-gen-choice-05-030,generated,choice,否定条件で選択,True,0.0004893283941052925,4.2568313893922257e-07,,,0.9995107913075081,0.9972285465664364,0.004153476568893553,2.763659745393153e-05,,,0.9958551371851089,0.9812646939469056
v2-gen-score-04-018,generated,score,独立チェックの合計,True,0.020872440156815,0.0007494784629859213,0.027333537540419783,0.003904791077202826,0.9793438815540499,0.9457584317211252,0.06834217279502286,0.006749779199084166,0.11481199426006228,0.016401713465723184,0.9339408497460986,0.8503682653605273
v2-gen-score-15-043,generated,score,軽重のある項目,True,0.0038821833043066046,1.978495210501368e-05,0.008557307502070621,0.0014262179170117701,0.9961253426271325,0.9841175045641424,0.023918611621609097,0.0006964260814407573,0.06013709639294795,0.01002284939882466,0.976365171302252,0.9232121783575996
v2-gen-noul-13-020,generated,noul,範囲の開閉境界,True,0.0003563860866954449,2.539315744606943e-07,,,0.9996436774112825,0.9954045195411547,0.0027756074714937766,1.536529629047408e-05,,,0.9972282409655172,0.9724606996365515
v2-gen-choice-08-022,generated,choice,改訂と例外の優先,True,3.17240486887287e-05,1.565066119838644e-09,,,0.9999682764545136,0.9996536211463491,0.0005472028839700118,4.5828535816416854e-07,,,0.9994529468042236,0.9954327378398687
v2-gen-noul-01-022,generated,noul,事実と否定質問,True,0.007089936407776087,9.982455304193408e-05,,,0.9929351378979511,0.9393643397918818,0.025252597067069036,0.0012436498137827637,,,0.9750635827174114,0.8316752484784342
v2-gen-choice-05-041,generated,choice,否定条件で選択,True,9.836547934785961e-05,1.290391035798833e-08,,,0.9999016393583773,0.9994511480389732,0.0015721633012324516,3.1024888775575003e-06,,,0.9984290719000929,0.9931724742880619
v2-gen-noul-15-040,generated,noul,出来事の前後関係,False,3.246787119773925,1.847430321848349,,,0.9611010149428489,0.7627788981050562,2.466194470726063,1.6747890707153459,,,0.915092637582487,0.5807611669690411
manual_v2_score_060,manual,score,meaning,True,0.00016356913377424417,3.747639615076534e-08,0.00033310390450980165,0.00011103463483660055,0.9998364442429272,0.9987350582708577,0.002033603901794356,5.653813078205828e-06,0.00412511258254078,0.0013750375275135933,0.997968462469656,0.9879181877690725
v2-gen-score-05-004,generated,score,緊急条件の加点,True,0.0009221159176591342,1.6990282281657898e-06,0.000921690899425065,0.000921690899425065,0.9990783091005749,0.9893770890047656,0.005609114367788967,6.25725303046449e-05,0.005593412657074581,0.005593412657074581,0.9944065873429254,0.9501027977463395
v2-gen-choice-15-031,generated,choice,文章内の順序参照,True,0.00014730363102585139,3.27110112374032e-08,,,0.9998527072176213,0.9985911231999905,0.0017231830718834678,4.459065884765043e-06,,,0.9982783007556416,0.9873805510486428
v2-gen-noul-01-030,generated,noul,事実と否定質問,True,0.0002539641106617457,1.289627836239225e-07,,,0.9997460681354932,0.9966009232183426,0.0021596966145943797,9.308457391891716e-06,,,0.9978426338521369,0.9777841964525261
v2-gen-score-08-019,generated,score,要件への一致数,True,0.0020526897632639172,6.166752925998729e-06,0.0033642954282391054,0.001121431809413035,0.9979494155635942,0.988034605434898,0.012926873916246499,0.00023280439176269003,0.022344226994443602,0.007448075664814534,0.9871563192566599,0.9413437012967554
v2-gen-noul-13-049,generated,noul,範囲の開閉境界,True,0.00026360305223321255,1.3893651018236184e-07,,,0.9997364316879988,0.996486096629589,0.0022201082848534548,9.835904610664544e-06,,,0.9977823543327817,0.9772517243312571
v2-gen-noul-03-022,generated,noul,いずれかの条件,True,0.03194978978200479,0.001977549356219708,,,0.9685552122266685,0.7984135610857527,0.07584550459428341,0.010669856607358905,,,0.9269594064668184,0.6228305504461968
manual_v2_noul_056,manual,noul,arithmetic,True,0.3484210125092964,0.1731053237820892,,,0.705801662324471,0.12591705946863185,0.42049940554994714,0.2356840072391091,,,0.6567187689087058,0.07207593828565628
v2-gen-score-10-028,generated,score,不足の段階,True,0.029117180946244194,0.0011703365225774177,0.04411755810734741,0.008823511621469483,0.9713026396352824,0.9109153904465964,0.09340921929526487,0.010817528144807487,0.13314756098094893,0.026629512196189788,0.9108206986181219,0.7733113171040169
v2-gen-choice-01-030,generated,choice,問い合わせ経路,True,6.761583420741709e-05,6.613597606280439e-09,,,0.9999323864516916,0.9995581227643329,0.0011121416365215187,1.6532074609482045e-06,,,0.9988884765637916,0.9943433856314956
v2-gen-score-14-011,generated,score,参照表の順序尺度,True,0.0009030583952180473,1.3782762092245478e-06,0.0010745941305934986,0.0005372970652967493,0.9990973492392994,0.9930189117543394,0.00633534071540172,6.46160648637408e-05,0.007925189182455026,0.003962594591227513,0.9936846852428479,0.9618919047698518
v2-gen-noul-15-024,generated,noul,出来事の前後関係,True,0.03843478612117181,0.00284341584815115,,,0.9622944576477731,0.7683285740399135,0.08671276974731532,0.013797784056737324,,,0.9169404308440704,0.5871309265834191
v2-gen-noul-06-023,generated,noul,更新後の状態,True,0.0009027177076441446,1.6283280458431878e-06,,,0.9990976896194094,0.9895727816298675,0.005521604066547068,6.064061825929843e-05,,,0.9944936119706609,0.9507542038958238
v2-gen-score-11-011,generated,score,時刻順の評価更新,True,0.0282342795800116,0.0011791327366421531,0.04463862298326519,0.022319311491632594,0.9721605827466827,0.8672448409406917,0.08207765581090865,0.00938802929332512,0.1242808357664198,0.0621404178832099,0.9212004193530875,0.7000716693060038
v2-gen-noul-07-020,generated,noul,識別文字列の完全一致,True,0.001042261832896924,2.170356394422441e-06,,,0.9989582811333132,0.9881777808865396,0.006140861818981472,7.495887641341845e-05,,,0.9938779547366334,0.9461869744840922
v2-gen-choice-04-046,generated,choice,参照先の担当,True,0.0010237800476944772,1.517957102453764e-06,,,0.9989767438363026,0.9948804213780421,0.008247851986107823,9.08287971905407e-05,,,0.99178606822473,0.9675150940328917
v2-gen-noul-03-029,generated,noul,いずれかの条件,True,0.000296018981802239,1.752026054803676e-07,,,0.9997040248274937,0.9961035703970631,0.002419219483817709,1.167696818367375e-05,,,0.9975837044692677,0.9755134108692018
v2-gen-noul-11-009,generated,noul,参照関係の真偽,True,0.030800035840585088,0.0018398841835150321,,,0.9696694528279242,0.8039531633631982,0.07385536797328876,0.010137165797421696,,,0.9288060192241588,0.6296363610538276
manual_v2_noul_032,manual,noul,scope,True,0.001962711807102005,7.689370909355428e-06,,,0.9980392130521962,0.9795379505401619,0.009802851414852626,0.00019031849252790315,,,0.9902450399147945,0.9208357319497138
v2-gen-choice-04-032,generated,choice,参照先の担当,True,0.0006423505370898406,5.753943366507869e-07,,,0.9993578557258497,0.9968646883642566,0.005952695192511896,4.645224103436921e-05,,,0.9940649869945614,0.9771545688378139
v2-gen-noul-13-029,generated,noul,範囲の開閉境界,True,0.05761174357131396,0.006268327670440008,,,0.9440163967288635,0.6887094546341059,0.11614688079294562,0.024048684030634038,,,0.8903444391956477,0.5011238493585071
v2-gen-noul-12-021,generated,noul,記録と主張の照合,True,0.00020809868260952035,8.659210214271336e-08,,,0.9997919229684195,0.9971549337015042,0.0018634774271881285,6.932168270327392e-06,,,0.9981382577688724,0.9804321914357234
v2-gen-score-05-040,generated,score,緊急条件の加点,True,0.0063295544737732405,7.658841747370809e-05,0.005809044838368083,0.0029045224191840413,0.9936904349591739,0.9642232212198454,0.024652081772803314,0.0010926155132205328,0.02015840103373323,0.010079200516866615,0.975649299159954,0.8892572704223445
v2-gen-choice-02-005,generated,choice,条件と優先例外,True,0.0012636842747377522,3.189762916279363e-06,,,0.9987371138380124,0.9860187851150517,0.007080761448712551,9.956727034176517e-05,,,0.9929442480789867,0.9394293485083927
v2-gen-noul-09-044,generated,noul,重複を除いた件数,True,0.003677623532169163,2.6950563673129837e-05,,,0.996329130642945,0.9650176930300614,0.015578834860987796,0.0004779064860183038,,,0.9845418874693852,0.8848837686218718
v2-gen-noul-15-030,generated,noul,出来事の前後関係,True,0.00280352163451413,1.5675469229053326e-05,,,0.9972004045623472,0.9722245428938995,0.01275368826666905,0.0003211948852823949,,,0.9873272953699221,0.9019684369758969
v2-gen-choice-08-030,generated,choice,改訂と例外の優先,True,0.0001356988654957573,3.682336702202723e-08,,,0.9998643103411788,0.9980609949433844,0.0013575822704569493,3.6810590740233787e-06,,,0.9986433388274844,0.9851209002515202
v2-gen-score-01-016,generated,score,件数の段階境界,True,0.0005354319516406058,4.66908455944249e-07,0.000666720663484277,0.0003333603317421385,0.9994647113664666,0.9955710729992552,0.00436785362653001,2.9964115231215113e-05,0.005679712012344629,0.0028398560061723144,0.9956416715728494,0.972043599958551
v2-gen-score-03-033,generated,score,順番に進む工程,True,0.0027980405271033648,1.33322950438414e-05,0.0017517592045368513,0.0002502513149338359,0.9972058703398539,0.9898422784413914,0.0160682501559809,0.0003819574434660134,0.0038875550618620025,0.0005553650088374289,0.9840601555042079,0.9521913810190529
manual_v2_choice_023,manual,choice,insufficient,True,0.0005099617112265467,4.2463057891144175e-07,,,0.9994901682971462,0.9957612058570042,0.004209190843393107,2.7879072453875617e-05,,,0.9957996553842124,0.9729265015540216
v2-gen-noul-15-002,generated,noul,出来事の前後関係,True,0.2880261637493825,0.12525815723158573,,,0.7497419759212647,0.18831317312502138,0.36696772205294037,0.18870435076809433,,,0.6928320078783481,0.11012270089343235
v2-gen-noul-06-002,generated,noul,更新後の状態,False,0.7581371730175821,0.5649028207921182,,,0.5314615794166678,0.00285793615190999,0.7409448600480505,0.5477625559265918,,,0.5233366774489401,0.0015719559383864379
v2-gen-noul-09-016,generated,noul,重複を除いた件数,True,0.0004945381298030249,4.888940970608662e-07,,,0.9995055841340224,0.9938572162620011,0.003537428612581256,2.4938454257530308e-05,,,0.9964688207169892,0.9661508956284205
v2-gen-score-06-010,generated,score,約束時刻からの遅れ,True,0.00037827942773894623,2.860824147504798e-07,0.0003782078890970375,0.0003782078890970375,0.999621792110903,0.9951547957106383,0.0029008705613106445,1.6781360597882894e-05,0.0028966671018502144,0.0028966671018502144,0.9971033328981498,0.9714041200158802
v2-gen-choice-06-018,generated,choice,時間枠の包含,True,0.0004018082426779858,2.2131866269043767e-07,,,0.9995982724714431,0.9980482971931877,0.004373593277209044,2.4408498821649697e-05,,,0.9956359569538531,0.983294496252791
v2-gen-choice-12-038,generated,choice,条件付き不足書類,True,0.39945911818900126,0.17130546654218565,,,0.6706827080258834,0.5213243049648542,0.5772390006663958,0.271469614218257,,,0.561446381633269,0.36991286107979304
v2-gen-choice-11-028,generated,choice,小数量の比較,True,0.001818769421919216,5.205111332639206e-06,,,0.998182883536917,0.9908361855088682,0.011753981374526145,0.0001983492965726136,,,0.988314826810652,0.9530682742964784
v2-gen-choice-14-018,generated,choice,二属性照合,True,0.00010583896373461095,1.8733273584729115e-08,,,0.9998941666370109,0.998972830915196,0.001301859573183497,2.7193088625776787e-06,,,0.99869898747837,0.9902580238643741
manual_v2_score_009,manual,score,count,True,0.0017991138289650543,4.987172898399604e-06,0.001970605715820639,0.0004926514289551598,0.998202503606191,0.9908588139212233,0.011811242048215397,0.0001969123181874003,0.013105702005262287,0.003276425501315572,0.9882582368580566,0.9525654782649202
v2-gen-choice-05-012,generated,choice,否定条件で選択,True,0.003461194699239405,2.0627791046998997e-05,,,0.996544788330333,0.9870966712666994,0.018235021106701436,0.0005047120068516336,,,0.9819302309081853,0.9446359197829223
v2-gen-score-15-031,generated,score,軽重のある項目,True,0.0017126117297404692,5.856041589056485e-06,0.0017111460471065376,0.0017111460471065376,0.9982888539528935,0.9818066137274725,0.008864056576078139,0.00015575724865945324,0.008824886646848551,0.008824886646848551,0.9911751133531514,0.9271018741921381
v2-gen-score-05-048,generated,score,緊急条件の加点,True,0.33712050885686856,0.12778164141184145,0.37970439588599403,0.126568131961998,0.7138228127481362,0.43361995510069207,0.47423506687587264,0.21701847094305202,0.5240270365309159,0.17467567884363863,0.6223609389300362,0.32498423834402057
v2-gen-score-01-031,generated,score,件数の段階境界,True,0.0001967515045706488,6.784611859608518e-08,0.00023672572231226617,7.890857410408873e-05,0.9998032678497373,0.998576652793499,0.0020932383393125887,7.052475949929269e-06,0.002819166803745611,0.0009397222679152036,0.9979089509562211,0.9881186085106816
v2-gen-noul-11-035,generated,noul,参照関係の真偽,True,0.08630266850817639,0.013673107008889279,,,0.9173165463684261,0.5884353617780964,0.15527530767677702,0.041368711408117105,,,0.8561794322634674,0.40584226198143136
v2-gen-noul-02-030,generated,noul,全条件の充足,True,0.0002829067264929086,1.6002715369469924e-07,,,0.9997171332878415,0.9962576505011954,0.0023393988247387095,1.0920002568364584e-05,,,0.9976633354361008,0.9762072826946396
manual_v2_noul_022,manual,noul,negation,True,0.0016024793374970659,5.127657600631321e-06,,,0.998398803946946,0.98282209057476,0.008439333170139576,0.00014124844724355422,,,0.9915961780348596,0.9299847792358164
manual_v2_choice_024,manual,choice,arithmetic,False,1.575197301861025,1.0127980954868214,,,0.6051589641279161,0.22516641659210757,1.4652557647266267,0.8863509539421237,,,0.5117702948198978,0.12807497131206413
manual_v2_noul_041,manual,noul,boundary,True,0.0004168460561160328,3.4737644134716396e-07,,,0.9995832408121306,0.9947192890299069,0.0031170476233769863,1.937151137817934e-05,,,0.9968878053259653,0.9695991496605245
v2-gen-choice-05-011,generated,choice,否定条件で選択,True,3.1370240799139654e-05,1.6957787965292684e-09,,,0.9999686302512417,0.9998062344335112,0.000572828429524823,4.988378819082318e-07,,,0.9994273356053572,0.997201245390993
v2-gen-score-08-009,generated,score,要件への一致数,True,0.15780219868743592,0.030918055488150797,0.008763194543243813,0.0012518849347491162,0.8540186912807788,0.7348596068345176,0.30279609077267666,0.09484191899742726,0.049434237756442734,0.007062033965206105,0.7387497188976648,0.5784782938185125
v2-gen-score-10-037,generated,score,不足の段階,True,0.9658312963172583,0.5102521528960701,0.2087926044777637,0.029827514925394816,0.38066662141188656,0.2882069843106392,1.1213039270110543,0.5773156279183405,0.18626749224248673,0.026609641748926677,0.3258546268397878,0.21006460940132288
v2-gen-choice-07-030,generated,choice,複数属性の制約,True,0.00019292983948409744,6.042163134596232e-08,,,0.9998070887702806,0.9989719932636137,0.00228267348039104,7.52108064669874e-06,,,0.9977199298374997,0.9903419926667137
v2-gen-noul-01-033,generated,noul,事実と否定質問,True,0.02645192722527059,0.0013629566126126544,,,0.9738948605384624,0.8255335980162924,0.06612724430459052,0.008188991111803726,,,0.9360117545489652,0.6569225889234827
v2-gen-noul-03-004,generated,noul,いずれかの条件,True,0.0002269912105442252,1.0302663097703343e-07,,,0.9997730345500114,0.9969251240612862,0.0019873625484292047,7.88353936804162e-06,,,0.9980146109489522,0.9793169624195563
v2-gen-score-08-038,generated,score,要件への一致数,True,0.0002651974441284433,1.406220720094164e-07,0.00026516228239459316,0.00026516228239459316,0.9997348377176054,0.9964671526097688,0.00223004523578035,9.924051849650575e-06,0.0022275605322471526,0.0022275605322471526,0.9977724394677528,0.977164371147716
v2-gen-score-10-006,generated,score,不足の段階,True,0.04913553699371021,0.003977654287714768,0.06017872787703693,0.015044681969259233,0.9520520826762382,0.8634478612955805,0.12347373123837294,0.021150169864520382,0.17070341624883456,0.04267585406220864,0.8838448584490354,0.7155877593377006
v2-gen-choice-03-049,generated,choice,最終更新,True,0.0025012622140661456,1.1231185216959127e-05,,,0.9975018633357826,0.9884884786106158,0.013549054755416226,0.00029885137660573145,,,0.986542320538479,0.9499074604487499
v2-gen-choice-13-035,generated,choice,工程の依存順,True,0.011472555730778664,0.00018285748866620136,,,0.9885930030881454,0.9582329041161634,0.0485239896790928,0.0030018215617869464,,,0.9526344856361068,0.8602025966614146
v2-gen-score-02-038,generated,score,記述の満足段階,True,0.0038420667607829075,2.4293908642400883e-05,0.002431887584514403,0.0006079718961286007,0.9961653045343565,0.9827523732367749,0.019791809480473665,0.0005808052239028342,0.00919829536813599,0.0022995738420339973,0.9804027626217832,0.9288660672900386
v2-gen-noul-04-002,generated,noul,例外の優先,True,0.00040734867625173395,3.317307350749527e-07,,,0.999592734278956,0.9948260379551315,0.003064314272671386,1.8722598699738967e-05,,,0.996940375946318,0.9700373598012737
v2-gen-choice-13-041,generated,choice,工程の依存順,True,0.000642985844430164,5.212456097863037e-07,,,0.99935722082667,0.9967435483964782,0.006437638059328214,5.040645892354692e-05,,,0.9935830391379991,0.9747397417487053
v2-gen-noul-04-012,generated,noul,例外の優先,True,0.02833731637352404,0.00156124030610303,,,0.9720604195977908,0.8160486982123506,0.06951949028106422,0.009020406861145903,,,0.9328419518555449,0.6447725941450477
v2-gen-noul-11-002,generated,noul,参照関係の真偽,True,0.11638923137258618,0.024143409588473858,,,0.8901286898492744,0.5004723313282515,0.19232546512091492,0.06122319041533918,,,0.8250383035985602,0.3310698589257087
v2-gen-choice-14-017,generated,choice,二属性照合,True,3.218994684571609e-05,1.376528153571454e-09,,,0.9999678105712451,0.9997887733844195,0.0006931450598088414,5.991356520192947e-07,,,0.9993070951097341,0.9964851105457418
v2-gen-noul-11-007,generated,noul,参照関係の真偽,True,0.0032138817226587736,2.0591803155428665e-05,,,0.9967912772669308,0.9687978567670891,0.014105440601675104,0.0003923598811118533,,,0.9859935750258703,0.893686872009694
v2-gen-score-10-011,generated,score,不足の段階,True,0.02252939766403102,0.0009489072839390278,0.023304968892298827,0.011652484446149414,0.9777224940134527,0.8990185489325556,0.0627076684627874,0.0067492932130358944,0.06660050718326849,0.033300253591634243,0.9392179966020501,0.7739910847286398
v2-gen-score-07-021,generated,score,証拠の最高到達段階,True,0.002605808911811971,8.860603538358411e-06,0.0002234872075042027,4.469744150084054e-05,0.9973975832611393,0.9879588260559615,0.01731005684964415,0.00037261126968324656,0.003454515356437149,0.0006909030712874298,0.9828389014538024,0.9377180325304771
v2-gen-score-11-036,generated,score,時刻順の評価更新,True,0.003994272644970994,2.0743722426186697e-05,0.006628575762348099,0.0011047626270580164,0.996013693851694,0.9836369338144391,0.02462092085179063,0.0007319538547752297,0.04425756410521409,0.0073762606842023475,0.9756797017643853,0.9210430859150021
v2-gen-choice-13-013,generated,choice,工程の依存順,True,0.012938756343176835,0.0002479074688462189,,,0.9871445895135166,0.9293160324342996,0.04678204615497841,0.003133475077865782,,,0.954295367270235,0.8021633105837916
v2-gen-score-15-020,generated,score,軽重のある項目,True,0.009309097319019693,0.00013021650824991806,0.012037574984079313,0.0030093937460198283,0.9907340981864573,0.9623999085739929,0.03924545554254318,0.0021166620294117058,0.05161082088161573,0.012902705220403932,0.9615146710738736,0.8740784910914507
v2-gen-score-14-003,generated,score,参照表の順序尺度,True,0.0008012982268992211,1.28312918438908e-06,0.0008009772732072522,0.0008009772732072522,0.9991990227267927,0.9906060839334306,0.005055703771932744,5.086259281924637e-05,0.005042945211840292,0.005042945211840292,0.9949570547881597,0.9542576178576692
v2-gen-noul-01-040,generated,noul,事実と否定質問,True,0.49187030457126046,0.3018929900504318,,,0.6114816670667703,0.0361632829229922,0.5391027450394479,0.34732551749247825,,,0.5832713607798966,0.020101171606938806
v2-gen-choice-02-043,generated,choice,条件と優先例外,True,0.003678358776423838,2.696132105434396e-05,,,0.9963283980979453,0.9650117709807239,0.01558112999255571,0.00047804621596167566,,,0.9845396278188124,0.8848702267406874
v2-gen-choice-15-014,generated,choice,文章内の順序参照,True,0.0002870632623974769,1.40760051677603e-07,,,0.9997129779363185,0.9979873565034326,0.0028140018035658874,1.2431644316015153e-05,,,0.9971899537882919,0.9845215278803163
v2-gen-score-11-006,generated,score,時刻順の評価更新,True,0.1176511948731903,0.020608606284169283,0.12679488351665835,0.03169872087916459,0.889006088421841,0.737206393515218,0.23418724296026747,0.06613151880683764,0.25129266691719976,0.06282316672929994,0.7912136528382105,0.5607451577207654
v2-gen-score-02-008,generated,score,記述の満足段階,True,0.0004525571271571857,3.4532443674406325e-07,0.0005403862276949223,0.00027019311384746114,0.9995475452613733,0.996213912859341,0.0038048387666180733,2.331602073620013e-05,0.004779009431414627,0.0023895047157073135,0.9962023904608139,0.9753089488190902
v2-gen-noul-12-001,generated,noul,記録と主張の照合,True,0.00015342576253480649,4.7071706744607253e-08,,,0.9998465860065956,0.9978348887660642,0.0014868567619410243,4.414917642928958e-06,,,0.9985142480619348,0.9839000743631189
manual_v2_score_035,manual,score,history,True,0.0005131748896528182,4.3881508188440214e-07,0.0006778609378364835,0.00022595364594549448,0.9994869567620598,0.9965960525763127,0.0043807717786583395,2.948728036034138e-05,0.006435003202662592,0.0021450010675541976,0.9956288098053461,0.9771902651453444
v2-gen-score-09-001,generated,score,例外による上限,True,0.018043870396387947,0.0004909351886559442,0.03429171300390471,0.005715285500650785,0.9821179455096198,0.9445274286397352,0.0677027183263301,0.005866880477712679,0.15434745816601034,0.025724576361001724,0.9345382533818191,0.8304428685381404
v2-gen-score-07-045,generated,score,証拠の最高到達段階,True,0.008809788224992978,0.0001538642412499984,0.008771095748251745,0.008771095748251745,0.9912289042517483,0.9274685056086072,0.029617863553378743,0.0017033595288858685,0.029183552978397476,0.029183552978397476,0.9708164470216025,0.8097192544210519
v2-gen-choice-06-027,generated,choice,時間枠の包含,True,0.033472359959816005,0.0016034882063349944,,,0.9670816410374142,0.9013987625666722,0.1024006590246444,0.013107809338171218,,,0.9026678172004088,0.7584251522124899
v2-gen-noul-06-016,generated,noul,更新後の状態,True,0.2957717577730925,0.1311158195013272,,,0.7439572110941931,0.1792840188148067,0.37398992754693283,0.19470816635636073,,,0.6879838414790344,0.10451292508417953
v2-gen-noul-07-016,generated,noul,識別文字列の完全一致,True,0.003640361532378312,2.6408182913696022e-05,,,0.9963662565504912,0.965318104880322,0.015462357061999932,0.00047084160115540464,,,0.9846565714203864,0.8855716963455973
v2-gen-choice-04-033,generated,choice,参照先の担当,True,0.0021086507977556967,6.886483692345413e-06,,,0.9978935708445075,0.9905782445053037,0.013323871987278635,0.0002504623087307704,,,0.9867644978834187,0.9525642629783163
v2-gen-choice-12-027,generated,choice,条件付き不足書類,True,0.026888499234194434,0.0012427313851342374,,,0.9734697780990154,0.9025644751644276,0.07754886759439716,0.009048071001264401,,,0.9253818021091257,0.7714108120016518
v2-gen-choice-07-013,generated,choice,複数属性の制約,True,0.0014745691014924588,3.5645637919037585e-06,,,0.9985265175413495,0.9924399938972379,0.009953472200545058,0.0001457219838702226,,,0.9900958996609476,0.959355341340113
v2-gen-score-06-043,generated,score,約束時刻からの遅れ,True,1.1717247876471106,0.5915942538593599,1.8968086035000997,0.3161347672500166,0.30983208558794645,0.15748934211126697,1.3019728420631882,0.6509100378971848,2.016185264665485,0.33603087744424753,0.271994660861845,0.12306667643397762
v2-gen-choice-10-005,generated,choice,不在時の代理,True,0.020005542203375123,0.0005163927006817722,,,0.9801932408614137,0.9372016038092584,0.0752298351866829,0.006742245321910769,,,0.9275302827329613,0.8146649765425821
v2-gen-choice-08-046,generated,choice,改訂と例外の優先,True,0.03044181408413229,0.0017241813237259364,,,0.9700168717452871,0.9122647873841795,0.07980210467729293,0.010527238606969034,,,0.9232990448708916,0.8092531003241699
v2-gen-noul-06-039,generated,noul,更新後の状態,True,0.01198755204015666,0.00028398152022855575,,,0.9880840124154866,0.9067571255787535,0.037118443286673755,0.002655455521894826,,,0.9635620011396425,0.77428489466271
v2-gen-noul-04-022,generated,noul,例外の優先,True,0.05247216711119172,0.005226359371144599,,,0.9488807307801422,0.7088673601701966,0.10858303626337434,0.02117500919343341,,,0.8971043995269151,0.5218922033900044
v2-gen-choice-06-001,generated,choice,時間枠の包含,True,0.07917566565567581,0.01125430394374956,,,0.923877616622261,0.825255907944529,0.15556129482150863,0.038131065836752506,,,0.8559346109617976,0.7100046898214106
v2-gen-choice-14-044,generated,choice,二属性照合,True,0.0003338939916501007,1.8375577606711678e-07,,,0.9996661617447452,0.9979885062094821,0.0032739329543464493,1.6081171555333613e-05,,,0.9967314205202491,0.984442237129656
v2-gen-score-10-035,generated,score,不足の段階,True,0.43808314868195974,0.19820477587624696,0.17744340135810477,0.035488680271620957,0.645272127099749,0.4979921908461302,0.5802944000055225,0.2898973975408246,0.19113332360453983,0.038226664720907966,0.5597335567443896,0.4044559058998132
v2-gen-score-08-039,generated,score,要件への一致数,True,0.0013936228639433279,3.1427262444782195e-06,0.0006833826526879694,0.0003416913263439847,0.9986073477774451,0.9896772593171408,0.00887743009174143,0.0001227585689252272,0.0033434821585054397,0.0016717410792527199,0.9911618579458839,0.948963438494362
v2-gen-score-02-004,generated,score,記述の満足段階,True,0.0010441346762781068,1.3722660665097022e-06,0.0011666322249508365,0.0002333264449901673,0.9989564102426602,0.9945928755710362,0.0089347917799831,9.83378551484728e-05,0.01079251103272627,0.002158502206545254,0.9911050048590014,0.9642875370106977
v2-gen-choice-12-017,generated,choice,条件付き不足書類,True,0.0051458871990247386,3.951625822765274e-05,,,0.9948673301970459,0.9769581049640575,0.02613584570527322,0.0009268332411432604,,,0.9742027393611389,0.9073708640131105
v2-gen-choice-07-037,generated,choice,複数属性の制約,True,7.287065625294994e-05,7.1531660941656474e-09,,,0.9999271319987488,0.999521660514494,0.0012025706189407615,1.8691496729461638e-06,,,0.9987981521793383,0.9938964106660949
v2-gen-choice-08-026,generated,choice,改訂と例外の優先,True,0.004364426119068283,2.9645255500408663e-05,,,0.9956450841479563,0.9824798749265263,0.022212297135318956,0.0007050423171446122,,,0.9780325794947747,0.9287986049771831
v2-gen-noul-02-036,generated,noul,全条件の充足,True,0.0005761366731480162,6.634845827178849e-07,,,0.9994240292617165,0.9929708552140182,0.003960744160150625,3.125100692846842e-05,,,0.9960470892415545,0.9627528731942507
v2-gen-score-10-047,generated,score,不足の段階,True,0.12235872889924265,0.025248207784782952,0.10519779706017607,0.035065932353392025,0.8848308971492068,0.7243827799299849,0.21422232961161866,0.06687307586374498,0.16009914205441822,0.05336638068480607,0.8071689075221192,0.5908636291888014
v2-gen-choice-12-028,generated,choice,条件付き不足書類,True,0.002129844435763988,6.467563591429394e-06,,,0.9978724220735067,0.9891713925023269,0.013860756309093778,0.0002574519242062068,,,0.9862348616845891,0.9448407034016951
v2-gen-choice-07-029,generated,choice,複数属性の制約,True,0.00034121727129730005,2.3277901295009638e-07,,,0.9996588409366951,0.995578675171356,0.002687642881888662,1.4408081355655313e-05,,,0.9973159655967504,0.973207597369473
v2-gen-noul-10-045,generated,noul,条件付き義務,True,0.0006991970935867879,9.770697879489324e-07,,,0.9993010472877408,0.9916651928174102,0.00457076644101215,4.1593335893277297e-05,,,0.9954396636147497,0.9579717370296028
v2-gen-choice-06-034,generated,choice,時間枠の包含,True,0.2274282554305396,0.059070137580303744,,,0.7965795697057001,0.5646105976259527,0.38802841833638485,0.14302283002972568,,,0.6783930641878665,0.3931898807345032
v2-gen-noul-03-013,generated,noul,いずれかの条件,True,0.003448087593139079,2.3696790020268915e-05,,,0.9965578502342091,0.9668772818449174,0.014856168215610885,0.00043491025461720226,,,0.9852536402014395,0.8891736969280293
v2-gen-score-10-012,generated,score,不足の段階,True,0.14027997894167535,0.03383884569392497,0.13107565292454448,0.043691884308181494,0.8691148674706594,0.7130246725974712,0.22688477872085502,0.07890591082751086,0.20271610586657562,0.06757203528885854,0.797012609812193,0.605504806897935
v2-gen-noul-12-044,generated,noul,記録と主張の照合,True,8.043396296917863e-05,1.293820409194113e-08,,,0.9999195692717553,0.9987899574386898,0.000921452992173301,1.6965873077870118e-06,,,0.9990789714152679,0.989383766870807
manual_v2_choice_026,manual,choice,permission,True,0.00018546156356334477,4.676662196592995e-08,,,0.9998145556333693,0.9988877582913361,0.0023467805394423507,7.233623141246916e-06,,,0.9976559709971694,0.9890926966849489
v2-gen-choice-15-011,generated,choice,文章内の順序参照,True,0.0005480865604533896,3.751803869101949e-07,,,0.9994520636115485,0.9973425809008426,0.00584726140974432,4.1112537440763024e-05,,,0.9941698005518048,0.9779730026174561
v2-gen-noul-09-020,generated,noul,重複を除いた件数,True,0.03158788684021926,0.001933698716114514,,,0.9689057986425562,0.8001501120557408,0.07522131900194025,0.010501430197804407,,,0.9275381817858384,0.6249557654957497
v2-gen-score-13-007,generated,score,取消しを反映した件数,False,1.9256080385580827,1.101003283356971,1.1997959209088842,0.23995918418177684,0.561348184503694,0.36119124700448146,1.747338466083852,0.9732264240612569,1.2551807487281863,0.25103614974563726,0.47335560944695937,0.2656679383920175
v2-gen-noul-08-037,generated,noul,集合と否定所属,True,2.6697031653560793e-05,1.4254249431815001e-09,,,0.999973303324709,0.9995558832889088,0.0004069172483134339,3.3102856987481803e-07,,,0.9995931655312815,0.9948308946837713
v2-gen-score-11-017,generated,score,時刻順の評価更新,True,0.025303621633368686,0.0012486172036109237,0.024986168209740756,0.024986168209740756,0.9750138317902592,0.8314121807411026,0.06402759297343279,0.007693179722040817,0.06202088245922022,0.06202088245922022,0.9379791175407798,0.6645846259973077
v2-gen-score-02-009,generated,score,記述の満足段階,True,0.00018892881950318137,5.748026927276341e-08,0.00025794308997246595,8.598102999082199e-05,0.9998110890264224,0.9985984788847251,0.0021323283938237893,6.802337062830561e-06,0.003220851590990273,0.0010736171969967577,0.9978699434033397,0.9876790693597772
v2-gen-noul-09-022,generated,noul,重複を除いた件数,True,0.0011754440063925068,2.760091302205124e-06,,,0.9988252465573141,0.9868718088743794,0.0067118409796083,8.949525861492153e-05,,,0.9933106331160968,0.9420582192037575
v2-gen-choice-03-036,generated,choice,最終更新,True,0.05912697280667898,0.00659248708010211,,,0.9425870786316264,0.682911595911126,0.11833864631701858,0.024911285121811948,,,0.8883951499221204,0.4952622264905131
v2-gen-score-09-045,generated,score,例外による上限,True,0.2393580383779339,0.09062471249016985,0.21286699191064107,0.21286699191064107,0.7871330080893589,0.2530727313701735,0.32157458281431806,0.15124278960610701,0.27499344501833767,0.27499344501833767,0.7250065549816623,0.1514609893263611
v2-gen-score-07-024,generated,score,証拠の最高到達段階,False,8.936320230594273,1.9994739380800934,0.999868475870725,0.999868475870725,0.999868475870725,0.9981146035741032,6.625814779243315,1.9947007156075078,0.9986743001618464,0.9986743001618464,0.9986743001618464,0.9854162830441553
v2-gen-choice-10-023,generated,choice,不在時の代理,True,0.32759423729605947,0.1351818821351086,,,0.7206553754615156,0.3493994706428105,0.44622822019329816,0.21388768715725684,,,0.6400376858679846,0.23036318835918124
v2-gen-choice-06-040,generated,choice,時間枠の包含,True,0.22662927655168075,0.07407174260817714,,,0.797216274280108,0.6640313491586356,0.35850751292490407,0.1462695935402898,,,0.6987183764001843,0.5165715260823112
v2-gen-noul-06-048,generated,noul,更新後の状態,True,0.09504346109986653,0.016440860004022166,,,0.9093334129791405,0.5613091072645937,0.1663846037752967,0.04698919819309051,,,0.8467205196494154,0.3820132812278302
manual_v2_score_006,manual,score,count,True,0.0006936266564123259,7.966014622444027e-07,0.0009401066938707448,0.0002350266734676862,0.9993066138469472,0.9961305984830738,0.005659253914309871,4.7751529595393666e-05,0.008970995952863787,0.0022427489882159467,0.994356729497514,0.9749519737677311
v2-gen-score-08-022,generated,score,要件への一致数,False,1.2826812807541532,1.0227684312604834,0.701170882075242,0.116861813679207,0.7073468515056682,0.6509482616312483,1.149579641366497,0.8699710743874315,0.6213261813301476,0.1035543635550246,0.6342057924702558,0.5585043676127682
v2-gen-noul-05-009,generated,noul,締切の境界,True,0.008081021772710612,0.00012955535529297072,,,0.9919515419087576,0.9324416811760209,0.027799340473229767,0.0015033283557781395,,,0.9725835053683176,0.8187345563811121
v2-gen-noul-04-046,generated,noul,例外の優先,True,0.02840822680048265,0.00156895294865215,,,0.97199149282225,0.8156958734570703,0.06964579913978505,0.00905208453586128,,,0.9327241330941723,0.6443255138187531
v2-gen-choice-10-002,generated,choice,不在時の代理,False,3.894633418069901,1.4527735912754447,,,0.6805899292999286,0.41285598068757823,3.1987395591423273,1.275123753014703,,,0.5505372677246418,0.25822204479826116
v2-gen-noul-10-043,generated,noul,条件付き義務,True,0.00016104172296084885,5.186052080033531e-08,,,0.9998389712435614,0.9977386775357033,0.0015411886860373248,4.74321025419169e-06,,,0.9984599983353594,0.9833919506569173
v2-gen-choice-15-041,generated,choice,文章内の順序参照,True,0.0023816517581119394,6.909777517658067e-06,,,0.9976211821242165,0.9894190617557511,0.01729213862097435,0.0003528283185389658,,,0.9828565123437617,0.9406095862756939
v2-gen-choice-14-025,generated,choice,二属性照合,True,3.985904504837884e-05,2.2562080138669863e-09,,,0.9999601417493128,0.9997467060795162,0.0007811280010619346,7.92480944558051e-07,,,0.999219176999995,0.9961342486473971
v2-gen-score-06-019,generated,score,約束時刻からの遅れ,False,1.4564630026948673,1.1712085790077102,0.7628309145632288,0.25427697152107626,0.763546497852032,0.5912213157071569,1.2415643656260695,0.9906801527422026,0.695694238007331,0.231898079335777,0.6963763492659282,0.5081031074441441
v2-gen-score-07-014,generated,score,証拠の最高到達段階,True,0.014028904213094497,0.0002865698932222601,0.011527722505723315,0.0023055445011446627,0.9860690423012259,0.9508647667768598,0.05608665678947208,0.004036937740534789,0.04104288433396741,0.008208576866793483,0.9454572020546727,0.8429153481911267
v2-gen-choice-10-009,generated,choice,不在時の代理,False,2.6503468789199474,1.6359844421693333,,,0.8780257196301202,0.6469700962791121,2.130811904393089,1.374452965002231,,,0.7691172842860233,0.4388207428511687
v2-gen-score-11-027,generated,score,時刻順の評価更新,True,0.012971164289987545,0.0002722024758343106,0.03636371693490181,0.009090929233725453,0.9871125987025462,0.9512826102698424,0.0491161577681202,0.0034113656253083,0.13114675004322907,0.032786687510807266,0.9520705328870966,0.8508961861794734
v2-gen-score-05-037,generated,score,緊急条件の加点,True,0.0036535737772166493,1.841271022864451e-05,0.0022114541875977167,0.0003685756979329528,0.9963530924025251,0.9851523323290933,0.02238772902922239,0.0006266549833400455,0.024395318909583352,0.004065886484930559,0.9778610164363108,0.9280163485853731
v2-gen-noul-01-005,generated,noul,事実と否定質問,True,0.0006210294719919654,7.708763493386067e-07,,,0.9993791633268972,0.9924905174759193,0.004186891671665003,3.491368867827128e-05,,,0.9958218611393187,0.9609653165881755
v2-gen-choice-07-011,generated,choice,複数属性の制約,True,0.0028575027280767274,1.4909417372847608e-05,,,0.997146576046882,0.9893136908588824,0.015216349318068421,0.00037348612896287794,,,0.9848988343601267,0.9533534489655913
v2-gen-score-10-031,generated,score,不足の段階,True,0.0009245786211264355,1.7081113615233552e-06,0.000924151330011289,0.000924151330011289,0.9990758486699887,0.9893522874379219,0.005620189575042976,6.281917833146418e-05,0.005604425855137395,0.005604425855137395,0.9943955741448627,0.9500205012283086
v2-gen-choice-03-035,generated,choice,最終更新,True,0.000981280873019305,1.841736080008733e-06,,,0.999019200425614,0.9942428869116338,0.006370614810529502,7.260789296275179e-05,,,0.9936496345329283,0.9703452001956633
v2-gen-choice-06-008,generated,choice,時間枠の包含,True,0.04200941435902753,0.0023018178330981654,,,0.9588607534706018,0.8634418845617979,0.12479173534711684,0.018082103625373887,,,0.8826807146357948,0.6834629008982289
v2-gen-score-04-039,generated,score,独立チェックの合計,True,0.010271900459104194,0.00015692868940995574,0.0029800598279472457,0.00042572283256389225,0.9897806753386416,0.9676836181327403,0.04456590095976594,0.0026055604207516746,0.0016578841111445364,0.00023684058730636233,0.9564125695104927,0.8863066111953797
v2-gen-noul-14-008,generated,noul,予定時間の重なり,True,0.18832144318801078,0.05892854529291314,,,0.8283483974835756,0.33853096359822343,0.27106658020673324,0.11275007185422545,,,0.7625657229313495,0.2092525258486303
v2-gen-score-06-011,generated,score,約束時刻からの遅れ,True,0.0021486564869492583,7.030480930923462e-06,0.000490417950429145,0.0002452089752145725,0.9978536502229953,0.9847422061716958,0.012462671537672668,0.0002323305728199017,0.002114626800250763,0.0010573134001253814,0.9876146659426634,0.9316421542248744
v2-gen-noul-07-027,generated,noul,識別文字列の完全一致,True,0.00045602899797646235,4.157352706248315e-07,,,0.9995440749674427,0.9942821156562371,0.003331399377759762,2.212264190380315e-05,,,0.9966741435761745,0.9678311470519588
v2-gen-score-03-014,generated,score,順番に進む工程,True,0.013334029424044333,0.0003148168729762316,0.010163756358538834,0.005081878179269417,0.9867544749363326,0.9315547414107248,0.04465210913177626,0.003246375000326761,0.02777724597830522,0.01388862298915261,0.9563301224850422,0.817813886953331
v2-gen-choice-11-014,generated,choice,小数量の比較,False,2.1245754362082923,1.23227212310532,,,0.662749190929159,0.4583128830756912,1.91188083893753,1.0347278759822804,,,0.5263148384301002,0.30277523904585846
v2-gen-choice-03-031,generated,choice,最終更新,True,0.04918731106999676,0.004298295797049304,,,0.9520027923350729,0.8833958996547396,0.11740427894313192,0.02083714023446795,,,0.8892256252894508,0.7641154732646779
v2-gen-score-02-035,generated,score,記述の満足段階,True,0.0034053250141841645,2.3113655638889954e-05,0.0033995334708522566,0.0033995334708522566,0.9966004665291477,0.9672261600842741,0.014720136508921839,0.0004270400807762266,0.014612324948074216,0.014612324948074216,0.9853876750519257,0.8899871194621842
v2-gen-choice-11-044,generated,choice,小数量の比較,True,0.012972030726858682,0.00023781428189763364,,,0.9871117434321652,0.9414972455782896,0.05042802691473622,0.0033648306183252635,,,0.9508223598284713,0.822722814131145
v2-gen-choice-12-006,generated,choice,条件付き不足書類,True,0.023677631625635125,0.0007307417924609387,,,0.9766004841290048,0.9136641620332621,0.08302316260914817,0.008282633994647145,,,0.9203298297331078,0.7646379442747036
manual_v2_score_028,manual,score,arithmetic,False,2.8621659151011567,1.290577797055943,1.4686959262178316,0.3671739815544579,0.47437343588935943,0.3458353128135766,2.415835224505878,1.1712209036320838,1.502692690420178,0.3756731726050445,0.42873247232921513,0.24757762612353917
v2-gen-noul-13-031,generated,noul,範囲の開閉境界,True,0.00016824449874541398,5.660289892222001e-08,,,0.9998317696535666,0.9976481653127762,0.001591961882349491,5.06062360422925e-06,,,0.998409304616806,0.9829196320426565
v2-gen-noul-06-012,generated,noul,更新後の状態,True,0.5270095069766635,0.3355970403420996,,,0.5903678233206652,0.023693075458411816,0.5668259069836297,0.37441821734627695,,,0.5673233208582436,0.013117632818598235
v2-gen-noul-14-032,generated,noul,予定時間の重なり,True,0.01966943562787189,0.0007587268758843488,,,0.9805227456261881,0.8615046664638666,0.053298726560588226,0.005387895033710528,,,0.9480967484943836,0.7055725297464702
v2-gen-choice-07-031,generated,choice,複数属性の制約,True,9.750787294522035e-05,1.4390919803567027e-08,,,0.9999024968807929,0.999435288600502,0.0014494470756263847,2.8604844148380637e-06,,,0.9985516028654469,0.9933967879083593
v2-gen-score-12-026,generated,score,目標からの差,True,0.0035486006492617306,1.7974268014123293e-05,0.0008285351019061693,0.0002761783673020564,0.9964576881929598,0.9806965640692225,0.0193471204358086,0.0005150575924336851,0.005614591941251579,0.0018715306470838595,0.9808388339405635,0.9181633257223596
v2-gen-score-12-022,generated,score,目標からの差,True,0.017991618984819935,0.0004043183483993991,0.011683750247155178,0.0019472917078591963,0.9821692638993165,0.9405444880859192,0.07341120327801555,0.0061752128693814134,0.043847285697026006,0.007307880949504335,0.9292186536987045,0.8109045180934519
v2-gen-noul-05-048,generated,noul,締切の境界,True,0.006061278988866962,7.303440469567844e-05,,,0.99395705350447,0.946768534651051,0.022504656900563344,0.0009904201536778986,,,0.9777466839136512,0.8460880969287967
v2-gen-choice-15-012,generated,choice,文章内の順序参照,True,0.003338520241526279,1.721265850451448e-05,,,0.9966670464206474,0.9822597308857672,0.017442791320680637,0.0004510822771405338,,,0.9827084535097648,0.9275806567440544
v2-gen-choice-14-040,generated,choice,二属性照合,True,0.003053313449895275,1.1875802341273018e-05,,,0.9969513431710363,0.9871070745804169,0.019985407359779262,0.00048536555605192973,,,0.9802129770977045,0.9341681625655698
v2-gen-choice-10-032,generated,choice,不在時の代理,True,0.01717805227210089,0.0004173342100894303,,,0.982968649251245,0.9264234925457913,0.06151205368139369,0.004981922963359901,,,0.9403416110929353,0.7943020569012361
v2-gen-choice-02-026,generated,choice,条件と優先例外,True,0.00015231000539063952,4.638960943413483e-08,,,0.9998477015931894,0.9978490291830929,0.001478838834763877,4.367465839353116e-06,,,0.998522254108557,0.9839753019452043
v2-gen-score-07-039,generated,score,証拠の最高到達段階,True,0.005484551217213297,4.50311815483625e-05,0.007923768985054931,0.003961884492527466,0.994530461475314,0.9656791162123628,0.024939767786938218,0.0009118142655585523,0.036008977335004855,0.018004488667502427,0.9753686588719637,0.8793431733536248
v2-gen-score-11-013,generated,score,時刻順の評価更新,True,0.18400022921109732,0.05506371977618556,0.3268677366265993,0.08171693415664982,0.8319356131377751,0.7038213414291195,0.2816653746669682,0.1115474730042173,0.4482450541376535,0.11206126353441337,0.7545261258502473,0.6003543609171935
v2-gen-score-02-021,generated,score,記述の満足段階,True,0.0002627863996904639,1.3807709496874014e-07,0.0002627518743689389,0.0002627518743689389,0.9997372481256311,0.9964958052099425,0.0022150124956775816,9.790853824302536e-06,0.002212561165742333,0.002212561165742333,0.9977874388342576,0.9772965452860349
v2-gen-noul-07-038,generated,noul,識別文字列の完全一致,True,0.0010463070824054661,2.1872275118358394e-06,,,0.9989542401059909,0.988137764544448,0.006158476327775946,7.5388192146993e-05,,,0.9938604482188439,0.9460584619785889
v2-gen-score-11-028,generated,score,時刻順の評価更新,True,0.011701094643379368,0.00017788242794153887,0.021918960827026712,0.004383792165405342,0.9883670969333717,0.9561257889835039,0.051565650846793314,0.003215089113519776,0.08299016521582381,0.01659803304316476,0.9497412965950902,0.849047762030184
v2-gen-choice-06-019,generated,choice,時間枠の包含,True,0.07629098605146428,0.00811477242586573,,,0.9265465552052965,0.8009224417840135,0.17447165952301402,0.03724676143163454,,,0.8399006570771592,0.6350937272756274
v2-gen-choice-15-016,generated,choice,文章内の順序参照,True,8.569166776676895e-05,1.0644052903434526e-08,,,0.9999143120036593,0.9995301931358935,0.001309419893597801,2.320073715138101e-06,,,0.9986914370225692,0.9943725062641682
v2-gen-noul-08-027,generated,noul,集合と否定所属,True,0.003568132619752045,2.5372473740579494e-05,,,0.9964382256008711,0.965902026489688,0.015235664498951876,0.0004572402280874008,,,0.9848798110447091,0.8869144018498485
v2-gen-choice-13-002,generated,choice,工程の依存順,True,0.001576180432217437,2.964389033389776e-06,,,0.9984250610877878,0.9930098359753524,0.01331040217268412,0.00020481222408179884,,,0.9867777895077713,0.9544157882604167
v2-gen-choice-01-042,generated,choice,問い合わせ経路,True,9.697363248715382e-05,1.5149765243909346e-08,,,0.9999030310693036,0.9992340269549815,0.0013006826780744747,2.5340544259212133e-06,,,0.9987001628430154,0.9920188484855714
v2-gen-choice-05-021,generated,choice,否定条件で選択,True,8.564727561399495e-05,9.245633980585818e-09,,,0.9999143563920092,0.9994759120195873,0.0014615324721964232,2.597527102546516e-06,,,0.9985395350462529,0.9931105452861574
v2-gen-noul-03-024,generated,noul,いずれかの条件,True,0.002499026122731831,1.2459095083619889e-05,,,0.997504093843549,0.9748235107686063,0.011716462849872239,0.0002713561121649783,,,0.9883519076204518,0.9084690292741449
v2-gen-score-01-035,generated,score,件数の段階境界,True,0.026326132140393487,0.0011115967997509277,0.015618069391488465,0.0022311527702126377,0.9740173794310809,0.9332449554223983,0.08215196549114331,0.009272091375881293,0.03509280021503747,0.005013257173576781,0.9211319677878318,0.8274541509260083
v2-gen-choice-02-009,generated,choice,条件と優先例外,True,0.0011860947660472657,2.8103066503574278e-06,,,0.9988146083663284,0.9867683502315766,0.006756746917460217,9.069274238488308e-05,,,0.9932660285720504,0.9417366472125681
v2-gen-score-15-042,generated,score,軽重のある項目,True,0.002855721921137098,1.1026518577540133e-05,0.002152060516668719,0.0004304121033337438,0.9971483517740055,0.9870244331848657,0.018408186759692517,0.00042618527409526183,0.013055183917395574,0.0026110367834791147,0.9817602090399572,0.9345093081289175
v2-gen-score-07-007,generated,score,証拠の最高到達段階,True,0.0009681724704895909,1.2262874524234498e-06,0.0006276152857360717,0.00012552305714721434,0.9990322960572593,0.9950004411832674,0.008289510175803599,8.659127106543357e-05,0.007142106997307218,0.0014284213994614436,0.9917447530731255,0.9667549849688991
v2-gen-score-09-028,generated,score,例外による上限,True,0.0033020240047641246,1.517859658022035e-05,0.006800511482159069,0.0013601022964318137,0.9967034216809226,0.9854105895970788,0.020168008558691202,0.0005199244041997324,0.046542784057958114,0.009308556811591623,0.9800340053736204,0.9298421908920794
v2-gen-noul-01-006,generated,noul,事実と否定質問,True,0.00017773499839539997,6.316823127225732e-08,,,0.9998222807955337,0.9975295822751363,0.0016580087315020077,5.488879009028185e-06,,,0.9983433650056472,0.9823087486978187
v2-gen-choice-07-027,generated,choice,複数属性の制約,True,0.00025485735875199755,8.649905950832386e-08,,,0.9997451751146259,0.9983395159533727,0.0029915178622446355,1.1600539393896106e-05,,,0.9970129522687122,0.9849793608336888
v2-gen-noul-02-009,generated,noul,全条件の充足,True,0.0008876939311203211,1.5746027483054756e-06,,,0.9991126999525793,0.9897247592136623,0.005453489125733249,5.915773733557484e-05,,,0.9945613541512811,0.9512626544925987
v2-gen-choice-09-033,generated,choice,利用可能集合の差,True,0.0027143952165855816,9.894584134719924e-06,,,0.9972892854231202,0.9863943747601541,0.016997094490576292,0.0003729670044852211,,,0.9831465411723,0.933815396915036
v2-gen-score-12-043,generated,score,目標からの差,True,0.6802324963645362,0.38473403548074575,0.9496112223288042,0.1582685370548007,0.5064992194480704,0.4369607998435886,0.8149004082804531,0.4486845277966334,1.2612499601476124,0.21020832669126874,0.44268341276833645,0.33313525258872956
v2-gen-noul-05-017,generated,noul,締切の境界,True,0.0003432541895741542,2.3556600673614146e-07,,,0.9996568047154052,0.9955552332200944,0.0026995133529210324,1.4535461852453169e-05,,,0.9973041270567353,0.973106563503021
manual_v2_score_039,manual,score,meaning,True,0.0007723042184975137,8.949503737976269e-07,0.0012856184414755923,0.0004285394804918641,0.9992279939316463,0.9949973598099081,0.006158150423212708,5.4469527802067964e-05,0.010789376924127863,0.0035964589747092875,0.993860772122552,0.9689819114693723
v2-gen-noul-04-026,generated,noul,例外の優先,True,0.001092526513995881,2.384621918670718e-06,,,0.9989080700758128,0.9876821447852547,0.0063584860817341785,8.034844079090556e-05,,,0.9936616863129494,0.9446044158829215
v2-gen-choice-10-035,generated,choice,不在時の代理,True,0.24510080857655023,0.0697489309826922,,,0.7826256388884412,0.5472005833639415,0.4088246795151063,0.15696428208272886,,,0.6644307104257497,0.373896657126616
v2-gen-score-05-003,generated,score,緊急条件の加点,True,0.004428859251462521,2.528866489348521e-05,0.003136151673911236,0.00044802166770160516,0.9955809336831616,0.9830998393477977,0.027155942218417637,0.000877178074602436,0.011979611149819824,0.001711373021402832,0.973209465247484,0.9185480518357688
v2-gen-score-02-039,generated,score,記述の満足段階,True,0.0046257145239685625,3.8882978091268064e-05,0.005476958632564682,0.0010953917265129364,0.9953849676162692,0.9824738877801135,0.021572753527458965,0.0007481817138270511,0.03072589641619062,0.006145179283238124,0.9786582740374155,0.9330786608667524
v2-gen-choice-02-029,generated,choice,条件と優先例外,True,0.001755011363335688,6.149329732740542e-06,,,0.9982465277685774,0.9814184562733739,0.009025633163854282,0.00016146132700721574,,,0.9910149755980516,0.9260132111907413
v2-gen-choice-03-026,generated,choice,最終更新,True,0.1534267287799882,0.03722128727623757,,,0.8577636112826389,0.6716075007872627,0.258266906375954,0.08910559011067387,,,0.7723890490304599,0.5278665561647601
v2-gen-noul-12-004,generated,noul,記録と主張の照合,True,0.00016990481678997067,5.772548500453926e-08,,,0.999830109616216,0.9976273651513791,0.0016035849118620242,5.134729660712031e-06,,,0.9983977001434325,0.9828118430566828
v2-gen-choice-12-043,generated,choice,条件付き不足書類,False,0.9669856318113335,0.6131722090147472,,,0.4458921590939141,0.060636721067451216,0.9877735824573431,0.6129850539528924,,,0.41908675997203326,0.035859691614299916
v2-gen-score-11-009,generated,score,時刻順の評価更新,True,0.019856092177704263,0.0006057442311452239,0.0342939472262076,0.004899135318029657,0.9803397417134282,0.9444954584885028,0.07159993481628901,0.006646511356660055,0.1520873251533983,0.021726760736199755,0.9309032433016545,0.8354344377801501
v2-gen-score-02-031,generated,score,記述の満足段階,True,0.00035891015221400365,1.8640952624846945e-07,0.0003075843912252463,7.689609780631157e-05,0.9996411542483298,0.9977769043930818,0.003727426571221702,1.884249958223293e-05,0.0033717453509325424,0.0008429363377331356,0.9962795116599408,0.982019999265038
manual_v2_score_037,manual,score,count,True,0.00792797858603026,0.00010787898271758199,0.006429103308012829,0.0021430344360042763,0.9921033649512085,0.9637936467975204,0.03215119502998944,0.0016011655047829913,0.02343844441443843,0.00781281480481281,0.968360159766917,0.8823690372529891
v2-gen-noul-11-029,generated,noul,参照関係の真偽,False,1.0188403433100341,0.8166078801430241,,,0.638986650933736,0.05647886869756491,0.9270085761340406,0.7302705558758604,,,0.6042642451261949,0.031598548039551644
v2-gen-noul-13-017,generated,noul,範囲の開閉境界,True,0.0024699333967866605,1.2171049334967219e-05,,,0.9975331143789216,0.9750745690520882,0.011615657396026017,0.00026673367636019757,,,0.9884515439049153,0.9091080087132295
v2-gen-choice-15-009,generated,choice,文章内の順序参照,True,0.005223511567056332,5.271563204392556e-05,,,0.9947901072464942,0.9792197119644465,0.021672924767135504,0.0008412837984539979,,,0.9785602455347857,0.9302852555054987
v2-gen-noul-15-014,generated,noul,出来事の前後関係,True,0.006239805808078052,7.738622105034535e-05,,,0.9937796213519455,0.945466061471964,0.022990102143358563,0.001033109728946816,,,0.9772721566251127,0.843505840619836
v2-gen-score-05-023,generated,score,緊急条件の加点,True,0.02858550692705442,0.001316769877274562,0.02577365381620167,0.004295608969366945,0.9718191933204657,0.9227613383185574,0.08934478976044007,0.01068691834708206,0.06819164013809376,0.01136527335634896,0.9145301985604617,0.7991341503033805
v2-gen-score-08-012,generated,score,要件への一致数,True,0.0008715525109045965,1.0902253770748623e-06,0.0013581799094106728,0.00045272663647022426,0.99912882718067,0.9943494233705167,0.006932906227266934,6.645966587837321e-05,0.01149196815957021,0.00383065605319007,0.9930910709246643,0.9651989685574076
v2-gen-score-08-036,generated,score,要件への一致数,True,0.14302882231662017,0.03385865911953549,0.14616024294852714,0.02436004049142119,0.8667290873952975,0.7800549376795669,0.24669622009794,0.08334696297045804,0.27665127912924437,0.04610854652154073,0.7813780244211046,0.6601899618254108
v2-gen-noul-03-037,generated,noul,いずれかの条件,True,0.0019933841135620707,7.931337110187896e-06,,,0.9980086013570624,0.9792630485090138,0.009915739934400918,0.00019470515877316707,,,0.9901332589277623,0.9200915846904394
v2-gen-noul-07-014,generated,noul,識別文字列の完全一致,True,0.004262219258603453,3.617855101721924e-05,,,0.9957468511066964,0.9603739408233861,0.017367381496604724,0.0005928803304750239,,,0.9827825621755875,0.8744816222948937
v2-gen-choice-14-007,generated,choice,二属性照合,True,0.00010876815166410024,1.8696825654736456e-08,,,0.9998912377633769,0.9989370842118508,0.0013563471085189464,2.8413662687495306e-06,,,0.9986445723144879,0.9898229715896889
v2-gen-choice-14-046,generated,choice,二属性照合,True,0.00010753556124467353,1.3842054009825043e-08,,,0.9998924702204965,0.9993460606137643,0.0017818679220573098,3.754367957267458e-06,,,0.9982197186620875,0.991705611916621
v2-gen-choice-15-046,generated,choice,文章内の順序参照,True,0.0010722595478449147,1.7146841635284138e-06,,,0.9989283151170091,0.9951884090599488,0.00816236804871919,9.288328211907479e-05,,,0.9918708536267324,0.9709850614735569
v2-gen-noul-08-042,generated,noul,集合と否定所属,True,8.342319693364614e-05,1.3917698474021305e-08,,,0.9999165802826845,0.9987493810314669,0.0009467078814004763,1.7908155773015003e-06,,,0.9990537401051239,0.9891298506787237
v2-gen-choice-02-014,generated,choice,条件と優先例外,True,0.00010519208768564545,2.2128422786297522e-08,,,0.999894813444808,0.9984582405604185,0.0011241599664556859,2.524631840657647e-06,,,0.9988764716646524,0.9873719549042028
v2-gen-score-07-011,generated,score,証拠の最高到達段階,True,0.01431767853509262,0.0003724651964028407,0.015435489992742246,0.007717744996371123,0.9857843319925838,0.9283272347600714,0.04630155920853878,0.0035793878329959967,0.05192240217306465,0.025961201086532326,0.9547540039128924,0.8150347169233837
v2-gen-score-08-049,generated,score,要件への一致数,True,0.3928424257444949,0.18337191666461714,0.22777706165917455,0.04555541233183491,0.6751351231192813,0.5571070606413296,0.5211697761480324,0.2645270535121973,0.2122521786702718,0.04245043573405436,0.5938254986189975,0.4539581460204949
v2-gen-score-06-042,generated,score,約束時刻からの遅れ,True,0.7705421673323146,0.4535573876056364,0.7177200579302054,0.14354401158604108,0.46276210578914295,0.3926512265710258,0.8706134754633547,0.49934890380070496,0.8677691921331832,0.17355383842663663,0.4186946115723791,0.31798095887381794
manual_v2_noul_028,manual,noul,conjunction,True,0.001199063864479838,2.87206279452631e-06,,,0.9988016547253553,0.9866425594209977,0.00681128476025814,9.215770390897277e-05,,,0.9932118594626742,0.9413466972126825
v2-gen-choice-09-037,generated,choice,利用可能集合の差,True,0.000270497110175033,9.594681822289252e-08,,,0.9997295394708698,0.9984061399336231,0.0032532936925640044,1.3343341660044605e-05,,,0.9967519925332589,0.9851700148516358
v2-gen-noul-10-006,generated,noul,条件付き義務,False,2.0197342881011893,1.5044507816371901,,,0.8673092821010248,0.43522841904284726,1.613778416713343,1.2827734033318827,,,0.8008662195809868,0.27980773077903753
v2-gen-choice-14-038,generated,choice,二属性照合,True,0.00010832489353445223,2.1307270036451156e-08,,,0.999891680973395,0.9991777927321372,0.0013111121287021517,2.8760370247487116e-06,,,0.998689747003291,0.9921997798757711
v2-gen-noul-11-031,generated,noul,参照関係の真偽,True,0.011016292694665437,0.0002400606652185765,,,0.9890441644495142,0.9129348543121373,0.03489130537101579,0.002351556342240318,,,0.9657103780843218,0.7845323538848109
v2-gen-noul-09-004,generated,noul,重複を除いた件数,True,0.0033806004212842645,2.2779800466193255e-05,,,0.9966251073745827,0.9674282345748573,0.014641277646788487,0.0004225100857713131,,,0.9854653846667462,0.8904595421402676
v2-gen-score-02-041,generated,score,記述の満足段階,True,0.0015877869831236622,3.2366020738413204e-06,0.00015903628946256632,2.271946992322376e-05,0.9984134728837399,0.993177584599872,0.012637408787168347,0.00019363491250509336,0.0024313796050567937,0.000347339943579542,0.9874421079489687,0.9574526450907632
v2-gen-choice-11-031,generated,choice,小数量の比較,True,0.054163426024343014,0.004195811277835011,,,0.9472772840906479,0.7792671053012925,0.1313099480128592,0.022792593586035914,,,0.8769459246168513,0.5834594700433215
v2-gen-noul-12-019,generated,noul,記録と主張の照合,True,0.00022292969618037457,9.93731435955808e-08,,,0.9997770951507979,0.9969743300086475,0.001960963371916632,7.675690640670096e-06,,,0.9980409580605982,0.9795536419407103
v2-gen-choice-08-035,generated,choice,改訂と例外の優先,True,0.09263136740140683,0.015608770758191006,,,0.9115294578426232,0.855174688903806,0.16607167380974944,0.04590735706371892,,,0.8469855253344049,0.7845577843454583
v2-gen-score-11-021,generated,score,時刻順の評価更新,True,0.12772807303362357,0.02186740325721233,0.3935856605261774,0.07871713210523548,0.8800926675378996,0.7390341584958877,0.2562233088320597,0.07311568066205094,0.690039663242981,0.1380079326485962,0.773969115353917,0.5684494817953463
v2-gen-score-09-015,generated,score,例外による上限,True,0.5536877164747288,0.24904894903044206,0.10503887163971992,0.017506478606619986,0.5748261012849021,0.3959187750367317,0.7463051284113633,0.3635084653761367,0.24083294704259428,0.04013882450709905,0.47411511486312125,0.27812532680089586
v2-gen-noul-12-034,generated,noul,記録と主張の照合,True,9.857160439062869e-05,1.9430806979780396e-08,,,0.9999014332536303,0.9985460258177178,0.0010712983012435365,2.2929026211107425e-06,,,0.9989292753339185,0.9878910471825123
v2-gen-choice-01-046,generated,choice,問い合わせ経路,True,6.611745781492619e-05,7.123614308523163e-09,,,0.999933884727896,0.9993271023511457,0.0009279556057424699,1.3571903245738586e-06,,,0.9990724748119142,0.9927426908258405
manual_v2_noul_008,manual,noul,boundary,True,0.0021192040765298475,8.963040544605612e-06,,,0.9978830398510358,0.9781424773398544,0.010374114497499013,0.00021302498520170735,,,0.9896795110289844,0.9170896345529809
v2-gen-score-01-040,generated,score,件数の段階境界,True,0.000562851058036146,4.0519374101811084e-07,0.0013675998100577402,0.00027351996201154807,0.9994373073129061,0.9968841473093925,0.005710467507731728,4.0241148598153384e-05,0.014830680900344895,0.002966136180068979,0.9943058062202463,0.9755816138404938
v2-gen-noul-12-025,generated,noul,記録と主張の照合,True,0.0008394690654642857,1.4082340412611733e-06,,,0.9991608831901155,0.9902151173662596,0.005232768774643477,5.447804488879654e-05,,,0.9947808983105904,0.9529189718498021
v2-gen-choice-06-031,generated,choice,時間枠の包含,True,0.001993328960090728,5.893500867997942e-06,,,0.9980086564007027,0.990837751819116,0.013343877205368875,0.00023999965665772086,,,0.9867447576418894,0.9513616960612047
v2-gen-choice-12-015,generated,choice,条件付き不足書類,True,0.005915668271815323,5.519366877869526e-05,,,0.9941017948414385,0.980035332936131,0.02935280055430109,0.0011780390593189097,,,0.9710738086476194,0.9191836634518464
v2-gen-noul-06-006,generated,noul,更新後の状態,True,0.26123146082137266,0.10570558271291901,,,0.7701026503927035,0.22216768206488924,0.3422644124925732,0.16801398212417923,,,0.7101604045992169,0.13148604903878047
v2-gen-noul-11-048,generated,noul,参照関係の真偽,True,0.089172351825983,0.014556304766847255,,,0.9146879118563868,0.5793744939964177,0.15895770817529034,0.043198930615367115,,,0.8530324345044678,0.39780068106274824
manual_v2_choice_055,manual,choice,insufficient,True,3.9420540852094195e-05,1.939110497041851e-09,,,0.9999605802361272,0.9997430264462097,0.0008211663051334889,8.193459364291143e-07,,,0.9991791707596485,0.9958890561840362
v2-gen-score-12-014,generated,score,目標からの差,True,0.005133103816467941,3.647345173922892e-05,0.007046143404213501,0.0014092286808427001,0.9948800480480094,0.9786119871989354,0.027829445959891397,0.0009826919069178622,0.04021074752095366,0.008042149504190733,0.9725542257093108,0.9086324196817188
v2-gen-noul-07-044,generated,noul,識別文字列の完全一致,True,0.0016219469365559432,5.252898048382498e-06,,,0.998379367708519,0.9826418080450884,0.008514955923108693,0.00014378031467090374,,,0.9915211936373419,0.9294691796592337
v2-gen-choice-03-001,generated,choice,最終更新,True,0.3047469126754123,0.11501866149441367,,,0.7373099545838885,0.6310116354068576,0.4645252840581041,0.20472941971796144,,,0.6284333617257039,0.48587677686299613
v2-gen-noul-02-022,generated,noul,全条件の充足,True,0.0001358200414667289,3.688915675770638e-08,,,0.9998641891816575,0.9980594384601028,0.001358480300436739,3.685927358597264e-06,,,0.9986424420162296,0.9851123596597758
v2-gen-noul-15-039,generated,noul,出来事の前後関係,True,0.001234243244672045,3.0429550953297514e-06,,,0.9987665181202527,0.9863023654564371,0.006958448406800894,9.616887936639393e-05,,,0.9930657055381822,0.9402976899595055
v2-gen-noul-04-003,generated,noul,例外の優先,True,0.11528893194829258,0.023714657892460696,,,0.8911086369530147,0.503437108373607,0.1910247645875238,0.06047398296415517,,,0.8261121295717335,0.33347823237857366
v2-gen-noul-09-040,generated,noul,重複を除いた件数,True,0.00014731994185528303,4.339993646789732e-08,,,0.9998526909091945,0.9979124158944012,0.0014427909710585276,4.15728986517825e-06,,,0.9985582493514518,0.9843143049169384
manual_v2_choice_057,manual,choice,quotation,True,0.005092509494793003,5.160395409855656e-05,,,0.9949204353484499,0.9539786153755436,0.019798799305134705,0.0007686407049571366,,,0.9803959098023253,0.8607881825247291
v2-gen-choice-10-013,generated,choice,不在時の代理,True,0.04762389635549481,0.003265586267812073,,,0.953492331589248,0.835958283594379,0.12632411064819962,0.02022065475753691,,,0.8813291523247717,0.655823875541585
v2-gen-score-13-047,generated,score,取消しを反映した件数,True,0.0017859750800828778,4.602297696093627e-06,0.0027381987604933045,0.0009127329201644349,0.998215618824378,0.9893725775051516,0.011730280814993712,0.00019029390003643957,0.0191265401564662,0.006375513385488733,0.9883382507026202,0.9457878824033654
v2-gen-choice-08-036,generated,choice,改訂と例外の優先,True,3.2676769925356926e-05,1.3455142488715051e-09,,,0.9999673237639545,0.9997422832020864,0.0006736531112301274,5.695476029023943e-07,,,0.999326573742084,0.9959510060528688
v2-gen-noul-07-007,generated,noul,識別文字列の完全一致,True,0.03661771498790693,0.0025855808998013373,,,0.9640446047177803,0.7765699354724307,0.08372489357745556,0.012901245071280477,,,0.9196842323348632,0.5967091589360904
v2-gen-choice-04-012,generated,choice,参照先の担当,True,0.11662815442717724,0.024236955182907135,,,0.8899160429878469,0.4998308540728543,0.19260742370200695,0.06138607866428325,,,0.8248057097615861,0.33054971861506444
v2-gen-score-13-013,generated,score,取消しを反映した件数,True,0.6264868463945447,0.35268485589645665,0.5499768202123367,0.13749420505308418,0.5344661683552192,0.3709066520973098,0.7481138796245571,0.41737422683012354,0.6473516557151258,0.16183791392878144,0.4732583336595255,0.2716385472565377
v2-gen-choice-01-001,generated,choice,問い合わせ経路,True,3.8751095846550717e-05,2.01929474213841e-09,,,0.9999612496549675,0.9997309330900881,0.0007622738536196616,7.44593394369685e-07,,,0.999238016603287,0.9959182270152959
v2-gen-score-01-004,generated,score,件数の段階境界,True,0.000308367995188445,1.5199496272648917e-07,0.00047929895459469774,0.00011982473864867443,0.999691679545335,0.9981084817704872,0.0031595123913641457,1.454233888653153e-05,0.005647024613175876,0.001411756153293969,0.9968454736154124,0.9847563764121856
v2-gen-score-04-027,generated,score,独立チェックの合計,True,0.0021327711750508847,8.230697000860132e-06,0.0016865121587772425,0.0008432560793886212,0.9978695015653595,0.9854855008786075,0.011549629530227649,0.00022674224007203787,0.007608785662293505,0.0038043928311467523,0.9885168114055176,0.9381745535670968
v2-gen-score-04-034,generated,score,独立チェックの合計,True,0.0012434928288776583,2.425739838383938e-06,0.0016304025737821082,0.0008152012868910541,0.9987572799879662,0.9905993984239893,0.008248335502820068,0.00010395622970996626,0.011150848066107777,0.0055754240330538885,0.991785588679707,0.9517750994031656
v2-gen-score-02-048,generated,score,記述の満足段階,True,0.01624247602944783,0.0004600146521730237,0.012771623346994332,0.0018245176209991903,0.9838887216986071,0.9560963880427716,0.056177627921365623,0.0046870568174632015,0.027224862967375252,0.0038892661381964644,0.9453711966549084,0.8727663130877106
v2-gen-score-13-001,generated,score,取消しを反映した件数,False,3.8922129712197284,1.781313361934659,5.689323621592581,0.9482206035987635,0.9057797784770446,0.7562113707806782,3.0688278054190468,1.5145473348128413,5.241034250727813,0.8735057084546355,0.7734843495089992,0.5212517260012093
v2-gen-score-12-009,generated,score,目標からの差,False,1.6576853956596516,1.1838488687875968,0.8877148777692891,0.12681641110989844,0.7253041121977484,0.5884133436628882,1.493136555213777,0.9762875084325511,0.9511115270294965,0.13587307528992806,0.6051010924322199,0.4365581333955192
v2-gen-noul-08-006,generated,noul,集合と否定所属,True,0.00013500909084581214,3.6449987865461834e-08,,,0.9998650000224714,0.9980698579542329,0.001352466407405706,3.653386898078465e-06,,,0.9986484477631111,0.9851695704696753
v2-gen-score-07-003,generated,score,証拠の最高到達段階,True,0.0002859426216901411,1.634796144387393e-07,0.00028590174399500956,0.00028590174399500956,0.999714098256005,0.9962218994425203,0.0023579639261009826,1.1093803252975626e-05,0.002355186112919294,0.002355186112919294,0.9976448138870807,0.9760455480370832
v2-gen-noul-13-022,generated,noul,範囲の開閉境界,True,0.0004933485239518427,4.865454463460469e-07,,,0.9995067731524208,0.9938702752640144,0.003531128231125593,2.4849855946267083e-05,,,0.9964750988704457,0.9662020112149234
v2-gen-choice-09-026,generated,choice,利用可能集合の差,True,4.274610171179287e-05,3.6543022131536106e-09,,,0.9999572548118898,0.9993179345824973,0.0005767936452612029,6.649981595215335e-07,,,0.9994233726682157,0.9929637902264595
v2-gen-choice-03-004,generated,choice,最終更新,True,0.07936288089876906,0.011122798719668488,,,0.9237046688394124,0.8223411343955833,0.15801673312040998,0.03836183163370973,,,0.8538354945168052,0.7020316117471229
v2-gen-choice-15-017,generated,choice,文章内の順序参照,True,0.007100907426811319,6.506214415761255e-05,,,0.9929242444474087,0.973509084339306,0.03620598808293026,0.0015971843590487842,,,0.9644416095423157,0.8941756287584242
v2-gen-choice-07-019,generated,choice,複数属性の制約,True,8.939131234563061e-05,1.0370473806467773e-08,,,0.9999106126829387,0.9994952816582333,0.0014745642844474207,2.7019100504512574e-06,,,0.9985265223512967,0.993539815466539
v2-gen-score-12-045,generated,score,目標からの差,True,0.0038199983803228464,2.9073537478378377e-05,0.0038127114681273085,0.0038127114681273085,0.9961872885318728,0.9638749089372509,0.01602102213172984,0.0005051983043003415,0.015893368181419974,0.015893368181419974,0.9841066318185802,0.8822841718211261
v2-gen-choice-05-005,generated,choice,否定条件で選択,True,9.973062624909447e-05,1.2102227908341074e-08,,,0.9999002743466845,0.9993927167541952,0.0016651584989734426,3.312025984524045e-06,,,0.998336227108248,0.9922208944922288
v2-gen-noul-05-006,generated,noul,締切の境界,True,0.003359872298825636,2.250177472781242e-05,,,0.9966457657559576,0.967597850318553,0.014575046970270573,0.00041872389713962135,,,0.9855306548672785,0.8908568113287484
v2-gen-score-09-033,generated,score,例外による上限,True,0.224133596856985,0.06098672723456677,0.08403164331519619,0.028010547771732064,0.7992083555124915,0.5243333355939683,0.3690219897695689,0.13885507794369983,0.12338328216190408,0.0411277607206347,0.6914102063320268,0.3571753593125141
v2-gen-choice-14-036,generated,choice,二属性照合,True,0.00013048792876456657,2.378810351060355e-08,,,0.9998695205844149,0.9991083483173696,0.0017600574927482085,4.176966447703859e-06,,,0.998241490500122,0.9907002170833604
v2-gen-score-14-022,generated,score,参照表の順序尺度,True,0.0009114896533940893,1.0383790718553278e-06,9.63461968401802e-05,1.6057699473363368e-05,0.9990889256271158,0.995531169714062,0.008403360928746651,8.517878927211455e-05,0.0008896429521745297,0.00014827382536242162,0.9916318486135116,0.9680700852871134
v2-gen-noul-09-036,generated,noul,重複を除いた件数,True,0.18947084341284048,0.05958370126014706,,,0.8273968406138708,0.3363747985807862,0.27224414616680165,0.11360401751961507,,,0.7616682799965403,0.20774503611222483
v2-gen-score-05-050,generated,score,緊急条件の加点,False,1.1605883465826232,0.9373820694412877,0.6982993565903239,0.1396598713180648,0.6825112901320637,0.6359408313716164,1.0429006804518464,0.8134609098537149,0.701435002702663,0.1402870005405326,0.6276908383133905,0.5740106164985139
v2-gen-score-09-005,generated,score,例外による上限,True,0.020680511709511247,0.0006174541080308639,0.03011546893688566,0.010038489645628553,0.9795318635435817,0.9159666916308319,0.0684617468329496,0.006321086270028691,0.09102543072245872,0.030341810240819573,0.9338291813439636,0.7818900696480993
v2-gen-noul-13-039,generated,noul,範囲の開閉境界,True,0.00019154842679295492,7.336754505417992e-08,,,0.9998084699174357,0.9973582833661905,0.0017525292142481924,6.131962999265141e-06,,,0.9982490055683605,0.9814411381996428
manual_v2_noul_042,manual,noul,scope,True,0.00022777959259865946,1.0374345272458375e-07,,,0.9997722463472032,0.9969155849081783,0.001992472617600042,7.924092613401832e-06,,,0.9980095110382872,0.9792712078552881
v2-gen-noul-07-023,generated,noul,識別文字列の完全一致,True,0.00031052430255389287,1.9279081097482237e-07,,,0.9996895239051273,0.9959340978182133,0.0025064563328381193,1.2533199954663931e-05,,,0.9974966822060849,0.9747594707377142
v2-gen-noul-01-009,generated,noul,事実と否定質問,True,0.01419328981514035,0.00039722754891425844,,,0.985906960070406,0.8931556709242379,0.04200059722896399,0.003383484116255358,,,0.9588692079078499,0.7525469780039007
v2-gen-noul-06-013,generated,noul,更新後の状態,True,0.21536179608749303,0.07507836569954307,,,0.8062496894201934,0.29074877606326566,0.29825444463152934,0.13301193646982393,,,0.7421124891839235,0.17645816330436614
v2-gen-score-10-027,generated,score,不足の段階,True,0.00945587158810007,0.0001407827392835094,0.005065070058997367,0.0012662675147493418,0.9905886945843577,0.9625783706901756,0.03868934778423871,0.0021329536636711817,0.015485817324574658,0.0038714543311436644,0.9620495255467584,0.8775503790493154
v2-gen-score-08-013,generated,score,要件への一致数,True,0.01323014530178237,0.00021666437315655385,0.015393049601475806,0.0038482624003689514,0.986856988383517,0.9452646667455635,0.05653172265989209,0.003783582361499419,0.06545600205270596,0.01636400051317649,0.9450365049480017,0.8205590670568224
v2-gen-choice-12-041,generated,choice,条件付き不足書類,True,0.5069593251975664,0.3094261780540088,,,0.6023242694054767,0.630610040619519,0.5738770779179388,0.3570717829094544,,,0.5633370974351318,0.5796916009923797
v2-gen-choice-12-022,generated,choice,条件付き不足書類,True,0.04338555014752471,0.003487861724500945,,,0.9575421383763707,0.9054830591562597,0.10304244796498302,0.01724147200919586,,,0.902088680840064,0.8098130648022442
v2-gen-score-02-036,generated,score,記述の満足段階,True,0.0001102474926255018,2.049170889421878e-08,0.0001317321194808425,6.586605974042125e-05,0.999889758584406,0.9989357203307253,0.0013373557470001461,2.8867294886227277e-06,0.0016825640243423733,0.0008412820121711866,0.9986635381146821,0.9900380365549545
v2-gen-noul-06-008,generated,noul,更新後の状態,True,0.0009527525384147299,1.8137460616140815e-06,,,0.9990477011861778,0.9890692228798923,0.005746348992670238,6.566282750438248e-05,,,0.9942701296915034,0.9490853138801923
v2-gen-score-06-048,generated,score,約束時刻からの遅れ,False,1.9447550447602853,1.4476986632708562,0.8494994752810938,0.21237486882027345,0.8445265239639854,0.696990797102381,1.5978517100815939,1.2065274612416577,0.7646490831189992,0.1911622707797498,0.7546880135883282,0.5556624579550288
v2-gen-choice-10-039,generated,choice,不在時の代理,True,0.07489580422858434,0.007435889558490251,,,0.9278401583131053,0.8343862575793263,0.19229084938861687,0.04019151307467509,,,0.8250668633979196,0.6558480381815237
v2-gen-score-10-008,generated,score,不足の段階,True,0.21253507048949413,0.05738567918045672,0.3542459648347438,0.05904099413912397,0.8085319602126078,0.6683025664270579,0.36549624013964693,0.13505217910635825,0.5741078837123765,0.0956846472853961,0.6938522480953148,0.511127740964194
v2-gen-score-05-041,generated,score,緊急条件の加点,True,0.0697904342579117,0.006956575971493419,0.019087885700526996,0.006362628566842332,0.9325892381845085,0.78844941665212,0.1585804551673877,0.032301417227829254,0.034908524219542825,0.011636174739847608,0.8533543042655735,0.6197377504546688
v2-gen-noul-02-020,generated,noul,全条件の充足,True,0.00022095176213940822,9.76177915762181e-08,,,0.9997790726459035,0.9969983316233527,0.0019480619248337782,7.575121737086679e-06,,,0.9980538343162662,0.9796694969251315
manual_v2_choice_034,manual,choice,meaning,True,0.0001786707882457708,3.956662235348632e-08,,,0.9998213451724289,0.9989716641092892,0.002530323156074843,7.729886033814897e-06,,,0.9974728754131889,0.9887801481801222
v2-gen-noul-11-026,generated,noul,参照関係の真偽,True,0.004306996631723876,3.6941049223864294e-05,,,0.9957022651766387,0.9600233377611959,0.017501567716076305,0.0006019967577942601,,,0.9826506951465734,0.8737129268687858
v2-gen-choice-08-031,generated,choice,改訂と例外の優先,True,3.7188602755237626e-05,2.63505475429708e-09,,,0.9999628120887323,0.9996142002349152,0.0005571652223426957,5.641800419628788e-07,,,0.9994429899653767,0.9955281947919351
manual_v2_score_027,manual,score,arithmetic,False,1.1989349895599244,0.6803642000224649,0.9288135297746134,0.23220338244365335,0.3653333367177821,0.14885084257520964,1.255192636107897,0.6858150902273366,0.9477379418004919,0.23693448545012297,0.3286149566975638,0.0961722650994774
v2-gen-score-01-049,generated,score,件数の段階境界,True,0.001465832028212887,2.887949092131335e-06,0.0009959132279773186,0.00014227331828247408,0.9985352417788169,0.9937224986101392,0.011675709974895044,0.00016924808608098752,0.014283483279022846,0.002040497611288978,0.9883921866229135,0.9605341366422695
v2-gen-choice-01-007,generated,choice,問い合わせ経路,True,0.0004773971694049953,4.55598569975604e-07,,,0.9995227167664921,0.9940457878902293,0.0034462589211155417,2.3671705054862266e-05,,,0.9965596726133359,0.9668921850485008
v2-gen-noul-02-012,generated,noul,全条件の充足,True,0.0003860729875856872,2.979896392283072e-07,,,0.9996140015290003,0.9950663474912266,0.0029450018702930846,1.7295075465311137e-05,,,0.9970593303938294,0.9710337830256317
v2-gen-score-07-013,generated,score,証拠の最高到達段階,True,0.003473511275323527,2.0037096245401637e-05,0.004743123981257202,0.0011857809953143006,0.9965325143862129,0.984153434119875,0.018517625081626462,0.0005071760158925058,0.029445206914137323,0.007361301728534331,0.9816527727290704,0.9322036443369518
v2-gen-score-05-043,generated,score,緊急条件の加点,True,0.048826556024476636,0.003659148465193516,0.0097606894651463,0.00195213789302926,0.9523462941020294,0.8715729129273835,0.13066582011655795,0.021771011791164335,0.02841592668668813,0.005683185337337626,0.877510971912271,0.7168474944754308
v2-gen-score-01-044,generated,score,件数の段階境界,True,0.0013344749149153514,3.34347447117866e-06,0.0014190850617222719,0.0007095425308611359,0.9986664151007887,0.9904621034981851,0.007978023140365057,0.00011289928419383194,0.008904117178304858,0.004452058589152429,0.9920537168227751,0.9551620540371275
v2-gen-noul-03-039,generated,noul,いずれかの条件,True,0.00019078680255207376,7.278532047352913e-08,,,0.9998092313960926,0.9973676897119949,0.0017473648938821017,6.0959086101060825e-06,,,0.9982541608593422,0.9814883462870982
v2-gen-noul-03-046,generated,noul,いずれかの条件,True,0.0001982080062094136,7.855725548807474e-08,,,0.9998018116356997,0.9972762195830426,0.0017974613162522724,6.450131818164096e-06,,,0.9982041531498811,0.9810313338882327
v2-gen-choice-13-019,generated,choice,工程の依存順,True,0.000301441601414636,1.5011900676790474e-07,,,0.99969860382754,0.998162608514449,0.00304898931231783,1.390645011263114e-05,,,0.9969556541351228,0.9853361071796114
v2-gen-score-05-015,generated,score,緊急条件の加点,True,0.013246886106982,0.00030657598922387833,0.01770639827274514,0.0035412796545490283,0.9868404677411994,0.9569362118805324,0.04801367602989864,0.0034724019007302404,0.07832853815242583,0.015665707630485165,0.953120752080469,0.8709289492227433
v2-gen-score-06-023,generated,score,約束時刻からの遅れ,False,2.484902218000917,1.0919031305811897,1.1560632941348636,0.1651518991621234,0.37048664610725446,0.2691628588345343,2.255397168596233,1.010615697445263,1.2046091105380619,0.17208701579115168,0.3168303811507821,0.19896250371922497
v2-gen-noul-05-003,generated,noul,締切の境界,True,0.0007351609072208719,1.0801288072651154e-06,,,0.99926510925735,0.991289819616524,0.004743567374995023,4.4789978271329335e-05,,,0.9952676655722926,0.9566399468135248
v2-gen-noul-12-049,generated,noul,記録と主張の照合,True,0.0002710815069454393,1.469305321664176e-07,,,0.9997289552323264,0.9963973594850047,0.002266583809382703,1.0251546386602833e-05,,,0.9977359829520736,0.9768437239070611
v2-gen-noul-07-034,generated,noul,識別文字列の完全一致,True,0.00150206966364589,4.505654504955914e-06,,,0.9984990578783718,0.9837575131994233,0.00804535226807516,0.00012841874319577496,,,0.991986924959924,0.9326875443770591
v2-gen-score-03-032,generated,score,順番に進む工程,True,0.005064792250384849,3.440636556230068e-05,0.00345338839562892,0.00057556473260482,0.9949480121834983,0.9802275107270684,0.028460622235018086,0.000999978513313397,0.020984957955060946,0.0034974929925101574,0.9719405662397906,0.9123652985973938
v2-gen-score-08-034,generated,score,要件への一致数,True,0.0019591656287689363,6.056738153409569e-06,0.0029877850595032562,0.0007469462648758141,0.9980427522835045,0.9901811157785697,0.012549471645660183,0.00022414268130607003,0.022058758247260446,0.0055146895618151115,0.9875289446033741,0.9500645509139256
v2-gen-noul-02-013,generated,noul,全条件の充足,True,0.0005542668268833245,6.140829863239605e-07,,,0.9994458867505988,0.9932066675488093,0.0038489178214792066,2.951455537389879e-05,,,0.99615847976877,0.9636437474750031
v2-gen-noul-03-006,generated,noul,いずれかの条件,True,0.00013267828402805157,3.520238325523657e-08,,,0.9998673305173462,0.9980998446298052,0.0013351289851043456,3.5603825985911507e-06,,,0.9986657619030714,0.9853347215478169
manual_v2_score_021,manual,score,history,True,0.00032996998635550454,1.5421807874332994e-07,3.241190780256531e-05,8.102976950641327e-06,0.9996700844477531,0.9979312388369088,0.003524630914173725,1.6673490813556397e-05,0.0012770832539996668,0.0003192708134999167,0.9964815733060309,0.9828421175621945
v2-gen-noul-05-049,generated,noul,締切の境界,True,0.0004055187785016697,3.2875761951877187e-07,,,0.999594563433125,0.994846642279868,0.0030541172907791224,1.859839085751698e-05,,,0.9969505417811095,0.9701222487483854
v2-gen-noul-15-032,generated,noul,出来事の前後関係,True,0.0006704078186693258,8.982908971800936e-07,,,0.999329816854442,0.9919676080562219,0.004430758632461875,3.9089726941964135e-05,,,0.9955790426974487,0.9590578381760029
v2-gen-score-14-010,generated,score,参照表の順序尺度,True,0.0007991927116903213,1.276397553475429e-06,0.0007988734422533783,0.0007988734422533783,0.9992011265577466,0.9906277253963651,0.005045873355462868,5.0665486175388065e-05,0.005033164321547101,0.005033164321547101,0.9949668356784529,0.9543322033174916
v2-gen-score-09-046,generated,score,例外による上限,True,0.0014783096425609312,3.7978916279863753e-06,0.0017036571098340433,0.0008518285549170216,0.9985227825188882,0.9893166795257916,0.009003553861389213,0.00013312341654956434,0.01093309074434615,0.005466545372173075,0.9910368567590048,0.9491166385633879
v2-gen-choice-12-037,generated,choice,条件付き不足書類,True,0.004371536425331658,2.8551629964188238e-05,,,0.9956380048316464,0.971709669675055,0.02113051089282985,0.0006559090453299388,,,0.9790911741673188,0.8943744690681243
v2-gen-choice-10-001,generated,choice,不在時の代理,True,0.004853106333486429,3.590163974746675e-05,,,0.9951586509595682,0.9785102138583579,0.024094740460471956,0.0008191758932929321,,,0.9761932203815269,0.9155470603802733
v2-gen-choice-08-024,generated,choice,改訂と例外の優先,True,0.00015347738900768447,2.8061128748219715e-08,,,0.9998465343880443,0.9991471521590174,0.0023762359789950946,6.598883144455101e-06,,,0.9976265850348116,0.9898580173984763
v2-gen-noul-06-010,generated,noul,更新後の状態,True,0.02539940078215585,0.0012579676295731473,,,0.9749204502674674,0.8309188032512067,0.06420374058330072,0.007734219750096546,,,0.9378139093120634,0.6639375577366271
v2-gen-choice-15-044,generated,choice,文章内の順序参照,True,0.00013160170303301553,2.0695041729686658e-08,,,0.9998684069560912,0.9992627949146079,0.0020867206557102554,5.131094725988053e-06,,,0.9979154550322231,0.9910227390193431
v2-gen-choice-07-025,generated,choice,複数属性の制約,True,1.3489628956058397e-05,2.414075388900812e-10,,,0.9999865104620286,0.9998872284783906,0.00034138256727220446,1.5057038773867025e-07,,,0.9996586756971261,0.9978183709297516
v2-gen-choice-15-033,generated,choice,文章内の順序参照,True,0.0008351752920673782,9.530860488468073e-07,,,0.9991651733697455,0.996202067469208,0.007698503417159229,7.418766339587416e-05,,,0.9923310541619291,0.9723869921926751
v2-gen-score-08-005,generated,score,要件への一致数,True,0.014741173961776122,0.00033356120486474617,0.008562652580321295,0.002854217526773765,0.9853669452232208,0.9370035309119632,0.05311775248257933,0.003952980149515517,0.02806175809082956,0.009353919363609853,0.948268344956093,0.8204381147305373
v2-gen-score-08-007,generated,score,要件への一致数,True,0.06402492977999795,0.005658381571368819,0.0025339494443958888,0.0005067898888791777,0.937981615563934,0.8413378463332417,0.15596090435839507,0.029823519904438427,0.0003476191156963626,6.952382313927253e-05,0.8555926396603535,0.6907959405777173
v2-gen-choice-04-019,generated,choice,参照先の担当,False,0.9281787406071473,0.6614628816873296,,,0.5399773649760328,0.20184062146941462,0.9249506701703072,0.6246340310810594,,,0.499724449415285,0.1366474461262721
v2-gen-score-03-007,generated,score,順番に進む工程,True,0.0006524054090752589,7.993038847515913e-07,0.0006943250281991366,0.0003471625140995683,0.9993478073610603,0.9949098621165134,0.004701659858049224,3.931779546996079e-05,0.005259020643001256,0.002629510321500628,0.9953093756428298,0.9712694814530927
v2-gen-choice-06-039,generated,choice,時間枠の包含,True,0.05860386767261986,0.00428692809448477,,,0.9430802797585306,0.8465761838942115,0.16882396046199216,0.030185157287641227,,,0.844657583429629,0.6527322176496226
v2-gen-choice-01-029,generated,choice,問い合わせ経路,True,4.713265462368706e-05,3.552876538904527e-09,,,0.9999528684561024,0.9995043776049382,0.0007269672397387848,8.22890777356785e-07,,,0.9992732969369252,0.9941390972548303
v2-gen-choice-08-004,generated,choice,改訂と例外の優先,True,6.502256203215485e-05,5.3675723749874106e-09,,,0.9999349795518888,0.999561912416712,0.0011518055636150835,1.6450752517669869e-06,,,0.9988488575098114,0.994043805869781
v2-gen-score-05-032,generated,score,緊急条件の加点,True,0.0011159511957106634,2.48791645781541e-06,0.0011153287537348788,0.0011153287537348788,0.9988846712462651,0.9874523223586147,0.006459003171483758,8.290054614220146e-05,0.006438188648300147,0.006438188648300147,0.9935618113516999,0.9438772130987145
v2-gen-choice-04-035,generated,choice,参照先の担当,True,0.0007849222786939853,9.77904723615337e-07,,,0.9992153856922148,0.9956446784439669,0.006286135017968934,5.743143268558796e-05,,,0.9937335813937883,0.9724627687298569
v2-gen-score-04-038,generated,score,独立チェックの合計,True,0.0122384405144541,0.0002558505547207407,0.01289390015877867,0.002148983359796445,0.9878361446200207,0.9622401343057478,0.04674158009078759,0.003183430840226643,0.05555139848487478,0.009258566414145797,0.954333984629165,0.8802704987506321
v2-gen-score-10-042,generated,score,不足の段階,True,0.5901264551602452,0.36338134713339787,0.3862091970010524,0.07724183940021048,0.554257191620799,0.5255686523431528,0.6768526412078001,0.4080797348471477,0.3825291919147782,0.07650583838295563,0.5082140096857213,0.44171714132884143
v2-gen-noul-03-005,generated,noul,いずれかの条件,True,0.0052573684168656905,5.499010811661429e-05,,,0.994756427357392,0.9527337013134393,0.02026843795417887,0.0008051614108563719,,,0.9799355860930805,0.8581979446036325
v2-gen-score-02-002,generated,score,記述の満足段階,True,0.00019480943255644473,5.323983413022501e-08,0.00033941022539130117,0.00011313674179710038,0.9998052095415689,0.9985215207672284,0.0023004268572252152,7.27508587950529e-06,0.004106453494047813,0.001368817831349271,0.9977022170968413,0.9865754328799745
v2-gen-score-02-040,generated,score,記述の満足段階,True,0.0026541889107620934,9.747613421465658e-06,0.0007456340813503104,0.0001242723468917184,0.9973493303343559,0.9889087146360246,0.01723585193386242,0.00038030940466825025,0.011999898505774986,0.001999983084295831,0.9829118356377158,0.9430171872578367
manual_v2_noul_027,manual,noul,range,True,0.00039934497779597195,3.1882548004031487e-07,,,0.9996007347497964,0.9949162466576474,0.003019625275266675,1.8181303765110004e-05,,,0.9969849292077042,0.9704097625424519
v2-gen-choice-02-004,generated,choice,条件と優先例外,True,4.854964137261122e-05,4.7139064917265974e-09,,,0.9999514515371422,0.9992342511698856,0.0006338634183831804,8.030565037320572e-07,,,0.9993663374305942,0.9923540782510635
v2-gen-score-03-042,generated,score,順番に進む工程,True,0.0006911826250416862,8.381239562828463e-07,0.0007894147823195308,0.0003947073911597654,0.9993090561866449,0.9945367797070154,0.005111410495854804,4.338909280803211e-05,0.006164476994449997,0.0030822384972249983,0.9949016305339604,0.9684937990451029
v2-gen-choice-09-013,generated,choice,利用可能集合の差,True,0.0003567920665362512,2.260520940898222e-07,,,0.9996432715761838,0.9982641230656042,0.003357823973272547,1.7768845376814084e-05,,,0.9966478072130378,0.9868769861985771
v2-gen-score-12-027,generated,score,目標からの差,True,0.007159385288235822,7.474972254252075e-05,0.006029392162754332,0.001507348040688583,0.9928661820587356,0.9692955549314012,0.03345256542851926,0.001492676672780899,0.028822867264410856,0.007205716816102714,0.9671007841546881,0.886718842498178
v2-gen-choice-09-006,generated,choice,利用可能集合の差,True,0.0007995638260907651,1.277582774642487e-06,,,0.9992007557398884,0.9906239103268023,0.005047606538961306,5.0700210057036895e-05,,,0.9949651112198462,0.9543190512328694
v2-gen-noul-05-044,generated,noul,締切の境界,True,0.0007187973164084269,1.0325967140766135e-06,,,0.999281460956497,0.9914602910597602,0.004665223415370242,4.332609982744427e-05,,,0.9953456418365448,0.9572425783369776
v2-gen-choice-02-013,generated,choice,条件と優先例外,True,0.004094419973156879,3.339159717558952e-05,,,0.9959139507360049,0.9616940185594928,0.01686112657250694,0.000559101641822811,,,0.9832802266489223,0.8773961192680538
v2-gen-score-02-005,generated,score,記述の満足段階,True,0.000682523173005723,6.704074026930073e-07,0.0013731276184601557,0.00022885460307669263,0.9993177096929533,0.9966747422280429,0.006343493928295604,5.246973586107813e-05,0.015174735938008927,0.002529122656334821,0.9936765835530872,0.9755842359686994
