id,type,source,family,state,instructions,criteria,label
manual_v2_choice_001,choice,manual,meaning,"""料理教室で「手順は分かったので、実際に手を動かして試したい」と話している。""",いま希望している活動はどちらか。,"{""option_0"": ""実習"", ""option_1"": ""追加の講義""}","""option_0"""
manual_v2_choice_002,choice,manual,negation,"""演奏者は「音の高さを変えず、演奏する速さだけ落としたい」と言った。""",変更したい要素を選ぶ。,"{""option_0"": ""演奏速度"", ""option_1"": ""音程"", ""option_2"": ""曲の長さの指定""}","""option_0"""
manual_v2_choice_003,choice,manual,meaning,"""散歩の記録には「出発点へ戻る道が分からなくなった。目印を見つけたい」とある。""",必要としている支援を選ぶ。,"{""option_0"": ""帰り道の案内"", ""option_1"": ""靴の修理"", ""option_2"": ""雨具の購入"", ""option_3"": ""水筒の洗浄""}","""option_0"""
manual_v2_choice_004,choice,manual,meaning,"""陶芸家は「色は狙い通りだが、縁の形だけ描いた図と違う」と述べた。""",図と違うとされた点を選ぶ。,"{""option_0"": ""縁の形"", ""option_1"": ""底の色"", ""option_2"": ""作品名"", ""option_3"": ""展示日"", ""option_4"": ""重さ""}","""option_0"""
manual_v2_choice_005,choice,manual,history,"""盤上のコマは最初持ち主が葵だった。蓮に譲られ、その後蓮は澪へ交換として渡した。葵には別のコマが戻った。\n\n遊戯の記録係は、手渡されたコマの持ち主だけを追跡している。コマの色や盤上の位置を変えても、持ち主は変わらない。譲渡と交換は受け渡しが済んだ時点で成立する。今回の記録に登場する受け渡しは全て完了しており、保留中の取引はない。最後のやり取りの後には、三人で別の駒を並べて次の遊びの準備をしたが、対象のコマを再び渡すことはなかった。""",対象のコマを最後に受け取った人を選ぶ。,"{""option_0"": ""澪"", ""option_1"": ""葵"", ""option_2"": ""蓮"", ""option_3"": ""葵と蓮"", ""option_4"": ""全員"", ""option_5"": ""不明""}","""option_0"""
manual_v2_choice_006,choice,manual,scope,"""原稿の本文と注釈を別々に扱う。編集者は「注釈の番号だけ振り直し、本文は今のまま」と指定した。""",今回変更するものを選ぶ。,"{""option_0"": ""注釈の番号"", ""option_1"": ""本文の語順"", ""option_2"": ""題名"", ""option_3"": ""著者名"", ""option_4"": ""章の順"", ""option_5"": ""字体全体"", ""option_6"": ""参考図""}","""option_0"""
manual_v2_choice_007,choice,manual,priority,"""遊戯の行動規則は、通路が塞がれていれば通路を開き、開いていれば宝箱を調べる。通路は塞がれており、宝箱も見つかっている。""",規則で先に行う行動を選ぶ。,"{""option_0"": ""通路を開く"", ""option_1"": ""宝箱を調べる"", ""option_2"": ""眠る"", ""option_3"": ""歌う"", ""option_4"": ""道具を捨てる"", ""option_5"": ""戻る"", ""option_6"": ""旗を立てる"", ""option_7"": ""終了する""}","""option_0"""
manual_v2_choice_008,choice,manual,insufficient,"""封じた袋を手に取ったが、中を見たり数えたりしていない。袋の重さだけが分かる。中身の単位重量は不明。""",中身が正確に何個かを判断できるか。,"{""option_0"": ""判断できる"", ""option_1"": ""情報が足りない""}","""option_1"""
manual_v2_choice_009,choice,manual,arithmetic,"""粘土200gのうち4分の3を使って小像を作った。残りは別に保管する。""",小像に使った粘土の量を選ぶ。,"{""option_0"": ""50g"", ""option_1"": ""150g"", ""option_2"": ""200g""}","""option_1"""
manual_v2_choice_010,choice,manual,arithmetic,"{""飾りひも"": {""一束の本数"": 5, ""束の数"": 2, ""追加するばらの本数"": 3}}",全部のひもの数を選ぶ。,"{""option_0"": ""7本"", ""option_1"": ""13本"", ""option_2"": ""10本"", ""option_3"": ""15本""}","""option_1"""
manual_v2_choice_011,choice,manual,priority,"""賞の選考は得点が高い作品を優先し、同点のときだけ題名の五十音順にする。得点は「いずみ」8点、「あかり」7点、「うた」6点。\n\n展示室では題名を五十音順に掲示している。しかし掲示の順と賞の選考順位は別であり、選考には冒頭の得点優先の規則を使う。作品の提出時刻や大きさは同じである。投票用紙の用意と会場の準備は済んでいる。今回の選考は一つの作品を最優先に選ぶもので、複数作品を同時に選ぶ規則はない。同点の作品がない場合には、五十音順は順位を決めるために使わない。""",最優先の作品を選ぶ。,"{""option_0"": ""あかり"", ""option_1"": ""いずみ"", ""option_2"": ""うた"", ""option_3"": ""あかりとうた"", ""option_4"": ""選べない""}","""option_1"""
manual_v2_choice_012,choice,manual,conjunction,"""展示に使う板は光を通し、かつ水を吸わないものが必要。板アは両方満たす。板イは光を通すが水を吸う。板ウは水を吸わないが不透明。""",全条件を満たす板を選ぶ。,"{""option_0"": ""板イ"", ""option_1"": ""板ア"", ""option_2"": ""板ウ"", ""option_3"": ""板イと板ウ"", ""option_4"": ""全て"", ""option_5"": ""なし""}","""option_1"""
manual_v2_choice_013,choice,manual,sequence,"""折り方は、半分に折る→一度広げる→折り目に合わせて端を折る。いま半分に折り終えた。""",指示通りの次の動作を選ぶ。,"{""option_0"": ""半分に折る"", ""option_1"": ""広げる"", ""option_2"": ""端を折る"", ""option_3"": ""切る"", ""option_4"": ""色を塗る"", ""option_5"": ""のり付け"", ""option_6"": ""完成とする""}","""option_1"""
manual_v2_choice_014,choice,manual,scope,"{""畑の区画"": {""東"": {""日当たり"": ""良い"", ""土"": ""乾燥""}, ""中央"": {""日当たり"": ""弱い"", ""土"": ""湿潤""}, ""西"": {""日当たり"": ""良い"", ""土"": ""湿潤""}}, ""栽培条件"": ""日当たりが良く、土が湿潤""}",条件に合う区画を一つ選ぶ。,"{""option_0"": ""東"", ""option_1"": ""西"", ""option_2"": ""中央"", ""option_3"": ""東と中央"", ""option_4"": ""中央と西"", ""option_5"": ""全区画"", ""option_6"": ""該当なし"", ""option_7"": ""情報不足""}","""option_1"""
manual_v2_choice_015,choice,manual,meaning,"""作者は「この色使いには驚いた。気に入らないという意味ではなく、予想外の良さに驚いている」と説明した。""",色使いに対する評価を選ぶ。,"{""option_0"": ""好意的"", ""option_1"": ""否定的""}","""option_0"""
manual_v2_choice_016,choice,manual,meaning,"""楽団からの「次の公演で独奏をお願いできますか」に「喜んでお引き受けします」と答えた。""",返答の意味を選ぶ。,"{""option_0"": ""断る"", ""option_1"": ""決定を保留する"", ""option_2"": ""引き受ける""}","""option_2"""
manual_v2_choice_017,choice,manual,exception,"""練習室では通常は打楽器を使えない。ただし打楽器講習中は使える。現在は打楽器講習の時間である。""",いまの利用条件を選ぶ。,"{""option_0"": ""常に禁止なので使えない"", ""option_1"": ""講習が終わるまで使えない"", ""option_2"": ""打楽器を使える"", ""option_3"": ""場所が特定できない""}","""option_2"""
manual_v2_choice_018,choice,manual,intersection,"""展示の解説を日本語と英語の両方で読める人を探す。甲は日本語と中国語、乙は英語と日本語、丙は英語と韓国語が読める。""",条件に合う人を選ぶ。,"{""option_0"": ""甲"", ""option_1"": ""丙"", ""option_2"": ""乙"", ""option_3"": ""甲と丙"", ""option_4"": ""誰もいない""}","""option_2"""
manual_v2_choice_019,choice,manual,scope,"""壁画は背景、人物、額縁の3部分。補修対象は背景の青い部分だけで、人物の青い服は対象外。""",補修する場所を選ぶ。,"{""option_0"": ""人物の服"", ""option_1"": ""額縁"", ""option_2"": ""背景の青い部分"", ""option_3"": ""人物全体"", ""option_4"": ""壁全体"", ""option_5"": ""補修しない""}","""option_2"""
manual_v2_choice_020,choice,manual,distractor,"""練習用ボールには組を示す文字「C」と、個人番号「2」がある。集合先は組の文字で決め、C組は芝生へ行く。""",集合する場所を選ぶ。,"{""option_0"": ""校門"", ""option_1"": ""体育館"", ""option_2"": ""芝生"", ""option_3"": ""図書室"", ""option_4"": ""第2教室"", ""option_5"": ""プール"", ""option_6"": ""玄関""}","""option_2"""
manual_v2_choice_021,choice,manual,negation,"""舞台の雪は紙を細かく切ったもの。白色だが、本物の雪や氷は使っていない。""",舞台の雪の材料を選ぶ。,"{""option_0"": ""水"", ""option_1"": ""氷"", ""option_2"": ""紙"", ""option_3"": ""塩"", ""option_4"": ""砂"", ""option_5"": ""綿"", ""option_6"": ""木"", ""option_7"": ""金属""}","""option_2"""
manual_v2_choice_022,choice,manual,history,"""「昨日の星は見えなかったが、雲が切れて今夜ははっきり観察できた」""",今夜の観察結果を選ぶ。,"{""option_0"": ""観察できなかった"", ""option_1"": ""観察できた""}","""option_1"""
manual_v2_choice_023,choice,manual,insufficient,"{""種の袋"": ""開封済み"", ""種の種類"": ""ラベルがはがれて不明"", ""色"": ""茶色""}",種の種類について妥当な結論を選ぶ。,"{""option_0"": ""この記録だけでは不明"", ""option_1"": ""ヒマワリと確定"", ""option_2"": ""アサガオと確定""}","""option_0"""
manual_v2_choice_024,choice,manual,arithmetic,"""24枚の模様紙を6人で同じ枚数ずつ分け、余りが出ないようにした。""",一人分を選ぶ。,"{""option_0"": ""3枚"", ""option_1"": ""6枚"", ""option_2"": ""8枚"", ""option_3"": ""4枚""}","""option_3"""
manual_v2_choice_025,choice,manual,arithmetic,"""音の練習は1区間が3分。4区間の間に1分の休憩を3回挟み、最後の区間の後には休憩を置かない。""",開始から終了までの時間を選ぶ。,"{""option_0"": ""12分"", ""option_1"": ""13分"", ""option_2"": ""14分"", ""option_3"": ""15分"", ""option_4"": ""16分""}","""option_3"""
manual_v2_choice_026,choice,manual,permission,"""展示のスケッチは許可されているが、写真、録音、作品への接触は禁止されている。""",許可された行為を選ぶ。,"{""option_0"": ""写真撮影"", ""option_1"": ""録音"", ""option_2"": ""作品に触る"", ""option_3"": ""鉛筆で描き写す"", ""option_4"": ""作品を動かす"", ""option_5"": ""照明を変える""}","""option_3"""
manual_v2_choice_027,choice,manual,meaning,"""「詩を黙って読むのでなく、声に出して聞かせてください」という依頼がある。""",求める活動を選ぶ。,"{""option_0"": ""暗算"", ""option_1"": ""合唱"", ""option_2"": ""書き取り"", ""option_3"": ""朗読"", ""option_4"": ""写生"", ""option_5"": ""体操"", ""option_6"": ""手品""}","""option_3"""
manual_v2_choice_028,choice,manual,extraction,"{""楽譜の指定"": {""強さ"": ""弱く"", ""速さ"": ""速く"", ""演奏回数"": 2}}",演奏の強さとして指定されたものを選ぶ。,"{""option_0"": ""非常に強く"", ""option_1"": ""強く"", ""option_2"": ""少し強く"", ""option_3"": ""弱く"", ""option_4"": ""普通"", ""option_5"": ""少し弱く"", ""option_6"": ""無音"", ""option_7"": ""自由""}","""option_3"""
manual_v2_choice_029,choice,manual,insufficient,"""ある鳥が夕方に庭へ来た。巣の場所はまだ探しておらず、飛来した方向も記録していない。""",この記録から巣の場所を特定できるか。,"{""option_0"": ""特定できない"", ""option_1"": ""特定できる""}","""option_0"""
manual_v2_choice_030,choice,manual,history,"""物語の初稿では結末が別れだった。改稿で再会に変え、推敲でもその結末を維持した。""",採用された結末を選ぶ。,"{""option_0"": ""別れ"", ""option_1"": ""再会"", ""option_2"": ""夢から覚める""}","""option_1"""
manual_v2_choice_031,choice,manual,range,"""描画用の鉛筆は長さ12cm以上16cm以下を使う。アは11cm、イは14cm、ウは17cm。""",条件に合う鉛筆を選ぶ。,"{""option_0"": ""イ"", ""option_1"": ""ア"", ""option_2"": ""ウ"", ""option_3"": ""該当なし""}","""option_0"""
manual_v2_choice_032,choice,manual,arithmetic,"{""楽譜全体のページ数"": 18, ""初日に読んだページ数"": 7, ""次の日に読んだページ数"": 6, ""重複して読んだページ"": 0}",未読ページ数を選ぶ。,"{""option_0"": ""3"", ""option_1"": ""4"", ""option_2"": ""6"", ""option_3"": ""7"", ""option_4"": ""5""}","""option_4"""
manual_v2_choice_033,choice,manual,sequence,"""拍の並びは強・弱・弱の3拍で繰り返す。1周期の最後の弱拍を打ち終えた。""",次の拍を選ぶ。,"{""option_0"": ""弱"", ""option_1"": ""休止"", ""option_2"": ""強と弱を同時"", ""option_3"": ""自由拍"", ""option_4"": ""強"", ""option_5"": ""終了""}","""option_4"""
manual_v2_choice_034,choice,manual,meaning,"""「絵そのものは気に入っています。光が反射して見づらい置き方が残念です」""",改善してほしい対象を選ぶ。,"{""option_0"": ""絵の題材"", ""option_1"": ""額の色"", ""option_2"": ""作者名"", ""option_3"": ""絵の大きさ"", ""option_4"": ""展示の置き方"", ""option_5"": ""入場券の形"", ""option_6"": ""展示室の名前""}","""option_4"""
manual_v2_choice_035,choice,manual,extraction,"{""舞踊の衣装"": ""緑の上着"", ""小道具"": ""銀の鈴"", ""背景"": ""青い幕""}",小道具として指定されたものを選ぶ。,"{""option_0"": ""赤い旗"", ""option_1"": ""白い布"", ""option_2"": ""黒い帽子"", ""option_3"": ""金の冠"", ""option_4"": ""銀の鈴"", ""option_5"": ""青い本"", ""option_6"": ""緑の枝"", ""option_7"": ""紫の傘""}","""option_4"""
manual_v2_choice_036,choice,manual,history,"""水槽の観察記録では、卵が見つかり、数日後にすべてふ化した。現在、卵のまま残っているものはない。""",最新の状態を選ぶ。,"{""option_0"": ""すべて卵のまま"", ""option_1"": ""すべてふ化済み""}","""option_1"""
manual_v2_choice_037,choice,manual,exception,"""見学者は舞台へ上がれない。ただし体験枠に当選した見学者は係員と一緒なら上がれる。奏は当選し係員が同行している。""",奏について選ぶ。,"{""option_0"": ""上がれない"", ""option_1"": ""当選情報が不明"", ""option_2"": ""舞台へ上がれる""}","""option_2"""
manual_v2_choice_038,choice,manual,meaning,"""録音した声を再生すると片方のスピーカーからだけ音が出る。録音データ自体には左右両方の音があり、他のスピーカーでは両方聞こえる。""",この報告が指す問題箇所を選ぶ。,"{""option_0"": ""録音する文章"", ""option_1"": ""現在のスピーカー側"", ""option_2"": ""声の高さ"", ""option_3"": ""記録の日付""}","""option_1"""
manual_v2_choice_039,choice,manual,priority,"""作曲の見直し順は旋律、和音、装飾。旋律は確認を終えて確定し、和音と装飾はまだ未確認。""",次に見直すものを選ぶ。,"{""option_0"": ""和音"", ""option_1"": ""旋律をもう一度"", ""option_2"": ""装飾"", ""option_3"": ""曲名"", ""option_4"": ""確認を終える""}","""option_0"""
manual_v2_choice_040,choice,manual,history,"""盆栽を棚の左からA、B、Cと並べた。Aを右端へ移し、残りの順は変えなかった。""",現在の左端を選ぶ。,"{""option_0"": ""A"", ""option_1"": ""C"", ""option_2"": ""AとC"", ""option_3"": ""何もない"", ""option_4"": ""不明"", ""option_5"": ""B""}","""option_5"""
manual_v2_choice_041,choice,manual,meaning,"""試作品の「つまむ部分が滑る」という意見を、持ちやすさの評価として記録したい。""",意見の分類を選ぶ。,"{""option_0"": ""装飾性"", ""option_1"": ""香り"", ""option_2"": ""透明度"", ""option_3"": ""保管期限"", ""option_4"": ""文字の読みやすさ"", ""option_5"": ""持ちやすさ"", ""option_6"": ""音の質""}","""option_5"""
manual_v2_choice_042,choice,manual,conjunction,"""色は緑で形は星の飾りを探している。候補は下記の通りで、一つだけが両方を満たす。""",条件に合う飾りを選ぶ。,"{""option_0"": ""緑の丸"", ""option_1"": ""赤い星"", ""option_2"": ""青い星"", ""option_3"": ""緑の三角"", ""option_4"": ""黄の星"", ""option_5"": ""緑の星"", ""option_6"": ""緑の四角"", ""option_7"": ""白い星""}","""option_5"""
manual_v2_choice_043,choice,manual,contrast,"""「登場人物は少ないけれど、一人一人の気持ちがよく伝わる物語です」""",人物描写を肯定的に評価しているか。,"{""option_0"": ""肯定的に評価している"", ""option_1"": ""否定的に評価している""}","""option_0"""
manual_v2_choice_044,choice,manual,scope,"{""演目"": {""歌"": ""舞台上"", ""踊り"": ""舞台袖"", ""朗読"": ""控室""}}",踊りの出演者が待っている場所を選ぶ。,"{""option_0"": ""舞台袖"", ""option_1"": ""舞台上"", ""option_2"": ""控室""}","""option_0"""
manual_v2_choice_045,choice,manual,negation,"""「背景を消すのではなく、背景の線を少し薄くして」と指示された。""",求められる作業を選ぶ。,"{""option_0"": ""背景を削除"", ""option_1"": ""人物を消す"", ""option_2"": ""線を薄くする"", ""option_3"": ""線を太くする""}","""option_2"""
manual_v2_choice_046,choice,manual,temporal,"""観察会は日の出の30分前に集合する。この日の出は6時20分と決まっている。""",集合時刻を選ぶ。,"{""option_0"": ""5時30分"", ""option_1"": ""5時50分"", ""option_2"": ""6時"", ""option_3"": ""6時20分"", ""option_4"": ""6時50分""}","""option_1"""
manual_v2_choice_047,choice,manual,arithmetic,"""同じ長さの木片3本を端からつないだら全長27cmになった。重なりやすき間はない。""",木片1本の長さを選ぶ。,"{""option_0"": ""9cm"", ""option_1"": ""3cm"", ""option_2"": ""6cm"", ""option_3"": ""12cm"", ""option_4"": ""18cm"", ""option_5"": ""24cm""}","""option_0"""
manual_v2_choice_048,choice,manual,meaning,"""工作台のうち、描画は台A、糸を扱う作業は台B、粘土は台Cを使う。いま行うのは刺しゅう糸を縫い込む作業。""",指定された作業台を選ぶ。,"{""option_0"": ""台A"", ""option_1"": ""台C"", ""option_2"": ""全台"", ""option_3"": ""床"", ""option_4"": ""窓辺"", ""option_5"": ""台は使わない"", ""option_6"": ""台B""}","""option_6"""
manual_v2_choice_049,choice,manual,comparison,"""3つの録音の長さは甲が2分10秒、乙が1分50秒、丙が2分。""",最も短い録音を選ぶ。,"{""option_0"": ""甲"", ""option_1"": ""丙"", ""option_2"": ""甲と乙"", ""option_3"": ""乙と丙"", ""option_4"": ""甲と丙"", ""option_5"": ""全部同じ"", ""option_6"": ""乙"", ""option_7"": ""比較不能""}","""option_6"""
manual_v2_choice_050,choice,manual,scope,"""展示の記録係は「動いた作品だけ書き留める」。作品は点灯したが位置は動いていない。""",指定された記録対象に当たるか。,"{""option_0"": ""当たる"", ""option_1"": ""当たらない""}","""option_1"""
manual_v2_choice_051,choice,manual,arithmetic,"""コマを1回回すのにシールを2枚使う。シール10枚から2回分を使った。""",残りのシール枚数を選ぶ。,"{""option_0"": ""4枚"", ""option_1"": ""6枚"", ""option_2"": ""8枚""}","""option_1"""
manual_v2_choice_052,choice,manual,priority,"""選曲は「独唱できる曲を優先し、それがなければ合唱曲」。候補のうち曲Xは独唱可、曲Yは合唱専用。""",規則に従う選曲を選ぶ。,"{""option_0"": ""曲Y"", ""option_1"": ""両曲を同時"", ""option_2"": ""歌わない"", ""option_3"": ""曲X""}","""option_3"""
manual_v2_choice_053,choice,manual,extraction,"{""観測器の表示"": {""風向"": ""南"", ""強さ"": ""弱い"", ""記録時刻"": ""朝""}}",観測器に表示された風向を選ぶ。,"{""option_0"": ""東"", ""option_1"": ""西"", ""option_2"": ""南"", ""option_3"": ""北"", ""option_4"": ""不明""}","""option_2"""
manual_v2_choice_054,choice,manual,history,"""舞台ではベルが鳴った後に幕が開き、その後照明が明るくなった。時計の時刻は記録されていない。""",幕が開く直前の出来事を選ぶ。,"{""option_0"": ""照明が明るくなった"", ""option_1"": ""ベルが鳴った"", ""option_2"": ""幕が閉じた"", ""option_3"": ""拍手が始まった"", ""option_4"": ""演者が帰った"", ""option_5"": ""不明""}","""option_1"""
manual_v2_choice_055,choice,manual,insufficient,"""土の表面は乾いているが、中の水分は調べていない。容器の底も見ていない。\n\n観察は容器を動かさず、表面を外から見ただけで行った。土を掘って中を見たり、水分計を差し込んだりしていない。前日に水を与えたかどうかの記録もない。室温と容器の色は分かっているが、どちらからも土全体の水分量を計算できるという規則は与えられていない。観察メモには実際に確認した範囲だけを記し、見えていない部分を推測で埋めない方針である。""",土全体の水分状態について確実に言えることを選ぶ。,"{""option_0"": ""この情報だけでは決められない"", ""option_1"": ""全部乾燥"", ""option_2"": ""全部湿潤"", ""option_3"": ""底だけ湿潤"", ""option_4"": ""中央だけ乾燥"", ""option_5"": ""水分ゼロ"", ""option_6"": ""常に一定""}","""option_0"""
manual_v2_choice_056,choice,manual,meaning,"""吹奏楽の相談で「笛の音が聞こえにくいので、笛が分かるバランスにしたい」と述べた。""",中心となる要望を選ぶ。,"{""option_0"": ""曲名の変更"", ""option_1"": ""演奏日の変更"", ""option_2"": ""譜面の色変更"", ""option_3"": ""椅子の交換"", ""option_4"": ""服装変更"", ""option_5"": ""拍手の練習"", ""option_6"": ""部屋の掃除"", ""option_7"": ""音のバランス調整""}","""option_7"""
manual_v2_choice_057,choice,manual,quotation,"""朗読劇の台詞には「宝を捨てよう」があるが、演者は休憩中に「私自身なら大切に保管する」と述べた。""",演者本人の考えを選ぶ。,"{""option_0"": ""保管する"", ""option_1"": ""捨てる""}","""option_0"""
manual_v2_choice_058,choice,manual,boundary,"""工作コンクールの寸法条件は高さが10cmを超えること。作品の高さはちょうど10cm。""",作品を条件と照合した結果を選ぶ。,"{""option_0"": ""条件を満たす"", ""option_1"": ""上限を超えた"", ""option_2"": ""条件を満たさない""}","""option_2"""
manual_v2_choice_059,choice,manual,negation,"""「片づける対象は赤い布ではなく、赤い布の上にある道具です」と指定された。""",片づける対象を選ぶ。,"{""option_0"": ""布の上の道具"", ""option_1"": ""赤い布"", ""option_2"": ""部屋の全て"", ""option_3"": ""何も片づけない""}","""option_0"""
manual_v2_choice_060,choice,manual,arithmetic,"""パズルで1手進めるごとに2点得る。4手進めてから罠で3点失い、ほかに加減点はない。""",この間の得点の増加を選ぶ。,"{""option_0"": ""3点"", ""option_1"": ""4点"", ""option_2"": ""6点"", ""option_3"": ""5点"", ""option_4"": ""8点""}","""option_3"""
manual_v2_noul_001,noul,manual,entailment,"""物語の設定では、銀の印がある扉はすべて開く。目の前の扉には銀の印がある。""",設定に従えば、この扉は開くか。,"{""false"": ""いいえ"", ""true"": ""はい""}","""true"""
manual_v2_noul_002,noul,manual,negation,"""演出家は「歌わずに入場する場面ではありません。歌いながら入場します」と説明した。""",無言で入場する場面か。,"{""false"": ""いいえ"", ""true"": ""はい""}","""false"""
manual_v2_noul_003,noul,manual,conjunction,"{""採用条件"": ""幅が12cm以下で、留め穴が2個以上あること"", ""道具"": {""幅cm"": 8, ""留め穴の個数"": 3}}",この道具は両方の採用条件を満たすか。,"{""false"": ""いいえ"", ""true"": ""はい""}","""true"""
manual_v2_noul_004,noul,manual,insufficient,"""壺に水を入れたことは記録されているが、何杯入れたかは残っていない。""",3杯入れたと確認できるか。記録で確認できる場合だけ「はい」。,"{""false"": ""いいえ"", ""true"": ""はい""}","""false"""
manual_v2_noul_005,noul,manual,history,"""劇中で塔の旗は白から赤になり、その後青に変わった。終幕まで青のままだった。""",終幕の旗は青か。,"{""false"": ""いいえ"", ""true"": ""はい""}","""true"""
manual_v2_noul_006,noul,manual,entailment,"""この創作世界では、羽根があるときに限って鳥に分類し、羽根がなければ鳥以外に分類する。対象の生き物に羽根はない。""",提示された分類規則で、この生き物は鳥になるか。,"{""false"": ""いいえ"", ""true"": ""はい""}","""false"""
manual_v2_noul_007,noul,manual,boundary,"""参加できる作品は長辺が30cm以下。対象の長辺はちょうど30cm。""",寸法条件を満たすか。,"{""false"": ""いいえ"", ""true"": ""はい""}","""true"""
manual_v2_noul_008,noul,manual,boundary,"""物語の扉は魔力が5を超えた場合に限って開く。現在の魔力は5。""",この条件で扉が開くか。,"{""false"": ""いいえ"", ""true"": ""はい""}","""false"""
manual_v2_noul_009,noul,manual,temporal,"""劇場の合図は暗転してから音楽を始める。すでに暗転を終えたが、音楽はまだ始まっていない。""",音楽を始める前に必要な出来事は済んでいるか。,"{""false"": ""いいえ"", ""true"": ""はい""}","""true"""
manual_v2_noul_010,noul,manual,scope,"""絵の左右を比べた記録では、左半分だけ塗り終わり、右半分は下描きのまま。""",絵の全体が塗り終わっているか。,"{""false"": ""いいえ"", ""true"": ""はい""}","""false"""
manual_v2_noul_011,noul,manual,scope,"""「この詩の題名には賛成です。ただ、最後の行はもう少し考えたい」""",題名は肯定的に受け入れているか。,"{""false"": ""いいえ"", ""true"": ""はい""}","""true"""
manual_v2_noul_012,noul,manual,negation,"""「生地を冷やすのではなく、室温へ戻してください」という指示。""",冷たくすることを求めているか。,"{""false"": ""いいえ"", ""true"": ""はい""}","""false"""
manual_v2_noul_013,noul,manual,arithmetic,"{""正方形カードの並べ方"": {""縦の枚数"": 2, ""横の枚数"": 5, ""重なり"": false}}",カードは全部で10枚か。,"{""false"": ""いいえ"", ""true"": ""はい""}","""true"""
manual_v2_noul_014,noul,manual,arithmetic,"{""鉢の数"": 4, ""各鉢にまきたい種の数"": 3, ""持っている種の数"": 11}",すべての鉢に指定通りまけるか。,"{""false"": ""いいえ"", ""true"": ""はい""}","""false"""
manual_v2_noul_015,noul,manual,disjunction,"""舞台に立つ役は、踊れる人か笛を吹ける人が務める。奏は笛を吹ける。踊れるかは不明。""",奏は少なくとも示された条件の一つを満たすか。,"{""false"": ""いいえ"", ""true"": ""はい""}","""true"""
manual_v2_noul_016,noul,manual,conjunction,"""絵の応募には本人の作品で、未発表であることが必要。本人の作品だが昨年展示済み。""",二つの条件を両方満たすか。,"{""false"": ""いいえ"", ""true"": ""はい""}","""false"""
manual_v2_noul_017,noul,manual,negation,"""厚い紙を希望したのに、用意されたのは薄い紙だった。""",紙の厚さは希望と異なるか。,"{""false"": ""いいえ"", ""true"": ""はい""}","""true"""
manual_v2_noul_018,noul,manual,comparison,"""演奏Aは3分、演奏Bは4分。""",Aの方がBより長いか。,"{""false"": ""いいえ"", ""true"": ""はい""}","""false"""
manual_v2_noul_019,noul,manual,history,"""観測記録では、最初に雲が広がり、その後消えた。最後の観測時点には雲がなかった。\n\n観察者は同じ場所を順に見ており、別の場所の記録が混ざっているわけではない。最初の観察結果は履歴として残したが、その後の観察で状態が変わったことを確認した。途中の記録を最新の状態として扱わない。最後の観察以降は追加の記録がないので、質問は記録されている最後の時点について答える。明日の天気やこれからの雲の動きは、この質問の対象ではない。""",最後の時点では雲がないか。,"{""false"": ""いいえ"", ""true"": ""はい""}","""true"""
manual_v2_noul_020,noul,manual,exception,"""屋外の模写は自由だが、立入禁止の花壇内では描けない。場所は立入禁止の花壇内。""",自由に模写できる場所か。,"{""false"": ""いいえ"", ""true"": ""はい""}","""false"""
manual_v2_noul_021,noul,manual,priority,"""パズルの規則は、赤い駒を青い駒より先に動かす。両方まだ動かしていない。""",赤い駒から動かすのは規則に合うか。,"{""false"": ""いいえ"", ""true"": ""はい""}","""true"""
manual_v2_noul_022,noul,manual,negation,"""鳥が来たときだけ鐘を鳴らす約束。やって来たのは鳥ではなく猫。""",鐘を鳴らす指定条件が成立したか。,"{""false"": ""いいえ"", ""true"": ""はい""}","""false"""
manual_v2_noul_023,noul,manual,conjunction,"{""実験用模型"": {""土台が固定済み"": true, ""羽根が付いている"": true}, ""開始条件"": ""土台の固定と羽根の取付けの両方""}",開始条件はそろっているか。,"{""false"": ""いいえ"", ""true"": ""はい""}","""true"""
manual_v2_noul_024,noul,manual,insufficient,"""音の記録には大きさだけが残り、出た方向は不明。""",音が西から来たと確認できるか。記録で確認できる場合だけ「はい」。,"{""false"": ""いいえ"", ""true"": ""はい""}","""false"""
manual_v2_noul_025,noul,manual,history,"""最初は難しくて踊れなかったが、練習の最後には一人で通して踊れた。""",最後には一人で踊れたと述べているか。,"{""false"": ""いいえ"", ""true"": ""はい""}","""true"""
manual_v2_noul_026,noul,manual,scope,"""写真集の索引は山の写真だけを掲載対象とする。このページにあるのは海だけ。""",このページは索引の対象か。,"{""false"": ""いいえ"", ""true"": ""はい""}","""false"""
manual_v2_noul_027,noul,manual,range,"""種まき可能な気温は12度から20度まで。現在は16度。""",示された気温範囲内か。,"{""false"": ""いいえ"", ""true"": ""はい""}","""true"""
manual_v2_noul_028,noul,manual,conjunction,"""作品の完成条件は、乾燥と表面の仕上げの両方。乾いたが、仕上げはまだ。""",完成条件を満たしたか。,"{""false"": ""いいえ"", ""true"": ""はい""}","""false"""
manual_v2_noul_029,noul,manual,scope,"""舞台上で泣いているのは役の人物であり、演じた人が悲しい経験を告白したわけではない。""",涙は役の演技として説明されているか。,"{""false"": ""いいえ"", ""true"": ""はい""}","""true"""
manual_v2_noul_030,noul,manual,temporal,"""庭の時計は正午に音を鳴らす。今は11時55分で、今日はまだ鳴っていない。""",今日の正午の音は既に鳴ったか。,"{""false"": ""いいえ"", ""true"": ""はい""}","""false"""
manual_v2_noul_031,noul,manual,arithmetic,"""1周歩くと400m進む。途中で止まらず2周半歩いた。""",歩いた距離は1000mか。,"{""false"": ""いいえ"", ""true"": ""はい""}","""true"""
manual_v2_noul_032,noul,manual,scope,"""物語の前半は春、後半は冬に起きる。""",全編が同じ季節の出来事か。,"{""false"": ""いいえ"", ""true"": ""はい""}","""false"""
manual_v2_noul_033,noul,manual,conditional,"""この音楽遊びでは、鈴の合図を聞いた人は手を上げる。澄は鈴の合図を聞いた。""",規則に従うなら澄は手を上げるか。,"{""false"": ""いいえ"", ""true"": ""はい""}","""true"""
manual_v2_noul_034,noul,manual,negation,"""「この色が嫌いというわけではないが、今回の絵には採用しない」と作者が述べた。""",今回の絵にその色を採用すると述べたか。,"{""false"": ""いいえ"", ""true"": ""はい""}","""false"""
manual_v2_noul_035,noul,manual,disjunction,"""作品名は漢字でもひらがなでもよい。提出した題名はひらがなだけ。""",表記方法の指定を満たすか。,"{""false"": ""いいえ"", ""true"": ""はい""}","""true"""
manual_v2_noul_036,noul,manual,exact_match,"""展示カードの作品番号は「K-04」、作品の裏の番号は「K-40」。\n\n照合する番号は作品を識別するためのものであり、数字を並べ替えて同じ扱いにする規則はない。カードと作品は同じ色の箱に収められていたが、箱の色では番号の一致を判定しない。記号のハイフンも含めて、文字を左から順に比較する。展示の位置、作者の名前、カードの紙の大きさは番号照合に用いない。番号が一致しない場合の処置は、照合を終えた後に別途決める。""",記号と数字の並びは完全に一致するか。,"{""false"": ""いいえ"", ""true"": ""はい""}","""false"""
manual_v2_noul_037,noul,manual,extraction,"{""この場面の音源指定"": {""主音"": ""笛"", ""伴奏"": ""太鼓"", ""背景音"": ""水の音""}}",主音に指定された音源は笛か。,"{""false"": ""いいえ"", ""true"": ""はい""}","""true"""
manual_v2_noul_038,noul,manual,conditional,"""舞台の青ランプがついたときだけ幕を閉める。いま青ランプは消えている。""",指定された幕を閉める条件は成立しているか。,"{""false"": ""いいえ"", ""true"": ""はい""}","""false"""
manual_v2_noul_039,noul,manual,scope,"""物語の題名変更は決まり、表紙の色変更はまだ検討中。""",題名変更は決定事項か。,"{""false"": ""いいえ"", ""true"": ""はい""}","""true"""
manual_v2_noul_040,noul,manual,temporal,"""合図を出した後にボールを転がす。合図はまだ出ていない。""",合図の後という開始条件を満たしているか。,"{""false"": ""いいえ"", ""true"": ""はい""}","""false"""
manual_v2_noul_041,noul,manual,boundary,"""折り紙に使える紙は厚さ0.2mm以上。対象はちょうど0.2mm。""",下限を満たすか。,"{""false"": ""いいえ"", ""true"": ""はい""}","""true"""
manual_v2_noul_042,noul,manual,scope,"""観察対象の6鉢のうち、芽が出たのは1鉢だけ。""",6鉢全てに芽が出たか。,"{""false"": ""いいえ"", ""true"": ""はい""}","""false"""
manual_v2_noul_043,noul,manual,arithmetic,"""楽曲の前半は40小節、後半は前半より10小節短い。""",全体は70小節か。,"{""false"": ""いいえ"", ""true"": ""はい""}","""true"""
manual_v2_noul_044,noul,manual,permission,"{""物語の規則"": ""鍵を持つ人物だけが扉を開けられる"", ""鍵の持ち主"": ""海"", ""開けようとする人"": ""空""}",空はこの規則による開扉の権限を持つか。,"{""false"": ""いいえ"", ""true"": ""はい""}","""false"""
manual_v2_noul_045,noul,manual,meaning,"""「この音をもう一度聞きたい」に対し「同じ録音を再生します」と答えた。""",繰り返して聞けるようにする回答か。,"{""false"": ""いいえ"", ""true"": ""はい""}","""true"""
manual_v2_noul_046,noul,manual,negation,"""作者は絵を売るつもりはなく、見てもらうためだけに展示している。""",販売を目的とした展示だと説明されているか。,"{""false"": ""いいえ"", ""true"": ""はい""}","""false"""
manual_v2_noul_047,noul,manual,sequence,"""手拍子、足踏み、回転の順に行う。手拍子と足踏みは終わった。""",回転を次に行うのは指定順に合うか。,"{""false"": ""いいえ"", ""true"": ""はい""}","""true"""
manual_v2_noul_048,noul,manual,scope,"""花壇AもBも同じ花だが、Aは白い花、Bは赤い花を植えている。""",花の色まで同じか。,"{""false"": ""いいえ"", ""true"": ""はい""}","""false"""
manual_v2_noul_049,noul,manual,contrast,"""「衣装は重かったけれど、動きやすく作られていて助かった」""",動きやすさを良い点として述べているか。,"{""false"": ""いいえ"", ""true"": ""はい""}","""true"""
manual_v2_noul_050,noul,manual,insufficient,"""新しい模型は立てた状態でだけ試した。横に倒した状態の動作はまだ試していない。\n\n実験者は、立てた状態で動いたことを記録した。横向きにしたときに必ず同じ動きをするという設計上の保証は提示されていない。試していない配置の結果を、確認済みと書いてはいけない。模型の材料や色の記録はあるが、それだけで動作の有無を導く規則はない。次回の実験で横向きの動作を調べる予定だが、その実験はまだ実施していない。""",どちらの置き方でも動くと確認できるか。確認済みの場合だけ「はい」。,"{""false"": ""いいえ"", ""true"": ""はい""}","""false"""
manual_v2_noul_051,noul,manual,history,"{""台本の変更"": [""第一場を削除"", ""削除を撤回し第一場を復活""], ""最後の決定"": ""復活を維持""}",最終版には第一場があるか。,"{""false"": ""いいえ"", ""true"": ""はい""}","""true"""
manual_v2_noul_052,noul,manual,negation,"""演奏者が求めたのは楽器を新しくすることではなく、今の楽器を調整すること。""",楽器の買い替えを求めているか。,"{""false"": ""いいえ"", ""true"": ""はい""}","""false"""
manual_v2_noul_053,noul,manual,disjunction,"""絵本作りでは挿絵を水彩または色鉛筆で描く。今回は色鉛筆で描いた。""",指定された画材に該当するか。,"{""false"": ""いいえ"", ""true"": ""はい""}","""true"""
manual_v2_noul_054,noul,manual,exception,"""見本の花は触れてよいが、赤い台に置かれたものだけは触れない。対象は赤い台の上。""",対象に触れてよいか。,"{""false"": ""いいえ"", ""true"": ""はい""}","""false"""
manual_v2_noul_055,noul,manual,history,"""最初は低音で始まり、途中で高音に移った。最後は再び低音に戻って終わった。""",終わりの音域は低音か。,"{""false"": ""いいえ"", ""true"": ""はい""}","""true"""
manual_v2_noul_056,noul,manual,arithmetic,"""1回の遊びで玉を3個失う。残り8個から3回遊ぼうとしている。補充はない。""",3回とも必要な玉を用意できるか。,"{""false"": ""いいえ"", ""true"": ""はい""}","""false"""
manual_v2_noul_057,noul,manual,history,"""道しるべは以前左を指していたが、向きを直して現在は右を指す。""",現在の道しるべは右を指しているか。,"{""false"": ""いいえ"", ""true"": ""はい""}","""true"""
manual_v2_noul_058,noul,manual,priority,"""演奏順は弦楽器の後に笛と決めた。笛を最初に演奏しようとしている。""",指定された優先順に合っているか。,"{""false"": ""いいえ"", ""true"": ""はい""}","""false"""
manual_v2_noul_059,noul,manual,conditional,"""模型は風が吹いたら羽根を回す。風が吹き始めた。""",羽根を回す条件が成立したか。,"{""false"": ""いいえ"", ""true"": ""はい""}","""true"""
manual_v2_noul_060,noul,manual,boundary,"""この遊びの得点対象は中心から5cm以内。玉は中心から5.1cm。""",距離の条件を満たすか。,"{""false"": ""いいえ"", ""true"": ""はい""}","""false"""
manual_v2_score_001,score,manual,sentiment,"""物語の主人公は「何もかもつらく、ひどく落ち込んでいる」と語る。""",主人公が明言した現在の気持ちを選ぶ。,"[""ひどく落ち込む"", ""少し落ち込む"", ""平常心"", ""少し喜ぶ"", ""大喜び""]","""0"""
manual_v2_score_002,score,manual,sentiment,"""「いつもより少し気が沈むけれど、ひどく落ち込んではいない」と書かれている。""",明示された気持ちの段階を選ぶ。,"[""ひどく落ち込む"", ""少し落ち込む"", ""平常心"", ""少し喜ぶ"", ""大喜び""]","""1"""
manual_v2_score_003,score,manual,sentiment,"""人物の日記は「喜びも落胆もなく、落ち着いたいつもの気持ちだった」。""",人物の気持ちを選ぶ。,"[""ひどく落ち込む"", ""少し落ち込む"", ""平常心"", ""少し喜ぶ"", ""大喜び""]","""2"""
manual_v2_score_004,score,manual,sentiment,"""「知らせを聞いてちょっとうれしくなったが、大喜びというほどではない」。""",記述された気持ちを選ぶ。,"[""ひどく落ち込む"", ""少し落ち込む"", ""平常心"", ""少し喜ぶ"", ""大喜び""]","""3"""
manual_v2_score_005,score,manual,sentiment,"""主人公は「うれしくて飛び跳ねるほど大喜びした」と明言している。""",主人公の気持ちを選ぶ。,"[""ひどく落ち込む"", ""少し落ち込む"", ""平常心"", ""少し喜ぶ"", ""大喜び""]","""4"""
manual_v2_score_006,score,manual,count,"""盤上には石が4個あったが、すべて取り除いた。追加はしていない。""",いま盤上に残る石の数を評価する。,"[""0個"", ""1個"", ""2個"", ""3個"", ""4個""]","""0"""
manual_v2_score_007,score,manual,count,"""4つの飾りのうち、丸は1つ、残り3つは四角。""",丸い飾りの数を評価する。,"[""0個"", ""1個"", ""2個"", ""3個"", ""4個""]","""1"""
manual_v2_score_008,score,manual,count,"{""鳥の観察記録"": [""スズメ"", ""ハト"", ""スズメ"", ""ハト""], ""数え方"": ""同じ種類を繰り返し記録しても一種類として数える""}",記録された鳥の種類数を評価する。,"[""0種類"", ""1種類"", ""2種類"", ""3種類"", ""4種類""]","""2"""
manual_v2_score_009,score,manual,count,"""キャンドル4本のうち1本は消えていて、ほかは全て点いている。""",点いている本数を評価する。,"[""0本"", ""1本"", ""2本"", ""3本"", ""4本""]","""3"""
manual_v2_score_010,score,manual,count,"""赤い糸2本、青い糸1本、白い糸1本がある。色を問わず全て数える。\n\n本数は糸の色ではなく、一本ずつ別れた糸を対象にして数える。糸を束ねていないため、一本の中に複数の糸が隠れていることはない。使い終わった糸や机の外の糸は今回の記録に含まれない。作業者はこの後に糸を結ぶ予定だが、現在はまだ結んでおらず、切って増やすこともしていない。質問はこの記録時点で書かれた糸を全部数えるものである。""",糸の本数を評価する。,"[""0本"", ""1本"", ""2本"", ""3本"", ""4本""]","""4"""
manual_v2_score_011,score,manual,priority,"""展示案内の区分は、通常案内、注目、重点、最重点、特集。編集会議はこの作品を「最重点」に確定した。""",確定した紹介の優先段階を選ぶ。,"[""通常案内"", ""注目"", ""重点"", ""最重点"", ""特集""]","""3"""
manual_v2_score_012,score,manual,extraction,"{""楽譜指定"": {""強さ"": ""非常に弱い"", ""速さ"": ""普通""}}",音の強さだけを評価する。,"[""非常に弱い"", ""弱い"", ""普通"", ""強い"", ""非常に強い""]","""0"""
manual_v2_score_013,score,manual,temporal,"""人形が登場するのは、朝の場面、昼の場面、夕方の場面、夜の場面、翌朝の場面の順。この人形は夕方に初登場する。""",初登場の時点を選ぶ。,"[""朝"", ""昼"", ""夕方"", ""夜"", ""翌朝""]","""2"""
manual_v2_score_014,score,manual,negation,"""背景は消しておらず、ぼかしてもいない。元の輪郭が全部そのまま残っている。""",輪郭をぼかした程度を評価する。,"[""ぼかしなし"", ""一部だけ軽くぼかす"", ""半分ほどぼかす"", ""大半をぼかす"", ""全てぼかす""]","""0"""
manual_v2_score_015,score,manual,meaning,"""朗読ではささやき声を指定し、他の人に大声で呼びかける演出はない。""",声の大きさの指定を選ぶ。,"[""無声"", ""ささやき声"", ""通常の声"", ""大声"", ""最大の叫び声""]","""1"""
manual_v2_score_016,score,manual,scope,"{""舞台の幕の枚数"": 5, ""中央で交換する枚数"": 1, ""使い続ける枚数"": 4}",交換する範囲を評価する。,"[""交換なし"", ""全体の半分未満"", ""ちょうど半分"", ""半分を超えるが全部ではない"", ""全部""]","""1"""
manual_v2_score_017,score,manual,scope,"""花の模型10個のうち7個を白く塗り、残りは塗らずに残した。""",白く塗った割合を評価する。,"[""0%"", ""0%超50%未満"", ""50%"", ""50%超100%未満"", ""100%""]","""3"""
manual_v2_score_018,score,manual,meaning,"""絵の具の色は透明、薄い、標準、濃い、不透明の5区分。作品では下の模様が全く見えない不透明な色を使った。""",説明に合う区分を選ぶ。,"[""透明"", ""薄い"", ""標準"", ""濃い"", ""不透明""]","""4"""
manual_v2_score_019,score,manual,history,"""舞台の明るさを0から始め、2へ上げ、4へ上げてから1へ下げた。その後変えていない。""",現在の明るさの段階を選ぶ。,"[""0"", ""1"", ""2"", ""3"", ""4""]","""1"""
manual_v2_score_020,score,manual,history,"""笛の練習段階は、未練習、指だけ練習、音を出す練習、通し練習、発表。音を出す練習が終わり、通し練習にはまだ入っていない。\n\n練習記録には各段階の開始と終了を別々に書く。次にやる予定が決まっただけでは、その段階を終えたとは扱わない。発表の日程は候補が決まっているが、まだ発表自体はしていない。指だけを動かす練習の記録も履歴として残る。ここでは練習を始めてから到達した段階のうち、終了したことが確実に記録されている最後のものを答える。""",最後に終えた段階を選ぶ。,"[""未練習"", ""指だけ練習"", ""音を出す練習"", ""通し練習"", ""発表""]","""2"""
manual_v2_score_021,score,manual,history,"""小屋の模型は、一度完成した後に入口を外した。いまは入口だけを付け直す段階で、それが済むまで完成扱いしない。""",現在の段階を選ぶ。,"[""構想のみ"", ""土台だけ"", ""壁だけ"", ""入口の取付け待ち"", ""完成""]","""3"""
manual_v2_score_022,score,manual,history,"""初回の観察では芽がなかったが、次に芽が出て、現在は花まで咲いている。""",最も新しい到達段階を選ぶ。,"[""種だけ"", ""発芽"", ""葉が出た"", ""つぼみ"", ""開花""]","""4"""
manual_v2_score_023,score,manual,history,"""物語の進み方は、出発、森、川、丘、到着。登場人物は川からいったん森に戻り、まだそこにいる。""",現在いる段階を選ぶ。,"[""出発地点"", ""森"", ""川"", ""丘"", ""到着地""]","""1"""
manual_v2_score_024,score,manual,boundary,"""色見本に使える長さは10cm以下、20cm以下、30cm以下、40cm以下、それより長いものの5区分。ひもの長さは30cm。重ならない最も小さい上限の区分へ入れる。""",区分を選ぶ。,"[""10cm以下"", ""10cm超20cm以下"", ""20cm超30cm以下"", ""30cm超40cm以下"", ""40cm超""]","""2"""
manual_v2_score_025,score,manual,arithmetic,"{""玉の総数"": 6, ""一つのかごに入れた玉の数"": 3, ""条件"": ""全て同じ個数ずつ分け、空のかごは数えない""}",玉が入ったかごの数を評価する。,"[""0かご"", ""1かご"", ""2かご"", ""3かご"", ""4かご以上""]","""2"""
manual_v2_score_026,score,manual,arithmetic,"""5拍の型を3回演奏し、そのうち最後の5拍は休んだ。""",実際に音を出した拍数の区分を選ぶ。,"[""0拍"", ""1〜5拍"", ""6〜10拍"", ""11〜15拍"", ""16拍以上""]","""2"""
manual_v2_score_027,score,manual,arithmetic,"""色水8杯を二つの容器へ同じ量ずつ分けた。その後、片方から1杯取り出した。""",取り出した側に残る杯数を選ぶ。,"[""0杯"", ""1杯"", ""2杯"", ""3杯"", ""4杯以上""]","""3"""
manual_v2_score_028,score,manual,arithmetic,"""絵葉書を4人が2枚ずつ描いた。そのうち3枚を展示した。""",展示していない枚数の区分を選ぶ。,"[""0枚"", ""1枚"", ""2枚"", ""3枚"", ""4枚以上""]","""4"""
manual_v2_score_029,score,manual,range,"{""花壇の開花率"": ""25%"", ""段階の境界"": [""0%"", ""25%"", ""50%"", ""75%"", ""100%""]}",該当する段階を選ぶ。,"[""25%未満"", ""25%以上50%未満"", ""50%以上75%未満"", ""75%以上100%未満"", ""100%""]","""1"""
manual_v2_score_030,score,manual,range,"""観察した影の長さは18cm。""",記録値に合う区分を選ぶ。,"[""0〜4cm"", ""5〜9cm"", ""10〜14cm"", ""15〜19cm"", ""20cm以上""]","""3"""
manual_v2_score_031,score,manual,insufficient,"""絵の記録には作者名と制作年はあるが、画材は不明。大きさも測っていない。""",作者、年、画材、大きさのうち記録から確定できる情報数を評価する。,"[""0項目"", ""1項目"", ""2項目"", ""3項目"", ""4項目""]","""2"""
manual_v2_score_032,score,manual,extraction,"""練習曲について、曲名、拍子、調、速さの4つを確認した。4項目とも楽譜に明記されている。""",確認できた情報数を評価する。,"[""0項目"", ""1項目"", ""2項目"", ""3項目"", ""4項目""]","""4"""
manual_v2_score_033,score,manual,insufficient,"{""展示カード"": {""作品名"": null, ""作者名"": null, ""制作年"": null, ""画材"": null}, ""注記"": ""空欄は情報不明を示す""}",このカードで確定できる指定4情報の数を評価する。,"[""0項目"", ""1項目"", ""2項目"", ""3項目"", ""4項目""]","""0"""
manual_v2_score_034,score,manual,insufficient,"""鳥の観察メモには色だけが書かれ、鳴き声、尾の長さ、飛んだ方向は不明。""",色、鳴き声、尾、方向の4項目で確定できるものの数を評価する。,"[""0項目"", ""1項目"", ""2項目"", ""3項目"", ""4項目""]","""1"""
manual_v2_score_035,score,manual,history,"""以前の記録ではろうそくが3本点いていたが、現在は全て消えた。""",現在点いている数を選ぶ。,"[""0本"", ""1本"", ""2本"", ""3本以上""]","""0"""
manual_v2_score_036,score,manual,count,"""庭に白い石が1つと、黒い石が4つある。白い石だけを数える。""",対象の個数を選ぶ。,"[""0個"", ""1個"", ""2個"", ""3個以上""]","""1"""
manual_v2_score_037,score,manual,count,"""演目表には独唱、合唱、独唱、朗読がある。歌の人数によらず「独唱」と記された演目だけを数える。""",独唱の演目数を評価する。,"[""0演目"", ""1演目"", ""2演目"", ""3演目以上""]","""2"""
manual_v2_score_038,score,manual,count,"""調整つまみは左、中央、右の3つ。全て回し終わった。""",回し終わったつまみ数を選ぶ。,"[""0個"", ""1個"", ""2個"", ""3個以上""]","""3"""
manual_v2_score_039,score,manual,meaning,"""この物語の提案は、人物の台詞により「必ず拒否する」と確定している。""",受け入れる可能性について台詞の意味を評価する。,"[""拒否を確定"", ""判断保留"", ""条件を満たせば受け入れる"", ""受け入れを確定""]","""0"""
manual_v2_score_040,score,manual,insufficient,"""「何が入っているか分かるまでは、開けるとも開けないとも決めない」と話した。""",開封についての意思決定段階を選ぶ。,"[""開けないと確定"", ""判断保留"", ""条件付きで開けると決定"", ""無条件で開けると決定""]","""1"""
manual_v2_score_041,score,manual,conditional,"""「鐘が三度鳴るなら橋を渡る。鳴らなければ渡らない」と決めた。""",橋を渡る意思について選ぶ。,"[""渡らないと確定"", ""まだ判断していない"", ""条件付きで渡る"", ""無条件で渡る""]","""2"""
manual_v2_score_042,score,manual,meaning,"""「その役を引き受けます。何か条件を付けるつもりはありません」と明言した。""",役を引き受ける意思を評価する。,"[""断る"", ""保留"", ""条件付きで引き受ける"", ""無条件で引き受ける""]","""3"""
manual_v2_score_043,score,manual,scope,"""赤い箱には小石1個、青い箱には小石2個、黄色い箱には小石3個。色は分類用の目印。""",青い箱だけの個数を評価する。,"[""0個"", ""1個"", ""2個"", ""3個以上""]","""2"""
manual_v2_score_044,score,manual,boundary,"""この遊びの段階区分は0〜2点、3〜5点、6〜8点、9点以上。いま6点。\n\n区分は整数点を隙間なく分けたもので、点数そのものを回答する問題ではない。境界にある整数も、その整数を含む区分に入れる。初めに持っていた点数や前の回の点数はここでは使わない。今回の値は確定しており、平均を取ったり四捨五入したりする必要はない。提示された四つの区分の中から、現在の点数を含むものを一つだけ選ぶ。""",点数の区分を選ぶ。,"[""0〜2点"", ""3〜5点"", ""6〜8点"", ""9点以上""]","""2"""
manual_v2_score_045,score,manual,boundary,"""この観測の強さは1未満、1以上2未満、2以上3未満、3以上の順に区分する。値は2。""",値が入る区分を選ぶ。,"[""1未満"", ""1以上2未満"", ""2以上3未満"", ""3以上""]","""2"""
manual_v2_score_046,score,manual,boundary,"""紙の寸法区分は10cm未満、10cm以上20cm未満、20cm以上30cm未満、30cm以上。紙は30cm。""",区分を選ぶ。,"[""10cm未満"", ""10cm以上20cm未満"", ""20cm以上30cm未満"", ""30cm以上""]","""3"""
manual_v2_score_047,score,manual,meaning,"""作品にはまだ名前が付いていない。仮の名前も候補もない。""",命名の進み具合を評価する。,"[""候補なし"", ""候補あり未決定"", ""仮題決定"", ""正式題決定""]","""0"""
manual_v2_score_048,score,manual,meaning,"""曲名の候補は二つあるが、仮題も正式題も選んでいない。""",命名の進み具合を評価する。,"[""候補なし"", ""候補あり未決定"", ""仮題決定"", ""正式題決定""]","""1"""
manual_v2_score_049,score,manual,scope,"""舞台の見える範囲は、幕の左半分だけ。右半分は隠れている。""",見えている範囲を選ぶ。,"[""見えない"", ""半分未満"", ""ちょうど半分"", ""半分より多い""]","""2"""
manual_v2_score_050,score,manual,scope,"""原稿の10行中9行を残し、1行だけを削った。""",残した範囲を選ぶ。,"[""残していない"", ""半分未満"", ""ちょうど半分"", ""半分より多い""]","""3"""
manual_v2_score_051,score,manual,comparison,"""演奏の回数は先週4回、今週2回。""",今週の回数を先週と比べる。,"[""少ない"", ""同じ"", ""多い""]","""0"""
manual_v2_score_052,score,manual,comparison,"""人形の高さと隣の積み木の高さを測ると、どちらも15cmだった。""",人形の高さを積み木と比べる。,"[""低い"", ""同じ"", ""高い""]","""1"""
manual_v2_score_053,score,manual,comparison,"""新しい画布の面積は古い画布の2倍である。""",新しい画布の面積を古いものと比べる。,"[""小さい"", ""同じ"", ""大きい""]","""2"""
manual_v2_score_054,score,manual,history,"""物語の橋は最初2本だった。1本壊れたあと、2本新しく造られた。""",橋の本数を物語の最初と比べる。,"[""減った"", ""同じ"", ""増えた""]","""2"""
manual_v2_score_055,score,manual,count,"""5本の管すべてから音が出た。音の高さが同じでも別々の管として数える。""",音が出た管数を選ぶ。,"[""0本"", ""1本"", ""2本"", ""3本"", ""4本"", ""5本""]","""5"""
manual_v2_score_056,score,manual,count,"""5枚の札に星、丸、丸、丸、丸がある。星だけを対象にする。""",星の札の数を選ぶ。,"[""0枚"", ""1枚"", ""2枚"", ""3枚"", ""4枚"", ""5枚""]","""1"""
manual_v2_score_057,score,manual,count,"""投げた5個の輪のうち、棒に入ったのは最初、3番目、最後の3個だった。""",棒に入った輪の数を選ぶ。,"[""0個"", ""1個"", ""2個"", ""3個"", ""4個"", ""5個""]","""3"""
manual_v2_score_058,score,manual,count,"""5種類の葉を採集した。1種類を箱へ戻し、残りを観察皿に置いた。""",観察皿にある葉の種類数を選ぶ。,"[""0種類"", ""1種類"", ""2種類"", ""3種類"", ""4種類"", ""5種類""]","""4"""
manual_v2_score_059,score,manual,meaning,"""物語の会話は小声で、隣の人物には言葉が全部聞こえる。部屋の離れた場所にいる人物や、外の人物には聞こえない。""",指定の聞こえ方で評価する。,"[""相手にも聞こえない"", ""隣の相手には聞こえる"", ""部屋全体に聞こえる"", ""外まで聞こえる""]","""1"""
manual_v2_score_060,score,manual,meaning,"""鐘の音は建物の外まで明瞭に届いていると書かれている。""",指定の聞こえ方で評価する。,"[""相手にも聞こえない"", ""隣の相手には聞こえる"", ""部屋全体に聞こえる"", ""外まで聞こえる""]","""3"""
v2-gen-noul-07-008,noul,generated,識別文字列の完全一致,"""商品ラベルの管理コードは「EF2-A」、注文票の管理コードは「EF2-D」です。照合では大文字と小文字、記号の違いも区別します。""",指定された照合規則で一致と判定できますか。,"{""false"": ""いいえ。質問の命題は成立しない。"", ""true"": ""はい。質問の命題が成立する。""}","""false"""
v2-gen-noul-12-021,noul,generated,記録と主張の照合,"""山道施設の入口について、いま確認した確定記録は北口は完全に閉じている、南口は半分だけ開いている、東口は4分の1だけ開いている、西口は完全に開いている、裏口は4分の1だけ開いている、搬入口は4分の1だけ開いているです。現在の判断にはこの確定記録だけを使います。""",いま北口が4分の1だけ開いているという判断は正しいですか。,"{""false"": ""いいえ。質問の命題は成立しない。"", ""true"": ""はい。質問の命題が成立する。""}","""false"""
v2-gen-noul-02-049,noul,generated,全条件の充足,"{""すべて必要な条件"": [""本人確認"", ""所属確認"", ""申込書提出"", ""利用説明受講""], ""対象"": ""中村"", ""完了状況"": {""本人確認"": false, ""所属確認"": false, ""申込書提出"": false, ""利用説明受講"": false}}",不足条件なく利用を許可できますか。,"{""false"": ""いいえ。質問の命題は成立しない。"", ""true"": ""はい。質問の命題が成立する。""}","""false"""
v2-gen-noul-11-037,noul,generated,参照関係の真偽,"{""案件担当"": {""草原"": ""吉田"", ""灯台"": ""松本"", ""水面"": ""高橋"", ""朝露"": ""佐藤""}, ""資料関連先"": {""クリップ"": ""朝露"", ""カード"": ""草原"", ""テープ"": ""灯台"", ""箱"": ""水面""}}",クリップに関連する案件の担当は佐藤さんですか。,"{""false"": ""いいえ。質問の命題は成立しない。"", ""true"": ""はい。質問の命題が成立する。""}","""true"""
v2-gen-score-07-028,score,generated,証拠の最高到達段階,"{""調査"": ""灯台"", ""この調査の証拠段階"": {""写真記録"": 1, ""口頭メモ"": 2, ""監査記録"": 3, ""立会記録"": 4, ""一次資料"": 5}, ""得られた証拠"": [""写真記録"", ""監査記録"", ""立会記録""], ""集約規則"": ""得られた段階の最大。証拠なしは0""}",この調査の証拠段階を選んでください。,"[""証拠なしの段階0"", ""表に基づく最高証拠段階1"", ""表に基づく最高証拠段階2"", ""表に基づく最高証拠段階3"", ""表に基づく最高証拠段階4"", ""表に基づく最高証拠段階5""]","""4"""
v2-gen-score-05-048,score,generated,緊急条件の加点,"{""案件"": ""星空"", ""基本優先度"": 2, ""締切までの残り時間"": 1, ""規則"": ""残り6時間以内なら1加点、それより長ければ0加点。上限3""}",締切までの時間による条件を反映した段階を答えてください。,"[""最終優先度0"", ""最終優先度1"", ""最終優先度2"", ""最終優先度3""]","""3"""
v2-gen-choice-05-043,choice,generated,否定条件で選択,"{""検品"": [{""品名"": ""ケース"", ""封がある"": false, ""濡れている"": false}, {""品名"": ""カード"", ""封がある"": true, ""濡れている"": false}, {""品名"": ""袋"", ""封がある"": false, ""濡れている"": true}, {""品名"": ""封筒"", ""封がある"": false, ""濡れている"": false}, {""品名"": ""名札"", ""封がある"": false, ""濡れている"": false}]}",封があるもので、かつ濡れていない品を選んでください。,"{""カード"": ""カード"", ""ケース"": ""ケース"", ""名札"": ""名札"", ""封筒"": ""封筒"", ""袋"": ""袋""}","""カード"""
v2-gen-choice-15-042,choice,generated,文章内の順序参照,"{""会議"": ""草原"", ""発表順"": [""木村"", ""山田""]}",最初を1番目として、2番目の発表者を選んでください。,"{""山田"": ""山田さん"", ""木村"": ""木村さん""}","""山田"""
v2-gen-score-09-029,score,generated,例外による上限,"""検査合格状況: 付属品は合格、動作は不合格、寸法は合格、表示は不合格、外観は合格、包装は合格。合格項目一つにつき1点ですが、要再確認の印があれば上限4点に制限します。今回その印はあります。""",例外条件を反映した評価段階を答えてください。,"[""最終点0点"", ""最終点1点"", ""最終点2点"", ""最終点3点"", ""最終点4点"", ""最終点5点"", ""最終点6点""]","""4"""
v2-gen-noul-13-046,noul,generated,範囲の開閉境界,"""星空の受付数は、6個以上、かつ11個未満の場合に限り適合です。今回の数は5個です。""",指定された範囲条件を満たしていますか。,"{""false"": ""いいえ。質問の命題は成立しない。"", ""true"": ""はい。質問の命題が成立する。""}","""false"""
v2-gen-score-12-045,score,generated,目標からの差,"{""案件"": ""草原"", ""目標数"": 14, ""実績数"": 14, ""採点"": ""差の絶対値。ただし1以上は段階1""}",不足・超過の向きではなく差の大きさで評価してください。,"[""目標との差が0個"", ""目標との差が1個以上""]","""0"""
v2-gen-noul-10-038,noul,generated,条件付き義務,"""規則: 新規申請のときだけ事前連絡が必須です。それ以外の場合にはこの義務はなく、実施していても構いません。今回の案件は新規申請に該当で、事前連絡は実施済みです。""",この記録は規則を守っていますか。,"{""false"": ""いいえ。質問の命題は成立しない。"", ""true"": ""はい。質問の命題が成立する。""}","""true"""
v2-gen-score-01-041,score,generated,件数の段階境界,"{""案件"": ""朝露"", ""計数対象"": ""未処理の連絡"", ""件数"": 16, ""処理済みを除外"": true}",記録された数に対応する段階を選んでください。,"[""対象件数が3件未満"", ""対象件数が3件以上、6件未満"", ""対象件数が6件以上、9件未満"", ""対象件数が9件以上、12件未満"", ""対象件数が12件以上、15件未満"", ""対象件数が15件以上、18件未満"", ""対象件数が18件以上""]","""5"""
v2-gen-choice-09-017,choice,generated,利用可能集合の差,"{""利用可能品"": [""ケース"", ""名札"", ""封筒""], ""予約済み品"": [""封筒"", ""ペン"", ""ケース"", ""ファイル""]}",利用可能品のうち、予約されていない品を選んでください。,"{""ケース"": ""ケース"", ""ファイル"": ""ファイル"", ""ペン"": ""ペン"", ""冊子"": ""冊子"", ""名札"": ""名札"", ""封筒"": ""封筒""}","""名札"""
v2-gen-score-10-034,score,generated,不足の段階,"{""申請"": ""草原"", ""必要書類"": [""確認票"", ""見積書"", ""同意書"", ""添付図""], ""届いた書類"": [""添付図"", ""挨拶状""], ""余分な書類で代用できる"": false}",未提出の必要書類はいくつの段階ですか。,"[""不足が0種類"", ""不足が1種類"", ""不足が2種類"", ""不足が3種類"", ""不足が4種類""]","""3"""
v2-gen-choice-14-015,choice,generated,二属性照合,"""展示品の札: テープは青色・金属製、ペンは赤色・木製、付箋は白色・金属製。探しているのは赤色の木製です。""",色だけ・素材だけの一致では足りません。該当品を答えてください。,"{""テープ"": ""テープ"", ""ペン"": ""ペン"", ""付箋"": ""付箋""}","""ペン"""
v2-gen-score-03-015,score,generated,順番に進む工程,"{""案件"": ""白波"", ""工程順"": [""日程調整"", ""調査"", ""引継ぎ""], ""完了済み"": [], ""着手中は完了に含めない"": true}",この案件は完了ベースでどの段階まで進みましたか。,"[""完了した工程はまだない"", ""先頭から1工程が完了（最後に完了したのは日程調整）"", ""先頭から2工程が完了（最後に完了したのは調査）"", ""先頭から3工程が完了（最後に完了したのは引継ぎ）""]","""0"""
v2-gen-noul-10-024,noul,generated,条件付き義務,"""規則: 個人向けのときだけ確認票の添付が必須です。それ以外の場合にはこの義務はなく、実施していても構いません。今回の案件は個人向けに非該当で、確認票の添付は未実施です。""",この義務に関して、規則上問題なしと判定できますか。,"{""false"": ""いいえ。質問の命題は成立しない。"", ""true"": ""はい。質問の命題が成立する。""}","""true"""
v2-gen-score-06-012,score,generated,約束時刻からの遅れ,"""木漏れ日便は8時到着の約束でした。実際の到着は同じ日の11時です。早着した場合の遅れは0時間とします。""",到着の遅れを段階基準で評価してください。,"[""遅れが2時間未満"", ""遅れが2時間以上、4時間未満"", ""遅れが4時間以上、6時間未満"", ""遅れが6時間以上""]","""1"""
v2-gen-choice-03-049,choice,generated,最終更新,"""案件「灯台」の記録です。8時の更新: 発送済み。 16時の更新: 未着手。 18時の更新: 受取済み。 15時の更新: 確認中。""",時刻が最も新しい更新に基づく状態を答えてください。,"{""受取済み"": ""受取済み"", ""承認"": ""承認"", ""未着手"": ""未着手"", ""発送済み"": ""発送済み"", ""確認中"": ""確認中""}","""受取済み"""
v2-gen-choice-12-049,choice,generated,条件付き不足書類,"""書類確認の優先順は受領票→本人確認票→承認書→委任状→見積書→同意書→申込書。本人確認票だけは代理申請の場合に限って必要で、それ以外は常に必要です。今回は本人申請。提出済みは同意書、申込書、委任状、本人確認票、受領票、承認書です。""",未提出の必要書類のうち優先順が最初のものを選んでください。全部そろっていれば追加不要です。,"{""受領票"": ""受領票"", ""同意書"": ""同意書"", ""委任状"": ""委任状"", ""承認書"": ""承認書"", ""本人確認票"": ""本人確認票"", ""申込書"": ""申込書"", ""見積書"": ""見積書"", ""追加不要"": ""必要書類はすべて提出済み""}","""見積書"""
v2-gen-noul-01-014,noul,generated,事実と否定質問,"""林さんについての確定記録: 確認メールを送信していません。""",確定情報だけから、林さんが確認メールを送信していないという判断は正しいですか。,"{""false"": ""いいえ。質問の命題は成立しない。"", ""true"": ""はい。質問の命題が成立する。""}","""true"""
v2-gen-choice-07-001,choice,generated,複数属性の制約,"""在庫表: 封筒は青色・金属製・在庫あり、付箋は茶色・木製・在庫あり、ラベルは青色・布製・在庫あり、名札は黄色・木製・在庫あり、ファイルは赤色・木製・在庫あり、クリップは青色・木製・在庫あり、用紙は青色・ガラス製・在庫あり、ノートは青色・木製・在庫なし。""",青色で木製、在庫もある品を選んでください。,"{""クリップ"": ""クリップ"", ""ノート"": ""ノート"", ""ファイル"": ""ファイル"", ""ラベル"": ""ラベル"", ""付箋"": ""付箋"", ""名札"": ""名札"", ""封筒"": ""封筒"", ""用紙"": ""用紙""}","""クリップ"""
v2-gen-score-03-045,score,generated,順番に進む工程,"""星空の工程順は承認→検収→日程調整→引継ぎ→審査。先頭から順に進め、完了済みは承認、検収です。着手中の工程は完了に含めません。""",工程の完了状況を段階尺度で評価してください。,"[""完了した工程はまだない"", ""先頭から1工程が完了（最後に完了したのは承認）"", ""先頭から2工程が完了（最後に完了したのは検収）"", ""先頭から3工程が完了（最後に完了したのは日程調整）"", ""先頭から4工程が完了（最後に完了したのは引継ぎ）"", ""先頭から5工程が完了（最後に完了したのは審査）""]","""2"""
v2-gen-choice-12-032,choice,generated,条件付き不足書類,"""書類確認の優先順は本人確認票→委任状。委任状だけは代理申請の場合に限って必要で、それ以外は常に必要です。今回は本人申請。提出済みは委任状です。""",必要な不足書類を先頭から一つだけ案内します。どれですか。必要書類に不足がなければ追加不要です。,"{""委任状"": ""委任状"", ""本人確認票"": ""本人確認票"", ""追加不要"": ""必要書類はすべて提出済み""}","""本人確認票"""
v2-gen-choice-06-030,choice,generated,時間枠の包含,"""部屋の連続利用可能時間: 茶室は12時から14時まで、赤室は11時から13時まで、緑室は10時から11時まで、青室は12時から13時まで、白室は12時から14時まで、黄室は10時から11時まで、紫室は10時から11時まで、黒室は12時から13時まで。会議は11時開始、12時終了です。""",会議時間の一部だけでなく全体を含む空き時間を持つ部屋を答えてください。端の一致は可です。,"{""白"": ""白室"", ""紫"": ""紫室"", ""緑"": ""緑室"", ""茶"": ""茶室"", ""赤"": ""赤室"", ""青"": ""青室"", ""黄"": ""黄室"", ""黒"": ""黒室""}","""赤"""
v2-gen-score-05-047,score,generated,緊急条件の加点,"{""案件"": ""灯台"", ""基本優先度"": 2, ""締切までの残り時間"": 8, ""規則"": ""残り4時間以内なら1加点、それより長ければ0加点。上限2""}",今回の最終優先段階を求めてください。,"[""最終優先度0"", ""最終優先度1"", ""最終優先度2""]","""2"""
v2-gen-noul-10-008,noul,generated,条件付き義務,"""規則: 個人向けのときだけ事前連絡が必須です。それ以外の場合にはこの義務はなく、実施していても構いません。今回の案件は個人向けに非該当で、事前連絡は未実施です。""",この記録は規則を守っていますか。,"{""false"": ""いいえ。質問の命題は成立しない。"", ""true"": ""はい。質問の命題が成立する。""}","""true"""
v2-gen-choice-03-032,choice,generated,最終更新,"""案件「木漏れ日」の記録です。10時の更新: 承認。 9時の更新: 発送済み。 16時の更新: 発送済み。 14時の更新: 未着手。""",時刻が最も新しい更新に基づく状態を答えてください。,"{""差戻し"": ""差戻し"", ""承認"": ""承認"", ""未着手"": ""未着手"", ""発送済み"": ""発送済み""}","""発送済み"""
v2-gen-score-06-009,score,generated,約束時刻からの遅れ,"""春風便は8時到着の約束でした。実際の到着は同じ日の17時です。早着した場合の遅れは0時間とします。""",到着の遅れを段階基準で評価してください。,"[""遅れが2時間未満"", ""遅れが2時間以上、4時間未満"", ""遅れが4時間以上、6時間未満"", ""遅れが6時間以上、8時間未満"", ""遅れが8時間以上、10時間未満"", ""遅れが10時間以上、12時間未満"", ""遅れが12時間以上、14時間未満"", ""遅れが14時間以上""]","""4"""
v2-gen-choice-02-040,choice,generated,条件と優先例外,"""白波店では会員で購入数が5個以上なら優待扱いです。ただし予約品は購入数や会員資格にかかわらず通常扱いです。今回は12個、会員、通常在庫品です。""",この購入に適用する扱いを選んでください。,"{""優待"": ""優待の扱い"", ""通常"": ""通常の扱い""}","""優待"""
v2-gen-noul-03-014,noul,generated,いずれかの条件,"{""いずれか一つ以上必要"": [""紹介状"", ""受付確認票"", ""会員証""], ""所持状況"": {""紹介状"": false, ""受付確認票"": true, ""会員証"": false}, ""対象"": ""渡辺""}",この人は受付基準を満たしていますか。,"{""false"": ""いいえ。質問の命題は成立しない。"", ""true"": ""はい。質問の命題が成立する。""}","""true"""
v2-gen-choice-13-017,choice,generated,工程の依存順,"{""案件"": ""夕凪"", ""工程順"": [""見積作成"", ""内容確認"", ""受付"", ""報告""], ""完了済み"": [""見積作成""], ""規則"": ""順に実行し未完了工程を飛ばさない""}",この作業を一段進めるときに着手する工程を答えてください。残りがなければ完了です。,"{""内容確認"": ""内容確認"", ""受付"": ""受付"", ""報告"": ""報告"", ""完了"": ""全工程が完了"", ""見積作成"": ""見積作成""}","""内容確認"""
v2-gen-choice-05-039,choice,generated,否定条件で選択,"{""検品"": [{""品名"": ""ケース"", ""封がある"": false, ""濡れている"": true}, {""品名"": ""シール"", ""封がある"": false, ""濡れている"": true}, {""品名"": ""ラベル"", ""封がある"": false, ""濡れている"": true}, {""品名"": ""付箋"", ""封がある"": true, ""濡れている"": true}, {""品名"": ""用紙"", ""封がある"": false, ""濡れている"": true}, {""品名"": ""ファイル"", ""封がある"": true, ""濡れている"": false}]}",濡れた品は除外し、封がある品を一つ選んでください。,"{""ケース"": ""ケース"", ""シール"": ""シール"", ""ファイル"": ""ファイル"", ""ラベル"": ""ラベル"", ""付箋"": ""付箋"", ""用紙"": ""用紙""}","""ファイル"""
v2-gen-noul-04-042,noul,generated,例外の優先,"""規則: 登録済みであれば夕凪を利用できます。ただし未返却品ありなら利用できません。渡辺さんは登録済みに該当、未返却品ありに非該当です。""",例外を含む規則のもとで利用は許可されますか。,"{""false"": ""いいえ。質問の命題は成立しない。"", ""true"": ""はい。質問の命題が成立する。""}","""true"""
v2-gen-noul-06-012,noul,generated,更新後の状態,"{""対象"": ""水面"", ""更新記録"": [{""時刻"": 8, ""状態"": ""空席あり""}, {""時刻"": 7, ""状態"": ""空席あり""}, {""時刻"": 17, ""状態"": ""使用可能""}, {""時刻"": 10, ""状態"": ""空席あり""}], ""規則"": ""最新時刻の記録が有効""}",現在の状態は「使用可能」ですか。,"{""false"": ""いいえ。質問の命題は成立しない。"", ""true"": ""はい。質問の命題が成立する。""}","""true"""
v2-gen-choice-02-014,choice,generated,条件と優先例外,"""灯台店では会員で購入数が6個以上なら優待扱いです。ただし予約品は購入数や会員資格にかかわらず通常扱いです。今回は15個、会員、通常在庫品です。""",この購入に適用する扱いを選んでください。,"{""優待"": ""優待の扱い"", ""通常"": ""通常の扱い""}","""優待"""
v2-gen-choice-11-043,choice,generated,小数量の比較,"{""在庫"": [{""品名"": ""ケース"", ""総在庫"": 5, ""予約分"": 3}, {""品名"": ""ノート"", ""総在庫"": 6, ""予約分"": 1}, {""品名"": ""ラベル"", ""総在庫"": 11, ""予約分"": 3}, {""品名"": ""カード"", ""総在庫"": 11, ""予約分"": 4}, {""品名"": ""クリップ"", ""総在庫"": 12, ""予約分"": 2}, {""品名"": ""冊子"", ""総在庫"": 13, ""予約分"": 1}, {""品名"": ""箱"", ""総在庫"": 4, ""予約分"": 4}], ""自由在庫"": ""総在庫から予約分を引く""}",今使える個数が最も少ない品を答えてください。,"{""カード"": ""カード"", ""クリップ"": ""クリップ"", ""ケース"": ""ケース"", ""ノート"": ""ノート"", ""ラベル"": ""ラベル"", ""冊子"": ""冊子"", ""箱"": ""箱""}","""箱"""
v2-gen-score-05-034,score,generated,緊急条件の加点,"""夕凪の基本優先度は1です。締切まで残り3時間以内なら1だけ加点し、それより長ければ加点しません。上限は3です。今回は締切まで8時間です。""",条件付き加点後の優先度を選んでください。,"[""最終優先度0"", ""最終優先度1"", ""最終優先度2"", ""最終優先度3""]","""1"""
v2-gen-score-15-020,score,generated,軽重のある項目,"""この点検の配点: 添付欠落は2点、頁番号欠落は1点、誤字は1点、余白不備は1点。見つかった不備: 誤字。該当項目の点を合計し、4点以上は段階4にまとめます。""",配点の違いを反映した最終段階を選んでください。,"[""不備点の合計が0点"", ""不備点の合計が1点"", ""不備点の合計が2点"", ""不備点の合計が3点"", ""不備点の合計が4点以上""]","""1"""
v2-gen-choice-15-006,choice,generated,文章内の順序参照,"""灯台会議では、発表者を発表順に「上田、木村、遠藤、加藤、高橋、森、中村、青木」と紹介しました。同じ人の再登場はありません。""",最初を1番目として、6番目の発表者を選んでください。,"{""上田"": ""上田さん"", ""中村"": ""中村さん"", ""加藤"": ""加藤さん"", ""木村"": ""木村さん"", ""森"": ""森さん"", ""遠藤"": ""遠藤さん"", ""青木"": ""青木さん"", ""高橋"": ""高橋さん""}","""森"""
v2-gen-noul-09-043,noul,generated,重複を除いた件数,"{""棚"": ""青空"", ""読み取り品名"": [""クリップ"", ""クリップ"", ""用紙"", ""ノート"", ""冊子"", ""袋"", ""ファイル"", ""ラベル"", ""シール""], ""数え方"": ""同一品名の重複を除く""}",品物の種類は5種類以上ありますか。,"{""false"": ""いいえ。質問の命題は成立しない。"", ""true"": ""はい。質問の命題が成立する。""}","""true"""
v2-gen-noul-15-033,noul,generated,出来事の前後関係,"{""担当者"": ""林"", ""実施順"": [""棚への配置"", ""休憩"", ""引継ぎ"", ""電話連絡"", ""荷物受取"", ""報告"", ""検品""], ""各作業の実施回数"": 1}",日誌では休憩の方が電話連絡より先ですか。,"{""false"": ""いいえ。質問の命題は成立しない。"", ""true"": ""はい。質問の命題が成立する。""}","""true"""
v2-gen-choice-15-013,choice,generated,文章内の順序参照,"{""会議"": ""春風"", ""発表順"": [""松本"", ""中村"", ""林"", ""渡辺"", ""上田"", ""高橋"", ""大野"", ""佐藤""]}",発表順の先頭から5番目にいる人を答えてください。,"{""上田"": ""上田さん"", ""中村"": ""中村さん"", ""佐藤"": ""佐藤さん"", ""大野"": ""大野さん"", ""松本"": ""松本さん"", ""林"": ""林さん"", ""渡辺"": ""渡辺さん"", ""高橋"": ""高橋さん""}","""上田"""
v2-gen-noul-01-037,noul,generated,事実と否定質問,"""青木さんについての確定記録: 欠席を連絡していません。""",確定情報だけから、青木さんが欠席を連絡しているという判断は正しいですか。,"{""false"": ""いいえ。質問の命題は成立しない。"", ""true"": ""はい。質問の命題が成立する。""}","""false"""
v2-gen-score-03-018,score,generated,順番に進む工程,"{""案件"": ""青空"", ""工程順"": [""引継ぎ"", ""準備"", ""承認"", ""日程調整"", ""実施"", ""審査""], ""完了済み"": [""引継ぎ"", ""準備""], ""着手中は完了に含めない"": true}",この案件は完了ベースでどの段階まで進みましたか。,"[""完了した工程はまだない"", ""先頭から1工程が完了（最後に完了したのは引継ぎ）"", ""先頭から2工程が完了（最後に完了したのは準備）"", ""先頭から3工程が完了（最後に完了したのは承認）"", ""先頭から4工程が完了（最後に完了したのは日程調整）"", ""先頭から5工程が完了（最後に完了したのは実施）"", ""先頭から6工程が完了（最後に完了したのは審査）""]","""2"""
v2-gen-choice-09-014,choice,generated,利用可能集合の差,"""貸出台帳で利用可能と記録されている品はファイル、ノート。予約済みの品はノート、ケースです。""",予約済みを利用可能一覧から除いたとき、残る品を答えてください。,"{""カード"": ""カード"", ""ケース"": ""ケース"", ""ノート"": ""ノート"", ""ファイル"": ""ファイル"", ""ラベル"": ""ラベル"", ""名札"": ""名札""}","""ファイル"""
v2-gen-noul-04-024,noul,generated,例外の優先,"""規則: 講習修了であれば草原を利用できます。ただし未返却品ありなら利用できません。吉田さんは講習修了に該当、未返却品ありに非該当です。""",この人は現在、利用可能ですか。,"{""false"": ""いいえ。質問の命題は成立しない。"", ""true"": ""はい。質問の命題が成立する。""}","""true"""
v2-gen-choice-06-021,choice,generated,時間枠の包含,"""部屋の連続利用可能時間: 赤室は10時から13時まで、茶室は10時から15時まで、紫室は12時から15時まで、黄室は12時から15時まで、青室は10時から13時まで。会議は11時開始、14時終了です。""",会議の全時間を連続して確保できる部屋を選んでください。開始・終了の一致は許可します。,"{""紫"": ""紫室"", ""茶"": ""茶室"", ""赤"": ""赤室"", ""青"": ""青室"", ""黄"": ""黄室""}","""茶"""
v2-gen-noul-08-037,noul,generated,集合と否定所属,"""木漏れ日の参加者名簿は高橋、石田、山田、佐藤、上田、中村、大野です。この名簿は完全で、記載のない人は参加者ではありません。""",名簿に基づき、吉田さんが参加者であるという判断に同意できますか。,"{""false"": ""いいえ。質問の命題は成立しない。"", ""true"": ""はい。質問の命題が成立する。""}","""false"""
v2-gen-choice-12-020,choice,generated,条件付き不足書類,"{""確認優先順"": [""委任状"", ""承認書""], ""代理申請だけに必要"": ""委任状"", ""代理申請"": false, ""提出済み"": [""委任状""]}",必要な不足書類を先頭から一つだけ案内します。どれですか。必要書類に不足がなければ追加不要です。,"{""委任状"": ""委任状"", ""承認書"": ""承認書"", ""追加不要"": ""必要書類はすべて提出済み""}","""承認書"""
v2-gen-score-10-023,score,generated,不足の段階,"""草原申請で必要なものは申込書、承認書、添付図、見積書、受領票、同意書、確認票。届いたものは同意書、承認書、挨拶状、添付図、申込書、確認票です。必要一覧にない書類は不足を埋めません。""",未提出の必要書類はいくつの段階ですか。,"[""不足が0種類"", ""不足が1種類"", ""不足が2種類"", ""不足が3種類"", ""不足が4種類"", ""不足が5種類"", ""不足が6種類"", ""不足が7種類""]","""2"""
v2-gen-choice-10-034,choice,generated,不在時の代理,"""担当者: 夕凪は山田、水面は松本、青空は大野、灯台は渡辺、草原は木村、春風は加藤。代理者: 山田の代理は松本、松本の代理は大野、大野の代理は渡辺、渡辺の代理は木村、木村の代理は加藤、加藤の代理は山田。本日の不在者はなし。問い合わせ先の案件は夕凪です。代理への振替は一回だけ行い、その先の不在は判定しません。""",本日の規則に従う連絡相手を選んでください。,"{""加藤"": ""加藤さん"", ""大野"": ""大野さん"", ""山田"": ""山田さん"", ""木村"": ""木村さん"", ""松本"": ""松本さん"", ""渡辺"": ""渡辺さん""}","""山田"""
v2-gen-noul-06-006,noul,generated,更新後の状態,"""草原の状態記録: 8時には満席、13時には満席、19時には空席あり、20時には満席、12時には空席あり。時刻が新しい記録が古い記録を上書きします。""",最後の更新を適用すると、状態は「満席」になっていますか。,"{""false"": ""いいえ。質問の命題は成立しない。"", ""true"": ""はい。質問の命題が成立する。""}","""true"""
v2-gen-score-10-043,score,generated,不足の段階,"""若葉申請で必要なものは添付図、承認書、受領票、同意書、確認票、見積書。届いたものはなしです。必要一覧にない書類は不足を埋めません。""",必要書類の不足数に対応する段階を選んでください。,"[""不足が0種類"", ""不足が1種類"", ""不足が2種類"", ""不足が3種類"", ""不足が4種類"", ""不足が5種類"", ""不足が6種類""]","""6"""
v2-gen-noul-07-017,noul,generated,識別文字列の完全一致,"{""商品ラベル"": ""JK9-C"", ""注文票"": ""JK9-C"", ""照合規則"": ""大文字小文字と記号も含む完全一致""}",同一コードとして扱ってよいですか。,"{""false"": ""いいえ。質問の命題は成立しない。"", ""true"": ""はい。質問の命題が成立する。""}","""true"""
v2-gen-noul-05-045,noul,generated,締切の境界,"""水面の提出は12時より前だけ受け付け、12時ちょうどは無効です。佐藤さんの提出記録は21時ちょうどです。""",この提出は時間条件を満たしていますか。,"{""false"": ""いいえ。質問の命題は成立しない。"", ""true"": ""はい。質問の命題が成立する。""}","""false"""
v2-gen-noul-06-015,noul,generated,更新後の状態,"{""対象"": ""水面"", ""更新記録"": [{""時刻"": 13, ""状態"": ""点検中""}, {""時刻"": 14, ""状態"": ""点検中""}, {""時刻"": 18, ""状態"": ""空席あり""}, {""時刻"": 15, ""状態"": ""点検中""}, {""時刻"": 8, ""状態"": ""空席あり""}], ""規則"": ""最新時刻の記録が有効""}",最後の更新を適用すると、状態は「点検中」になっていますか。,"{""false"": ""いいえ。質問の命題は成立しない。"", ""true"": ""はい。質問の命題が成立する。""}","""false"""
v2-gen-noul-09-021,noul,generated,重複を除いた件数,"""若葉棚で読み取った品名は付箋、名札、ケース、冊子、用紙、クリップ、ノート、付箋、袋でした。同じ品名の繰り返しは一種類として数えます。""",重複を除いた種類数は2以上という条件を満たしますか。,"{""false"": ""いいえ。質問の命題は成立しない。"", ""true"": ""はい。質問の命題が成立する。""}","""true"""
v2-gen-choice-05-019,choice,generated,否定条件で選択,"{""検品"": [{""品名"": ""シール"", ""封がある"": true, ""濡れている"": true}, {""品名"": ""封筒"", ""封がある"": false, ""濡れている"": true}, {""品名"": ""ペン"", ""封がある"": true, ""濡れている"": false}, {""品名"": ""テープ"", ""封がある"": false, ""濡れている"": false}]}",封がないもので、かつ濡れていない品を選んでください。,"{""シール"": ""シール"", ""テープ"": ""テープ"", ""ペン"": ""ペン"", ""封筒"": ""封筒""}","""テープ"""
v2-gen-choice-12-029,choice,generated,条件付き不足書類,"{""確認優先順"": [""申込書"", ""見積書""], ""代理申請だけに必要"": ""見積書"", ""代理申請"": true, ""提出済み"": []}",申請区分に応じて必要書類を確認し、最優先で追加提出を求めるものを答えてください。なければ追加不要です。,"{""申込書"": ""申込書"", ""見積書"": ""見積書"", ""追加不要"": ""必要書類はすべて提出済み""}","""申込書"""
v2-gen-score-02-009,score,generated,記述の満足段階,"{""回答者"": ""上田"", ""対象"": ""星空"", ""感想原文"": ""不満の程度は極めて強かった""}",発言の意味に最も合う満足段階を選んでください。,"[""極めて強い不満"", ""やや不満"", ""満足"", ""最高の満足""]","""0"""
v2-gen-score-06-040,score,generated,約束時刻からの遅れ,"""山道便は10時到着の約束でした。実際の到着は同じ日の13時です。早着した場合の遅れは0時間とします。""",約束時刻と到着時刻の差から、遅延段階を選んでください。,"[""遅れが2時間未満"", ""遅れが2時間以上、4時間未満"", ""遅れが4時間以上、6時間未満"", ""遅れが6時間以上""]","""1"""
v2-gen-choice-08-010,choice,generated,改訂と例外の優先,"""通常品の貼付ラベルについて、連絡は古い順に「緑」「赤」「青」でした。後の連絡が前の連絡を上書きします。ただし冷蔵品には連絡履歴に関係なく紫ラベルを貼ります。今回の荷物は通常品です。""",例外と改訂の順序を考慮して、使用する色はどれですか。,"{""白"": ""白ラベル"", ""紫"": ""紫ラベル"", ""緑"": ""緑ラベル"", ""茶"": ""茶ラベル"", ""赤"": ""赤ラベル"", ""青"": ""青ラベル"", ""黒"": ""黒ラベル""}","""青"""
v2-gen-choice-10-010,choice,generated,不在時の代理,"""担当者: 春風は吉田、白波は石田、若葉は木村、灯台は遠藤、草原は渡辺、木漏れ日は高橋、山道は森。代理者: 吉田の代理は石田、石田の代理は木村、木村の代理は遠藤、遠藤の代理は渡辺、渡辺の代理は高橋、高橋の代理は森、森の代理は吉田。本日の不在者は吉田、木村。問い合わせ先の案件は春風です。代理への振替は一回だけ行い、その先の不在は判定しません。""",この案件を担当本人または指定代理に連絡します。宛先は誰ですか。,"{""吉田"": ""吉田さん"", ""木村"": ""木村さん"", ""森"": ""森さん"", ""渡辺"": ""渡辺さん"", ""石田"": ""石田さん"", ""遠藤"": ""遠藤さん"", ""高橋"": ""高橋さん""}","""石田"""
v2-gen-score-11-001,score,generated,時刻順の評価更新,"{""案件"": ""水面"", ""評価更新"": [{""時刻"": 16, ""段階"": 1}, {""時刻"": 20, ""段階"": 0}, {""時刻"": 8, ""段階"": 1}, {""時刻"": 14, ""段階"": 1}], ""採用規則"": ""最新時刻だけを採用""}",最後に更新された有効な段階はいくつですか。,"[""評価段階0"", ""評価段階1"", ""評価段階2"", ""評価段階3"", ""評価段階4"", ""評価段階5"", ""評価段階6""]","""0"""
v2-gen-noul-08-047,noul,generated,集合と否定所属,"{""催し"": ""若葉"", ""完全な参加者名簿"": [""加藤"", ""石田"", ""上田"", ""山田"", ""高橋"", ""遠藤"", ""森""], ""補足"": ""名前のない人は参加者ではない""}",『中村さんは参加者である』という記述は正しいですか。,"{""false"": ""いいえ。質問の命題は成立しない。"", ""true"": ""はい。質問の命題が成立する。""}","""false"""
v2-gen-choice-12-023,choice,generated,条件付き不足書類,"""書類確認の優先順は見積書→委任状→本人確認票→承認書→申込書。本人確認票だけは代理申請の場合に限って必要で、それ以外は常に必要です。今回は本人申請。提出済みは委任状、承認書、申込書、本人確認票、見積書です。""",未提出の必要書類のうち優先順が最初のものを選んでください。全部そろっていれば追加不要です。,"{""委任状"": ""委任状"", ""承認書"": ""承認書"", ""本人確認票"": ""本人確認票"", ""申込書"": ""申込書"", ""見積書"": ""見積書"", ""追加不要"": ""必要書類はすべて提出済み""}","""追加不要"""
v2-gen-choice-12-013,choice,generated,条件付き不足書類,"{""確認優先順"": [""見積書"", ""本人確認票"", ""承認書""], ""代理申請だけに必要"": ""見積書"", ""代理申請"": true, ""提出済み"": []}",必要な不足書類を先頭から一つだけ案内します。どれですか。必要書類に不足がなければ追加不要です。,"{""承認書"": ""承認書"", ""本人確認票"": ""本人確認票"", ""見積書"": ""見積書"", ""追加不要"": ""必要書類はすべて提出済み""}","""見積書"""
v2-gen-noul-13-013,noul,generated,範囲の開閉境界,"{""下限条件"": ""5個より多い"", ""上限条件"": ""8個以下"", ""今回の個数"": 8, ""関係"": ""両方を満たすこと""}",下限と上限の両方の条件に合いますか。,"{""false"": ""いいえ。質問の命題は成立しない。"", ""true"": ""はい。質問の命題が成立する。""}","""true"""
v2-gen-noul-09-002,noul,generated,重複を除いた件数,"""灯台棚で読み取った品名は用紙、袋、袋、冊子、袋、用紙、テープでした。同じ品名の繰り返しは一種類として数えます。""",重複を除いた種類数は5以上という条件を満たしますか。,"{""false"": ""いいえ。質問の命題は成立しない。"", ""true"": ""はい。質問の命題が成立する。""}","""false"""
v2-gen-noul-11-038,noul,generated,参照関係の真偽,"""担当表: 白波は山田、草原は松本、星空は大野。資料の関連先: 冊子は白波、箱は草原、カードは星空。""",カードの関連先を担当表で引くと山田さんになりますか。,"{""false"": ""いいえ。質問の命題は成立しない。"", ""true"": ""はい。質問の命題が成立する。""}","""false"""
v2-gen-noul-04-021,noul,generated,例外の優先,"""規則: 講習修了であれば若葉を利用できます。ただし資格取消中なら利用できません。中村さんは講習修了に該当、資格取消中に該当です。""",禁止例外を先に考慮すると、この利用を認められますか。,"{""false"": ""いいえ。質問の命題は成立しない。"", ""true"": ""はい。質問の命題が成立する。""}","""false"""
v2-gen-choice-03-001,choice,generated,最終更新,"{""案件"": ""草原"", ""更新記録"": [{""時"": 13, ""状態"": ""発送済み""}, {""時"": 14, ""状態"": ""保留""}, {""時"": 16, ""状態"": ""確認中""}, {""時"": 18, ""状態"": ""保留""}, {""時"": 12, ""状態"": ""確認中""}]}",最後の時刻の記録が有効です。現在の状態はどれですか。,"{""保留"": ""保留"", ""取消"": ""取消"", ""受取済み"": ""受取済み"", ""差戻し"": ""差戻し"", ""承認"": ""承認"", ""未着手"": ""未着手"", ""発送済み"": ""発送済み"", ""確認中"": ""確認中""}","""保留"""
v2-gen-score-08-045,score,generated,要件への一致数,"{""注文要件"": {""色"": ""赤""}, ""提案品"": {""色"": ""白""}}",提案品が満たす要件数はいくつの段階ですか。,"[""一致した要件が0項目"", ""一致した要件が1項目""]","""0"""
v2-gen-noul-12-004,noul,generated,記録と主張の照合,"""白波施設の入口について、いま確認した確定記録は北口は4分の1だけ開いている、南口は4分の1だけ開いている、東口は完全に開いている、西口は完全に閉じている、裏口は完全に開いている、搬入口は完全に閉じているです。現在の判断にはこの確定記録だけを使います。""",『現在の西口は完全に閉じている』という主張は確定記録と一致しますか。,"{""false"": ""いいえ。質問の命題は成立しない。"", ""true"": ""はい。質問の命題が成立する。""}","""true"""
v2-gen-noul-03-030,noul,generated,いずれかの条件,"{""いずれか一つ以上必要"": [""会員証"", ""受付確認票"", ""入場証"", ""当日券""], ""所持状況"": {""会員証"": true, ""受付確認票"": true, ""入場証"": true, ""当日券"": false}, ""対象"": ""渡辺""}",記載された条件で受付を通れますか。,"{""false"": ""いいえ。質問の命題は成立しない。"", ""true"": ""はい。質問の命題が成立する。""}","""true"""
v2-gen-noul-05-033,noul,generated,締切の境界,"{""受付規則"": ""16時ちょうどまで受け付け、同時刻の提出も有効"", ""提出者"": ""佐藤"", ""提出時刻"": 21}",記録された提出時刻は締切内ですか。,"{""false"": ""いいえ。質問の命題は成立しない。"", ""true"": ""はい。質問の命題が成立する。""}","""false"""
v2-gen-noul-08-005,noul,generated,集合と否定所属,"{""催し"": ""夕凪"", ""完全な参加者名簿"": [""石田"", ""木村"", ""佐藤"", ""遠藤""], ""補足"": ""名前のない人は参加者ではない""}",吉田さんは参加者であると言えますか。,"{""false"": ""いいえ。質問の命題は成立しない。"", ""true"": ""はい。質問の命題が成立する。""}","""false"""
v2-gen-choice-10-030,choice,generated,不在時の代理,"{""案件担当"": {""星空"": ""高橋"", ""山道"": ""吉田"", ""草原"": ""大野"", ""朝露"": ""木村""}, ""代理者"": {""高橋"": ""吉田"", ""吉田"": ""大野"", ""大野"": ""木村"", ""木村"": ""高橋""}, ""不在者"": [], ""案件"": ""山道"", ""ルール"": ""担当者が不在なら指定代理に一度だけ振替。代理の在席状況は問わない""}",本日の規則に従う連絡相手を選んでください。,"{""吉田"": ""吉田さん"", ""大野"": ""大野さん"", ""木村"": ""木村さん"", ""高橋"": ""高橋さん""}","""吉田"""
v2-gen-noul-01-009,noul,generated,事実と否定質問,"{""対象者"": ""森"", ""項目"": ""出席を表明"", ""実施済み"": true}",記録上、森さんは出席を表明していないと言えますか。,"{""false"": ""いいえ。質問の命題は成立しない。"", ""true"": ""はい。質問の命題が成立する。""}","""false"""
v2-gen-score-02-024,score,generated,記述の満足段階,"{""回答者"": ""吉田"", ""対象"": ""灯台"", ""感想原文"": ""極めて強い不満を感じ、到底受け入れられない""}",回答者が表明した満足の程度を分類してください。,"[""極めて強い不満"", ""不満"", ""やや満足"", ""満足"", ""極めて強い満足""]","""0"""
v2-gen-score-01-023,score,generated,件数の段階境界,"""草原で未回答の質問を数えたところ、現在0件でした。処理済みは数に含めていません。""",記録された数に対応する段階を選んでください。,"[""対象件数が1件未満"", ""対象件数が1件以上、2件未満"", ""対象件数が2件以上""]","""0"""
v2-gen-score-13-038,score,generated,取消しを反映した件数,"""草原の申込み記録: 木村は未受付・取消なし、遠藤は未受付・取消なし、渡辺は受付済み・取消済み、石田は受付済み・取消済み、中村は未受付・取消なし。取消済みの申込みは有効件数から除きます。1件以上は最終段階1にまとめます。""",現在有効な申込みだけを数えて評価してください。,"[""有効申込みが0件"", ""有効申込みが1件以上""]","""0"""
v2-gen-noul-11-022,noul,generated,参照関係の真偽,"{""案件担当"": {""春風"": ""上田"", ""青空"": ""高橋""}, ""資料関連先"": {""テープ"": ""春風"", ""袋"": ""青空""}}",袋の関連先を担当表で引くと上田さんになりますか。,"{""false"": ""いいえ。質問の命題は成立しない。"", ""true"": ""はい。質問の命題が成立する。""}","""false"""
v2-gen-score-12-001,score,generated,目標からの差,"{""案件"": ""水面"", ""目標数"": 13, ""実績数"": 13, ""採点"": ""差の絶対値。ただし6以上は段階6""}",示された上限を含め、実績のずれを段階に変換してください。,"[""目標との差が0個"", ""目標との差が1個"", ""目標との差が2個"", ""目標との差が3個"", ""目標との差が4個"", ""目標との差が5個"", ""目標との差が6個以上""]","""0"""
v2-gen-score-01-038,score,generated,件数の段階境界,"""春風で検品で見つかった不備を数えたところ、現在6件でした。処理済みは数に含めていません。""",記録された数に対応する段階を選んでください。,"[""対象件数が5件未満"", ""対象件数が5件以上、10件未満"", ""対象件数が10件以上、15件未満"", ""対象件数が15件以上""]","""1"""
v2-gen-noul-09-015,noul,generated,重複を除いた件数,"{""棚"": ""星空"", ""読み取り品名"": [""ペン"", ""ラベル"", ""ファイル"", ""カード"", ""ペン"", ""ラベル"", ""冊子"", ""ファイル"", ""カード""], ""数え方"": ""同一品名の重複を除く""}",異なる品名だけ数えると3種類以上ですか。,"{""false"": ""いいえ。質問の命題は成立しない。"", ""true"": ""はい。質問の命題が成立する。""}","""true"""
v2-gen-score-05-023,score,generated,緊急条件の加点,"{""案件"": ""草原"", ""基本優先度"": 3, ""締切までの残り時間"": 12, ""規則"": ""残り2時間以内なら1加点、それより長ければ0加点。上限6""}",条件付き加点後の優先度を選んでください。,"[""最終優先度0"", ""最終優先度1"", ""最終優先度2"", ""最終優先度3"", ""最終優先度4"", ""最終優先度5"", ""最終優先度6""]","""3"""
v2-gen-choice-02-042,choice,generated,条件と優先例外,"""朝露店では会員で購入数が4個以上なら優待扱いです。ただし予約品は購入数や会員資格にかかわらず通常扱いです。今回は15個、会員、通常在庫品です。""",会計時の区分を一つ決めてください。,"{""優待"": ""優待の扱い"", ""通常"": ""通常の扱い""}","""優待"""
v2-gen-score-15-009,score,generated,軽重のある項目,"""この点検の配点: 誤字は2点、署名欠落は1点、添付欠落は1点、日付欠落は1点、宛名不備は1点、頁番号欠落は1点、余白不備は1点。見つかった不備: 誤字、宛名不備。該当項目の点を合計し、7点以上は段階7にまとめます。""",項目数ではなく指定された点数で評価してください。,"[""不備点の合計が0点"", ""不備点の合計が1点"", ""不備点の合計が2点"", ""不備点の合計が3点"", ""不備点の合計が4点"", ""不備点の合計が5点"", ""不備点の合計が6点"", ""不備点の合計が7点以上""]","""3"""
v2-gen-score-05-039,score,generated,緊急条件の加点,"""草原の基本優先度は0です。締切まで残り4時間以内なら1だけ加点し、それより長ければ加点しません。上限は1です。今回は締切まで6時間です。""",今回の最終優先段階を求めてください。,"[""最終優先度0"", ""最終優先度1""]","""0"""
v2-gen-noul-09-049,noul,generated,重複を除いた件数,"""灯台棚で読み取った品名はカード、付箋、袋、ケース、冊子、袋でした。同じ品名の繰り返しは一種類として数えます。""",品物の種類は5種類以上ありますか。,"{""false"": ""いいえ。質問の命題は成立しない。"", ""true"": ""はい。質問の命題が成立する。""}","""true"""
v2-gen-choice-13-043,choice,generated,工程の依存順,"""案件「灯台」の工程順は受付→内容確認→承認→見積作成→準備→実施→報告です。途中の工程を飛ばすことはできません。完了済みは受付、内容確認です。""",まだ済んでいない最初の工程は何ですか。存在しない場合は完了です。,"{""内容確認"": ""内容確認"", ""受付"": ""受付"", ""報告"": ""報告"", ""完了"": ""全工程が完了"", ""実施"": ""実施"", ""承認"": ""承認"", ""準備"": ""準備"", ""見積作成"": ""見積作成""}","""承認"""
v2-gen-noul-01-006,noul,generated,事実と否定質問,"""青木さんについての確定記録: 試験に合格しています。""",確定情報だけから、青木さんが試験に合格しているという判断は正しいですか。,"{""false"": ""いいえ。質問の命題は成立しない。"", ""true"": ""はい。質問の命題が成立する。""}","""true"""
v2-gen-noul-02-027,noul,generated,全条件の充足,"{""すべて必要な条件"": [""所属確認"", ""講習受講""], ""対象"": ""林"", ""完了状況"": {""所属確認"": false, ""講習受講"": true}}",不足条件なく利用を許可できますか。,"{""false"": ""いいえ。質問の命題は成立しない。"", ""true"": ""はい。質問の命題が成立する。""}","""false"""
v2-gen-noul-07-049,noul,generated,識別文字列の完全一致,"""商品ラベルの管理コードは「JK4-C」、注文票の管理コードは「JK4-C」です。照合では大文字と小文字、記号の違いも区別します。""",二つの管理コードは完全一致していますか。,"{""false"": ""いいえ。質問の命題は成立しない。"", ""true"": ""はい。質問の命題が成立する。""}","""true"""
v2-gen-choice-06-037,choice,generated,時間枠の包含,"{""空き時間"": [{""部屋"": ""赤"", ""開始"": 14, ""終了"": 18}, {""部屋"": ""青"", ""開始"": 14, ""終了"": 17}, {""部屋"": ""黒"", ""開始"": 11, ""終了"": 15}, {""部屋"": ""茶"", ""開始"": 14, ""終了"": 17}, {""部屋"": ""黄"", ""開始"": 12, ""終了"": 17}, {""部屋"": ""白"", ""開始"": 12, ""終了"": 15}], ""会議開始"": 13, ""会議終了"": 16}",会議開始から終了まで空いている部屋はどれですか。境界時刻が一致していても利用できます。,"{""白"": ""白室"", ""茶"": ""茶室"", ""赤"": ""赤室"", ""青"": ""青室"", ""黄"": ""黄室"", ""黒"": ""黒室""}","""黄"""
v2-gen-score-10-047,score,generated,不足の段階,"{""申請"": ""若葉"", ""必要書類"": [""同意書"", ""添付図"", ""承認書""], ""届いた書類"": [""案内状"", ""承認書""], ""余分な書類で代用できる"": false}",必要書類の不足数に対応する段階を選んでください。,"[""不足が0種類"", ""不足が1種類"", ""不足が2種類"", ""不足が3種類""]","""2"""
v2-gen-noul-13-035,noul,generated,範囲の開閉境界,"""白波の受付数は、4個より多い、かつ7個以下の場合に限り適合です。今回の数は6個です。""",下限と上限の両方の条件に合いますか。,"{""false"": ""いいえ。質問の命題は成立しない。"", ""true"": ""はい。質問の命題が成立する。""}","""true"""
v2-gen-noul-03-018,noul,generated,いずれかの条件,"""星空の受付では入場証・会員証・引換券・紹介状のうち一つ以上があれば通れます。吉田さん: 入場証はなし、会員証はあり、引換券はなし、紹介状はあり。""",記載された条件で受付を通れますか。,"{""false"": ""いいえ。質問の命題は成立しない。"", ""true"": ""はい。質問の命題が成立する。""}","""true"""
v2-gen-score-05-032,score,generated,緊急条件の加点,"""水面の基本優先度は1です。締切まで残り5時間以内なら1だけ加点し、それより長ければ加点しません。上限は1です。今回は締切まで13時間です。""",条件付き加点後の優先度を選んでください。,"[""最終優先度0"", ""最終優先度1""]","""1"""
v2-gen-noul-04-029,noul,generated,例外の優先,"{""許可条件"": ""登録済み"", ""優先禁止条件"": ""申請保留中"", ""対象"": ""林"", ""許可条件に該当"": true, ""禁止条件に該当"": true}",禁止例外を先に考慮すると、この利用を認められますか。,"{""false"": ""いいえ。質問の命題は成立しない。"", ""true"": ""はい。質問の命題が成立する。""}","""false"""
v2-gen-score-04-049,score,generated,独立チェックの合計,"""夕凪資料の点検: 題名ありは満たさない、連絡先ありは満たさない、日付ありは満たさない。各項目は一つずつ数えます。""",満たしたチェック項目の数を段階として選んでください。,"[""満たした項目が0個"", ""満たした項目が1個"", ""満たした項目が2個"", ""満たした項目が3個""]","""0"""
v2-gen-noul-03-007,noul,generated,いずれかの条件,"{""いずれか一つ以上必要"": [""入場証"", ""引換券"", ""事前予約票"", ""招待券""], ""所持状況"": {""入場証"": false, ""引換券"": false, ""事前予約票"": false, ""招待券"": false}, ""対象"": ""木村""}",少なくとも一つの必要条件が成立していますか。,"{""false"": ""いいえ。質問の命題は成立しない。"", ""true"": ""はい。質問の命題が成立する。""}","""false"""
v2-gen-score-11-037,score,generated,時刻順の評価更新,"""水面の評価更新履歴: 7時に段階2、8時に段階0、20時に段階3、13時に段階1、14時に段階0。評価は最新時刻の値だけを採用します。""",現在採用すべき評価段階を選んでください。,"[""評価段階0"", ""評価段階1"", ""評価段階2"", ""評価段階3"", ""評価段階4"", ""評価段階5"", ""評価段階6"", ""評価段階7""]","""3"""
v2-gen-choice-06-028,choice,generated,時間枠の包含,"""部屋の連続利用可能時間: 白室は15時から16時まで、緑室は16時から17時まで、茶室は14時から15時まで。会議は15時開始、16時終了です。""",会議時間の一部だけでなく全体を含む空き時間を持つ部屋を答えてください。端の一致は可です。,"{""白"": ""白室"", ""緑"": ""緑室"", ""茶"": ""茶室""}","""白"""
v2-gen-noul-09-022,noul,generated,重複を除いた件数,"""朝露棚で読み取った品名はラベル、ケース、ラベル、ノート、ラベル、ラベルでした。同じ品名の繰り返しは一種類として数えます。""",異なる品名だけ数えると6種類以上ですか。,"{""false"": ""いいえ。質問の命題は成立しない。"", ""true"": ""はい。質問の命題が成立する。""}","""false"""
v2-gen-score-02-029,score,generated,記述の満足段階,"""山田さんは白波の体験について「最高の一歩手前で、満足の程度は極めて強かった」と回答しました。追加の発言はありません。""",発言の意味に最も合う満足段階を選んでください。,"[""不満"", ""やや不満"", ""極めて強い満足""]","""2"""
v2-gen-choice-11-009,choice,generated,小数量の比較,"""入出庫記録: 封筒は在庫10個、そのうち予約2個、名札は在庫9個、そのうち予約4個、ケースは在庫2個、そのうち予約2個。予約分は自由在庫に含めません。""",今使える個数が最も少ない品を答えてください。,"{""ケース"": ""ケース"", ""名札"": ""名札"", ""封筒"": ""封筒""}","""ケース"""
v2-gen-noul-05-028,noul,generated,締切の境界,"""星空の提出は17時ちょうどまで受け付け、同時刻の提出も有効です。松本さんの提出記録は17時ちょうどです。""",時刻だけを基準に、この提出を有効と判定できますか。,"{""false"": ""いいえ。質問の命題は成立しない。"", ""true"": ""はい。質問の命題が成立する。""}","""true"""
v2-gen-choice-01-010,choice,generated,問い合わせ経路,"{""分類表"": {""修理"": [""修理見積"", ""修理進捗"", ""保証修理""], ""契約"": [""契約更新"", ""プラン変更"", ""解約手続き""], ""イベント"": [""申込期限"", ""会場案内"", ""参加取消""]}, ""本文"": ""依頼中の修理がどこまで進んだか知りたいです"", ""受付主題"": ""修理進捗""}",受付分類表を使って、この相談の担当を決めてください。,"{""イベント"": ""イベントの窓口"", ""修理"": ""修理の窓口"", ""契約"": ""契約の窓口""}","""修理"""
v2-gen-noul-04-007,noul,generated,例外の優先,"{""許可条件"": ""本人確認済み"", ""優先禁止条件"": ""申請保留中"", ""対象"": ""石田"", ""許可条件に該当"": true, ""禁止条件に該当"": true}",例外を含む規則のもとで利用は許可されますか。,"{""false"": ""いいえ。質問の命題は成立しない。"", ""true"": ""はい。質問の命題が成立する。""}","""false"""
v2-gen-choice-02-019,choice,generated,条件と優先例外,"""草原店では会員で購入数が5個以上なら優待扱いです。ただし予約品は購入数や会員資格にかかわらず通常扱いです。今回は1個、会員、予約品です。""",この購入に適用する扱いを選んでください。,"{""優待"": ""優待の扱い"", ""通常"": ""通常の扱い""}","""通常"""
v2-gen-noul-15-025,noul,generated,出来事の前後関係,"{""担当者"": ""青木"", ""実施順"": [""検品"", ""休憩"", ""棚への配置"", ""伝票記入"", ""引継ぎ"", ""電話連絡"", ""荷物受取"", ""報告""], ""各作業の実施回数"": 1}",電話連絡は報告より前に行われましたか。,"{""false"": ""いいえ。質問の命題は成立しない。"", ""true"": ""はい。質問の命題が成立する。""}","""true"""
v2-gen-choice-03-048,choice,generated,最終更新,"""案件「朝露」の記録です。20時の更新: 発送済み。 14時の更新: 発送済み。 11時の更新: 保留。 8時の更新: 保留。""",記載順ではなく更新時刻を比べ、最新の状態を選んでください。,"{""保留"": ""保留"", ""発送済み"": ""発送済み""}","""発送済み"""
v2-gen-score-10-032,score,generated,不足の段階,"{""申請"": ""灯台"", ""必要書類"": [""見積書"", ""承認書""], ""届いた書類"": [], ""余分な書類で代用できる"": false}",必要一覧と届いた一覧を照合し、不足の程度を判定してください。,"[""不足が0種類"", ""不足が1種類"", ""不足が2種類""]","""2"""
v2-gen-score-06-017,score,generated,約束時刻からの遅れ,"{""便"": ""夕凪"", ""約束時刻"": 10, ""実際の到着時刻"": 10, ""同日"": true, ""早着時の遅れ"": 0}",約束時刻と到着時刻の差から、遅延段階を選んでください。,"[""遅れが2時間未満"", ""遅れが2時間以上""]","""0"""
v2-gen-noul-04-005,noul,generated,例外の優先,"""規則: 登録済みであれば木漏れ日を利用できます。ただし登録凍結中なら利用できません。吉田さんは登録済みに非該当、登録凍結中に非該当です。""",例外を含む規則のもとで利用は許可されますか。,"{""false"": ""いいえ。質問の命題は成立しない。"", ""true"": ""はい。質問の命題が成立する。""}","""false"""
v2-gen-noul-13-014,noul,generated,範囲の開閉境界,"""灯台の受付数は、5個より多い、かつ13個未満の場合に限り適合です。今回の数は5個です。""",今回の個数は適合範囲に入っていますか。,"{""false"": ""いいえ。質問の命題は成立しない。"", ""true"": ""はい。質問の命題が成立する。""}","""false"""
v2-gen-noul-11-016,noul,generated,参照関係の真偽,"{""案件担当"": {""山道"": ""中村"", ""草原"": ""青木"", ""木漏れ日"": ""石田""}, ""資料関連先"": {""カード"": ""木漏れ日"", ""冊子"": ""山道"", ""用紙"": ""草原""}}",カードの関連先を担当表で引くと青木さんになりますか。,"{""false"": ""いいえ。質問の命題は成立しない。"", ""true"": ""はい。質問の命題が成立する。""}","""false"""
v2-gen-noul-12-007,noul,generated,記録と主張の照合,"{""施設"": ""朝露"", ""入口ごとの現在の確定記録"": {""北口"": ""完全に閉じている"", ""南口"": ""4分の1だけ開いている"", ""東口"": ""完全に閉じている"", ""西口"": ""完全に開いている"", ""裏口"": ""完全に閉じている"", ""搬入口"": ""半分だけ開いている""}, ""判定資料"": ""現在の確定記録のみ""}",いま南口が完全に閉じているという判断は正しいですか。,"{""false"": ""いいえ。質問の命題は成立しない。"", ""true"": ""はい。質問の命題が成立する。""}","""false"""
v2-gen-score-06-016,score,generated,約束時刻からの遅れ,"{""便"": ""星空"", ""約束時刻"": 7, ""実際の到着時刻"": 18, ""同日"": true, ""早着時の遅れ"": 0}",遅れの時間に対応する段階を答えてください。,"[""遅れが2時間未満"", ""遅れが2時間以上、4時間未満"", ""遅れが4時間以上、6時間未満"", ""遅れが6時間以上、8時間未満"", ""遅れが8時間以上、10時間未満"", ""遅れが10時間以上、12時間未満"", ""遅れが12時間以上、14時間未満"", ""遅れが14時間以上""]","""5"""
v2-gen-choice-08-031,choice,generated,改訂と例外の優先,"""通常品の貼付ラベルについて、連絡は古い順に「黒」「赤」「茶」でした。後の連絡が前の連絡を上書きします。ただし冷蔵品には連絡履歴に関係なく赤ラベルを貼ります。今回の荷物は冷蔵品です。""",今回適用されるラベルを一つ決めてください。,"{""茶"": ""茶ラベル"", ""赤"": ""赤ラベル"", ""黒"": ""黒ラベル""}","""赤"""
v2-gen-score-08-026,score,generated,要件への一致数,"""注文要件: 色=白、包装=箱、素材=木。提案品: 色=白、包装=なし、素材=紙。""",注文要件と一致している属性の数を段階として選んでください。,"[""一致した要件が0項目"", ""一致した要件が1項目"", ""一致した要件が2項目"", ""一致した要件が3項目""]","""1"""
v2-gen-noul-09-020,noul,generated,重複を除いた件数,"{""棚"": ""白波"", ""読み取り品名"": [""封筒"", ""テープ"", ""袋"", ""ラベル"", ""ラベル"", ""袋"", ""用紙"", ""封筒"", ""ラベル""], ""数え方"": ""同一品名の重複を除く""}",重複を除いた種類数は6以上という条件を満たしますか。,"{""false"": ""いいえ。質問の命題は成立しない。"", ""true"": ""はい。質問の命題が成立する。""}","""false"""
v2-gen-noul-06-036,noul,generated,更新後の状態,"""若葉の状態記録: 7時には点検中、12時には点検中、14時には点検中。時刻が新しい記録が古い記録を上書きします。""",最後の更新を適用すると、状態は「点検中」になっていますか。,"{""false"": ""いいえ。質問の命題は成立しない。"", ""true"": ""はい。質問の命題が成立する。""}","""true"""
v2-gen-choice-08-042,choice,generated,改訂と例外の優先,"{""通常品ラベルの改訂・古い順"": [""白"", ""茶"", ""紫""], ""優先例外"": ""冷蔵品は紫"", ""荷物"": ""冷蔵品"", ""規則"": ""後の改訂が前を上書きする""}",この荷物に貼るラベルの色を選んでください。,"{""白"": ""白ラベル"", ""紫"": ""紫ラベル"", ""緑"": ""緑ラベル"", ""茶"": ""茶ラベル""}","""紫"""
v2-gen-choice-06-007,choice,generated,時間枠の包含,"{""空き時間"": [{""部屋"": ""赤"", ""開始"": 12, ""終了"": 16}, {""部屋"": ""緑"", ""開始"": 15, ""終了"": 18}, {""部屋"": ""紫"", ""開始"": 15, ""終了"": 18}, {""部屋"": ""黒"", ""開始"": 13, ""終了"": 19}, {""部屋"": ""青"", ""開始"": 15, ""終了"": 19}, {""部屋"": ""茶"", ""開始"": 15, ""終了"": 18}, {""部屋"": ""白"", ""開始"": 13, ""終了"": 16}, {""部屋"": ""黄"", ""開始"": 15, ""終了"": 18}], ""会議開始"": 14, ""会議終了"": 17}",会議の全時間を連続して確保できる部屋を選んでください。開始・終了の一致は許可します。,"{""白"": ""白室"", ""紫"": ""紫室"", ""緑"": ""緑室"", ""茶"": ""茶室"", ""赤"": ""赤室"", ""青"": ""青室"", ""黄"": ""黄室"", ""黒"": ""黒室""}","""黒"""
v2-gen-noul-01-035,noul,generated,事実と否定質問,"""中村さんについての確定記録: 備品を補充しています。""",『中村さんは備品を補充していない』はこの記録と一致しますか。,"{""false"": ""いいえ。質問の命題は成立しない。"", ""true"": ""はい。質問の命題が成立する。""}","""false"""
v2-gen-choice-07-026,choice,generated,複数属性の制約,"""在庫表: 封筒は赤色・紙製・在庫あり、ラベルは紫色・紙製・在庫あり、箱は青色・紙製・在庫あり、ファイルは青色・紙製・在庫なし、冊子は青色・木製・在庫あり。""",今注文できる紙製の青色の商品を答えてください。在庫なしは選べません。,"{""ファイル"": ""ファイル"", ""ラベル"": ""ラベル"", ""冊子"": ""冊子"", ""封筒"": ""封筒"", ""箱"": ""箱""}","""箱"""
v2-gen-choice-08-026,choice,generated,改訂と例外の優先,"{""通常品ラベルの改訂・古い順"": [""青"", ""黄"", ""黒""], ""優先例外"": ""冷蔵品は黄"", ""荷物"": ""通常品"", ""規則"": ""後の改訂が前を上書きする""}",今回適用されるラベルを一つ決めてください。,"{""紫"": ""紫ラベル"", ""緑"": ""緑ラベル"", ""赤"": ""赤ラベル"", ""青"": ""青ラベル"", ""黄"": ""黄ラベル"", ""黒"": ""黒ラベル""}","""黒"""
v2-gen-choice-05-008,choice,generated,否定条件で選択,"""検品記録: 封筒は封ありで濡れている、名札は封ありで濡れている、ノートは封なしで濡れていない。""",濡れた品は除外し、封がない品を一つ選んでください。,"{""ノート"": ""ノート"", ""名札"": ""名札"", ""封筒"": ""封筒""}","""ノート"""
v2-gen-score-05-022,score,generated,緊急条件の加点,"""青空の基本優先度は1です。締切まで残り6時間以内なら1だけ加点し、それより長ければ加点しません。上限は5です。今回は締切まで10時間です。""",今回の最終優先段階を求めてください。,"[""最終優先度0"", ""最終優先度1"", ""最終優先度2"", ""最終優先度3"", ""最終優先度4"", ""最終優先度5""]","""1"""
v2-gen-choice-11-022,choice,generated,小数量の比較,"""入出庫記録: 冊子は在庫6個、そのうち予約1個、袋は在庫7個、そのうち予約1個、ペンは在庫6個、そのうち予約5個、ケースは在庫5個、そのうち予約3個、テープは在庫13個、そのうち予約3個、カードは在庫7個、そのうち予約4個、付箋は在庫11個、そのうち予約0個、ファイルは在庫3個、そのうち予約3個。予約分は自由在庫に含めません。""",自由在庫が最も多い品を選んでください。,"{""カード"": ""カード"", ""ケース"": ""ケース"", ""テープ"": ""テープ"", ""ファイル"": ""ファイル"", ""ペン"": ""ペン"", ""付箋"": ""付箋"", ""冊子"": ""冊子"", ""袋"": ""袋""}","""付箋"""
v2-gen-noul-12-049,noul,generated,記録と主張の照合,"""青空施設の入口について、いま確認した確定記録は北口は半分だけ開いている、南口は4分の1だけ開いている、東口は4分の1だけ開いている、西口は完全に開いている、裏口は完全に開いている、搬入口は完全に閉じているです。現在の判断にはこの確定記録だけを使います。""",『現在の北口は完全に開いている』という主張は確定記録と一致しますか。,"{""false"": ""いいえ。質問の命題は成立しない。"", ""true"": ""はい。質問の命題が成立する。""}","""false"""
v2-gen-choice-11-026,choice,generated,小数量の比較,"{""在庫"": [{""品名"": ""ラベル"", ""総在庫"": 11, ""予約分"": 5}, {""品名"": ""ファイル"", ""総在庫"": 3, ""予約分"": 3}, {""品名"": ""テープ"", ""総在庫"": 10, ""予約分"": 0}, {""品名"": ""冊子"", ""総在庫"": 9, ""予約分"": 5}], ""自由在庫"": ""総在庫から予約分を引く""}",予約分を差し引いた残りが一番少ないのはどれですか。,"{""テープ"": ""テープ"", ""ファイル"": ""ファイル"", ""ラベル"": ""ラベル"", ""冊子"": ""冊子""}","""ファイル"""
v2-gen-choice-12-015,choice,generated,条件付き不足書類,"""書類確認の優先順は委任状→受領票→本人確認票→同意書→申込書→承認書→見積書。承認書だけは代理申請の場合に限って必要で、それ以外は常に必要です。今回は代理申請。提出済みは同意書、承認書です。""",未提出の必要書類のうち優先順が最初のものを選んでください。全部そろっていれば追加不要です。,"{""受領票"": ""受領票"", ""同意書"": ""同意書"", ""委任状"": ""委任状"", ""承認書"": ""承認書"", ""本人確認票"": ""本人確認票"", ""申込書"": ""申込書"", ""見積書"": ""見積書"", ""追加不要"": ""必要書類はすべて提出済み""}","""委任状"""
v2-gen-choice-13-034,choice,generated,工程の依存順,"{""案件"": ""青空"", ""工程順"": [""見積作成"", ""実施"", ""準備"", ""内容確認"", ""報告""], ""完了済み"": [""見積作成""], ""規則"": ""順に実行し未完了工程を飛ばさない""}",この作業を一段進めるときに着手する工程を答えてください。残りがなければ完了です。,"{""内容確認"": ""内容確認"", ""報告"": ""報告"", ""完了"": ""全工程が完了"", ""実施"": ""実施"", ""準備"": ""準備"", ""見積作成"": ""見積作成""}","""実施"""
v2-gen-score-09-033,score,generated,例外による上限,"""検査合格状況: 付属品は不合格、外観は合格、包装は不合格。合格項目一つにつき1点ですが、要再確認の印があれば上限1点に制限します。今回その印はあります。""",例外条件を反映した評価段階を答えてください。,"[""最終点0点"", ""最終点1点"", ""最終点2点"", ""最終点3点""]","""1"""
v2-gen-score-12-015,score,generated,目標からの差,"{""案件"": ""灯台"", ""目標数"": 8, ""実績数"": 6, ""採点"": ""差の絶対値。ただし6以上は段階6""}",目標からのずれの段階を選んでください。,"[""目標との差が0個"", ""目標との差が1個"", ""目標との差が2個"", ""目標との差が3個"", ""目標との差が4個"", ""目標との差が5個"", ""目標との差が6個以上""]","""2"""
v2-gen-noul-01-046,noul,generated,事実と否定質問,"""大野さんについての確定記録: 説明会を受講しています。""",記録上、大野さんは説明会を受講していると言えますか。,"{""false"": ""いいえ。質問の命題は成立しない。"", ""true"": ""はい。質問の命題が成立する。""}","""true"""
v2-gen-noul-12-025,noul,generated,記録と主張の照合,"""朝露施設の入口について、いま確認した確定記録は北口は半分だけ開いている、南口は完全に閉じている、東口は4分の1だけ開いている、西口は完全に開いている、裏口は半分だけ開いている、搬入口は完全に閉じているです。現在の判断にはこの確定記録だけを使います。""",『現在の西口は半分だけ開いている』という主張は確定記録と一致しますか。,"{""false"": ""いいえ。質問の命題は成立しない。"", ""true"": ""はい。質問の命題が成立する。""}","""false"""
v2-gen-score-11-049,score,generated,時刻順の評価更新,"""灯台の評価更新履歴: 13時に段階3、18時に段階1、15時に段階1、20時に段階5、17時に段階0。評価は最新時刻の値だけを採用します。""",最後に更新された有効な段階はいくつですか。,"[""評価段階0"", ""評価段階1"", ""評価段階2"", ""評価段階3"", ""評価段階4"", ""評価段階5""]","""5"""
v2-gen-choice-05-017,choice,generated,否定条件で選択,"{""検品"": [{""品名"": ""ラベル"", ""封がある"": true, ""濡れている"": true}, {""品名"": ""封筒"", ""封がある"": false, ""濡れている"": false}, {""品名"": ""付箋"", ""封がある"": true, ""濡れている"": true}]}",濡れた品は除外し、封がない品を一つ選んでください。,"{""ラベル"": ""ラベル"", ""付箋"": ""付箋"", ""封筒"": ""封筒""}","""封筒"""
v2-gen-score-04-033,score,generated,独立チェックの合計,"""朝露資料の点検: 管理番号ありは満たさない。各項目は一つずつ数えます。""",満たしたチェック項目の数を段階として選んでください。,"[""満たした項目が0個"", ""満たした項目が1個""]","""0"""
v2-gen-score-02-018,score,generated,記述の満足段階,"""佐藤さんは夕凪の体験について「予想を超えており、強く満足した」と回答しました。追加の発言はありません。""",回答者が表明した満足の程度を分類してください。,"[""極めて強い不満"", ""不満"", ""どちらでもない"", ""強い満足"", ""極めて強い満足"", ""最高の満足""]","""3"""
v2-gen-score-15-036,score,generated,軽重のある項目,"""この点検の配点: 宛名不備は2点、頁番号欠落は1点、署名欠落は1点、添付欠落は1点、日付欠落は1点、余白不備は1点。見つかった不備: 宛名不備、署名欠落、添付欠落、日付欠落。該当項目の点を合計し、6点以上は段階6にまとめます。""",項目数ではなく指定された点数で評価してください。,"[""不備点の合計が0点"", ""不備点の合計が1点"", ""不備点の合計が2点"", ""不備点の合計が3点"", ""不備点の合計が4点"", ""不備点の合計が5点"", ""不備点の合計が6点以上""]","""5"""
v2-gen-noul-02-024,noul,generated,全条件の充足,"""水面の利用には申込書提出・利用説明受講・会費支払い・講習受講がすべて必要です。上田さん: 申込書提出は完了、利用説明受講は完了、会費支払いは完了、講習受講は完了。""",規則に照らし、この人の利用資格は成立しますか。,"{""false"": ""いいえ。質問の命題は成立しない。"", ""true"": ""はい。質問の命題が成立する。""}","""true"""
v2-gen-choice-09-045,choice,generated,利用可能集合の差,"""貸出台帳で利用可能と記録されている品は付箋、箱。予約済みの品は箱です。""",予約済みを利用可能一覧から除いたとき、残る品を答えてください。,"{""付箋"": ""付箋"", ""箱"": ""箱""}","""付箋"""
v2-gen-choice-03-013,choice,generated,最終更新,"""案件「木漏れ日」の記録です。9時の更新: 発送済み。 14時の更新: 受取済み。 18時の更新: 保留。 10時の更新: 発送済み。 15時の更新: 保留。""",時刻が最も新しい更新に基づく状態を答えてください。,"{""保留"": ""保留"", ""受取済み"": ""受取済み"", ""発送済み"": ""発送済み""}","""保留"""
v2-gen-noul-13-043,noul,generated,範囲の開閉境界,"{""下限条件"": ""8個より多い"", ""上限条件"": ""14個以下"", ""今回の個数"": 11, ""関係"": ""両方を満たすこと""}",下限と上限の両方の条件に合いますか。,"{""false"": ""いいえ。質問の命題は成立しない。"", ""true"": ""はい。質問の命題が成立する。""}","""true"""
v2-gen-noul-12-036,noul,generated,記録と主張の照合,"{""施設"": ""白波"", ""入口ごとの現在の確定記録"": {""北口"": ""完全に開いている"", ""南口"": ""半分だけ開いている"", ""東口"": ""4分の1だけ開いている"", ""西口"": ""4分の1だけ開いている"", ""裏口"": ""完全に閉じている"", ""搬入口"": ""完全に閉じている""}, ""判定資料"": ""現在の確定記録のみ""}",確定情報から、西口は4分の1だけ開いていると言えますか。,"{""false"": ""いいえ。質問の命題は成立しない。"", ""true"": ""はい。質問の命題が成立する。""}","""true"""
v2-gen-score-04-007,score,generated,独立チェックの合計,"{""資料"": ""春風"", ""チェック項目"": {""日付あり"": false, ""ページ番号あり"": true, ""承認印あり"": true}, ""各項目の重み"": 1}",満たしたチェック項目の数を段階として選んでください。,"[""満たした項目が0個"", ""満たした項目が1個"", ""満たした項目が2個"", ""満たした項目が3個""]","""2"""
v2-gen-noul-01-050,noul,generated,事実と否定質問,"""上田さんについての確定記録: 面談日程を確定しています。""",『上田さんは面談日程を確定している』はこの記録と一致しますか。,"{""false"": ""いいえ。質問の命題は成立しない。"", ""true"": ""はい。質問の命題が成立する。""}","""true"""
v2-gen-choice-15-018,choice,generated,文章内の順序参照,"{""会議"": ""夕凪"", ""発表順"": [""加藤"", ""吉田"", ""松本"", ""石田"", ""中村"", ""山田"", ""渡辺""]}",最初を1番目として、2番目の発表者を選んでください。,"{""中村"": ""中村さん"", ""加藤"": ""加藤さん"", ""吉田"": ""吉田さん"", ""山田"": ""山田さん"", ""松本"": ""松本さん"", ""渡辺"": ""渡辺さん"", ""石田"": ""石田さん""}","""吉田"""
v2-gen-choice-10-029,choice,generated,不在時の代理,"""担当者: 灯台は高橋、草原は青木、水面は林。代理者: 高橋の代理は青木、青木の代理は林、林の代理は高橋。本日の不在者は林。問い合わせ先の案件は水面です。代理への振替は一回だけ行い、その先の不在は判定しません。""",本日の規則に従う連絡相手を選んでください。,"{""林"": ""林さん"", ""青木"": ""青木さん"", ""高橋"": ""高橋さん""}","""高橋"""
v2-gen-score-03-003,score,generated,順番に進む工程,"{""案件"": ""白波"", ""工程順"": [""報告"", ""調査"", ""検収"", ""実施"", ""引継ぎ""], ""完了済み"": [""報告"", ""調査""], ""着手中は完了に含めない"": true}",完了済みの到達段階を選んでください。,"[""完了した工程はまだない"", ""先頭から1工程が完了（最後に完了したのは報告）"", ""先頭から2工程が完了（最後に完了したのは調査）"", ""先頭から3工程が完了（最後に完了したのは検収）"", ""先頭から4工程が完了（最後に完了したのは実施）"", ""先頭から5工程が完了（最後に完了したのは引継ぎ）""]","""2"""
v2-gen-score-15-023,score,generated,軽重のある項目,"""この点検の配点: 余白不備は2点、日付欠落は1点、署名欠落は1点、頁番号欠落は1点、宛名不備は1点、誤字は1点、添付欠落は1点。見つかった不備: 余白不備、頁番号欠落、誤字、添付欠落。該当項目の点を合計し、7点以上は段階7にまとめます。""",項目数ではなく指定された点数で評価してください。,"[""不備点の合計が0点"", ""不備点の合計が1点"", ""不備点の合計が2点"", ""不備点の合計が3点"", ""不備点の合計が4点"", ""不備点の合計が5点"", ""不備点の合計が6点"", ""不備点の合計が7点以上""]","""5"""
v2-gen-score-01-040,score,generated,件数の段階境界,"""白波で検品で見つかった不備を数えたところ、現在30件でした。処理済みは数に含めていません。""",記録された数に対応する段階を選んでください。,"[""対象件数が5件未満"", ""対象件数が5件以上、10件未満"", ""対象件数が10件以上、15件未満"", ""対象件数が15件以上、20件未満"", ""対象件数が20件以上、25件未満"", ""対象件数が25件以上""]","""5"""
v2-gen-score-02-026,score,generated,記述の満足段階,"{""回答者"": ""森"", ""対象"": ""若葉"", ""感想原文"": ""満足でも不満でもない""}",感想に明示された評価を尺度へ対応づけてください。,"[""極めて強い不満"", ""不満"", ""やや不満"", ""どちらでもない"", ""満足"", ""極めて強い満足"", ""最高の満足""]","""3"""
v2-gen-score-02-041,score,generated,記述の満足段階,"""青木さんは青空の体験について「良い結果で、満足している」と回答しました。追加の発言はありません。""",回答者が表明した満足の程度を分類してください。,"[""不満"", ""やや不満"", ""どちらでもない"", ""やや満足"", ""満足"", ""強い満足"", ""極めて強い満足"", ""最高の満足""]","""4"""
v2-gen-score-02-048,score,generated,記述の満足段階,"{""回答者"": ""吉田"", ""対象"": ""山道"", ""感想原文"": ""予想を超えており、強く満足した""}",発言の意味に最も合う満足段階を選んでください。,"[""極めて強い不満"", ""不満"", ""やや不満"", ""やや満足"", ""満足"", ""強い満足"", ""極めて強い満足"", ""最高の満足""]","""5"""
v2-gen-score-04-042,score,generated,独立チェックの合計,"{""資料"": ""青空"", ""チェック項目"": {""承認印あり"": true, ""署名あり"": true, ""題名あり"": true}, ""各項目の重み"": 1}",満たしたチェック項目の数を段階として選んでください。,"[""満たした項目が0個"", ""満たした項目が1個"", ""満たした項目が2個"", ""満たした項目が3個""]","""3"""
v2-gen-choice-02-030,choice,generated,条件と優先例外,"{""規則"": ""会員かつ8個以上なら優待。ただし予約品は常に通常"", ""会員"": true, ""購入数"": 9, ""予約品"": false}",この購入に適用する扱いを選んでください。,"{""優待"": ""優待の扱い"", ""通常"": ""通常の扱い""}","""優待"""
v2-gen-noul-08-045,noul,generated,集合と否定所属,"""草原の参加者名簿は中村、松本、林、木村、加藤です。この名簿は完全で、記載のない人は参加者ではありません。""",『中村さんは参加者ではない』という記述は正しいですか。,"{""false"": ""いいえ。質問の命題は成立しない。"", ""true"": ""はい。質問の命題が成立する。""}","""false"""
v2-gen-choice-09-026,choice,generated,利用可能集合の差,"{""利用可能品"": [""カード"", ""箱""], ""予約済み品"": [""箱""]}",今貸せるのは利用可能かつ未予約の品です。該当するものはどれですか。,"{""カード"": ""カード"", ""箱"": ""箱""}","""カード"""
v2-gen-score-06-048,score,generated,約束時刻からの遅れ,"{""便"": ""星空"", ""約束時刻"": 8, ""実際の到着時刻"": 10, ""同日"": true, ""早着時の遅れ"": 0}",遅れの時間に対応する段階を答えてください。,"[""遅れが1時間未満"", ""遅れが1時間以上、2時間未満"", ""遅れが2時間以上、3時間未満"", ""遅れが3時間以上、4時間未満"", ""遅れが4時間以上""]","""2"""
v2-gen-score-07-013,score,generated,証拠の最高到達段階,"""この調査固有の証拠段階表: 写真記録は段階1、口頭メモは段階2、署名済み文書は段階3、第三者確認は段階4。灯台で得られた証拠は第三者確認、署名済み文書、写真記録。複数ある場合は最大の段階を使い、なければ0です。""",明示された段階表だけで証拠を評価してください。,"[""証拠なしの段階0"", ""表に基づく最高証拠段階1"", ""表に基づく最高証拠段階2"", ""表に基づく最高証拠段階3"", ""表に基づく最高証拠段階4""]","""4"""
v2-gen-noul-04-044,noul,generated,例外の優先,"""規則: 登録済みであれば山道を利用できます。ただし入場制限中なら利用できません。大野さんは登録済みに該当、入場制限中に非該当です。""",例外を含む規則のもとで利用は許可されますか。,"{""false"": ""いいえ。質問の命題は成立しない。"", ""true"": ""はい。質問の命題が成立する。""}","""true"""
v2-gen-score-04-002,score,generated,独立チェックの合計,"""山道資料の点検: 承認印ありは満たす、ページ番号ありは満たす、管理番号ありは満たさない、連絡先ありは満たす、日付ありは満たさない。各項目は一つずつ数えます。""",条件を満たした項目を一つ一点として集計してください。,"[""満たした項目が0個"", ""満たした項目が1個"", ""満たした項目が2個"", ""満たした項目が3個"", ""満たした項目が4個"", ""満たした項目が5個""]","""3"""
v2-gen-noul-08-026,noul,generated,集合と否定所属,"""青空の参加者名簿は青木、上田、高橋、大野、中村です。この名簿は完全で、記載のない人は参加者ではありません。""",『青木さんは参加者である』という記述は正しいですか。,"{""false"": ""いいえ。質問の命題は成立しない。"", ""true"": ""はい。質問の命題が成立する。""}","""true"""
v2-gen-score-11-039,score,generated,時刻順の評価更新,"""朝露の評価更新履歴: 18時に段階1、7時に段階1、20時に段階1。評価は最新時刻の値だけを採用します。""",最後に更新された有効な段階はいくつですか。,"[""評価段階0"", ""評価段階1"", ""評価段階2""]","""1"""
v2-gen-choice-12-007,choice,generated,条件付き不足書類,"""書類確認の優先順は申込書→承認書。申込書だけは代理申請の場合に限って必要で、それ以外は常に必要です。今回は本人申請。提出済みはなしです。""",申請区分に応じて必要書類を確認し、最優先で追加提出を求めるものを答えてください。なければ追加不要です。,"{""承認書"": ""承認書"", ""申込書"": ""申込書"", ""追加不要"": ""必要書類はすべて提出済み""}","""承認書"""
v2-gen-score-02-006,score,generated,記述の満足段階,"""木村さんは朝露の体験について「これ以上は考えられず、最高に満足した」と回答しました。追加の発言はありません。""",発言の意味に最も合う満足段階を選んでください。,"[""極めて強い不満"", ""強い不満"", ""やや不満"", ""どちらでもない"", ""やや満足"", ""満足"", ""極めて強い満足"", ""最高の満足""]","""7"""
v2-gen-choice-07-047,choice,generated,複数属性の制約,"{""在庫表"": [{""品名"": ""ラベル"", ""色"": ""緑"", ""素材"": ""金属"", ""在庫あり"": true}, {""品名"": ""ファイル"", ""色"": ""黄"", ""素材"": ""金属"", ""在庫あり"": true}, {""品名"": ""名札"", ""色"": ""黄"", ""素材"": ""ガラス"", ""在庫あり"": true}, {""品名"": ""付箋"", ""色"": ""青"", ""素材"": ""金属"", ""在庫あり"": true}, {""品名"": ""封筒"", ""色"": ""黄"", ""素材"": ""ガラス"", ""在庫あり"": true}, {""品名"": ""シール"", ""色"": ""青"", ""素材"": ""金属"", ""在庫あり"": true}, {""品名"": ""カード"", ""色"": ""黄"", ""素材"": ""金属"", ""在庫あり"": false}]}",必要条件は黄色、金属製、在庫ありの三つです。全部に合う品はどれですか。,"{""カード"": ""カード"", ""シール"": ""シール"", ""ファイル"": ""ファイル"", ""ラベル"": ""ラベル"", ""付箋"": ""付箋"", ""名札"": ""名札"", ""封筒"": ""封筒""}","""ファイル"""
v2-gen-score-01-043,score,generated,件数の段階境界,"{""案件"": ""木漏れ日"", ""計数対象"": ""未回答の質問"", ""件数"": 3, ""処理済みを除外"": true}",件数だけを評価尺度に照らして判定してください。,"[""対象件数が5件未満"", ""対象件数が5件以上""]","""0"""
v2-gen-score-06-043,score,generated,約束時刻からの遅れ,"{""便"": ""木漏れ日"", ""約束時刻"": 11, ""実際の到着時刻"": 18, ""同日"": true, ""早着時の遅れ"": 0}",約束時刻と到着時刻の差から、遅延段階を選んでください。,"[""遅れが1時間未満"", ""遅れが1時間以上、2時間未満"", ""遅れが2時間以上、3時間未満"", ""遅れが3時間以上、4時間未満"", ""遅れが4時間以上、5時間未満"", ""遅れが5時間以上、6時間未満"", ""遅れが6時間以上""]","""6"""
v2-gen-choice-08-044,choice,generated,改訂と例外の優先,"""通常品の貼付ラベルについて、連絡は古い順に「黒」「茶」「赤」でした。後の連絡が前の連絡を上書きします。ただし冷蔵品には連絡履歴に関係なく白ラベルを貼ります。今回の荷物は冷蔵品です。""",今回適用されるラベルを一つ決めてください。,"{""白"": ""白ラベル"", ""紫"": ""紫ラベル"", ""緑"": ""緑ラベル"", ""茶"": ""茶ラベル"", ""赤"": ""赤ラベル"", ""青"": ""青ラベル"", ""黄"": ""黄ラベル"", ""黒"": ""黒ラベル""}","""白"""
v2-gen-noul-01-023,noul,generated,事実と否定質問,"""高橋さんについての確定記録: 提出物を再確認しています。""",記録上、高橋さんは提出物を再確認していないと言えますか。,"{""false"": ""いいえ。質問の命題は成立しない。"", ""true"": ""はい。質問の命題が成立する。""}","""false"""
v2-gen-choice-09-004,choice,generated,利用可能集合の差,"""貸出台帳で利用可能と記録されている品は用紙、テープ、ファイル。予約済みの品は用紙、ファイルです。""",予約済みを利用可能一覧から除いたとき、残る品を答えてください。,"{""シール"": ""シール"", ""テープ"": ""テープ"", ""ファイル"": ""ファイル"", ""付箋"": ""付箋"", ""冊子"": ""冊子"", ""用紙"": ""用紙"", ""箱"": ""箱"", ""袋"": ""袋""}","""テープ"""
v2-gen-score-15-038,score,generated,軽重のある項目,"""この点検の配点: 添付欠落は2点、余白不備は1点。見つかった不備: なし。該当項目の点を合計し、1点以上は段階1にまとめます。""",見つかった不備の点数を合計し、上限を適用してください。,"[""不備点の合計が0点"", ""不備点の合計が1点以上""]","""0"""
v2-gen-choice-07-029,choice,generated,複数属性の制約,"{""在庫表"": [{""品名"": ""ラベル"", ""色"": ""紫"", ""素材"": ""ガラス"", ""在庫あり"": true}, {""品名"": ""クリップ"", ""色"": ""紫"", ""素材"": ""金属"", ""在庫あり"": true}]}",必要条件は紫色、ガラス製、在庫ありの三つです。全部に合う品はどれですか。,"{""クリップ"": ""クリップ"", ""ラベル"": ""ラベル""}","""ラベル"""
v2-gen-score-02-042,score,generated,記述の満足段階,"""森さんは春風の体験について「極めて強い満足を感じたが、最高とまでは言わない」と回答しました。追加の発言はありません。""",感想に明示された評価を尺度へ対応づけてください。,"[""不満"", ""極めて強い満足""]","""1"""
v2-gen-score-11-045,score,generated,時刻順の評価更新,"""草原の評価更新履歴: 16時に段階0、9時に段階1、20時に段階1、11時に段階1、15時に段階0。評価は最新時刻の値だけを採用します。""",履歴の記載順に惑わされず、最新評価を答えてください。,"[""評価段階0"", ""評価段階1""]","""1"""
v2-gen-choice-03-016,choice,generated,最終更新,"""案件「青空」の記録です。16時の更新: 未着手。 15時の更新: 発送済み。 8時の更新: 未着手。 19時の更新: 未着手。 17時の更新: 発送済み。""",記載順ではなく更新時刻を比べ、最新の状態を選んでください。,"{""差戻し"": ""差戻し"", ""未着手"": ""未着手"", ""発送済み"": ""発送済み""}","""未着手"""
v2-gen-noul-09-028,noul,generated,重複を除いた件数,"{""棚"": ""若葉"", ""読み取り品名"": [""ケース"", ""ケース"", ""ケース""], ""数え方"": ""同一品名の重複を除く""}",異なる品名だけ数えると3種類以上ですか。,"{""false"": ""いいえ。質問の命題は成立しない。"", ""true"": ""はい。質問の命題が成立する。""}","""false"""
v2-gen-noul-05-022,noul,generated,締切の境界,"{""受付規則"": ""15時より前だけ受け付け、15時ちょうどは無効"", ""提出者"": ""高橋"", ""提出時刻"": 10}",時刻だけを基準に、この提出を有効と判定できますか。,"{""false"": ""いいえ。質問の命題は成立しない。"", ""true"": ""はい。質問の命題が成立する。""}","""true"""
v2-gen-choice-06-027,choice,generated,時間枠の包含,"""部屋の連続利用可能時間: 黒室は10時から12時まで、茶室は11時から15時まで、白室は9時から12時まで、黄室は10時から12時まで、緑室は10時から12時まで、青室は12時から15時まで。会議は11時開始、13時終了です。""",会議時間の一部だけでなく全体を含む空き時間を持つ部屋を答えてください。端の一致は可です。,"{""白"": ""白室"", ""緑"": ""緑室"", ""茶"": ""茶室"", ""青"": ""青室"", ""黄"": ""黄室"", ""黒"": ""黒室""}","""茶"""
v2-gen-score-01-012,score,generated,件数の段階境界,"{""案件"": ""木漏れ日"", ""計数対象"": ""未処理の連絡"", ""件数"": 9, ""処理済みを除外"": true}",記録された数に対応する段階を選んでください。,"[""対象件数が5件未満"", ""対象件数が5件以上、10件未満"", ""対象件数が10件以上、15件未満"", ""対象件数が15件以上、20件未満"", ""対象件数が20件以上、25件未満"", ""対象件数が25件以上""]","""1"""
v2-gen-choice-06-016,choice,generated,時間枠の包含,"""部屋の連続利用可能時間: 茶室は11時から16時まで、黒室は11時から14時まで、緑室は14時から17時まで、青室は14時から17時まで。会議は13時開始、15時終了です。""",会議の全時間を連続して確保できる部屋を選んでください。開始・終了の一致は許可します。,"{""緑"": ""緑室"", ""茶"": ""茶室"", ""青"": ""青室"", ""黒"": ""黒室""}","""茶"""
v2-gen-noul-05-041,noul,generated,締切の境界,"""木漏れ日の提出は15時より前だけ受け付け、15時ちょうどは無効です。加藤さんの提出記録は16時ちょうどです。""",時刻だけを基準に、この提出を有効と判定できますか。,"{""false"": ""いいえ。質問の命題は成立しない。"", ""true"": ""はい。質問の命題が成立する。""}","""false"""
v2-gen-score-08-014,score,generated,要件への一致数,"""注文要件: 配送=宅配、素材=布、色=白、サイズ=中、包装=袋。提案品: 配送=店頭、素材=紙、色=白、サイズ=中、包装=袋。""",各属性の完全一致を一点として採点してください。,"[""一致した要件が0項目"", ""一致した要件が1項目"", ""一致した要件が2項目"", ""一致した要件が3項目"", ""一致した要件が4項目"", ""一致した要件が5項目""]","""3"""
v2-gen-noul-02-043,noul,generated,全条件の充足,"""木漏れ日の利用には申込書提出・事前登録・同意書提出がすべて必要です。高橋さん: 申込書提出は未完了、事前登録は未完了、同意書提出は未完了。""",不足条件なく利用を許可できますか。,"{""false"": ""いいえ。質問の命題は成立しない。"", ""true"": ""はい。質問の命題が成立する。""}","""false"""
v2-gen-noul-02-030,noul,generated,全条件の充足,"""木漏れ日の利用には所属確認・事前登録・本人確認がすべて必要です。高橋さん: 所属確認は完了、事前登録は完了、本人確認は完了。""",この人は記載された利用条件をすべて満たしていますか。,"{""false"": ""いいえ。質問の命題は成立しない。"", ""true"": ""はい。質問の命題が成立する。""}","""true"""
v2-gen-choice-15-029,choice,generated,文章内の順序参照,"{""会議"": ""青空"", ""発表順"": [""松本"", ""木村"", ""上田"", ""高橋""]}",発表順の先頭から3番目にいる人を答えてください。,"{""上田"": ""上田さん"", ""木村"": ""木村さん"", ""松本"": ""松本さん"", ""高橋"": ""高橋さん""}","""上田"""
v2-gen-noul-06-024,noul,generated,更新後の状態,"""山道の状態記録: 20時には使用可能、19時には使用可能、14時には受付中、17時には受付中、16時には受付中。時刻が新しい記録が古い記録を上書きします。""",現在の状態は「使用可能」ですか。,"{""false"": ""いいえ。質問の命題は成立しない。"", ""true"": ""はい。質問の命題が成立する。""}","""true"""
v2-gen-choice-02-016,choice,generated,条件と優先例外,"{""規則"": ""会員かつ3個以上なら優待。ただし予約品は常に通常"", ""会員"": true, ""購入数"": 10, ""予約品"": false}",この購入に適用する扱いを選んでください。,"{""優待"": ""優待の扱い"", ""通常"": ""通常の扱い""}","""優待"""
v2-gen-choice-03-030,choice,generated,最終更新,"{""案件"": ""星空"", ""更新記録"": [{""時"": 10, ""状態"": ""承認""}, {""時"": 11, ""状態"": ""承認""}, {""時"": 17, ""状態"": ""承認""}]}",最後の時刻の記録が有効です。現在の状態はどれですか。,"{""取消"": ""取消"", ""受取済み"": ""受取済み"", ""承認"": ""承認""}","""承認"""
v2-gen-score-09-035,score,generated,例外による上限,"""検査合格状況: 記録は不合格、包装は不合格、表示は合格、付属品は不合格、外観は不合格。合格項目一つにつき1点ですが、要再確認の印があれば上限0点に制限します。今回その印はありません。""",単純な合格数ではなく、上限ルール適用後の点数を求めてください。,"[""最終点0点"", ""最終点1点"", ""最終点2点"", ""最終点3点"", ""最終点4点"", ""最終点5点""]","""1"""
v2-gen-noul-02-001,noul,generated,全条件の充足,"""朝露の利用には事前登録・申込書提出がすべて必要です。中村さん: 事前登録は未完了、申込書提出は未完了。""",この人は記載された利用条件をすべて満たしていますか。,"{""false"": ""いいえ。質問の命題は成立しない。"", ""true"": ""はい。質問の命題が成立する。""}","""false"""
v2-gen-choice-03-047,choice,generated,最終更新,"""案件「木漏れ日」の記録です。20時の更新: 確認中。 12時の更新: 取消。 15時の更新: 発送済み。 18時の更新: 差戻し。""",時刻が最も新しい更新に基づく状態を答えてください。,"{""保留"": ""保留"", ""取消"": ""取消"", ""差戻し"": ""差戻し"", ""承認"": ""承認"", ""未着手"": ""未着手"", ""発送済み"": ""発送済み"", ""確認中"": ""確認中""}","""確認中"""
v2-gen-noul-07-047,noul,generated,識別文字列の完全一致,"""商品ラベルの管理コードは「RS4-C」、注文票の管理コードは「RS4-C」です。照合では大文字と小文字、記号の違いも区別します。""",二つの管理コードは完全一致していますか。,"{""false"": ""いいえ。質問の命題は成立しない。"", ""true"": ""はい。質問の命題が成立する。""}","""true"""
v2-gen-score-11-047,score,generated,時刻順の評価更新,"{""案件"": ""夕凪"", ""評価更新"": [{""時刻"": 19, ""段階"": 1}, {""時刻"": 7, ""段階"": 3}, {""時刻"": 21, ""段階"": 1}, {""時刻"": 12, ""段階"": 3}, {""時刻"": 10, ""段階"": 3}], ""採用規則"": ""最新時刻だけを採用""}",履歴の記載順に惑わされず、最新評価を答えてください。,"[""評価段階0"", ""評価段階1"", ""評価段階2"", ""評価段階3""]","""1"""
v2-gen-noul-01-015,noul,generated,事実と否定質問,"""吉田さんについての確定記録: 本人情報を更新していません。""",記録上、吉田さんは本人情報を更新していると言えますか。,"{""false"": ""いいえ。質問の命題は成立しない。"", ""true"": ""はい。質問の命題が成立する。""}","""false"""
v2-gen-score-05-024,score,generated,緊急条件の加点,"""白波の基本優先度は7です。締切まで残り4時間以内なら1だけ加点し、それより長ければ加点しません。上限は7です。今回は締切まで14時間です。""",今回の最終優先段階を求めてください。,"[""最終優先度0"", ""最終優先度1"", ""最終優先度2"", ""最終優先度3"", ""最終優先度4"", ""最終優先度5"", ""最終優先度6"", ""最終優先度7""]","""7"""
v2-gen-noul-15-003,noul,generated,出来事の前後関係,"""青木さんの作業日誌は実施順に引継ぎ→報告→電話連絡→伝票記入→休憩→荷物受取→棚への配置→検品です。記載した各作業は一回ずつ実施しました。""",日誌では報告の方が荷物受取より先ですか。,"{""false"": ""いいえ。質問の命題は成立しない。"", ""true"": ""はい。質問の命題が成立する。""}","""true"""
v2-gen-noul-15-045,noul,generated,出来事の前後関係,"""森さんの作業日誌は実施順に伝票記入→荷物受取→休憩→検品→電話連絡→報告です。記載した各作業は一回ずつ実施しました。""",日誌では伝票記入の方が検品より先ですか。,"{""false"": ""いいえ。質問の命題は成立しない。"", ""true"": ""はい。質問の命題が成立する。""}","""true"""
v2-gen-noul-01-041,noul,generated,事実と否定質問,"""吉田さんについての確定記録: 説明会を受講していません。""",『吉田さんは説明会を受講している』はこの記録と一致しますか。,"{""false"": ""いいえ。質問の命題は成立しない。"", ""true"": ""はい。質問の命題が成立する。""}","""false"""
v2-gen-noul-05-032,noul,generated,締切の境界,"{""受付規則"": ""13時より前だけ受け付け、13時ちょうどは無効"", ""提出者"": ""遠藤"", ""提出時刻"": 9}",記録された提出時刻は締切内ですか。,"{""false"": ""いいえ。質問の命題は成立しない。"", ""true"": ""はい。質問の命題が成立する。""}","""true"""
v2-gen-score-09-038,score,generated,例外による上限,"{""検査合格"": {""包装"": false}, ""要再確認の印あり"": false, ""採点規則"": ""合格数が点数。ただし印があれば上限0点""}",上限制限を適用した最終点を選んでください。,"[""最終点0点"", ""最終点1点""]","""0"""
v2-gen-noul-06-028,noul,generated,更新後の状態,"""青空の状態記録: 18時には空席あり、14時には満席、12時には空席あり、15時には満席。時刻が新しい記録が古い記録を上書きします。""",現在の状態は「空席あり」ですか。,"{""false"": ""いいえ。質問の命題は成立しない。"", ""true"": ""はい。質問の命題が成立する。""}","""true"""
v2-gen-noul-08-023,noul,generated,集合と否定所属,"{""催し"": ""若葉"", ""完全な参加者名簿"": [""遠藤"", ""吉田"", ""上田"", ""大野"", ""中村"", ""石田"", ""松本""], ""補足"": ""名前のない人は参加者ではない""}",上田さんは参加者ではないと言えますか。,"{""false"": ""いいえ。質問の命題は成立しない。"", ""true"": ""はい。質問の命題が成立する。""}","""false"""
v2-gen-score-07-012,score,generated,証拠の最高到達段階,"{""調査"": ""春風"", ""この調査の証拠段階"": {""第三者確認"": 1, ""担当者報告"": 2, ""署名済み文書"": 3}, ""得られた証拠"": [], ""集約規則"": ""得られた段階の最大。証拠なしは0""}",この調査の証拠段階を選んでください。,"[""証拠なしの段階0"", ""表に基づく最高証拠段階1"", ""表に基づく最高証拠段階2"", ""表に基づく最高証拠段階3""]","""0"""
v2-gen-score-10-006,score,generated,不足の段階,"""水面申請で必要なものは確認票、同意書、受領票、添付図。届いたものはなしです。必要一覧にない書類は不足を埋めません。""",未提出の必要書類はいくつの段階ですか。,"[""不足が0種類"", ""不足が1種類"", ""不足が2種類"", ""不足が3種類"", ""不足が4種類""]","""4"""
v2-gen-choice-07-017,choice,generated,複数属性の制約,"""在庫表: 袋は黄色・布製・在庫あり、クリップは黄色・木製・在庫あり、ケースは茶色・布製・在庫あり。""",黄色で布製、在庫もある品を選んでください。,"{""クリップ"": ""クリップ"", ""ケース"": ""ケース"", ""袋"": ""袋""}","""袋"""
v2-gen-choice-04-026,choice,generated,参照先の担当,"{""案件担当"": {""夕凪"": ""山田"", ""春風"": ""青木"", ""星空"": ""渡辺""}, ""資料の所属案件"": {""袋"": ""春風"", ""封筒"": ""夕凪"", ""ファイル"": ""星空""}, ""確認資料"": ""ファイル""}",この資料について、所属案件を通じて連絡すべき担当者は誰ですか。,"{""山田"": ""山田さん"", ""渡辺"": ""渡辺さん"", ""青木"": ""青木さん""}","""渡辺"""
v2-gen-noul-11-029,noul,generated,参照関係の真偽,"{""案件担当"": {""青空"": ""石田"", ""夕凪"": ""佐藤"", ""星空"": ""青木"", ""山道"": ""高橋"", ""朝露"": ""吉田""}, ""資料関連先"": {""カード"": ""山道"", ""付箋"": ""星空"", ""冊子"": ""夕凪"", ""ノート"": ""青空"", ""シール"": ""朝露""}}",吉田さんはシールが属する案件の担当者と言えますか。,"{""false"": ""いいえ。質問の命題は成立しない。"", ""true"": ""はい。質問の命題が成立する。""}","""true"""
v2-gen-score-08-022,score,generated,要件への一致数,"{""注文要件"": {""サイズ"": ""大"", ""印字"": ""なし"", ""素材"": ""布"", ""包装"": ""なし"", ""配送"": ""宅配"", ""形"": ""三角""}, ""提案品"": {""サイズ"": ""小"", ""印字"": ""あり"", ""素材"": ""布"", ""包装"": ""箱"", ""配送"": ""宅配"", ""形"": ""三角""}}",提案品が満たす要件数はいくつの段階ですか。,"[""一致した要件が0項目"", ""一致した要件が1項目"", ""一致した要件が2項目"", ""一致した要件が3項目"", ""一致した要件が4項目"", ""一致した要件が5項目"", ""一致した要件が6項目""]","""3"""
v2-gen-noul-01-012,noul,generated,事実と否定質問,"""木村さんについての確定記録: 支払いを完了しています。""",『木村さんは支払いを完了している』はこの記録と一致しますか。,"{""false"": ""いいえ。質問の命題は成立しない。"", ""true"": ""はい。質問の命題が成立する。""}","""true"""
v2-gen-noul-14-036,noul,generated,予定時間の重なり,"""森さんの予定: 白波会議は14時から18時、面談は17時から21時。終了と次の開始が同時刻の場合は重複とは扱いません。""",指定された端点の扱いで予定の重複はありますか。,"{""false"": ""いいえ。質問の命題は成立しない。"", ""true"": ""はい。質問の命題が成立する。""}","""true"""
v2-gen-noul-12-037,noul,generated,記録と主張の照合,"""若葉施設の入口について、いま確認した確定記録は北口は半分だけ開いている、南口は4分の1だけ開いている、東口は完全に開いている、西口は完全に閉じている、裏口は4分の1だけ開いている、搬入口は4分の1だけ開いているです。現在の判断にはこの確定記録だけを使います。""",『現在の裏口は完全に開いている』という主張は確定記録と一致しますか。,"{""false"": ""いいえ。質問の命題は成立しない。"", ""true"": ""はい。質問の命題が成立する。""}","""false"""
v2-gen-score-14-020,score,generated,参照表の順序尺度,"{""検査対象"": ""白波"", ""今回の対応表"": {""赤"": 0, ""青"": 1, ""白"": 2, ""緑"": 3, ""黄"": 4}, ""確定票の印"": ""黄""}",今回の対応表を使って検査票の段階を選んでください。,"[""表による段階0"", ""表による段階1"", ""表による段階2"", ""表による段階3"", ""表による段階4""]","""4"""
v2-gen-noul-07-048,noul,generated,識別文字列の完全一致,"{""商品ラベル"": ""PQ3-D"", ""注文票"": ""pq3-d"", ""照合規則"": ""大文字小文字と記号も含む完全一致""}",指定された照合規則で一致と判定できますか。,"{""false"": ""いいえ。質問の命題は成立しない。"", ""true"": ""はい。質問の命題が成立する。""}","""false"""
v2-gen-noul-06-003,noul,generated,更新後の状態,"{""対象"": ""夕凪"", ""更新記録"": [{""時刻"": 16, ""状態"": ""受付中""}, {""時刻"": 13, ""状態"": ""受付中""}, {""時刻"": 12, ""状態"": ""受付中""}, {""時刻"": 10, ""状態"": ""受付中""}], ""規則"": ""最新時刻の記録が有効""}",最新の有効な記録から「点検中」と言えますか。,"{""false"": ""いいえ。質問の命題は成立しない。"", ""true"": ""はい。質問の命題が成立する。""}","""false"""
v2-gen-choice-14-010,choice,generated,二属性照合,"{""展示品"": [{""品名"": ""冊子"", ""色"": ""黄"", ""素材"": ""金属""}, {""品名"": ""ペン"", ""色"": ""黄"", ""素材"": ""布""}, {""品名"": ""封筒"", ""色"": ""黒"", ""素材"": ""紙""}, {""品名"": ""箱"", ""色"": ""青"", ""素材"": ""紙""}, {""品名"": ""付箋"", ""色"": ""茶"", ""素材"": ""紙""}], ""指定色"": ""黒"", ""指定素材"": ""紙""}",指定された色と素材の両方が一致する品を選んでください。,"{""ペン"": ""ペン"", ""付箋"": ""付箋"", ""冊子"": ""冊子"", ""封筒"": ""封筒"", ""箱"": ""箱""}","""封筒"""
v2-gen-score-05-011,score,generated,緊急条件の加点,"{""案件"": ""朝露"", ""基本優先度"": 0, ""締切までの残り時間"": 5, ""規則"": ""残り3時間以内なら1加点、それより長ければ0加点。上限1""}",条件付き加点後の優先度を選んでください。,"[""最終優先度0"", ""最終優先度1""]","""0"""
v2-gen-noul-09-038,noul,generated,重複を除いた件数,"{""棚"": ""水面"", ""読み取り品名"": [""箱"", ""ペン"", ""箱"", ""ペン"", ""冊子"", ""箱""], ""数え方"": ""同一品名の重複を除く""}",重複を除いた種類数は5以上という条件を満たしますか。,"{""false"": ""いいえ。質問の命題は成立しない。"", ""true"": ""はい。質問の命題が成立する。""}","""false"""
v2-gen-choice-04-007,choice,generated,参照先の担当,"{""案件担当"": {""木漏れ日"": ""佐藤"", ""春風"": ""上田"", ""灯台"": ""遠藤""}, ""資料の所属案件"": {""箱"": ""灯台"", ""封筒"": ""春風"", ""ケース"": ""木漏れ日""}, ""確認資料"": ""封筒""}",確認する資料の案件を担当している人を答えてください。,"{""上田"": ""上田さん"", ""佐藤"": ""佐藤さん"", ""遠藤"": ""遠藤さん""}","""上田"""
v2-gen-score-06-042,score,generated,約束時刻からの遅れ,"""朝露便は11時到着の約束でした。実際の到着は同じ日の22時です。早着した場合の遅れは0時間とします。""",遅れの時間に対応する段階を答えてください。,"[""遅れが2時間未満"", ""遅れが2時間以上、4時間未満"", ""遅れが4時間以上、6時間未満"", ""遅れが6時間以上、8時間未満"", ""遅れが8時間以上、10時間未満"", ""遅れが10時間以上""]","""5"""
v2-gen-choice-09-010,choice,generated,利用可能集合の差,"{""利用可能品"": [""テープ"", ""名札""], ""予約済み品"": [""名札"", ""ノート"", ""用紙""]}",今貸せるのは利用可能かつ未予約の品です。該当するものはどれですか。,"{""テープ"": ""テープ"", ""ノート"": ""ノート"", ""名札"": ""名札"", ""封筒"": ""封筒"", ""用紙"": ""用紙""}","""テープ"""
v2-gen-noul-12-014,noul,generated,記録と主張の照合,"""白波施設の入口について、いま確認した確定記録は北口は完全に閉じている、南口は半分だけ開いている、東口は完全に開いている、西口は半分だけ開いている、裏口は4分の1だけ開いている、搬入口は4分の1だけ開いているです。現在の判断にはこの確定記録だけを使います。""",いま搬入口が4分の1だけ開いているという判断は正しいですか。,"{""false"": ""いいえ。質問の命題は成立しない。"", ""true"": ""はい。質問の命題が成立する。""}","""true"""
v2-gen-choice-12-034,choice,generated,条件付き不足書類,"{""確認優先順"": [""委任状"", ""申込書"", ""見積書"", ""同意書"", ""本人確認票"", ""承認書""], ""代理申請だけに必要"": ""見積書"", ""代理申請"": false, ""提出済み"": [""委任状"", ""本人確認票"", ""同意書"", ""承認書"", ""申込書""]}",未提出の必要書類のうち優先順が最初のものを選んでください。全部そろっていれば追加不要です。,"{""同意書"": ""同意書"", ""委任状"": ""委任状"", ""承認書"": ""承認書"", ""本人確認票"": ""本人確認票"", ""申込書"": ""申込書"", ""見積書"": ""見積書"", ""追加不要"": ""必要書類はすべて提出済み""}","""追加不要"""
v2-gen-choice-04-017,choice,generated,参照先の担当,"""担当: 木漏れ日は大野、星空は上田、草原は佐藤、若葉は青木、山道は吉田、夕凪は森。資料の所属: 箱は草原案件、ペンは夕凪案件、袋は木漏れ日案件、用紙は山道案件、冊子は星空案件、ラベルは若葉案件。確認する資料は箱です。""",確認する資料の案件を担当している人を答えてください。,"{""上田"": ""上田さん"", ""佐藤"": ""佐藤さん"", ""吉田"": ""吉田さん"", ""大野"": ""大野さん"", ""森"": ""森さん"", ""青木"": ""青木さん""}","""佐藤"""
v2-gen-noul-09-009,noul,generated,重複を除いた件数,"{""棚"": ""水面"", ""読み取り品名"": [""ノート"", ""シール"", ""冊子"", ""ノート"", ""袋"", ""付箋"", ""冊子"", ""用紙""], ""数え方"": ""同一品名の重複を除く""}",品物の種類は6種類以上ありますか。,"{""false"": ""いいえ。質問の命題は成立しない。"", ""true"": ""はい。質問の命題が成立する。""}","""true"""
v2-gen-choice-06-008,choice,generated,時間枠の包含,"""部屋の連続利用可能時間: 黒室は11時から14時まで、茶室は12時から14時まで、黄室は12時から17時まで、紫室は14時から16時まで、緑室は14時から17時まで。会議は13時開始、15時終了です。""",会議時間の一部だけでなく全体を含む空き時間を持つ部屋を答えてください。端の一致は可です。,"{""紫"": ""紫室"", ""緑"": ""緑室"", ""茶"": ""茶室"", ""黄"": ""黄室"", ""黒"": ""黒室""}","""黄"""
v2-gen-choice-01-027,choice,generated,問い合わせ経路,"""受付分類表は次のとおりです。アカウント窓口: ログイン・パスワード・退会 / 契約窓口: 契約更新・プラン変更・解約手続き / イベント窓口: 申込期限・会場案内・参加取消 / 請求窓口: 二重請求・領収書・返金。問い合わせ本文:「契約中のプランを変更したいです」。受付担当が付けた主題は「プラン変更」です。""",分類表に従い、この問い合わせを担当する窓口を一つ選んでください。,"{""アカウント"": ""アカウントの窓口"", ""イベント"": ""イベントの窓口"", ""契約"": ""契約の窓口"", ""請求"": ""請求の窓口""}","""契約"""
v2-gen-score-10-010,score,generated,不足の段階,"""春風申請で必要なものは添付図。届いたものはなしです。必要一覧にない書類は不足を埋めません。""",未提出の必要書類はいくつの段階ですか。,"[""不足が0種類"", ""不足が1種類""]","""1"""
v2-gen-choice-03-017,choice,generated,最終更新,"""案件「木漏れ日」の記録です。15時の更新: 未着手。 11時の更新: 発送済み。 16時の更新: 受取済み。 17時の更新: 承認。 13時の更新: 発送済み。""",時刻が最も新しい更新に基づく状態を答えてください。,"{""保留"": ""保留"", ""取消"": ""取消"", ""受取済み"": ""受取済み"", ""差戻し"": ""差戻し"", ""承認"": ""承認"", ""未着手"": ""未着手"", ""発送済み"": ""発送済み"", ""確認中"": ""確認中""}","""承認"""
v2-gen-score-08-002,score,generated,要件への一致数,"{""注文要件"": {""サイズ"": ""小"", ""包装"": ""なし"", ""配送"": ""郵送"", ""素材"": ""木"", ""色"": ""白"", ""印字"": ""片面のみ"", ""形"": ""四角""}, ""提案品"": {""サイズ"": ""大"", ""包装"": ""袋"", ""配送"": ""店頭"", ""素材"": ""布"", ""色"": ""赤"", ""印字"": ""片面のみ"", ""形"": ""三角""}}",注文要件と一致している属性の数を段階として選んでください。,"[""一致した要件が0項目"", ""一致した要件が1項目"", ""一致した要件が2項目"", ""一致した要件が3項目"", ""一致した要件が4項目"", ""一致した要件が5項目"", ""一致した要件が6項目"", ""一致した要件が7項目""]","""1"""
v2-gen-noul-13-003,noul,generated,範囲の開閉境界,"""若葉の受付数は、7個以上、かつ10個以下の場合に限り適合です。今回の数は8個です。""",指定された範囲条件を満たしていますか。,"{""false"": ""いいえ。質問の命題は成立しない。"", ""true"": ""はい。質問の命題が成立する。""}","""true"""
v2-gen-score-14-036,score,generated,参照表の順序尺度,"""今回の検査用の対応表: 赤印は段階0、黒印は段階1、青印は段階2、茶印は段階3、紫印は段階4、緑印は段階5、黄印は段階6。星空の確定検査票には緑印が付いています。色に一般的な良し悪しは仮定しません。""",今回の対応表を使って検査票の段階を選んでください。,"[""表による段階0"", ""表による段階1"", ""表による段階2"", ""表による段階3"", ""表による段階4"", ""表による段階5"", ""表による段階6""]","""5"""
v2-gen-noul-02-048,noul,generated,全条件の充足,"{""すべて必要な条件"": [""会費支払い"", ""事前登録"", ""申込書提出"", ""本人確認""], ""対象"": ""中村"", ""完了状況"": {""会費支払い"": true, ""事前登録"": true, ""申込書提出"": true, ""本人確認"": true}}",不足条件なく利用を許可できますか。,"{""false"": ""いいえ。質問の命題は成立しない。"", ""true"": ""はい。質問の命題が成立する。""}","""true"""
v2-gen-choice-11-013,choice,generated,小数量の比較,"{""在庫"": [{""品名"": ""ケース"", ""総在庫"": 12, ""予約分"": 4}, {""品名"": ""冊子"", ""総在庫"": 7, ""予約分"": 0}, {""品名"": ""ノート"", ""総在庫"": 3, ""予約分"": 3}], ""自由在庫"": ""総在庫から予約分を引く""}",今使える個数が最も少ない品を答えてください。,"{""ケース"": ""ケース"", ""ノート"": ""ノート"", ""冊子"": ""冊子""}","""ノート"""
v2-gen-noul-11-023,noul,generated,参照関係の真偽,"{""案件担当"": {""星空"": ""林"", ""白波"": ""上田""}, ""資料関連先"": {""シール"": ""白波"", ""封筒"": ""星空""}}",封筒の関連先を担当表で引くと林さんになりますか。,"{""false"": ""いいえ。質問の命題は成立しない。"", ""true"": ""はい。質問の命題が成立する。""}","""true"""
v2-gen-choice-02-049,choice,generated,条件と優先例外,"{""規則"": ""会員かつ11個以上なら優待。ただし予約品は常に通常"", ""会員"": false, ""購入数"": 1, ""予約品"": false}",例外も踏まえて、今回の購入区分はどれですか。,"{""優待"": ""優待の扱い"", ""通常"": ""通常の扱い""}","""通常"""
v2-gen-noul-13-022,noul,generated,範囲の開閉境界,"""星空の受付数は、2個より多い、かつ10個以下の場合に限り適合です。今回の数は11個です。""",今回の個数は適合範囲に入っていますか。,"{""false"": ""いいえ。質問の命題は成立しない。"", ""true"": ""はい。質問の命題が成立する。""}","""false"""
v2-gen-score-14-032,score,generated,参照表の順序尺度,"{""検査対象"": ""夕凪"", ""今回の対応表"": {""紫"": 0, ""緑"": 1, ""茶"": 2}, ""確定票の印"": ""紫""}",今回の対応表を使って検査票の段階を選んでください。,"[""表による段階0"", ""表による段階1"", ""表による段階2""]","""0"""
v2-gen-noul-01-016,noul,generated,事実と否定質問,"{""対象者"": ""大野"", ""項目"": ""契約を更新"", ""実施済み"": false}",『大野さんは契約を更新していない』はこの記録と一致しますか。,"{""false"": ""いいえ。質問の命題は成立しない。"", ""true"": ""はい。質問の命題が成立する。""}","""true"""
v2-gen-noul-04-041,noul,generated,例外の優先,"{""許可条件"": ""事前承認済み"", ""優先禁止条件"": ""利用停止中"", ""対象"": ""大野"", ""許可条件に該当"": true, ""禁止条件に該当"": true}",例外を含む規則のもとで利用は許可されますか。,"{""false"": ""いいえ。質問の命題は成立しない。"", ""true"": ""はい。質問の命題が成立する。""}","""false"""
v2-gen-score-07-042,score,generated,証拠の最高到達段階,"{""調査"": ""白波"", ""この調査の証拠段階"": {""検収記録"": 1, ""担当者報告"": 2, ""監査記録"": 3, ""第三者確認"": 4, ""計測記録"": 5}, ""得られた証拠"": [], ""集約規則"": ""得られた段階の最大。証拠なしは0""}",この調査の証拠段階を選んでください。,"[""証拠なしの段階0"", ""表に基づく最高証拠段階1"", ""表に基づく最高証拠段階2"", ""表に基づく最高証拠段階3"", ""表に基づく最高証拠段階4"", ""表に基づく最高証拠段階5""]","""0"""
v2-gen-noul-14-048,noul,generated,予定時間の重なり,"{""対象者"": ""加藤"", ""会議"": [11, 13], ""面談"": [11, 13], ""規則"": ""終了時刻と開始時刻が一致するだけなら重複なし""}",指定された端点の扱いで予定の重複はありますか。,"{""false"": ""いいえ。質問の命題は成立しない。"", ""true"": ""はい。質問の命題が成立する。""}","""true"""
v2-gen-score-10-020,score,generated,不足の段階,"""白波申請で必要なものは添付図、申込書、確認票、見積書。届いたものは申込書、添付図、確認票です。必要一覧にない書類は不足を埋めません。""",必要一覧と届いた一覧を照合し、不足の程度を判定してください。,"[""不足が0種類"", ""不足が1種類"", ""不足が2種類"", ""不足が3種類"", ""不足が4種類""]","""1"""
v2-gen-choice-11-018,choice,generated,小数量の比較,"""入出庫記録: カードは在庫2個、そのうち予約2個、ノートは在庫17個、そのうち予約5個、名札は在庫9個、そのうち予約1個、クリップは在庫15個、そのうち予約4個、テープは在庫9個、そのうち予約4個。予約分は自由在庫に含めません。""",今使える個数が最も多い品を答えてください。,"{""カード"": ""カード"", ""クリップ"": ""クリップ"", ""テープ"": ""テープ"", ""ノート"": ""ノート"", ""名札"": ""名札""}","""ノート"""
v2-gen-noul-15-007,noul,generated,出来事の前後関係,"""上田さんの作業日誌は実施順に休憩→荷物受取→引継ぎ→伝票記入→検品→棚への配置→報告→電話連絡です。記載した各作業は一回ずつ実施しました。""",休憩は検品より前に行われましたか。,"{""false"": ""いいえ。質問の命題は成立しない。"", ""true"": ""はい。質問の命題が成立する。""}","""true"""
v2-gen-choice-02-012,choice,generated,条件と優先例外,"{""規則"": ""会員かつ11個以上なら優待。ただし予約品は常に通常"", ""会員"": true, ""購入数"": 12, ""予約品"": false}",会計時の区分を一つ決めてください。,"{""優待"": ""優待の扱い"", ""通常"": ""通常の扱い""}","""優待"""
v2-gen-noul-14-038,noul,generated,予定時間の重なり,"""高橋さんの予定: 春風会議は15時から19時、面談は15時から16時。終了と次の開始が同時刻の場合は重複とは扱いません。""",指定された端点の扱いで予定の重複はありますか。,"{""false"": ""いいえ。質問の命題は成立しない。"", ""true"": ""はい。質問の命題が成立する。""}","""true"""
v2-gen-score-07-037,score,generated,証拠の最高到達段階,"""この調査固有の証拠段階表: 検収記録は段階1、第三者確認は段階2、一次資料は段階3、立会記録は段階4、担当者報告は段階5、監査記録は段階6、口頭メモは段階7。山道で得られた証拠は第三者確認、検収記録、口頭メモ。複数ある場合は最大の段階を使い、なければ0です。""",この調査の証拠段階を選んでください。,"[""証拠なしの段階0"", ""表に基づく最高証拠段階1"", ""表に基づく最高証拠段階2"", ""表に基づく最高証拠段階3"", ""表に基づく最高証拠段階4"", ""表に基づく最高証拠段階5"", ""表に基づく最高証拠段階6"", ""表に基づく最高証拠段階7""]","""7"""
v2-gen-noul-13-019,noul,generated,範囲の開閉境界,"{""下限条件"": ""8個より多い"", ""上限条件"": ""15個未満"", ""今回の個数"": 13, ""関係"": ""両方を満たすこと""}",下限と上限の両方の条件に合いますか。,"{""false"": ""いいえ。質問の命題は成立しない。"", ""true"": ""はい。質問の命題が成立する。""}","""true"""
v2-gen-noul-10-016,noul,generated,条件付き義務,"""規則: 当日申請のときだけ担当者の署名が必須です。それ以外の場合にはこの義務はなく、実施していても構いません。今回の案件は当日申請に非該当で、担当者の署名は実施済みです。""",この義務に関して、規則上問題なしと判定できますか。,"{""false"": ""いいえ。質問の命題は成立しない。"", ""true"": ""はい。質問の命題が成立する。""}","""true"""
v2-gen-score-01-016,score,generated,件数の段階境界,"""春風で未処理の連絡を数えたところ、現在6件でした。処理済みは数に含めていません。""",記録された数に対応する段階を選んでください。,"[""対象件数が2件未満"", ""対象件数が2件以上、4件未満"", ""対象件数が4件以上""]","""2"""
v2-gen-choice-14-038,choice,generated,二属性照合,"""展示品の札: 用紙は紫色・紙製、ケースは赤色・ガラス製、袋は赤色・樹脂製、ペンは青色・金属製。探しているのは紫色の紙製です。""",指定された色と素材の両方が一致する品を選んでください。,"{""ケース"": ""ケース"", ""ペン"": ""ペン"", ""用紙"": ""用紙"", ""袋"": ""袋""}","""用紙"""
v2-gen-score-01-022,score,generated,件数の段階境界,"{""案件"": ""春風"", ""計数対象"": ""検品で見つかった不備"", ""件数"": 7, ""処理済みを除外"": true}",現在の件数を指定の段階基準に当てはめてください。,"[""対象件数が5件未満"", ""対象件数が5件以上""]","""1"""
v2-gen-noul-03-033,noul,generated,いずれかの条件,"""山道の受付では入場証・当日券のうち一つ以上があれば通れます。渡辺さん: 入場証はなし、当日券はなし。""",この人は受付基準を満たしていますか。,"{""false"": ""いいえ。質問の命題は成立しない。"", ""true"": ""はい。質問の命題が成立する。""}","""false"""
v2-gen-score-02-044,score,generated,記述の満足段階,"{""回答者"": ""石田"", ""対象"": ""白波"", ""感想原文"": ""強い不満があり、受け入れられない""}",回答者が表明した満足の程度を分類してください。,"[""極めて強い不満"", ""強い不満"", ""極めて強い満足"", ""最高の満足""]","""1"""
v2-gen-choice-15-010,choice,generated,文章内の順序参照,"""朝露会議では、発表者を発表順に「大野、松本、中村、上田、佐藤、森、石田、渡辺」と紹介しました。同じ人の再登場はありません。""",紹介された順番で8人目に発表する人は誰ですか。,"{""上田"": ""上田さん"", ""中村"": ""中村さん"", ""佐藤"": ""佐藤さん"", ""大野"": ""大野さん"", ""松本"": ""松本さん"", ""森"": ""森さん"", ""渡辺"": ""渡辺さん"", ""石田"": ""石田さん""}","""渡辺"""
v2-gen-choice-12-026,choice,generated,条件付き不足書類,"{""確認優先順"": [""申込書"", ""受領票"", ""承認書"", ""見積書"", ""本人確認票"", ""同意書""], ""代理申請だけに必要"": ""申込書"", ""代理申請"": true, ""提出済み"": []}",必要な不足書類を先頭から一つだけ案内します。どれですか。必要書類に不足がなければ追加不要です。,"{""受領票"": ""受領票"", ""同意書"": ""同意書"", ""承認書"": ""承認書"", ""本人確認票"": ""本人確認票"", ""申込書"": ""申込書"", ""見積書"": ""見積書"", ""追加不要"": ""必要書類はすべて提出済み""}","""申込書"""
v2-gen-noul-06-033,noul,generated,更新後の状態,"""山道の状態記録: 17時には使用可能、7時には使用可能、8時には使用可能、10時には使用可能。時刻が新しい記録が古い記録を上書きします。""",最新の有効な記録から「満席」と言えますか。,"{""false"": ""いいえ。質問の命題は成立しない。"", ""true"": ""はい。質問の命題が成立する。""}","""false"""
v2-gen-score-07-024,score,generated,証拠の最高到達段階,"""この調査固有の証拠段階表: 口頭メモは段階1。青空で得られた証拠はなし。複数ある場合は最大の段階を使い、なければ0です。""",この調査の証拠段階を選んでください。,"[""証拠なしの段階0"", ""表に基づく最高証拠段階1""]","""0"""
v2-gen-noul-02-009,noul,generated,全条件の充足,"""星空の利用には所属確認・会費支払い・同意書提出・本人確認がすべて必要です。石田さん: 所属確認は完了、会費支払いは未完了、同意書提出は未完了、本人確認は未完了。""",不足条件なく利用を許可できますか。,"{""false"": ""いいえ。質問の命題は成立しない。"", ""true"": ""はい。質問の命題が成立する。""}","""false"""
v2-gen-score-13-008,score,generated,取消しを反映した件数,"""木漏れ日の申込み記録: 森は受付済み・取消済み、大野は受付済み・取消済み、松本は未受付・取消なし、木村は未受付・取消なし、青木は受付済み・取消済み、林は受付済み・取消なし。取消済みの申込みは有効件数から除きます。6件以上は最終段階6にまとめます。""",現在有効な申込みだけを数えて評価してください。,"[""有効申込みが0件"", ""有効申込みが1件"", ""有効申込みが2件"", ""有効申込みが3件"", ""有効申込みが4件"", ""有効申込みが5件"", ""有効申込みが6件以上""]","""1"""
v2-gen-noul-02-031,noul,generated,全条件の充足,"""木漏れ日の利用には所属確認・同意書提出・本人確認・講習受講がすべて必要です。加藤さん: 所属確認は未完了、同意書提出は完了、本人確認は完了、講習受講は完了。""",規則に照らし、この人の利用資格は成立しますか。,"{""false"": ""いいえ。質問の命題は成立しない。"", ""true"": ""はい。質問の命題が成立する。""}","""false"""
v2-gen-noul-06-035,noul,generated,更新後の状態,"""朝露の状態記録: 17時には点検中、18時には点検中、14時には満席、9時には受付中、16時には満席。時刻が新しい記録が古い記録を上書きします。""",現在の状態は「受付中」ですか。,"{""false"": ""いいえ。質問の命題は成立しない。"", ""true"": ""はい。質問の命題が成立する。""}","""false"""
v2-gen-score-07-010,score,generated,証拠の最高到達段階,"{""調査"": ""青空"", ""この調査の証拠段階"": {""一次資料"": 1}, ""得られた証拠"": [], ""集約規則"": ""得られた段階の最大。証拠なしは0""}",記録済みの証拠から得られる最高段階はどれですか。,"[""証拠なしの段階0"", ""表に基づく最高証拠段階1""]","""0"""
v2-gen-choice-05-014,choice,generated,否定条件で選択,"""検品記録: カードは封ありで濡れていない、シールは封なしで濡れていない、封筒は封なしで濡れている、ケースは封なしで濡れている、付箋は封なしで濡れていない、ノートは封ありで濡れている、クリップは封なしで濡れていない、袋は封なしで濡れている。""",封があるもので、かつ濡れていない品を選んでください。,"{""カード"": ""カード"", ""クリップ"": ""クリップ"", ""ケース"": ""ケース"", ""シール"": ""シール"", ""ノート"": ""ノート"", ""付箋"": ""付箋"", ""封筒"": ""封筒"", ""袋"": ""袋""}","""カード"""
v2-gen-score-02-011,score,generated,記述の満足段階,"{""回答者"": ""上田"", ""対象"": ""水面"", ""感想原文"": ""期待に届かず、不満だった""}",回答者が表明した満足の程度を分類してください。,"[""極めて強い不満"", ""強い不満"", ""不満"", ""どちらでもない"", ""満足"", ""強い満足""]","""2"""
v2-gen-noul-05-025,noul,generated,締切の境界,"{""受付規則"": ""10時ちょうどまで受け付け、同時刻の提出も有効"", ""提出者"": ""加藤"", ""提出時刻"": 13}",時刻だけを基準に、この提出を有効と判定できますか。,"{""false"": ""いいえ。質問の命題は成立しない。"", ""true"": ""はい。質問の命題が成立する。""}","""false"""
v2-gen-noul-14-023,noul,generated,予定時間の重なり,"{""対象者"": ""佐藤"", ""会議"": [14, 17], ""面談"": [10, 13], ""規則"": ""終了時刻と開始時刻が一致するだけなら重複なし""}",二つの予定の時間は重なっていますか。,"{""false"": ""いいえ。質問の命題は成立しない。"", ""true"": ""はい。質問の命題が成立する。""}","""false"""
v2-gen-noul-01-044,noul,generated,事実と否定質問,"{""対象者"": ""松本"", ""項目"": ""配送先を確認"", ""実施済み"": true}",『松本さんは配送先を確認している』はこの記録と一致しますか。,"{""false"": ""いいえ。質問の命題は成立しない。"", ""true"": ""はい。質問の命題が成立する。""}","""true"""
v2-gen-choice-05-045,choice,generated,否定条件で選択,"""検品記録: 冊子は封なしで濡れている、ノートは封ありで濡れていない。""",濡れた品は除外し、封がある品を一つ選んでください。,"{""ノート"": ""ノート"", ""冊子"": ""冊子""}","""ノート"""
v2-gen-noul-03-009,noul,generated,いずれかの条件,"{""いずれか一つ以上必要"": [""引換券"", ""事前予約票""], ""所持状況"": {""引換券"": false, ""事前予約票"": false}, ""対象"": ""大野""}",この人は受付基準を満たしていますか。,"{""false"": ""いいえ。質問の命題は成立しない。"", ""true"": ""はい。質問の命題が成立する。""}","""false"""
v2-gen-score-10-012,score,generated,不足の段階,"{""申請"": ""水面"", ""必要書類"": [""申込書"", ""受領票"", ""確認票""], ""届いた書類"": [""受領票"", ""申込書""], ""余分な書類で代用できる"": false}",必要書類の不足数に対応する段階を選んでください。,"[""不足が0種類"", ""不足が1種類"", ""不足が2種類"", ""不足が3種類""]","""1"""
v2-gen-score-15-046,score,generated,軽重のある項目,"""この点検の配点: 添付欠落は2点、署名欠落は1点。見つかった不備: なし。該当項目の点を合計し、2点以上は段階2にまとめます。""",項目数ではなく指定された点数で評価してください。,"[""不備点の合計が0点"", ""不備点の合計が1点"", ""不備点の合計が2点以上""]","""0"""
v2-gen-score-04-037,score,generated,独立チェックの合計,"{""資料"": ""若葉"", ""チェック項目"": {""署名あり"": false, ""添付あり"": false, ""管理番号あり"": true, ""連絡先あり"": false, ""日付あり"": true}, ""各項目の重み"": 1}",合格した項目数に対応する段階を答えてください。,"[""満たした項目が0個"", ""満たした項目が1個"", ""満たした項目が2個"", ""満たした項目が3個"", ""満たした項目が4個"", ""満たした項目が5個""]","""2"""
v2-gen-choice-13-048,choice,generated,工程の依存順,"{""案件"": ""星空"", ""工程順"": [""内容確認"", ""承認"", ""準備"", ""受付"", ""見積作成"", ""報告""], ""完了済み"": [""内容確認"", ""承認"", ""準備""], ""規則"": ""順に実行し未完了工程を飛ばさない""}",この作業を一段進めるときに着手する工程を答えてください。残りがなければ完了です。,"{""内容確認"": ""内容確認"", ""受付"": ""受付"", ""報告"": ""報告"", ""完了"": ""全工程が完了"", ""承認"": ""承認"", ""準備"": ""準備"", ""見積作成"": ""見積作成""}","""受付"""
v2-gen-score-11-034,score,generated,時刻順の評価更新,"""山道の評価更新履歴: 8時に段階4、9時に段階3、18時に段階0、7時に段階1。評価は最新時刻の値だけを採用します。""",最後に更新された有効な段階はいくつですか。,"[""評価段階0"", ""評価段階1"", ""評価段階2"", ""評価段階3"", ""評価段階4""]","""0"""
v2-gen-choice-03-012,choice,generated,最終更新,"{""案件"": ""朝露"", ""更新記録"": [{""時"": 11, ""状態"": ""取消""}, {""時"": 16, ""状態"": ""受取済み""}, {""時"": 15, ""状態"": ""保留""}]}",最後の時刻の記録が有効です。現在の状態はどれですか。,"{""保留"": ""保留"", ""取消"": ""取消"", ""受取済み"": ""受取済み"", ""差戻し"": ""差戻し"", ""承認"": ""承認"", ""未着手"": ""未着手"", ""発送済み"": ""発送済み"", ""確認中"": ""確認中""}","""受取済み"""
v2-gen-noul-09-042,noul,generated,重複を除いた件数,"{""棚"": ""青空"", ""読み取り品名"": [""カード"", ""カード"", ""カード""], ""数え方"": ""同一品名の重複を除く""}",品物の種類は5種類以上ありますか。,"{""false"": ""いいえ。質問の命題は成立しない。"", ""true"": ""はい。質問の命題が成立する。""}","""false"""
v2-gen-noul-15-034,noul,generated,出来事の前後関係,"""吉田さんの作業日誌は実施順に休憩→棚への配置→引継ぎ→荷物受取→電話連絡→伝票記入です。記載した各作業は一回ずつ実施しました。""",伝票記入は電話連絡より前に行われましたか。,"{""false"": ""いいえ。質問の命題は成立しない。"", ""true"": ""はい。質問の命題が成立する。""}","""false"""
v2-gen-score-05-014,score,generated,緊急条件の加点,"""灯台の基本優先度は0です。締切まで残り8時間以内なら1だけ加点し、それより長ければ加点しません。上限は4です。今回は締切まで12時間です。""",今回の最終優先段階を求めてください。,"[""最終優先度0"", ""最終優先度1"", ""最終優先度2"", ""最終優先度3"", ""最終優先度4""]","""0"""
v2-gen-choice-03-008,choice,generated,最終更新,"{""案件"": ""木漏れ日"", ""更新記録"": [{""時"": 17, ""状態"": ""取消""}, {""時"": 15, ""状態"": ""未着手""}, {""時"": 19, ""状態"": ""取消""}]}",時刻が最も新しい更新に基づく状態を答えてください。,"{""取消"": ""取消"", ""未着手"": ""未着手""}","""取消"""
v2-gen-score-06-014,score,generated,約束時刻からの遅れ,"{""便"": ""白波"", ""約束時刻"": 9, ""実際の到着時刻"": 10, ""同日"": true, ""早着時の遅れ"": 0}",遅れの時間に対応する段階を答えてください。,"[""遅れが1時間未満"", ""遅れが1時間以上、2時間未満"", ""遅れが2時間以上、3時間未満"", ""遅れが3時間以上、4時間未満"", ""遅れが4時間以上、5時間未満"", ""遅れが5時間以上""]","""1"""
v2-gen-noul-03-013,noul,generated,いずれかの条件,"{""いずれか一つ以上必要"": [""受付確認票"", ""紹介状"", ""当日券"", ""招待券""], ""所持状況"": {""受付確認票"": false, ""紹介状"": false, ""当日券"": false, ""招待券"": false}, ""対象"": ""加藤""}",この人は受付基準を満たしていますか。,"{""false"": ""いいえ。質問の命題は成立しない。"", ""true"": ""はい。質問の命題が成立する。""}","""false"""
v2-gen-score-11-024,score,generated,時刻順の評価更新,"""星空の評価更新履歴: 9時に段階0、7時に段階1、10時に段階0。評価は最新時刻の値だけを採用します。""",現在採用すべき評価段階を選んでください。,"[""評価段階0"", ""評価段階1""]","""0"""
v2-gen-score-14-025,score,generated,参照表の順序尺度,"{""検査対象"": ""朝露"", ""今回の対応表"": {""紫"": 0, ""赤"": 1, ""青"": 2}, ""確定票の印"": ""青""}",一般常識ではなく示された表に従って段階を答えてください。,"[""表による段階0"", ""表による段階1"", ""表による段階2""]","""2"""
v2-gen-score-10-005,score,generated,不足の段階,"""若葉申請で必要なものは申込書、添付図、見積書。届いたものは見積書、添付図、案内状、申込書です。必要一覧にない書類は不足を埋めません。""",必要書類の不足数に対応する段階を選んでください。,"[""不足が0種類"", ""不足が1種類"", ""不足が2種類"", ""不足が3種類""]","""0"""
v2-gen-noul-06-023,noul,generated,更新後の状態,"{""対象"": ""夕凪"", ""更新記録"": [{""時刻"": 7, ""状態"": ""空席あり""}, {""時刻"": 16, ""状態"": ""満席""}, {""時刻"": 21, ""状態"": ""空席あり""}, {""時刻"": 19, ""状態"": ""満席""}, {""時刻"": 18, ""状態"": ""使用可能""}], ""規則"": ""最新時刻の記録が有効""}",現在の状態は「点検中」ですか。,"{""false"": ""いいえ。質問の命題は成立しない。"", ""true"": ""はい。質問の命題が成立する。""}","""false"""
v2-gen-score-06-001,score,generated,約束時刻からの遅れ,"{""便"": ""木漏れ日"", ""約束時刻"": 6, ""実際の到着時刻"": 5, ""同日"": true, ""早着時の遅れ"": 0}",約束時刻と到着時刻の差から、遅延段階を選んでください。,"[""遅れが1時間未満"", ""遅れが1時間以上、2時間未満"", ""遅れが2時間以上、3時間未満"", ""遅れが3時間以上、4時間未満"", ""遅れが4時間以上、5時間未満"", ""遅れが5時間以上、6時間未満"", ""遅れが6時間以上""]","""0"""
v2-gen-noul-14-035,noul,generated,予定時間の重なり,"""佐藤さんの予定: 若葉会議は8時から9時、面談は10時から12時。終了と次の開始が同時刻の場合は重複とは扱いません。""",二つの予定の時間は重なっていますか。,"{""false"": ""いいえ。質問の命題は成立しない。"", ""true"": ""はい。質問の命題が成立する。""}","""false"""
v2-gen-noul-02-033,noul,generated,全条件の充足,"""星空の利用には本人確認・申込書提出・利用説明受講・事前登録がすべて必要です。中村さん: 本人確認は未完了、申込書提出は未完了、利用説明受講は未完了、事前登録は未完了。""",不足条件なく利用を許可できますか。,"{""false"": ""いいえ。質問の命題は成立しない。"", ""true"": ""はい。質問の命題が成立する。""}","""false"""
v2-gen-score-12-016,score,generated,目標からの差,"""木漏れ日の目標数は15個、実績は6個です。多すぎても少なすぎても、目標から何個離れたかで評価します。差が7個以上なら最終段階7にまとめます。""",不足・超過の向きではなく差の大きさで評価してください。,"[""目標との差が0個"", ""目標との差が1個"", ""目標との差が2個"", ""目標との差が3個"", ""目標との差が4個"", ""目標との差が5個"", ""目標との差が6個"", ""目標との差が7個以上""]","""7"""
v2-gen-choice-13-029,choice,generated,工程の依存順,"{""案件"": ""灯台"", ""工程順"": [""見積作成"", ""内容確認"", ""受付"", ""準備""], ""完了済み"": [""見積作成"", ""内容確認"", ""受付""], ""規則"": ""順に実行し未完了工程を飛ばさない""}",まだ済んでいない最初の工程は何ですか。存在しない場合は完了です。,"{""内容確認"": ""内容確認"", ""受付"": ""受付"", ""完了"": ""全工程が完了"", ""準備"": ""準備"", ""見積作成"": ""見積作成""}","""準備"""
v2-gen-score-14-030,score,generated,参照表の順序尺度,"""今回の検査用の対応表: 赤印は段階0、黒印は段階1、茶印は段階2、青印は段階3、紫印は段階4、黄印は段階5、白印は段階6、緑印は段階7。星空の確定検査票には緑印が付いています。色に一般的な良し悪しは仮定しません。""",一般常識ではなく示された表に従って段階を答えてください。,"[""表による段階0"", ""表による段階1"", ""表による段階2"", ""表による段階3"", ""表による段階4"", ""表による段階5"", ""表による段階6"", ""表による段階7""]","""7"""
v2-gen-noul-08-010,noul,generated,集合と否定所属,"""木漏れ日の参加者名簿は林、中村、渡辺です。この名簿は完全で、記載のない人は参加者ではありません。""",『渡辺さんは参加者である』という記述は正しいですか。,"{""false"": ""いいえ。質問の命題は成立しない。"", ""true"": ""はい。質問の命題が成立する。""}","""true"""
v2-gen-choice-09-018,choice,generated,利用可能集合の差,"""貸出台帳で利用可能と記録されている品は用紙、ケース、ペン、ラベル、付箋。予約済みの品はケース、付箋、ラベル、用紙です。""",予約済みを利用可能一覧から除いたとき、残る品を答えてください。,"{""ケース"": ""ケース"", ""ペン"": ""ペン"", ""ラベル"": ""ラベル"", ""付箋"": ""付箋"", ""用紙"": ""用紙""}","""ペン"""
v2-gen-choice-08-003,choice,generated,改訂と例外の優先,"""通常品の貼付ラベルについて、連絡は古い順に「白」「茶」「青」でした。後の連絡が前の連絡を上書きします。ただし冷蔵品には連絡履歴に関係なく青ラベルを貼ります。今回の荷物は通常品です。""",この荷物に貼るラベルの色を選んでください。,"{""白"": ""白ラベル"", ""緑"": ""緑ラベル"", ""茶"": ""茶ラベル"", ""赤"": ""赤ラベル"", ""青"": ""青ラベル"", ""黄"": ""黄ラベル"", ""黒"": ""黒ラベル""}","""青"""
v2-gen-score-05-037,score,generated,緊急条件の加点,"""春風の基本優先度は5です。締切まで残り7時間以内なら1だけ加点し、それより長ければ加点しません。上限は6です。今回は締切まで14時間です。""",今回の最終優先段階を求めてください。,"[""最終優先度0"", ""最終優先度1"", ""最終優先度2"", ""最終優先度3"", ""最終優先度4"", ""最終優先度5"", ""最終優先度6""]","""5"""
v2-gen-noul-05-029,noul,generated,締切の境界,"{""受付規則"": ""17時ちょうどまで受け付け、同時刻の提出も有効"", ""提出者"": ""佐藤"", ""提出時刻"": 18}",この提出は時間条件を満たしていますか。,"{""false"": ""いいえ。質問の命題は成立しない。"", ""true"": ""はい。質問の命題が成立する。""}","""false"""
v2-gen-choice-11-038,choice,generated,小数量の比較,"""入出庫記録: 名札は在庫6個、そのうち予約3個、カードは在庫9個、そのうち予約3個、袋は在庫5個、そのうち予約4個。予約分は自由在庫に含めません。""",予約分を差し引いた残りが一番少ないのはどれですか。,"{""カード"": ""カード"", ""名札"": ""名札"", ""袋"": ""袋""}","""袋"""
v2-gen-score-15-035,score,generated,軽重のある項目,"""この点検の配点: 頁番号欠落は2点、署名欠落は1点、余白不備は1点、誤字は1点、添付欠落は1点。見つかった不備: 誤字。該当項目の点を合計し、5点以上は段階5にまとめます。""",見つかった不備の点数を合計し、上限を適用してください。,"[""不備点の合計が0点"", ""不備点の合計が1点"", ""不備点の合計が2点"", ""不備点の合計が3点"", ""不備点の合計が4点"", ""不備点の合計が5点以上""]","""1"""
v2-gen-choice-13-018,choice,generated,工程の依存順,"""案件「木漏れ日」の工程順は準備→報告です。途中の工程を飛ばすことはできません。完了済みはなしです。""",この作業を一段進めるときに着手する工程を答えてください。残りがなければ完了です。,"{""報告"": ""報告"", ""完了"": ""全工程が完了"", ""準備"": ""準備""}","""準備"""
v2-gen-noul-02-021,noul,generated,全条件の充足,"""草原の利用には利用説明受講・講習受講がすべて必要です。大野さん: 利用説明受講は未完了、講習受講は未完了。""",不足条件なく利用を許可できますか。,"{""false"": ""いいえ。質問の命題は成立しない。"", ""true"": ""はい。質問の命題が成立する。""}","""false"""
v2-gen-score-06-013,score,generated,約束時刻からの遅れ,"{""便"": ""朝露"", ""約束時刻"": 5, ""実際の到着時刻"": 7, ""同日"": true, ""早着時の遅れ"": 0}",遅れの時間に対応する段階を答えてください。,"[""遅れが1時間未満"", ""遅れが1時間以上、2時間未満"", ""遅れが2時間以上、3時間未満"", ""遅れが3時間以上、4時間未満"", ""遅れが4時間以上""]","""2"""
v2-gen-choice-13-047,choice,generated,工程の依存順,"""案件「水面」の工程順は見積作成→実施→報告→受付→準備→内容確認→承認です。途中の工程を飛ばすことはできません。完了済みは見積作成、実施、報告、受付、準備です。""",次に行う工程を選んでください。すべて済んでいれば完了を選びます。,"{""内容確認"": ""内容確認"", ""受付"": ""受付"", ""報告"": ""報告"", ""完了"": ""全工程が完了"", ""実施"": ""実施"", ""承認"": ""承認"", ""準備"": ""準備"", ""見積作成"": ""見積作成""}","""内容確認"""
v2-gen-noul-10-045,noul,generated,条件付き義務,"{""規則"": ""代理申請なら担当者の署名が必要。それ以外では義務なし"", ""条件に該当"": true, ""必要処置を実施"": false}",この義務に関して、規則上問題なしと判定できますか。,"{""false"": ""いいえ。質問の命題は成立しない。"", ""true"": ""はい。質問の命題が成立する。""}","""false"""
v2-gen-score-08-032,score,generated,要件への一致数,"""注文要件: 色=青、配送=宅配。提案品: 色=白、配送=郵送。""",提案品が満たす要件数はいくつの段階ですか。,"[""一致した要件が0項目"", ""一致した要件が1項目"", ""一致した要件が2項目""]","""0"""
v2-gen-noul-11-001,noul,generated,参照関係の真偽,"""担当表: 灯台は渡辺、星空は青木、水面は高橋。資料の関連先: ノートは星空、クリップは水面、カードは灯台。""",ノートに関連する案件の担当は青木さんですか。,"{""false"": ""いいえ。質問の命題は成立しない。"", ""true"": ""はい。質問の命題が成立する。""}","""true"""
v2-gen-choice-01-011,choice,generated,問い合わせ経路,"{""分類表"": {""アカウント"": [""ログイン"", ""パスワード"", ""退会""], ""店舗"": [""営業時間"", ""店内設備"", ""店舗の場所""], ""契約"": [""契約更新"", ""プラン変更"", ""解約手続き""], ""製品"": [""破損"", ""初期不良"", ""部品交換""], ""配送"": [""届け先変更"", ""荷物の遅延"", ""追跡番号""], ""修理"": [""修理見積"", ""修理進捗"", ""保証修理""]}, ""本文"": ""サービスの解約手続きを知りたいです"", ""受付主題"": ""解約手続き""}",記録された主題を扱う転送先はどこですか。,"{""アカウント"": ""アカウントの窓口"", ""修理"": ""修理の窓口"", ""契約"": ""契約の窓口"", ""店舗"": ""店舗の窓口"", ""製品"": ""製品の窓口"", ""配送"": ""配送の窓口""}","""契約"""
v2-gen-score-15-028,score,generated,軽重のある項目,"{""不備ごとの配点"": {""頁番号欠落"": 2, ""日付欠落"": 1, ""誤字"": 1, ""添付欠落"": 1, ""署名欠落"": 1}, ""不備あり"": {""頁番号欠落"": false, ""日付欠落"": false, ""誤字"": false, ""添付欠落"": false, ""署名欠落"": false}, ""上限"": 5}",項目数ではなく指定された点数で評価してください。,"[""不備点の合計が0点"", ""不備点の合計が1点"", ""不備点の合計が2点"", ""不備点の合計が3点"", ""不備点の合計が4点"", ""不備点の合計が5点以上""]","""0"""
v2-gen-noul-02-016,noul,generated,全条件の充足,"{""すべて必要な条件"": [""利用説明受講"", ""同意書提出""], ""対象"": ""中村"", ""完了状況"": {""利用説明受講"": true, ""同意書提出"": true}}",規則に照らし、この人の利用資格は成立しますか。,"{""false"": ""いいえ。質問の命題は成立しない。"", ""true"": ""はい。質問の命題が成立する。""}","""true"""
v2-gen-choice-14-013,choice,generated,二属性照合,"""展示品の札: 袋は白色・木製、シールは黄色・木製。探しているのは黄色の木製です。""",色だけ・素材だけの一致では足りません。該当品を答えてください。,"{""シール"": ""シール"", ""袋"": ""袋""}","""シール"""
v2-gen-noul-13-025,noul,generated,範囲の開閉境界,"{""下限条件"": ""7個以上"", ""上限条件"": ""10個以下"", ""今回の個数"": 10, ""関係"": ""両方を満たすこと""}",下限と上限の両方の条件に合いますか。,"{""false"": ""いいえ。質問の命題は成立しない。"", ""true"": ""はい。質問の命題が成立する。""}","""true"""
v2-gen-choice-14-037,choice,generated,二属性照合,"{""展示品"": [{""品名"": ""箱"", ""色"": ""白"", ""素材"": ""紙""}, {""品名"": ""カード"", ""色"": ""黒"", ""素材"": ""金属""}, {""品名"": ""ノート"", ""色"": ""赤"", ""素材"": ""布""}, {""品名"": ""クリップ"", ""色"": ""青"", ""素材"": ""木""}], ""指定色"": ""青"", ""指定素材"": ""木""}",二つの指定を同時に満たす展示品はどれですか。,"{""カード"": ""カード"", ""クリップ"": ""クリップ"", ""ノート"": ""ノート"", ""箱"": ""箱""}","""クリップ"""
v2-gen-choice-13-035,choice,generated,工程の依存順,"{""案件"": ""山道"", ""工程順"": [""見積作成"", ""内容確認"", ""承認"", ""報告"", ""受付""], ""完了済み"": [""見積作成"", ""内容確認""], ""規則"": ""順に実行し未完了工程を飛ばさない""}",まだ済んでいない最初の工程は何ですか。存在しない場合は完了です。,"{""内容確認"": ""内容確認"", ""受付"": ""受付"", ""報告"": ""報告"", ""完了"": ""全工程が完了"", ""承認"": ""承認"", ""見積作成"": ""見積作成""}","""承認"""
v2-gen-score-13-009,score,generated,取消しを反映した件数,"""春風の申込み記録: 大野は受付済み・取消なし、林は受付済み・取消なし、森は受付済み・取消済み、石田は受付済み・取消済み、松本は受付済み・取消なし、中村は受付済み・取消なし、吉田は受付済み・取消なし。取消済みの申込みは有効件数から除きます。7件以上は最終段階7にまとめます。""",受付済みから取消済みを除いた件数はいくつの段階ですか。,"[""有効申込みが0件"", ""有効申込みが1件"", ""有効申込みが2件"", ""有効申込みが3件"", ""有効申込みが4件"", ""有効申込みが5件"", ""有効申込みが6件"", ""有効申込みが7件以上""]","""5"""
v2-gen-noul-15-008,noul,generated,出来事の前後関係,"{""担当者"": ""高橋"", ""実施順"": [""検品"", ""荷物受取"", ""休憩"", ""棚への配置"", ""電話連絡"", ""引継ぎ"", ""伝票記入""], ""各作業の実施回数"": 1}",『電話連絡が先、休憩が後』という順序は正しいですか。,"{""false"": ""いいえ。質問の命題は成立しない。"", ""true"": ""はい。質問の命題が成立する。""}","""false"""
v2-gen-choice-06-047,choice,generated,時間枠の包含,"{""空き時間"": [{""部屋"": ""赤"", ""開始"": 11, ""終了"": 13}, {""部屋"": ""白"", ""開始"": 11, ""終了"": 13}, {""部屋"": ""黒"", ""開始"": 13, ""終了"": 14}, {""部屋"": ""青"", ""開始"": 11, ""終了"": 13}, {""部屋"": ""茶"", ""開始"": 11, ""終了"": 13}, {""部屋"": ""黄"", ""開始"": 14, ""終了"": 16}, {""部屋"": ""緑"", ""開始"": 11, ""終了"": 13}, {""部屋"": ""紫"", ""開始"": 12, ""終了"": 13}], ""会議開始"": 13, ""会議終了"": 14}",会議時間の一部だけでなく全体を含む空き時間を持つ部屋を答えてください。端の一致は可です。,"{""白"": ""白室"", ""紫"": ""紫室"", ""緑"": ""緑室"", ""茶"": ""茶室"", ""赤"": ""赤室"", ""青"": ""青室"", ""黄"": ""黄室"", ""黒"": ""黒室""}","""黒"""
v2-gen-choice-08-030,choice,generated,改訂と例外の優先,"""通常品の貼付ラベルについて、連絡は古い順に「緑」「紫」でした。後の連絡が前の連絡を上書きします。ただし冷蔵品には連絡履歴に関係なく緑ラベルを貼ります。今回の荷物は冷蔵品です。""",この荷物に貼るラベルの色を選んでください。,"{""紫"": ""紫ラベル"", ""緑"": ""緑ラベル""}","""緑"""
v2-gen-score-06-025,score,generated,約束時刻からの遅れ,"""灯台便は6時到着の約束でした。実際の到着は同じ日の5時です。早着した場合の遅れは0時間とします。""",到着の遅れを段階基準で評価してください。,"[""遅れが2時間未満"", ""遅れが2時間以上、4時間未満"", ""遅れが4時間以上""]","""0"""
v2-gen-choice-04-035,choice,generated,参照先の担当,"""担当: 木漏れ日は林、青空は上田、星空は森、朝露は松本、灯台は吉田。資料の所属: ラベルは朝露案件、名札は木漏れ日案件、付箋は灯台案件、用紙は青空案件、箱は星空案件。確認する資料は名札です。""",この資料について、所属案件を通じて連絡すべき担当者は誰ですか。,"{""上田"": ""上田さん"", ""吉田"": ""吉田さん"", ""松本"": ""松本さん"", ""林"": ""林さん"", ""森"": ""森さん""}","""林"""
v2-gen-score-02-020,score,generated,記述の満足段階,"{""回答者"": ""高橋"", ""対象"": ""青空"", ""感想原文"": ""到底納得できず、強い不満を感じた""}",回答者が表明した満足の程度を分類してください。,"[""極めて強い不満"", ""強い不満"", ""不満"", ""どちらでもない"", ""満足"", ""強い満足"", ""極めて強い満足"", ""最高の満足""]","""1"""
v2-gen-score-08-015,score,generated,要件への一致数,"{""注文要件"": {""サイズ"": ""小"", ""配送"": ""郵送"", ""印字"": ""片面のみ"", ""形"": ""丸"", ""素材"": ""紙"", ""包装"": ""袋""}, ""提案品"": {""サイズ"": ""大"", ""配送"": ""郵送"", ""印字"": ""片面のみ"", ""形"": ""四角"", ""素材"": ""木"", ""包装"": ""箱""}}",注文要件と一致している属性の数を段階として選んでください。,"[""一致した要件が0項目"", ""一致した要件が1項目"", ""一致した要件が2項目"", ""一致した要件が3項目"", ""一致した要件が4項目"", ""一致した要件が5項目"", ""一致した要件が6項目""]","""2"""
v2-gen-choice-07-022,choice,generated,複数属性の制約,"""在庫表: クリップは赤色・金属製・在庫なし、ケースは赤色・金属製・在庫あり、テープは赤色・金属製・在庫なし、封筒は黒色・金属製・在庫あり。""",今注文できる金属製の赤色の商品を答えてください。在庫なしは選べません。,"{""クリップ"": ""クリップ"", ""ケース"": ""ケース"", ""テープ"": ""テープ"", ""封筒"": ""封筒""}","""ケース"""
v2-gen-noul-06-048,noul,generated,更新後の状態,"""草原の状態記録: 18時には停止中、10時には使用可能、17時には満席、12時には空席あり。時刻が新しい記録が古い記録を上書きします。""",現在の状態は「停止中」ですか。,"{""false"": ""いいえ。質問の命題は成立しない。"", ""true"": ""はい。質問の命題が成立する。""}","""true"""
v2-gen-score-14-033,score,generated,参照表の順序尺度,"{""検査対象"": ""白波"", ""今回の対応表"": {""赤"": 0, ""黄"": 1, ""黒"": 2, ""紫"": 3}, ""確定票の印"": ""赤""}",一般常識ではなく示された表に従って段階を答えてください。,"[""表による段階0"", ""表による段階1"", ""表による段階2"", ""表による段階3""]","""0"""
v2-gen-noul-13-016,noul,generated,範囲の開閉境界,"{""下限条件"": ""5個より多い"", ""上限条件"": ""10個以下"", ""今回の個数"": 5, ""関係"": ""両方を満たすこと""}",指定された範囲条件を満たしていますか。,"{""false"": ""いいえ。質問の命題は成立しない。"", ""true"": ""はい。質問の命題が成立する。""}","""false"""
v2-gen-noul-09-033,noul,generated,重複を除いた件数,"""夕凪棚で読み取った品名はケース、封筒、ファイル、テープ、ファイル、箱、箱、ケースでした。同じ品名の繰り返しは一種類として数えます。""",品物の種類は2種類以上ありますか。,"{""false"": ""いいえ。質問の命題は成立しない。"", ""true"": ""はい。質問の命題が成立する。""}","""true"""
v2-gen-score-13-046,score,generated,取消しを反映した件数,"""朝露の申込み記録: 山田は受付済み・取消済み、遠藤は受付済み・取消済み、加藤は受付済み・取消なし、中村は受付済み・取消済み、青木は受付済み・取消済み、松本は未受付・取消なし、渡辺は未受付・取消なし。取消済みの申込みは有効件数から除きます。2件以上は最終段階2にまとめます。""",取消し後に残る有効申込み数を段階として選んでください。,"[""有効申込みが0件"", ""有効申込みが1件"", ""有効申込みが2件以上""]","""1"""
v2-gen-score-02-040,score,generated,記述の満足段階,"{""回答者"": ""木村"", ""対象"": ""白波"", ""感想原文"": ""良い結果で、満足している""}",感想に明示された評価を尺度へ対応づけてください。,"[""極めて強い不満"", ""不満"", ""やや不満"", ""どちらでもない"", ""やや満足"", ""満足"", ""極めて強い満足""]","""5"""
v2-gen-choice-09-049,choice,generated,利用可能集合の差,"""貸出台帳で利用可能と記録されている品はノート。予約済みの品はカード、ラベルです。""",今貸せるのは利用可能かつ未予約の品です。該当するものはどれですか。,"{""カード"": ""カード"", ""ノート"": ""ノート"", ""ラベル"": ""ラベル"", ""名札"": ""名札""}","""ノート"""
v2-gen-score-10-022,score,generated,不足の段階,"""水面申請で必要なものは確認票、承認書、見積書、申込書、同意書、受領票。届いたものは挨拶状、確認票、承認書、同意書です。必要一覧にない書類は不足を埋めません。""",必要一覧と届いた一覧を照合し、不足の程度を判定してください。,"[""不足が0種類"", ""不足が1種類"", ""不足が2種類"", ""不足が3種類"", ""不足が4種類"", ""不足が5種類"", ""不足が6種類""]","""3"""
v2-gen-choice-01-028,choice,generated,問い合わせ経路,"{""分類表"": {""アカウント"": [""ログイン"", ""パスワード"", ""退会""], ""修理"": [""修理見積"", ""修理進捗"", ""保証修理""], ""請求"": [""二重請求"", ""領収書"", ""返金""], ""店舗"": [""営業時間"", ""店内設備"", ""店舗の場所""]}, ""本文"": ""支払い済みなので領収書を発行してほしいです"", ""受付主題"": ""領収書""}",受付分類表を使って、この相談の担当を決めてください。,"{""アカウント"": ""アカウントの窓口"", ""修理"": ""修理の窓口"", ""店舗"": ""店舗の窓口"", ""請求"": ""請求の窓口""}","""請求"""
v2-gen-choice-06-023,choice,generated,時間枠の包含,"""部屋の連続利用可能時間: 黄室は9時から12時まで、緑室は8時から13時まで、赤室は8時から12時まで、白室は8時から12時まで、紫室は8時から12時まで、青室は11時から14時まで、黒室は11時から14時まで、茶室は11時から15時まで。会議は10時開始、13時終了です。""",会議開始から終了まで空いている部屋はどれですか。境界時刻が一致していても利用できます。,"{""白"": ""白室"", ""紫"": ""紫室"", ""緑"": ""緑室"", ""茶"": ""茶室"", ""赤"": ""赤室"", ""青"": ""青室"", ""黄"": ""黄室"", ""黒"": ""黒室""}","""緑"""
v2-gen-choice-02-013,choice,generated,条件と優先例外,"{""規則"": ""会員かつ8個以上なら優待。ただし予約品は常に通常"", ""会員"": false, ""購入数"": 7, ""予約品"": false}",会計時の区分を一つ決めてください。,"{""優待"": ""優待の扱い"", ""通常"": ""通常の扱い""}","""通常"""
v2-gen-noul-14-013,noul,generated,予定時間の重なり,"""上田さんの予定: 夕凪会議は12時から13時、面談は13時から16時。終了と次の開始が同時刻の場合は重複とは扱いません。""",指定された端点の扱いで予定の重複はありますか。,"{""false"": ""いいえ。質問の命題は成立しない。"", ""true"": ""はい。質問の命題が成立する。""}","""false"""
v2-gen-score-08-040,score,generated,要件への一致数,"""注文要件: 包装=箱、配送=宅配、形=三角。提案品: 包装=箱、配送=宅配、形=三角。""",注文要件と一致している属性の数を段階として選んでください。,"[""一致した要件が0項目"", ""一致した要件が1項目"", ""一致した要件が2項目"", ""一致した要件が3項目""]","""3"""
v2-gen-score-14-012,score,generated,参照表の順序尺度,"{""検査対象"": ""草原"", ""今回の対応表"": {""黄"": 0, ""黒"": 1, ""赤"": 2, ""緑"": 3}, ""確定票の印"": ""黒""}",一般常識ではなく示された表に従って段階を答えてください。,"[""表による段階0"", ""表による段階1"", ""表による段階2"", ""表による段階3""]","""1"""
v2-gen-choice-14-011,choice,generated,二属性照合,"""展示品の札: 用紙は黄色・紙製、名札は黒色・布製、封筒は白色・布製、ファイルは緑色・ガラス製、箱は緑色・布製、ノートは紫色・紙製、冊子は緑色・木製。探しているのは白色の布製です。""",二つの指定を同時に満たす展示品はどれですか。,"{""ノート"": ""ノート"", ""ファイル"": ""ファイル"", ""冊子"": ""冊子"", ""名札"": ""名札"", ""封筒"": ""封筒"", ""用紙"": ""用紙"", ""箱"": ""箱""}","""封筒"""
v2-gen-score-04-005,score,generated,独立チェックの合計,"""若葉資料の点検: 日付ありは満たさない。各項目は一つずつ数えます。""",条件を満たした項目を一つ一点として集計してください。,"[""満たした項目が0個"", ""満たした項目が1個""]","""0"""
v2-gen-choice-12-004,choice,generated,条件付き不足書類,"{""確認優先順"": [""委任状"", ""本人確認票"", ""承認書"", ""申込書""], ""代理申請だけに必要"": ""申込書"", ""代理申請"": false, ""提出済み"": [""承認書""]}",未提出の必要書類のうち優先順が最初のものを選んでください。全部そろっていれば追加不要です。,"{""委任状"": ""委任状"", ""承認書"": ""承認書"", ""本人確認票"": ""本人確認票"", ""申込書"": ""申込書"", ""追加不要"": ""必要書類はすべて提出済み""}","""委任状"""
v2-gen-score-13-040,score,generated,取消しを反映した件数,"{""催し"": ""水面"", ""申込み"": [{""氏名"": ""森"", ""受付済み"": true, ""取消済み"": true}, {""氏名"": ""林"", ""受付済み"": true, ""取消済み"": false}, {""氏名"": ""山田"", ""受付済み"": true, ""取消済み"": false}], ""まとめ方"": ""3件以上は段階3""}",現在有効な申込みだけを数えて評価してください。,"[""有効申込みが0件"", ""有効申込みが1件"", ""有効申込みが2件"", ""有効申込みが3件以上""]","""2"""
v2-gen-noul-01-017,noul,generated,事実と否定質問,"""石田さんについての確定記録: 交通費を精算しています。""",確定情報だけから、石田さんが交通費を精算していないという判断は正しいですか。,"{""false"": ""いいえ。質問の命題は成立しない。"", ""true"": ""はい。質問の命題が成立する。""}","""false"""
v2-gen-choice-05-040,choice,generated,否定条件で選択,"""検品記録: ペンは封なしで濡れている、付箋は封ありで濡れていない、カードは封なしで濡れている、ケースは封なしで濡れていない、テープは封なしで濡れていない。""",封があるもので、かつ濡れていない品を選んでください。,"{""カード"": ""カード"", ""ケース"": ""ケース"", ""テープ"": ""テープ"", ""ペン"": ""ペン"", ""付箋"": ""付箋""}","""付箋"""
v2-gen-choice-04-047,choice,generated,参照先の担当,"""担当: 青空は木村、朝露は林、草原は山田、白波は遠藤、春風は松本、灯台は渡辺。資料の所属: シールは朝露案件、封筒は灯台案件、箱は春風案件、冊子は青空案件、ノートは白波案件、袋は草原案件。確認する資料は袋です。""",確認する資料の案件を担当している人を答えてください。,"{""山田"": ""山田さん"", ""木村"": ""木村さん"", ""松本"": ""松本さん"", ""林"": ""林さん"", ""渡辺"": ""渡辺さん"", ""遠藤"": ""遠藤さん""}","""山田"""
v2-gen-score-09-021,score,generated,例外による上限,"{""検査合格"": {""包装"": true, ""動作"": true, ""寸法"": true, ""外観"": true, ""記録"": true}, ""要再確認の印あり"": false, ""採点規則"": ""合格数が点数。ただし印があれば上限1点""}",上限制限を適用した最終点を選んでください。,"[""最終点0点"", ""最終点1点"", ""最終点2点"", ""最終点3点"", ""最終点4点"", ""最終点5点""]","""5"""
v2-gen-noul-07-024,noul,generated,識別文字列の完全一致,"{""商品ラベル"": ""GH6-C"", ""注文票"": ""GH6-D"", ""照合規則"": ""大文字小文字と記号も含む完全一致""}",同一コードとして扱ってよいですか。,"{""false"": ""いいえ。質問の命題は成立しない。"", ""true"": ""はい。質問の命題が成立する。""}","""false"""
v2-gen-choice-07-043,choice,generated,複数属性の制約,"{""在庫表"": [{""品名"": ""テープ"", ""色"": ""黒"", ""素材"": ""ガラス"", ""在庫あり"": false}, {""品名"": ""シール"", ""色"": ""黒"", ""素材"": ""ガラス"", ""在庫あり"": true}]}",必要条件は黒色、ガラス製、在庫ありの三つです。全部に合う品はどれですか。,"{""シール"": ""シール"", ""テープ"": ""テープ""}","""シール"""
v2-gen-noul-12-024,noul,generated,記録と主張の照合,"{""施設"": ""星空"", ""入口ごとの現在の確定記録"": {""北口"": ""完全に開いている"", ""南口"": ""完全に閉じている"", ""東口"": ""完全に閉じている"", ""西口"": ""完全に開いている"", ""裏口"": ""完全に閉じている"", ""搬入口"": ""完全に開いている""}, ""判定資料"": ""現在の確定記録のみ""}",『現在の西口は完全に開いている』という主張は確定記録と一致しますか。,"{""false"": ""いいえ。質問の命題は成立しない。"", ""true"": ""はい。質問の命題が成立する。""}","""true"""
v2-gen-score-01-030,score,generated,件数の段階境界,"{""案件"": ""星空"", ""計数対象"": ""検品で見つかった不備"", ""件数"": 5, ""処理済みを除外"": true}",現在の件数を指定の段階基準に当てはめてください。,"[""対象件数が3件未満"", ""対象件数が3件以上、6件未満"", ""対象件数が6件以上""]","""1"""
v2-gen-noul-13-026,noul,generated,範囲の開閉境界,"""草原の受付数は、2個以上、かつ5個以下の場合に限り適合です。今回の数は1個です。""",指定された範囲条件を満たしていますか。,"{""false"": ""いいえ。質問の命題は成立しない。"", ""true"": ""はい。質問の命題が成立する。""}","""false"""
v2-gen-score-12-004,score,generated,目標からの差,"""白波の目標数は10個、実績は10個です。多すぎても少なすぎても、目標から何個離れたかで評価します。差が2個以上なら最終段階2にまとめます。""",目標からのずれの段階を選んでください。,"[""目標との差が0個"", ""目標との差が1個"", ""目標との差が2個以上""]","""0"""
v2-gen-choice-06-034,choice,generated,時間枠の包含,"""部屋の連続利用可能時間: 紫室は12時から15時まで、茶室は10時から15時まで、緑室は12時から14時まで、赤室は12時から15時まで、黄室は9時から12時まで。会議は11時開始、13時終了です。""",会議開始から終了まで空いている部屋はどれですか。境界時刻が一致していても利用できます。,"{""紫"": ""紫室"", ""緑"": ""緑室"", ""茶"": ""茶室"", ""赤"": ""赤室"", ""黄"": ""黄室""}","""茶"""
v2-gen-score-15-019,score,generated,軽重のある項目,"""この点検の配点: 宛名不備は2点、日付欠落は1点、添付欠落は1点。見つかった不備: 日付欠落。該当項目の点を合計し、3点以上は段階3にまとめます。""",見つかった不備の点数を合計し、上限を適用してください。,"[""不備点の合計が0点"", ""不備点の合計が1点"", ""不備点の合計が2点"", ""不備点の合計が3点以上""]","""1"""
v2-gen-score-09-002,score,generated,例外による上限,"{""検査合格"": {""付属品"": false, ""包装"": false, ""動作"": false, ""表示"": false, ""記録"": false, ""外観"": false, ""寸法"": false}, ""要再確認の印あり"": false, ""採点規則"": ""合格数が点数。ただし印があれば上限0点""}",単純な合格数ではなく、上限ルール適用後の点数を求めてください。,"[""最終点0点"", ""最終点1点"", ""最終点2点"", ""最終点3点"", ""最終点4点"", ""最終点5点"", ""最終点6点"", ""最終点7点""]","""0"""
v2-gen-score-10-046,score,generated,不足の段階,"""夕凪申請で必要なものは受領票、確認票。届いたものは参考資料、受領票です。必要一覧にない書類は不足を埋めません。""",未提出の必要書類はいくつの段階ですか。,"[""不足が0種類"", ""不足が1種類"", ""不足が2種類""]","""1"""
v2-gen-choice-13-011,choice,generated,工程の依存順,"""案件「灯台」の工程順は内容確認→見積作成→承認→受付→報告です。途中の工程を飛ばすことはできません。完了済みはなしです。""",次に行う工程を選んでください。すべて済んでいれば完了を選びます。,"{""内容確認"": ""内容確認"", ""受付"": ""受付"", ""報告"": ""報告"", ""完了"": ""全工程が完了"", ""承認"": ""承認"", ""見積作成"": ""見積作成""}","""内容確認"""
v2-gen-choice-03-015,choice,generated,最終更新,"""案件「若葉」の記録です。15時の更新: 差戻し。 20時の更新: 保留。 19時の更新: 受取済み。""",記載順ではなく更新時刻を比べ、最新の状態を選んでください。,"{""保留"": ""保留"", ""取消"": ""取消"", ""受取済み"": ""受取済み"", ""差戻し"": ""差戻し"", ""未着手"": ""未着手""}","""保留"""
v2-gen-choice-06-035,choice,generated,時間枠の包含,"""部屋の連続利用可能時間: 黄室は9時から15時まで、黒室は11時から14時まで、青室は8時から12時まで、赤室は9時から12時まで、紫室は11時から15時まで、茶室は9時から12時まで、白室は11時から15時まで。会議は10時開始、13時終了です。""",会議時間の一部だけでなく全体を含む空き時間を持つ部屋を答えてください。端の一致は可です。,"{""白"": ""白室"", ""紫"": ""紫室"", ""茶"": ""茶室"", ""赤"": ""赤室"", ""青"": ""青室"", ""黄"": ""黄室"", ""黒"": ""黒室""}","""黄"""
v2-gen-noul-08-028,noul,generated,集合と否定所属,"{""催し"": ""白波"", ""完全な参加者名簿"": [""大野"", ""石田""], ""補足"": ""名前のない人は参加者ではない""}",高橋さんは参加者ではないと言えますか。,"{""false"": ""いいえ。質問の命題は成立しない。"", ""true"": ""はい。質問の命題が成立する。""}","""true"""
v2-gen-score-14-001,score,generated,参照表の順序尺度,"{""検査対象"": ""若葉"", ""今回の対応表"": {""紫"": 0, ""茶"": 1, ""赤"": 2, ""黒"": 3, ""白"": 4, ""黄"": 5, ""緑"": 6}, ""確定票の印"": ""紫""}",検査票の印を指定尺度に変換してください。,"[""表による段階0"", ""表による段階1"", ""表による段階2"", ""表による段階3"", ""表による段階4"", ""表による段階5"", ""表による段階6""]","""0"""
v2-gen-noul-08-009,noul,generated,集合と否定所属,"""草原の参加者名簿は吉田、山田、大野、林です。この名簿は完全で、記載のない人は参加者ではありません。""",名簿に基づき、吉田さんが参加者ではないという判断に同意できますか。,"{""false"": ""いいえ。質問の命題は成立しない。"", ""true"": ""はい。質問の命題が成立する。""}","""false"""
v2-gen-score-14-031,score,generated,参照表の順序尺度,"""今回の検査用の対応表: 赤印は段階0、茶印は段階1。若葉の確定検査票には赤印が付いています。色に一般的な良し悪しは仮定しません。""",今回の対応表を使って検査票の段階を選んでください。,"[""表による段階0"", ""表による段階1""]","""0"""
v2-gen-choice-15-021,choice,generated,文章内の順序参照,"{""会議"": ""木漏れ日"", ""発表順"": [""上田"", ""高橋""]}",発表順の先頭から2番目にいる人を答えてください。,"{""上田"": ""上田さん"", ""高橋"": ""高橋さん""}","""高橋"""
v2-gen-score-11-026,score,generated,時刻順の評価更新,"""若葉の評価更新履歴: 16時に段階0、15時に段階3、9時に段階0、20時に段階2。評価は最新時刻の値だけを採用します。""",現在採用すべき評価段階を選んでください。,"[""評価段階0"", ""評価段階1"", ""評価段階2"", ""評価段階3""]","""2"""
v2-gen-score-02-004,score,generated,記述の満足段階,"""木村さんは星空の体験について「惜しい点があり、少し不満だった」と回答しました。追加の発言はありません。""",発言の意味に最も合う満足段階を選んでください。,"[""強い不満"", ""やや不満"", ""どちらでもない"", ""やや満足"", ""満足"", ""強い満足""]","""1"""
v2-gen-noul-07-043,noul,generated,識別文字列の完全一致,"{""商品ラベル"": ""RS5-A"", ""注文票"": ""RS5-A"", ""照合規則"": ""大文字小文字と記号も含む完全一致""}",二つの管理コードは完全一致していますか。,"{""false"": ""いいえ。質問の命題は成立しない。"", ""true"": ""はい。質問の命題が成立する。""}","""true"""
v2-gen-noul-04-027,noul,generated,例外の優先,"{""許可条件"": ""予約済み"", ""優先禁止条件"": ""登録凍結中"", ""対象"": ""森"", ""許可条件に該当"": false, ""禁止条件に該当"": false}",例外を含む規則のもとで利用は許可されますか。,"{""false"": ""いいえ。質問の命題は成立しない。"", ""true"": ""はい。質問の命題が成立する。""}","""false"""
v2-gen-score-15-008,score,generated,軽重のある項目,"{""不備ごとの配点"": {""署名欠落"": 2, ""添付欠落"": 1, ""余白不備"": 1, ""宛名不備"": 1, ""頁番号欠落"": 1, ""誤字"": 1}, ""不備あり"": {""署名欠落"": false, ""添付欠落"": false, ""余白不備"": true, ""宛名不備"": false, ""頁番号欠落"": false, ""誤字"": false}, ""上限"": 6}",項目数ではなく指定された点数で評価してください。,"[""不備点の合計が0点"", ""不備点の合計が1点"", ""不備点の合計が2点"", ""不備点の合計が3点"", ""不備点の合計が4点"", ""不備点の合計が5点"", ""不備点の合計が6点以上""]","""1"""
v2-gen-noul-06-002,noul,generated,更新後の状態,"{""対象"": ""草原"", ""更新記録"": [{""時刻"": 14, ""状態"": ""点検中""}, {""時刻"": 17, ""状態"": ""空席あり""}, {""時刻"": 21, ""状態"": ""満席""}, {""時刻"": 8, ""状態"": ""空席あり""}], ""規則"": ""最新時刻の記録が有効""}",最新の有効な記録から「満席」と言えますか。,"{""false"": ""いいえ。質問の命題は成立しない。"", ""true"": ""はい。質問の命題が成立する。""}","""true"""
v2-gen-choice-01-008,choice,generated,問い合わせ経路,"""受付分類表は次のとおりです。修理窓口: 修理見積・修理進捗・保証修理 / 店舗窓口: 営業時間・店内設備・店舗の場所 / アカウント窓口: ログイン・パスワード・退会 / イベント窓口: 申込期限・会場案内・参加取消。問い合わせ本文:「保証期間内の修理を申し込みたいです」。受付担当が付けた主題は「保証修理」です。""",分類表に従い、この問い合わせを担当する窓口を一つ選んでください。,"{""アカウント"": ""アカウントの窓口"", ""イベント"": ""イベントの窓口"", ""修理"": ""修理の窓口"", ""店舗"": ""店舗の窓口""}","""修理"""
v2-gen-score-10-014,score,generated,不足の段階,"{""申請"": ""白波"", ""必要書類"": [""承認書"", ""同意書"", ""申込書"", ""見積書"", ""添付図""], ""届いた書類"": [""案内状""], ""余分な書類で代用できる"": false}",必要一覧と届いた一覧を照合し、不足の程度を判定してください。,"[""不足が0種類"", ""不足が1種類"", ""不足が2種類"", ""不足が3種類"", ""不足が4種類"", ""不足が5種類""]","""5"""
v2-gen-choice-06-004,choice,generated,時間枠の包含,"""部屋の連続利用可能時間: 紫室は8時から10時まで、赤室は8時から10時まで、黄室は10時から12時まで、白室は8時から10時まで、茶室は9時から10時まで、緑室は9時から10時まで、黒室は8時から10時まで、青室は9時から10時まで。会議は10時開始、11時終了です。""",会議開始から終了まで空いている部屋はどれですか。境界時刻が一致していても利用できます。,"{""白"": ""白室"", ""紫"": ""紫室"", ""緑"": ""緑室"", ""茶"": ""茶室"", ""赤"": ""赤室"", ""青"": ""青室"", ""黄"": ""黄室"", ""黒"": ""黒室""}","""黄"""
v2-gen-noul-05-026,noul,generated,締切の境界,"""夕凪の提出は16時より前だけ受け付け、16時ちょうどは無効です。林さんの提出記録は9時ちょうどです。""",この提出は時間条件を満たしていますか。,"{""false"": ""いいえ。質問の命題は成立しない。"", ""true"": ""はい。質問の命題が成立する。""}","""true"""
v2-gen-noul-08-025,noul,generated,集合と否定所属,"{""催し"": ""水面"", ""完全な参加者名簿"": [""中村"", ""吉田""], ""補足"": ""名前のない人は参加者ではない""}",名簿に基づき、中村さんが参加者ではないという判断に同意できますか。,"{""false"": ""いいえ。質問の命題は成立しない。"", ""true"": ""はい。質問の命題が成立する。""}","""false"""
v2-gen-choice-11-005,choice,generated,小数量の比較,"""入出庫記録: ラベルは在庫6個、そのうち予約4個、冊子は在庫10個、そのうち予約5個、箱は在庫5個、そのうち予約4個、名札は在庫10個、そのうち予約1個、袋は在庫8個、そのうち予約1個。予約分は自由在庫に含めません。""",今使える個数が最も多い品を答えてください。,"{""ラベル"": ""ラベル"", ""冊子"": ""冊子"", ""名札"": ""名札"", ""箱"": ""箱"", ""袋"": ""袋""}","""名札"""
v2-gen-score-02-028,score,generated,記述の満足段階,"""渡辺さんは水面の体験について「大きな問題ではないが、やや不満がある」と回答しました。追加の発言はありません。""",感想に明示された評価を尺度へ対応づけてください。,"[""極めて強い不満"", ""やや不満""]","""1"""
v2-gen-noul-09-001,noul,generated,重複を除いた件数,"{""棚"": ""青空"", ""読み取り品名"": [""テープ"", ""ノート"", ""ラベル"", ""ケース"", ""クリップ"", ""シール"", ""ノート"", ""用紙""], ""数え方"": ""同一品名の重複を除く""}",重複を除いた種類数は5以上という条件を満たしますか。,"{""false"": ""いいえ。質問の命題は成立しない。"", ""true"": ""はい。質問の命題が成立する。""}","""true"""
v2-gen-noul-13-015,noul,generated,範囲の開閉境界,"{""下限条件"": ""3個より多い"", ""上限条件"": ""9個以下"", ""今回の個数"": 4, ""関係"": ""両方を満たすこと""}",下限と上限の両方の条件に合いますか。,"{""false"": ""いいえ。質問の命題は成立しない。"", ""true"": ""はい。質問の命題が成立する。""}","""true"""
v2-gen-score-02-049,score,generated,記述の満足段階,"""遠藤さんは草原の体験について「大きな問題ではないが、やや不満がある」と回答しました。追加の発言はありません。""",発言の意味に最も合う満足段階を選んでください。,"[""やや不満"", ""極めて強い満足""]","""0"""
v2-gen-noul-09-031,noul,generated,重複を除いた件数,"""灯台棚で読み取った品名はラベル、ファイル、ラベル、ファイル、ラベル、名札、用紙、用紙、封筒、クリップでした。同じ品名の繰り返しは一種類として数えます。""",品物の種類は3種類以上ありますか。,"{""false"": ""いいえ。質問の命題は成立しない。"", ""true"": ""はい。質問の命題が成立する。""}","""true"""
v2-gen-score-02-025,score,generated,記述の満足段階,"""中村さんは朝露の体験について「最高の一歩手前で、満足の程度は極めて強かった」と回答しました。追加の発言はありません。""",回答者が表明した満足の程度を分類してください。,"[""極めて強い不満"", ""やや不満"", ""やや満足"", ""強い満足"", ""極めて強い満足"", ""最高の満足""]","""4"""
v2-gen-choice-10-017,choice,generated,不在時の代理,"{""案件担当"": {""若葉"": ""加藤"", ""星空"": ""森"", ""朝露"": ""林"", ""春風"": ""石田"", ""山道"": ""吉田""}, ""代理者"": {""加藤"": ""森"", ""森"": ""林"", ""林"": ""石田"", ""石田"": ""吉田"", ""吉田"": ""加藤""}, ""不在者"": [""石田""], ""案件"": ""若葉"", ""ルール"": ""担当者が不在なら指定代理に一度だけ振替。代理の在席状況は問わない""}",この案件を担当本人または指定代理に連絡します。宛先は誰ですか。,"{""加藤"": ""加藤さん"", ""吉田"": ""吉田さん"", ""林"": ""林さん"", ""森"": ""森さん"", ""石田"": ""石田さん""}","""加藤"""
v2-gen-noul-15-036,noul,generated,出来事の前後関係,"""森さんの作業日誌は実施順に検品→荷物受取→報告→伝票記入→電話連絡→休憩→引継ぎです。記載した各作業は一回ずつ実施しました。""",『休憩が先、荷物受取が後』という順序は正しいですか。,"{""false"": ""いいえ。質問の命題は成立しない。"", ""true"": ""はい。質問の命題が成立する。""}","""false"""
v2-gen-score-07-027,score,generated,証拠の最高到達段階,"{""調査"": ""山道"", ""この調査の証拠段階"": {""検収記録"": 1, ""第三者確認"": 2, ""担当者報告"": 3, ""計測記録"": 4}, ""得られた証拠"": [""検収記録""], ""集約規則"": ""得られた段階の最大。証拠なしは0""}",記録済みの証拠から得られる最高段階はどれですか。,"[""証拠なしの段階0"", ""表に基づく最高証拠段階1"", ""表に基づく最高証拠段階2"", ""表に基づく最高証拠段階3"", ""表に基づく最高証拠段階4""]","""1"""
v2-gen-choice-14-016,choice,generated,二属性照合,"{""展示品"": [{""品名"": ""ペン"", ""色"": ""紫"", ""素材"": ""紙""}, {""品名"": ""ラベル"", ""色"": ""白"", ""素材"": ""ガラス""}], ""指定色"": ""白"", ""指定素材"": ""ガラス""}",指定された色と素材の両方が一致する品を選んでください。,"{""ペン"": ""ペン"", ""ラベル"": ""ラベル""}","""ラベル"""
v2-gen-score-01-046,score,generated,件数の段階境界,"""春風で未回答の質問を数えたところ、現在3件でした。処理済みは数に含めていません。""",現在の件数を指定の段階基準に当てはめてください。,"[""対象件数が3件未満"", ""対象件数が3件以上、6件未満"", ""対象件数が6件以上、9件未満"", ""対象件数が9件以上、12件未満"", ""対象件数が12件以上""]","""1"""
v2-gen-noul-10-004,noul,generated,条件付き義務,"{""規則"": ""夜間受付なら依頼者への通知が必要。それ以外では義務なし"", ""条件に該当"": false, ""必要処置を実施"": false}",この義務に関して、規則上問題なしと判定できますか。,"{""false"": ""いいえ。質問の命題は成立しない。"", ""true"": ""はい。質問の命題が成立する。""}","""true"""
v2-gen-noul-11-009,noul,generated,参照関係の真偽,"""担当表: 木漏れ日は林、若葉は石田、青空は佐藤。資料の関連先: ノートは青空、クリップは若葉、箱は木漏れ日。""",クリップに関連する案件の担当は石田さんですか。,"{""false"": ""いいえ。質問の命題は成立しない。"", ""true"": ""はい。質問の命題が成立する。""}","""true"""
v2-gen-noul-07-016,noul,generated,識別文字列の完全一致,"{""商品ラベル"": ""CD7-B"", ""注文票"": ""CD7B"", ""照合規則"": ""大文字小文字と記号も含む完全一致""}",指定された照合規則で一致と判定できますか。,"{""false"": ""いいえ。質問の命題は成立しない。"", ""true"": ""はい。質問の命題が成立する。""}","""false"""
v2-gen-choice-12-014,choice,generated,条件付き不足書類,"""書類確認の優先順は申込書→委任状→見積書→同意書→受領票→承認書。申込書だけは代理申請の場合に限って必要で、それ以外は常に必要です。今回は本人申請。提出済みはなしです。""",必要な不足書類を先頭から一つだけ案内します。どれですか。必要書類に不足がなければ追加不要です。,"{""受領票"": ""受領票"", ""同意書"": ""同意書"", ""委任状"": ""委任状"", ""承認書"": ""承認書"", ""申込書"": ""申込書"", ""見積書"": ""見積書"", ""追加不要"": ""必要書類はすべて提出済み""}","""委任状"""
v2-gen-noul-11-043,noul,generated,参照関係の真偽,"""担当表: 星空は佐藤、草原は大野、朝露は上田、春風は渡辺、青空は森、山道は木村。資料の関連先: 名札は星空、テープは春風、用紙は朝露、シールは青空、ペンは山道、ファイルは草原。""",森さんはシールが属する案件の担当者と言えますか。,"{""false"": ""いいえ。質問の命題は成立しない。"", ""true"": ""はい。質問の命題が成立する。""}","""true"""
v2-gen-noul-06-047,noul,generated,更新後の状態,"{""対象"": ""山道"", ""更新記録"": [{""時刻"": 15, ""状態"": ""使用可能""}, {""時刻"": 13, ""状態"": ""使用可能""}, {""時刻"": 16, ""状態"": ""使用可能""}, {""時刻"": 17, ""状態"": ""使用可能""}, {""時刻"": 20, ""状態"": ""使用可能""}], ""規則"": ""最新時刻の記録が有効""}",最後の更新を適用すると、状態は「受付中」になっていますか。,"{""false"": ""いいえ。質問の命題は成立しない。"", ""true"": ""はい。質問の命題が成立する。""}","""false"""
v2-gen-noul-15-018,noul,generated,出来事の前後関係,"{""担当者"": ""加藤"", ""実施順"": [""休憩"", ""報告"", ""引継ぎ"", ""伝票記入"", ""検品"", ""電話連絡"", ""荷物受取"", ""棚への配置""], ""各作業の実施回数"": 1}",『検品が先、引継ぎが後』という順序は正しいですか。,"{""false"": ""いいえ。質問の命題は成立しない。"", ""true"": ""はい。質問の命題が成立する。""}","""false"""
v2-gen-noul-08-016,noul,generated,集合と否定所属,"""夕凪の参加者名簿は木村、中村、加藤です。この名簿は完全で、記載のない人は参加者ではありません。""",山田さんは参加者ではないと言えますか。,"{""false"": ""いいえ。質問の命題は成立しない。"", ""true"": ""はい。質問の命題が成立する。""}","""true"""
v2-gen-noul-12-006,noul,generated,記録と主張の照合,"""木漏れ日施設の入口について、いま確認した確定記録は北口は完全に閉じている、南口は半分だけ開いている、東口は4分の1だけ開いている、西口は完全に閉じている、裏口は完全に閉じている、搬入口は4分の1だけ開いているです。現在の判断にはこの確定記録だけを使います。""",いま南口が半分だけ開いているという判断は正しいですか。,"{""false"": ""いいえ。質問の命題は成立しない。"", ""true"": ""はい。質問の命題が成立する。""}","""true"""
v2-gen-choice-04-044,choice,generated,参照先の担当,"""担当: 青空は青木、草原は加藤、白波は森、朝露は松本。資料の所属: テープは草原案件、ペンは白波案件、冊子は朝露案件、名札は青空案件。確認する資料はテープです。""",この資料について、所属案件を通じて連絡すべき担当者は誰ですか。,"{""加藤"": ""加藤さん"", ""松本"": ""松本さん"", ""森"": ""森さん"", ""青木"": ""青木さん""}","""加藤"""
v2-gen-noul-04-011,noul,generated,例外の優先,"{""許可条件"": ""登録済み"", ""優先禁止条件"": ""申請保留中"", ""対象"": ""石田"", ""許可条件に該当"": false, ""禁止条件に該当"": true}",この人は現在、利用可能ですか。,"{""false"": ""いいえ。質問の命題は成立しない。"", ""true"": ""はい。質問の命題が成立する。""}","""false"""
v2-gen-choice-05-024,choice,generated,否定条件で選択,"""検品記録: テープは封なしで濡れていない、ケースは封ありで濡れている、箱は封ありで濡れている、シールは封ありで濡れている、用紙は封なしで濡れている。""",対象は『封がない』『濡れていない』の両方を満たす品です。どれですか。,"{""ケース"": ""ケース"", ""シール"": ""シール"", ""テープ"": ""テープ"", ""用紙"": ""用紙"", ""箱"": ""箱""}","""テープ"""
v2-gen-choice-04-012,choice,generated,参照先の担当,"""担当: 灯台は松本、春風は渡辺。資料の所属: ケースは春風案件、テープは灯台案件。確認する資料はケースです。""",確認する資料の案件を担当している人を答えてください。,"{""松本"": ""松本さん"", ""渡辺"": ""渡辺さん""}","""渡辺"""
v2-gen-noul-04-030,noul,generated,例外の優先,"""規則: 予約済みであれば灯台を利用できます。ただし未返却品ありなら利用できません。山田さんは予約済みに該当、未返却品ありに非該当です。""",禁止例外を先に考慮すると、この利用を認められますか。,"{""false"": ""いいえ。質問の命題は成立しない。"", ""true"": ""はい。質問の命題が成立する。""}","""true"""
v2-gen-choice-10-049,choice,generated,不在時の代理,"{""案件担当"": {""夕凪"": ""大野"", ""青空"": ""青木"", ""山道"": ""林"", ""若葉"": ""森"", ""木漏れ日"": ""高橋"", ""白波"": ""木村""}, ""代理者"": {""大野"": ""青木"", ""青木"": ""林"", ""林"": ""森"", ""森"": ""高橋"", ""高橋"": ""木村"", ""木村"": ""大野""}, ""不在者"": [], ""案件"": ""木漏れ日"", ""ルール"": ""担当者が不在なら指定代理に一度だけ振替。代理の在席状況は問わない""}",本日の規則に従う連絡相手を選んでください。,"{""大野"": ""大野さん"", ""木村"": ""木村さん"", ""林"": ""林さん"", ""森"": ""森さん"", ""青木"": ""青木さん"", ""高橋"": ""高橋さん""}","""高橋"""
v2-gen-choice-06-032,choice,generated,時間枠の包含,"""部屋の連続利用可能時間: 緑室は9時から11時まで、青室は11時から14時まで、紫室は9時から11時まで、黒室は8時から11時まで、白室は11時から13時まで、赤室は10時から14時まで、黄室は11時から13時まで。会議は10時開始、12時終了です。""",会議の全時間を連続して確保できる部屋を選んでください。開始・終了の一致は許可します。,"{""白"": ""白室"", ""紫"": ""紫室"", ""緑"": ""緑室"", ""赤"": ""赤室"", ""青"": ""青室"", ""黄"": ""黄室"", ""黒"": ""黒室""}","""赤"""
v2-gen-noul-14-034,noul,generated,予定時間の重なり,"{""対象者"": ""吉田"", ""会議"": [12, 14], ""面談"": [12, 14], ""規則"": ""終了時刻と開始時刻が一致するだけなら重複なし""}",指定された端点の扱いで予定の重複はありますか。,"{""false"": ""いいえ。質問の命題は成立しない。"", ""true"": ""はい。質問の命題が成立する。""}","""true"""
v2-gen-score-05-033,score,generated,緊急条件の加点,"{""案件"": ""青空"", ""基本優先度"": 0, ""締切までの残り時間"": 10, ""規則"": ""残り8時間以内なら1加点、それより長ければ0加点。上限2""}",今回の最終優先段階を求めてください。,"[""最終優先度0"", ""最終優先度1"", ""最終優先度2""]","""0"""
v2-gen-choice-10-037,choice,generated,不在時の代理,"{""案件担当"": {""朝露"": ""松本"", ""白波"": ""佐藤"", ""夕凪"": ""青木"", ""春風"": ""森"", ""若葉"": ""大野""}, ""代理者"": {""松本"": ""佐藤"", ""佐藤"": ""青木"", ""青木"": ""森"", ""森"": ""大野"", ""大野"": ""松本""}, ""不在者"": [], ""案件"": ""白波"", ""ルール"": ""担当者が不在なら指定代理に一度だけ振替。代理の在席状況は問わない""}",本日の規則に従う連絡相手を選んでください。,"{""佐藤"": ""佐藤さん"", ""大野"": ""大野さん"", ""松本"": ""松本さん"", ""森"": ""森さん"", ""青木"": ""青木さん""}","""佐藤"""
v2-gen-choice-14-043,choice,generated,二属性照合,"{""展示品"": [{""品名"": ""ペン"", ""色"": ""赤"", ""素材"": ""樹脂""}, {""品名"": ""ノート"", ""色"": ""緑"", ""素材"": ""木""}, {""品名"": ""テープ"", ""色"": ""緑"", ""素材"": ""ガラス""}, {""品名"": ""ケース"", ""色"": ""赤"", ""素材"": ""ガラス""}], ""指定色"": ""赤"", ""指定素材"": ""ガラス""}",指定された色と素材の両方が一致する品を選んでください。,"{""ケース"": ""ケース"", ""テープ"": ""テープ"", ""ノート"": ""ノート"", ""ペン"": ""ペン""}","""ケース"""
v2-gen-score-15-013,score,generated,軽重のある項目,"""この点検の配点: 誤字は2点、余白不備は1点、添付欠落は1点、署名欠落は1点。見つかった不備: なし。該当項目の点を合計し、4点以上は段階4にまとめます。""",項目数ではなく指定された点数で評価してください。,"[""不備点の合計が0点"", ""不備点の合計が1点"", ""不備点の合計が2点"", ""不備点の合計が3点"", ""不備点の合計が4点以上""]","""0"""
v2-gen-noul-13-004,noul,generated,範囲の開閉境界,"{""下限条件"": ""5個以上"", ""上限条件"": ""11個以下"", ""今回の個数"": 12, ""関係"": ""両方を満たすこと""}",今回の個数は適合範囲に入っていますか。,"{""false"": ""いいえ。質問の命題は成立しない。"", ""true"": ""はい。質問の命題が成立する。""}","""false"""
v2-gen-score-12-038,score,generated,目標からの差,"""若葉の目標数は13個、実績は15個です。多すぎても少なすぎても、目標から何個離れたかで評価します。差が1個以上なら最終段階1にまとめます。""",目標からのずれの段階を選んでください。,"[""目標との差が0個"", ""目標との差が1個以上""]","""1"""
v2-gen-noul-08-039,noul,generated,集合と否定所属,"""水面の参加者名簿は青木、石田、上田、木村、高橋、渡辺、加藤です。この名簿は完全で、記載のない人は参加者ではありません。""",青木さんは参加者ではないと言えますか。,"{""false"": ""いいえ。質問の命題は成立しない。"", ""true"": ""はい。質問の命題が成立する。""}","""false"""
v2-gen-score-06-011,score,generated,約束時刻からの遅れ,"{""便"": ""山道"", ""約束時刻"": 12, ""実際の到着時刻"": 13, ""同日"": true, ""早着時の遅れ"": 0}",遅れの時間に対応する段階を答えてください。,"[""遅れが1時間未満"", ""遅れが1時間以上、2時間未満"", ""遅れが2時間以上""]","""1"""
v2-gen-score-06-029,score,generated,約束時刻からの遅れ,"""草原便は9時到着の約束でした。実際の到着は同じ日の13時です。早着した場合の遅れは0時間とします。""",到着の遅れを段階基準で評価してください。,"[""遅れが1時間未満"", ""遅れが1時間以上、2時間未満"", ""遅れが2時間以上、3時間未満"", ""遅れが3時間以上、4時間未満"", ""遅れが4時間以上、5時間未満"", ""遅れが5時間以上、6時間未満"", ""遅れが6時間以上""]","""4"""
v2-gen-score-01-001,score,generated,件数の段階境界,"{""案件"": ""水面"", ""計数対象"": ""確認待ちの申請"", ""件数"": 1, ""処理済みを除外"": true}",件数だけを評価尺度に照らして判定してください。,"[""対象件数が4件未満"", ""対象件数が4件以上""]","""0"""
v2-gen-choice-11-020,choice,generated,小数量の比較,"""入出庫記録: ペンは在庫3個、そのうち予約3個、箱は在庫9個、そのうち予約4個、ノートは在庫12個、そのうち予約4個、封筒は在庫6個、そのうち予約5個、シールは在庫10個、そのうち予約3個、名札は在庫15個、そのうち予約3個、ファイルは在庫4個、そのうち予約2個。予約分は自由在庫に含めません。""",今使える個数が最も多い品を答えてください。,"{""シール"": ""シール"", ""ノート"": ""ノート"", ""ファイル"": ""ファイル"", ""ペン"": ""ペン"", ""名札"": ""名札"", ""封筒"": ""封筒"", ""箱"": ""箱""}","""名札"""
v2-gen-noul-14-049,noul,generated,予定時間の重なり,"""遠藤さんの予定: 水面会議は10時から11時、面談は5時から8時。終了と次の開始が同時刻の場合は重複とは扱いません。""",指定された端点の扱いで予定の重複はありますか。,"{""false"": ""いいえ。質問の命題は成立しない。"", ""true"": ""はい。質問の命題が成立する。""}","""false"""
v2-gen-choice-06-029,choice,generated,時間枠の包含,"""部屋の連続利用可能時間: 青室は14時から16時まで、黒室は11時から13時まで、緑室は12時から13時まで、茶室は12時から14時まで、赤室は14時から16時まで、黄室は12時から13時まで、白室は12時から13時まで、紫室は12時から13時まで。会議は13時開始、14時終了です。""",会議の全時間を連続して確保できる部屋を選んでください。開始・終了の一致は許可します。,"{""白"": ""白室"", ""紫"": ""紫室"", ""緑"": ""緑室"", ""茶"": ""茶室"", ""赤"": ""赤室"", ""青"": ""青室"", ""黄"": ""黄室"", ""黒"": ""黒室""}","""茶"""
v2-gen-noul-03-006,noul,generated,いずれかの条件,"{""いずれか一つ以上必要"": [""引換券"", ""紹介状"", ""事前予約票"", ""受付確認票""], ""所持状況"": {""引換券"": false, ""紹介状"": false, ""事前予約票"": false, ""受付確認票"": true}, ""対象"": ""佐藤""}",記載された条件で受付を通れますか。,"{""false"": ""いいえ。質問の命題は成立しない。"", ""true"": ""はい。質問の命題が成立する。""}","""true"""
v2-gen-score-13-049,score,generated,取消しを反映した件数,"""若葉の申込み記録: 渡辺は受付済み・取消済み、加藤は未受付・取消なし、木村は受付済み・取消済み、遠藤は未受付・取消なし、青木は未受付・取消なし、石田は未受付・取消なし、佐藤は受付済み・取消なし、吉田は受付済み・取消済み。取消済みの申込みは有効件数から除きます。5件以上は最終段階5にまとめます。""",現在有効な申込みだけを数えて評価してください。,"[""有効申込みが0件"", ""有効申込みが1件"", ""有効申込みが2件"", ""有効申込みが3件"", ""有効申込みが4件"", ""有効申込みが5件以上""]","""1"""
v2-gen-noul-13-032,noul,generated,範囲の開閉境界,"{""下限条件"": ""1個以上"", ""上限条件"": ""7個未満"", ""今回の個数"": 7, ""関係"": ""両方を満たすこと""}",今回の個数は適合範囲に入っていますか。,"{""false"": ""いいえ。質問の命題は成立しない。"", ""true"": ""はい。質問の命題が成立する。""}","""false"""
v2-gen-choice-09-048,choice,generated,利用可能集合の差,"{""利用可能品"": [""ケース"", ""ペン""], ""予約済み品"": [""ファイル"", ""ペン"", ""名札""]}",今貸せるのは利用可能かつ未予約の品です。該当するものはどれですか。,"{""ケース"": ""ケース"", ""ファイル"": ""ファイル"", ""ペン"": ""ペン"", ""名札"": ""名札""}","""ケース"""
v2-gen-choice-13-004,choice,generated,工程の依存順,"""案件「星空」の工程順は準備→受付→内容確認です。途中の工程を飛ばすことはできません。完了済みは準備、受付、内容確認です。""",まだ済んでいない最初の工程は何ですか。存在しない場合は完了です。,"{""内容確認"": ""内容確認"", ""受付"": ""受付"", ""完了"": ""全工程が完了"", ""準備"": ""準備""}","""完了"""
v2-gen-choice-14-033,choice,generated,二属性照合,"{""展示品"": [{""品名"": ""カード"", ""色"": ""黄"", ""素材"": ""布""}, {""品名"": ""用紙"", ""色"": ""黄"", ""素材"": ""紙""}, {""品名"": ""クリップ"", ""色"": ""青"", ""素材"": ""紙""}], ""指定色"": ""青"", ""指定素材"": ""紙""}",二つの指定を同時に満たす展示品はどれですか。,"{""カード"": ""カード"", ""クリップ"": ""クリップ"", ""用紙"": ""用紙""}","""クリップ"""
v2-gen-noul-06-042,noul,generated,更新後の状態,"{""対象"": ""水面"", ""更新記録"": [{""時刻"": 13, ""状態"": ""点検中""}, {""時刻"": 9, ""状態"": ""点検中""}, {""時刻"": 10, ""状態"": ""停止中""}], ""規則"": ""最新時刻の記録が有効""}",現在の状態は「点検中」ですか。,"{""false"": ""いいえ。質問の命題は成立しない。"", ""true"": ""はい。質問の命題が成立する。""}","""true"""
v2-gen-choice-11-012,choice,generated,小数量の比較,"{""在庫"": [{""品名"": ""ケース"", ""総在庫"": 5, ""予約分"": 5}, {""品名"": ""クリップ"", ""総在庫"": 15, ""予約分"": 4}, {""品名"": ""シール"", ""総在庫"": 13, ""予約分"": 5}, {""品名"": ""封筒"", ""総在庫"": 9, ""予約分"": 0}, {""品名"": ""ペン"", ""総在庫"": 7, ""予約分"": 3}, {""品名"": ""カード"", ""総在庫"": 12, ""予約分"": 5}, {""品名"": ""ノート"", ""総在庫"": 3, ""予約分"": 1}, {""品名"": ""名札"", ""総在庫"": 3, ""予約分"": 2}], ""自由在庫"": ""総在庫から予約分を引く""}",予約分を差し引いた残りが一番少ないのはどれですか。,"{""カード"": ""カード"", ""クリップ"": ""クリップ"", ""ケース"": ""ケース"", ""シール"": ""シール"", ""ノート"": ""ノート"", ""ペン"": ""ペン"", ""名札"": ""名札"", ""封筒"": ""封筒""}","""ケース"""
v2-gen-choice-09-015,choice,generated,利用可能集合の差,"""貸出台帳で利用可能と記録されている品は箱。予約済みの品はペン、クリップです。""",今貸せるのは利用可能かつ未予約の品です。該当するものはどれですか。,"{""クリップ"": ""クリップ"", ""ノート"": ""ノート"", ""ペン"": ""ペン"", ""箱"": ""箱""}","""箱"""
v2-gen-choice-13-046,choice,generated,工程の依存順,"{""案件"": ""山道"", ""工程順"": [""見積作成"", ""承認"", ""内容確認"", ""実施"", ""準備"", ""受付""], ""完了済み"": [""見積作成"", ""承認""], ""規則"": ""順に実行し未完了工程を飛ばさない""}",この作業を一段進めるときに着手する工程を答えてください。残りがなければ完了です。,"{""内容確認"": ""内容確認"", ""受付"": ""受付"", ""完了"": ""全工程が完了"", ""実施"": ""実施"", ""承認"": ""承認"", ""準備"": ""準備"", ""見積作成"": ""見積作成""}","""内容確認"""
v2-gen-score-14-011,score,generated,参照表の順序尺度,"""今回の検査用の対応表: 紫印は段階0、茶印は段階1、白印は段階2。白波の確定検査票には紫印が付いています。色に一般的な良し悪しは仮定しません。""",一般常識ではなく示された表に従って段階を答えてください。,"[""表による段階0"", ""表による段階1"", ""表による段階2""]","""0"""
v2-gen-score-12-025,score,generated,目標からの差,"""星空の目標数は13個、実績は13個です。多すぎても少なすぎても、目標から何個離れたかで評価します。差が2個以上なら最終段階2にまとめます。""",目標からのずれの段階を選んでください。,"[""目標との差が0個"", ""目標との差が1個"", ""目標との差が2個以上""]","""0"""
v2-gen-score-03-029,score,generated,順番に進む工程,"{""案件"": ""夕凪"", ""工程順"": [""検収"", ""調査"", ""準備""], ""完了済み"": [""検収"", ""調査""], ""着手中は完了に含めない"": true}",この案件は完了ベースでどの段階まで進みましたか。,"[""完了した工程はまだない"", ""先頭から1工程が完了（最後に完了したのは検収）"", ""先頭から2工程が完了（最後に完了したのは調査）"", ""先頭から3工程が完了（最後に完了したのは準備）""]","""2"""
v2-gen-choice-15-031,choice,generated,文章内の順序参照,"{""会議"": ""木漏れ日"", ""発表順"": [""木村"", ""遠藤"", ""大野""]}",最初を1番目として、2番目の発表者を選んでください。,"{""大野"": ""大野さん"", ""木村"": ""木村さん"", ""遠藤"": ""遠藤さん""}","""遠藤"""
v2-gen-choice-15-017,choice,generated,文章内の順序参照,"{""会議"": ""夕凪"", ""発表順"": [""上田"", ""加藤"", ""中村"", ""山田"", ""青木"", ""佐藤"", ""大野""]}",発表順の先頭から3番目にいる人を答えてください。,"{""上田"": ""上田さん"", ""中村"": ""中村さん"", ""佐藤"": ""佐藤さん"", ""加藤"": ""加藤さん"", ""大野"": ""大野さん"", ""山田"": ""山田さん"", ""青木"": ""青木さん""}","""中村"""
v2-gen-noul-02-047,noul,generated,全条件の充足,"""朝露の利用には申込書提出・本人確認・所属確認・利用説明受講がすべて必要です。中村さん: 申込書提出は完了、本人確認は完了、所属確認は未完了、利用説明受講は完了。""",不足条件なく利用を許可できますか。,"{""false"": ""いいえ。質問の命題は成立しない。"", ""true"": ""はい。質問の命題が成立する。""}","""false"""
v2-gen-choice-05-009,choice,generated,否定条件で選択,"{""検品"": [{""品名"": ""カード"", ""封がある"": false, ""濡れている"": false}, {""品名"": ""シール"", ""封がある"": true, ""濡れている"": true}, {""品名"": ""テープ"", ""封がある"": false, ""濡れている"": true}, {""品名"": ""クリップ"", ""封がある"": true, ""濡れている"": true}, {""品名"": ""ペン"", ""封がある"": true, ""濡れている"": true}, {""品名"": ""ノート"", ""封がある"": true, ""濡れている"": false}]}",対象は『封がある』『濡れていない』の両方を満たす品です。どれですか。,"{""カード"": ""カード"", ""クリップ"": ""クリップ"", ""シール"": ""シール"", ""テープ"": ""テープ"", ""ノート"": ""ノート"", ""ペン"": ""ペン""}","""ノート"""
v2-gen-choice-06-044,choice,generated,時間枠の包含,"{""空き時間"": [{""部屋"": ""緑"", ""開始"": 15, ""終了"": 17}, {""部屋"": ""白"", ""開始"": 15, ""終了"": 16}], ""会議開始"": 16, ""会議終了"": 17}",会議時間の一部だけでなく全体を含む空き時間を持つ部屋を答えてください。端の一致は可です。,"{""白"": ""白室"", ""緑"": ""緑室""}","""緑"""
v2-gen-noul-10-002,noul,generated,条件付き義務,"""規則: 社外向けのときだけ記録票の保存が必須です。それ以外の場合にはこの義務はなく、実施していても構いません。今回の案件は社外向けに非該当で、記録票の保存は実施済みです。""",この義務に関して、規則上問題なしと判定できますか。,"{""false"": ""いいえ。質問の命題は成立しない。"", ""true"": ""はい。質問の命題が成立する。""}","""true"""
v2-gen-noul-15-042,noul,generated,出来事の前後関係,"{""担当者"": ""中村"", ""実施順"": [""休憩"", ""棚への配置"", ""電話連絡"", ""報告"", ""伝票記入"", ""荷物受取""], ""各作業の実施回数"": 1}",日誌では電話連絡の方が休憩より先ですか。,"{""false"": ""いいえ。質問の命題は成立しない。"", ""true"": ""はい。質問の命題が成立する。""}","""false"""
v2-gen-score-01-047,score,generated,件数の段階境界,"""春風で未処理の連絡を数えたところ、現在0件でした。処理済みは数に含めていません。""",記録された数に対応する段階を選んでください。,"[""対象件数が4件未満"", ""対象件数が4件以上、8件未満"", ""対象件数が8件以上、12件未満"", ""対象件数が12件以上、16件未満"", ""対象件数が16件以上、20件未満"", ""対象件数が20件以上""]","""0"""
v2-gen-noul-05-027,noul,generated,締切の境界,"""夕凪の提出は13時ちょうどまで受け付け、同時刻の提出も有効です。石田さんの提出記録は17時ちょうどです。""",時刻だけを基準に、この提出を有効と判定できますか。,"{""false"": ""いいえ。質問の命題は成立しない。"", ""true"": ""はい。質問の命題が成立する。""}","""false"""
v2-gen-choice-12-019,choice,generated,条件付き不足書類,"{""確認優先順"": [""受領票"", ""見積書"", ""承認書""], ""代理申請だけに必要"": ""承認書"", ""代理申請"": false, ""提出済み"": [""承認書""]}",未提出の必要書類のうち優先順が最初のものを選んでください。全部そろっていれば追加不要です。,"{""受領票"": ""受領票"", ""承認書"": ""承認書"", ""見積書"": ""見積書"", ""追加不要"": ""必要書類はすべて提出済み""}","""受領票"""
v2-gen-score-15-040,score,generated,軽重のある項目,"{""不備ごとの配点"": {""署名欠落"": 2, ""宛名不備"": 1, ""余白不備"": 1}, ""不備あり"": {""署名欠落"": false, ""宛名不備"": false, ""余白不備"": false}, ""上限"": 3}",項目数ではなく指定された点数で評価してください。,"[""不備点の合計が0点"", ""不備点の合計が1点"", ""不備点の合計が2点"", ""不備点の合計が3点以上""]","""0"""
v2-gen-score-14-049,score,generated,参照表の順序尺度,"""今回の検査用の対応表: 青印は段階0、白印は段階1、茶印は段階2、赤印は段階3、黄印は段階4、紫印は段階5。星空の確定検査票には茶印が付いています。色に一般的な良し悪しは仮定しません。""",今回の対応表を使って検査票の段階を選んでください。,"[""表による段階0"", ""表による段階1"", ""表による段階2"", ""表による段階3"", ""表による段階4"", ""表による段階5""]","""2"""
v2-gen-choice-04-029,choice,generated,参照先の担当,"{""案件担当"": {""夕凪"": ""山田"", ""草原"": ""松本"", ""若葉"": ""渡辺"", ""春風"": ""木村"", ""青空"": ""加藤"", ""朝露"": ""佐藤"", ""水面"": ""森""}, ""資料の所属案件"": {""ペン"": ""夕凪"", ""ノート"": ""水面"", ""封筒"": ""朝露"", ""テープ"": ""草原"", ""カード"": ""春風"", ""袋"": ""若葉"", ""箱"": ""青空""}, ""確認資料"": ""カード""}",この資料について、所属案件を通じて連絡すべき担当者は誰ですか。,"{""佐藤"": ""佐藤さん"", ""加藤"": ""加藤さん"", ""山田"": ""山田さん"", ""木村"": ""木村さん"", ""松本"": ""松本さん"", ""森"": ""森さん"", ""渡辺"": ""渡辺さん""}","""木村"""
v2-gen-score-13-042,score,generated,取消しを反映した件数,"{""催し"": ""若葉"", ""申込み"": [{""氏名"": ""石田"", ""受付済み"": true, ""取消済み"": true}, {""氏名"": ""青木"", ""受付済み"": true, ""取消済み"": true}, {""氏名"": ""森"", ""受付済み"": true, ""取消済み"": true}, {""氏名"": ""渡辺"", ""受付済み"": true, ""取消済み"": true}, {""氏名"": ""高橋"", ""受付済み"": true, ""取消済み"": true}, {""氏名"": ""木村"", ""受付済み"": true, ""取消済み"": true}, {""氏名"": ""上田"", ""受付済み"": true, ""取消済み"": true}, {""氏名"": ""加藤"", ""受付済み"": true, ""取消済み"": true}], ""まとめ方"": ""5件以上は段階5""}",現在有効な申込みだけを数えて評価してください。,"[""有効申込みが0件"", ""有効申込みが1件"", ""有効申込みが2件"", ""有効申込みが3件"", ""有効申込みが4件"", ""有効申込みが5件以上""]","""0"""
v2-gen-choice-11-014,choice,generated,小数量の比較,"""入出庫記録: ファイルは在庫4個、そのうち予約4個、ノートは在庫4個、そのうち予約2個、冊子は在庫8個、そのうち予約0個、ラベルは在庫5個、そのうち予約4個、ケースは在庫12個、そのうち予約3個、ペンは在庫11個、そのうち予約0個、袋は在庫12個、そのうち予約5個、カードは在庫8個、そのうち予約5個。予約分は自由在庫に含めません。""",自由在庫が最も少ない品を選んでください。,"{""カード"": ""カード"", ""ケース"": ""ケース"", ""ノート"": ""ノート"", ""ファイル"": ""ファイル"", ""ペン"": ""ペン"", ""ラベル"": ""ラベル"", ""冊子"": ""冊子"", ""袋"": ""袋""}","""ファイル"""
v2-gen-score-07-047,score,generated,証拠の最高到達段階,"{""調査"": ""若葉"", ""この調査の証拠段階"": {""計測記録"": 1, ""検収記録"": 2, ""担当者報告"": 3}, ""得られた証拠"": [""計測記録""], ""集約規則"": ""得られた段階の最大。証拠なしは0""}",明示された段階表だけで証拠を評価してください。,"[""証拠なしの段階0"", ""表に基づく最高証拠段階1"", ""表に基づく最高証拠段階2"", ""表に基づく最高証拠段階3""]","""1"""
v2-gen-choice-07-045,choice,generated,複数属性の制約,"{""在庫表"": [{""品名"": ""ケース"", ""色"": ""赤"", ""素材"": ""金属"", ""在庫あり"": true}, {""品名"": ""袋"", ""色"": ""白"", ""素材"": ""金属"", ""在庫あり"": true}, {""品名"": ""ラベル"", ""色"": ""緑"", ""素材"": ""金属"", ""在庫あり"": false}, {""品名"": ""付箋"", ""色"": ""緑"", ""素材"": ""金属"", ""在庫あり"": false}, {""品名"": ""ファイル"", ""色"": ""緑"", ""素材"": ""金属"", ""在庫あり"": true}]}",必要条件は緑色、金属製、在庫ありの三つです。全部に合う品はどれですか。,"{""ケース"": ""ケース"", ""ファイル"": ""ファイル"", ""ラベル"": ""ラベル"", ""付箋"": ""付箋"", ""袋"": ""袋""}","""ファイル"""
v2-gen-noul-10-043,noul,generated,条件付き義務,"""規則: 夜間受付のときだけ受付印の押印が必須です。それ以外の場合にはこの義務はなく、実施していても構いません。今回の案件は夜間受付に該当で、受付印の押印は未実施です。""",この義務に関して、規則上問題なしと判定できますか。,"{""false"": ""いいえ。質問の命題は成立しない。"", ""true"": ""はい。質問の命題が成立する。""}","""false"""
v2-gen-choice-05-047,choice,generated,否定条件で選択,"""検品記録: 用紙は封なしで濡れている、クリップは封ありで濡れていない、シールは封なしで濡れていない、冊子は封なしで濡れている、名札は封ありで濡れていない、ファイルは封なしで濡れている、封筒は封なしで濡れている。""",対象は『封がない』『濡れていない』の両方を満たす品です。どれですか。,"{""クリップ"": ""クリップ"", ""シール"": ""シール"", ""ファイル"": ""ファイル"", ""冊子"": ""冊子"", ""名札"": ""名札"", ""封筒"": ""封筒"", ""用紙"": ""用紙""}","""シール"""
v2-gen-score-09-048,score,generated,例外による上限,"""検査合格状況: 寸法は合格、表示は不合格、記録は合格、動作は合格。合格項目一つにつき1点ですが、要再確認の印があれば上限3点に制限します。今回その印はあります。""",上限制限を適用した最終点を選んでください。,"[""最終点0点"", ""最終点1点"", ""最終点2点"", ""最終点3点"", ""最終点4点""]","""3"""
v2-gen-noul-10-049,noul,generated,条件付き義務,"""規則: 当日申請のときだけ受付印の押印が必須です。それ以外の場合にはこの義務はなく、実施していても構いません。今回の案件は当日申請に該当で、受付印の押印は未実施です。""",この記録は規則を守っていますか。,"{""false"": ""いいえ。質問の命題は成立しない。"", ""true"": ""はい。質問の命題が成立する。""}","""false"""
v2-gen-choice-04-027,choice,generated,参照先の担当,"{""案件担当"": {""灯台"": ""高橋"", ""夕凪"": ""石田"", ""草原"": ""遠藤""}, ""資料の所属案件"": {""ファイル"": ""夕凪"", ""付箋"": ""草原"", ""袋"": ""灯台""}, ""確認資料"": ""袋""}",確認する資料の案件を担当している人を答えてください。,"{""石田"": ""石田さん"", ""遠藤"": ""遠藤さん"", ""高橋"": ""高橋さん""}","""高橋"""
v2-gen-noul-12-039,noul,generated,記録と主張の照合,"{""施設"": ""夕凪"", ""入口ごとの現在の確定記録"": {""北口"": ""完全に閉じている"", ""南口"": ""4分の1だけ開いている"", ""東口"": ""完全に開いている"", ""西口"": ""完全に開いている"", ""裏口"": ""半分だけ開いている"", ""搬入口"": ""完全に開いている""}, ""判定資料"": ""現在の確定記録のみ""}",いま裏口が完全に閉じているという判断は正しいですか。,"{""false"": ""いいえ。質問の命題は成立しない。"", ""true"": ""はい。質問の命題が成立する。""}","""false"""
v2-gen-choice-11-035,choice,generated,小数量の比較,"{""在庫"": [{""品名"": ""用紙"", ""総在庫"": 2, ""予約分"": 1}, {""品名"": ""ファイル"", ""総在庫"": 14, ""予約分"": 5}, {""品名"": ""テープ"", ""総在庫"": 15, ""予約分"": 5}, {""品名"": ""シール"", ""総在庫"": 6, ""予約分"": 1}, {""品名"": ""ノート"", ""総在庫"": 7, ""予約分"": 1}], ""自由在庫"": ""総在庫から予約分を引く""}",予約分を差し引いた残りが一番多いのはどれですか。,"{""シール"": ""シール"", ""テープ"": ""テープ"", ""ノート"": ""ノート"", ""ファイル"": ""ファイル"", ""用紙"": ""用紙""}","""テープ"""
v2-gen-choice-02-023,choice,generated,条件と優先例外,"""木漏れ日店では会員で購入数が8個以上なら優待扱いです。ただし予約品は購入数や会員資格にかかわらず通常扱いです。今回は9個、非会員、予約品です。""",例外も踏まえて、今回の購入区分はどれですか。,"{""優待"": ""優待の扱い"", ""通常"": ""通常の扱い""}","""通常"""
v2-gen-score-08-025,score,generated,要件への一致数,"""注文要件: 形=四角、印字=片面のみ。提案品: 形=四角、印字=片面のみ。""",提案品が満たす要件数はいくつの段階ですか。,"[""一致した要件が0項目"", ""一致した要件が1項目"", ""一致した要件が2項目""]","""2"""
v2-gen-choice-04-049,choice,generated,参照先の担当,"{""案件担当"": {""星空"": ""森"", ""春風"": ""吉田"", ""草原"": ""高橋"", ""朝露"": ""中村""}, ""資料の所属案件"": {""ファイル"": ""星空"", ""クリップ"": ""朝露"", ""ペン"": ""草原"", ""袋"": ""春風""}, ""確認資料"": ""袋""}",確認資料が属する案件の担当者を選んでください。,"{""中村"": ""中村さん"", ""吉田"": ""吉田さん"", ""森"": ""森さん"", ""高橋"": ""高橋さん""}","""吉田"""
v2-gen-score-11-002,score,generated,時刻順の評価更新,"""山道の評価更新履歴: 12時に段階2、11時に段階4、21時に段階6、10時に段階7。評価は最新時刻の値だけを採用します。""",履歴の記載順に惑わされず、最新評価を答えてください。,"[""評価段階0"", ""評価段階1"", ""評価段階2"", ""評価段階3"", ""評価段階4"", ""評価段階5"", ""評価段階6"", ""評価段階7""]","""6"""
v2-gen-noul-02-026,noul,generated,全条件の充足,"""若葉の利用には所属確認・会費支払いがすべて必要です。森さん: 所属確認は完了、会費支払いは完了。""",この人は記載された利用条件をすべて満たしていますか。,"{""false"": ""いいえ。質問の命題は成立しない。"", ""true"": ""はい。質問の命題が成立する。""}","""true"""
v2-gen-choice-06-019,choice,generated,時間枠の包含,"{""空き時間"": [{""部屋"": ""茶"", ""開始"": 16, ""終了"": 19}, {""部屋"": ""黄"", ""開始"": 16, ""終了"": 18}, {""部屋"": ""白"", ""開始"": 14, ""終了"": 17}, {""部屋"": ""黒"", ""開始"": 16, ""終了"": 18}, {""部屋"": ""緑"", ""開始"": 16, ""終了"": 18}], ""会議開始"": 15, ""会議終了"": 17}",会議の全時間を連続して確保できる部屋を選んでください。開始・終了の一致は許可します。,"{""白"": ""白室"", ""緑"": ""緑室"", ""茶"": ""茶室"", ""黄"": ""黄室"", ""黒"": ""黒室""}","""白"""
v2-gen-choice-03-003,choice,generated,最終更新,"""案件「山道」の記録です。8時の更新: 差戻し。 15時の更新: 差戻し。 11時の更新: 差戻し。""",最後の時刻の記録が有効です。現在の状態はどれですか。,"{""受取済み"": ""受取済み"", ""差戻し"": ""差戻し"", ""承認"": ""承認""}","""差戻し"""
v2-gen-score-09-009,score,generated,例外による上限,"{""検査合格"": {""動作"": true, ""記録"": true, ""外観"": true, ""寸法"": true, ""付属品"": true, ""表示"": false, ""包装"": true}, ""要再確認の印あり"": true, ""採点規則"": ""合格数が点数。ただし印があれば上限1点""}",上限制限を適用した最終点を選んでください。,"[""最終点0点"", ""最終点1点"", ""最終点2点"", ""最終点3点"", ""最終点4点"", ""最終点5点"", ""最終点6点"", ""最終点7点""]","""1"""
v2-gen-noul-09-010,noul,generated,重複を除いた件数,"""若葉棚で読み取った品名は付箋、付箋、シールでした。同じ品名の繰り返しは一種類として数えます。""",品物の種類は4種類以上ありますか。,"{""false"": ""いいえ。質問の命題は成立しない。"", ""true"": ""はい。質問の命題が成立する。""}","""false"""
v2-gen-noul-09-039,noul,generated,重複を除いた件数,"{""棚"": ""山道"", ""読み取り品名"": [""用紙"", ""ノート"", ""ノート"", ""名札"", ""シール"", ""ペン"", ""ラベル"", ""箱"", ""テープ""], ""数え方"": ""同一品名の重複を除く""}",重複を除いた種類数は3以上という条件を満たしますか。,"{""false"": ""いいえ。質問の命題は成立しない。"", ""true"": ""はい。質問の命題が成立する。""}","""true"""
v2-gen-noul-14-026,noul,generated,予定時間の重なり,"{""対象者"": ""森"", ""会議"": [13, 16], ""面談"": [13, 17], ""規則"": ""終了時刻と開始時刻が一致するだけなら重複なし""}",指定された端点の扱いで予定の重複はありますか。,"{""false"": ""いいえ。質問の命題は成立しない。"", ""true"": ""はい。質問の命題が成立する。""}","""true"""
v2-gen-score-04-025,score,generated,独立チェックの合計,"{""資料"": ""青空"", ""チェック項目"": {""管理番号あり"": false, ""承認印あり"": false, ""題名あり"": false, ""署名あり"": false, ""部署名あり"": false, ""添付あり"": false, ""ページ番号あり"": false}, ""各項目の重み"": 1}",満たしたチェック項目の数を段階として選んでください。,"[""満たした項目が0個"", ""満たした項目が1個"", ""満たした項目が2個"", ""満たした項目が3個"", ""満たした項目が4個"", ""満たした項目が5個"", ""満たした項目が6個"", ""満たした項目が7個""]","""0"""
v2-gen-choice-01-006,choice,generated,問い合わせ経路,"""受付分類表は次のとおりです。契約窓口: 契約更新・プラン変更・解約手続き / 店舗窓口: 営業時間・店内設備・店舗の場所 / 製品窓口: 破損・初期不良・部品交換。問い合わせ本文:「契約中のプランを変更したいです」。受付担当が付けた主題は「プラン変更」です。""",分類表に従い、この問い合わせを担当する窓口を一つ選んでください。,"{""契約"": ""契約の窓口"", ""店舗"": ""店舗の窓口"", ""製品"": ""製品の窓口""}","""契約"""
v2-gen-noul-08-048,noul,generated,集合と否定所属,"{""催し"": ""若葉"", ""完全な参加者名簿"": [""大野"", ""加藤"", ""林"", ""遠藤""], ""補足"": ""名前のない人は参加者ではない""}",松本さんは参加者ではないと言えますか。,"{""false"": ""いいえ。質問の命題は成立しない。"", ""true"": ""はい。質問の命題が成立する。""}","""true"""
v2-gen-noul-11-012,noul,generated,参照関係の真偽,"""担当表: 白波は高橋、青空は木村、木漏れ日は山田、春風は遠藤。資料の関連先: 封筒は白波、ケースは青空、箱は春風、ノートは木漏れ日。""",箱に関連する案件の担当は木村さんですか。,"{""false"": ""いいえ。質問の命題は成立しない。"", ""true"": ""はい。質問の命題が成立する。""}","""false"""
v2-gen-score-11-040,score,generated,時刻順の評価更新,"""山道の評価更新履歴: 13時に段階3、9時に段階3、19時に段階0、11時に段階1、8時に段階3、14時に段階0。評価は最新時刻の値だけを採用します。""",履歴の記載順に惑わされず、最新評価を答えてください。,"[""評価段階0"", ""評価段階1"", ""評価段階2"", ""評価段階3""]","""0"""
v2-gen-choice-08-001,choice,generated,改訂と例外の優先,"""通常品の貼付ラベルについて、連絡は古い順に「黒」「茶」「白」でした。後の連絡が前の連絡を上書きします。ただし冷蔵品には連絡履歴に関係なく赤ラベルを貼ります。今回の荷物は通常品です。""",例外と改訂の順序を考慮して、使用する色はどれですか。,"{""白"": ""白ラベル"", ""紫"": ""紫ラベル"", ""緑"": ""緑ラベル"", ""茶"": ""茶ラベル"", ""赤"": ""赤ラベル"", ""青"": ""青ラベル"", ""黄"": ""黄ラベル"", ""黒"": ""黒ラベル""}","""白"""
v2-gen-score-12-020,score,generated,目標からの差,"{""案件"": ""草原"", ""目標数"": 12, ""実績数"": 12, ""採点"": ""差の絶対値。ただし4以上は段階4""}",不足・超過の向きではなく差の大きさで評価してください。,"[""目標との差が0個"", ""目標との差が1個"", ""目標との差が2個"", ""目標との差が3個"", ""目標との差が4個以上""]","""0"""
v2-gen-score-08-046,score,generated,要件への一致数,"{""注文要件"": {""サイズ"": ""小"", ""素材"": ""布""}, ""提案品"": {""サイズ"": ""小"", ""素材"": ""布""}}",各属性の完全一致を一点として採点してください。,"[""一致した要件が0項目"", ""一致した要件が1項目"", ""一致した要件が2項目""]","""2"""
v2-gen-score-08-018,score,generated,要件への一致数,"{""注文要件"": {""包装"": ""なし"", ""サイズ"": ""大""}, ""提案品"": {""包装"": ""なし"", ""サイズ"": ""小""}}",注文要件と一致している属性の数を段階として選んでください。,"[""一致した要件が0項目"", ""一致した要件が1項目"", ""一致した要件が2項目""]","""1"""
v2-gen-choice-07-046,choice,generated,複数属性の制約,"{""在庫表"": [{""品名"": ""ケース"", ""色"": ""紫"", ""素材"": ""樹脂"", ""在庫あり"": true}, {""品名"": ""ペン"", ""色"": ""白"", ""素材"": ""樹脂"", ""在庫あり"": true}, {""品名"": ""冊子"", ""色"": ""白"", ""素材"": ""樹脂"", ""在庫あり"": false}, {""品名"": ""ノート"", ""色"": ""白"", ""素材"": ""ガラス"", ""在庫あり"": true}]}",必要条件は白色、樹脂製、在庫ありの三つです。全部に合う品はどれですか。,"{""ケース"": ""ケース"", ""ノート"": ""ノート"", ""ペン"": ""ペン"", ""冊子"": ""冊子""}","""ペン"""
v2-gen-score-11-008,score,generated,時刻順の評価更新,"""灯台の評価更新履歴: 16時に段階6、18時に段階3、17時に段階0、21時に段階1、8時に段階3。評価は最新時刻の値だけを採用します。""",現在採用すべき評価段階を選んでください。,"[""評価段階0"", ""評価段階1"", ""評価段階2"", ""評価段階3"", ""評価段階4"", ""評価段階5"", ""評価段階6""]","""1"""
v2-gen-noul-07-040,noul,generated,識別文字列の完全一致,"""商品ラベルの管理コードは「EF1-D」、注文票の管理コードは「EF1_D」です。照合では大文字と小文字、記号の違いも区別します。""",指定された照合規則で一致と判定できますか。,"{""false"": ""いいえ。質問の命題は成立しない。"", ""true"": ""はい。質問の命題が成立する。""}","""false"""
v2-gen-noul-02-007,noul,generated,全条件の充足,"{""すべて必要な条件"": [""所属確認"", ""講習受講"", ""申込書提出"", ""利用説明受講""], ""対象"": ""高橋"", ""完了状況"": {""所属確認"": true, ""講習受講"": false, ""申込書提出"": true, ""利用説明受講"": true}}",不足条件なく利用を許可できますか。,"{""false"": ""いいえ。質問の命題は成立しない。"", ""true"": ""はい。質問の命題が成立する。""}","""false"""
v2-gen-score-03-047,score,generated,順番に進む工程,"""水面の工程順は調査→受付→検収→報告→日程調整→承認→引継ぎ。先頭から順に進め、完了済みは調査、受付、検収、報告です。着手中の工程は完了に含めません。""",この案件は完了ベースでどの段階まで進みましたか。,"[""完了した工程はまだない"", ""先頭から1工程が完了（最後に完了したのは調査）"", ""先頭から2工程が完了（最後に完了したのは受付）"", ""先頭から3工程が完了（最後に完了したのは検収）"", ""先頭から4工程が完了（最後に完了したのは報告）"", ""先頭から5工程が完了（最後に完了したのは日程調整）"", ""先頭から6工程が完了（最後に完了したのは承認）"", ""先頭から7工程が完了（最後に完了したのは引継ぎ）""]","""4"""
v2-gen-score-09-044,score,generated,例外による上限,"{""検査合格"": {""動作"": true, ""付属品"": true, ""記録"": false, ""表示"": true, ""包装"": true, ""外観"": true, ""寸法"": true}, ""要再確認の印あり"": true, ""採点規則"": ""合格数が点数。ただし印があれば上限6点""}",例外条件を反映した評価段階を答えてください。,"[""最終点0点"", ""最終点1点"", ""最終点2点"", ""最終点3点"", ""最終点4点"", ""最終点5点"", ""最終点6点"", ""最終点7点""]","""6"""
v2-gen-score-04-032,score,generated,独立チェックの合計,"""春風資料の点検: 管理番号ありは満たさない、連絡先ありは満たさない、題名ありは満たさない、添付ありは満たさない、ページ番号ありは満たさない、部署名ありは満たす、承認印ありは満たさない。各項目は一つずつ数えます。""",満たしたチェック項目の数を段階として選んでください。,"[""満たした項目が0個"", ""満たした項目が1個"", ""満たした項目が2個"", ""満たした項目が3個"", ""満たした項目が4個"", ""満たした項目が5個"", ""満たした項目が6個"", ""満たした項目が7個""]","""1"""
v2-gen-score-04-046,score,generated,独立チェックの合計,"{""資料"": ""白波"", ""チェック項目"": {""承認印あり"": false, ""添付あり"": true, ""題名あり"": false, ""宛先あり"": false, ""署名あり"": false, ""管理番号あり"": true, ""日付あり"": true}, ""各項目の重み"": 1}",合格した項目数に対応する段階を答えてください。,"[""満たした項目が0個"", ""満たした項目が1個"", ""満たした項目が2個"", ""満たした項目が3個"", ""満たした項目が4個"", ""満たした項目が5個"", ""満たした項目が6個"", ""満たした項目が7個""]","""3"""
v2-gen-noul-02-032,noul,generated,全条件の充足,"""夕凪の利用には同意書提出・申込書提出・本人確認がすべて必要です。渡辺さん: 同意書提出は完了、申込書提出は完了、本人確認は完了。""",不足条件なく利用を許可できますか。,"{""false"": ""いいえ。質問の命題は成立しない。"", ""true"": ""はい。質問の命題が成立する。""}","""true"""
v2-gen-noul-15-005,noul,generated,出来事の前後関係,"{""担当者"": ""佐藤"", ""実施順"": [""報告"", ""引継ぎ"", ""伝票記入"", ""検品"", ""荷物受取""], ""各作業の実施回数"": 1}",日誌では報告の方が引継ぎより先ですか。,"{""false"": ""いいえ。質問の命題は成立しない。"", ""true"": ""はい。質問の命題が成立する。""}","""true"""
v2-gen-choice-08-043,choice,generated,改訂と例外の優先,"""通常品の貼付ラベルについて、連絡は古い順に「紫」「白」「茶」でした。後の連絡が前の連絡を上書きします。ただし冷蔵品には連絡履歴に関係なく紫ラベルを貼ります。今回の荷物は冷蔵品です。""",この荷物に貼るラベルの色を選んでください。,"{""白"": ""白ラベル"", ""紫"": ""紫ラベル"", ""緑"": ""緑ラベル"", ""茶"": ""茶ラベル"", ""青"": ""青ラベル"", ""黄"": ""黄ラベル"", ""黒"": ""黒ラベル""}","""紫"""
v2-gen-noul-13-018,noul,generated,範囲の開閉境界,"{""下限条件"": ""3個以上"", ""上限条件"": ""6個未満"", ""今回の個数"": 6, ""関係"": ""両方を満たすこと""}",今回の個数は適合範囲に入っていますか。,"{""false"": ""いいえ。質問の命題は成立しない。"", ""true"": ""はい。質問の命題が成立する。""}","""false"""
v2-gen-score-08-003,score,generated,要件への一致数,"{""注文要件"": {""サイズ"": ""小""}, ""提案品"": {""サイズ"": ""大""}}",注文要件と一致している属性の数を段階として選んでください。,"[""一致した要件が0項目"", ""一致した要件が1項目""]","""0"""
v2-gen-score-08-020,score,generated,要件への一致数,"{""注文要件"": {""色"": ""青"", ""印字"": ""あり"", ""素材"": ""木"", ""配送"": ""店頭""}, ""提案品"": {""色"": ""青"", ""印字"": ""あり"", ""素材"": ""紙"", ""配送"": ""宅配""}}",各属性の完全一致を一点として採点してください。,"[""一致した要件が0項目"", ""一致した要件が1項目"", ""一致した要件が2項目"", ""一致した要件が3項目"", ""一致した要件が4項目""]","""2"""
v2-gen-score-13-034,score,generated,取消しを反映した件数,"""春風の申込み記録: 渡辺は受付済み・取消なし、松本は受付済み・取消なし、大野は受付済み・取消なし、石田は受付済み・取消なし、佐藤は未受付・取消なし。取消済みの申込みは有効件数から除きます。4件以上は最終段階4にまとめます。""",受付済みから取消済みを除いた件数はいくつの段階ですか。,"[""有効申込みが0件"", ""有効申込みが1件"", ""有効申込みが2件"", ""有効申込みが3件"", ""有効申込みが4件以上""]","""4"""
v2-gen-choice-07-023,choice,generated,複数属性の制約,"""在庫表: シールは茶色・紙製・在庫あり、袋は青色・布製・在庫あり、ケースは紫色・紙製・在庫あり、クリップは茶色・紙製・在庫あり、ノートは白色・紙製・在庫あり、ファイルは青色・紙製・在庫あり。""",青色で紙製、在庫もある品を選んでください。,"{""クリップ"": ""クリップ"", ""ケース"": ""ケース"", ""シール"": ""シール"", ""ノート"": ""ノート"", ""ファイル"": ""ファイル"", ""袋"": ""袋""}","""ファイル"""
v2-gen-choice-12-036,choice,generated,条件付き不足書類,"{""確認優先順"": [""承認書"", ""見積書""], ""代理申請だけに必要"": ""見積書"", ""代理申請"": true, ""提出済み"": [""見積書"", ""承認書""]}",申請区分に応じて必要書類を確認し、最優先で追加提出を求めるものを答えてください。なければ追加不要です。,"{""承認書"": ""承認書"", ""見積書"": ""見積書"", ""追加不要"": ""必要書類はすべて提出済み""}","""追加不要"""
v2-gen-choice-10-016,choice,generated,不在時の代理,"""担当者: 山道は高橋、灯台は松本、朝露は石田、木漏れ日は渡辺。代理者: 高橋の代理は松本、松本の代理は石田、石田の代理は渡辺、渡辺の代理は高橋。本日の不在者は松本。問い合わせ先の案件は山道です。代理への振替は一回だけ行い、その先の不在は判定しません。""",一回だけの代理振替を適用した後の宛先を答えてください。,"{""松本"": ""松本さん"", ""渡辺"": ""渡辺さん"", ""石田"": ""石田さん"", ""高橋"": ""高橋さん""}","""高橋"""
v2-gen-noul-13-021,noul,generated,範囲の開閉境界,"""山道の受付数は、4個より多い、かつ10個未満の場合に限り適合です。今回の数は7個です。""",下限と上限の両方の条件に合いますか。,"{""false"": ""いいえ。質問の命題は成立しない。"", ""true"": ""はい。質問の命題が成立する。""}","""true"""
v2-gen-noul-12-042,noul,generated,記録と主張の照合,"{""施設"": ""山道"", ""入口ごとの現在の確定記録"": {""北口"": ""完全に閉じている"", ""南口"": ""半分だけ開いている"", ""東口"": ""半分だけ開いている"", ""西口"": ""4分の1だけ開いている"", ""裏口"": ""4分の1だけ開いている"", ""搬入口"": ""完全に閉じている""}, ""判定資料"": ""現在の確定記録のみ""}",確定情報から、北口は完全に閉じていると言えますか。,"{""false"": ""いいえ。質問の命題は成立しない。"", ""true"": ""はい。質問の命題が成立する。""}","""true"""
v2-gen-choice-01-019,choice,generated,問い合わせ経路,"""受付分類表は次のとおりです。製品窓口: 破損・初期不良・部品交換 / 店舗窓口: 営業時間・店内設備・店舗の場所 / 請求窓口: 二重請求・領収書・返金 / 配送窓口: 届け先変更・荷物の遅延・追跡番号 / 契約窓口: 契約更新・プラン変更・解約手続き / アカウント窓口: ログイン・パスワード・退会。問い合わせ本文:「同じ代金が二回引き落とされています」。受付担当が付けた主題は「二重請求」です。""",受付分類表を使って、この相談の担当を決めてください。,"{""アカウント"": ""アカウントの窓口"", ""契約"": ""契約の窓口"", ""店舗"": ""店舗の窓口"", ""製品"": ""製品の窓口"", ""請求"": ""請求の窓口"", ""配送"": ""配送の窓口""}","""請求"""
v2-gen-score-10-001,score,generated,不足の段階,"""青空申請で必要なものは確認票、同意書、見積書、添付図、承認書、受領票。届いたものは同意書、見積書、参考資料、添付図、承認書、確認票、受領票です。必要一覧にない書類は不足を埋めません。""",必要一覧と届いた一覧を照合し、不足の程度を判定してください。,"[""不足が0種類"", ""不足が1種類"", ""不足が2種類"", ""不足が3種類"", ""不足が4種類"", ""不足が5種類"", ""不足が6種類""]","""0"""
v2-gen-choice-04-034,choice,generated,参照先の担当,"{""案件担当"": {""木漏れ日"": ""林"", ""星空"": ""青木"", ""水面"": ""加藤"", ""白波"": ""大野"", ""春風"": ""木村"", ""草原"": ""松本""}, ""資料の所属案件"": {""ファイル"": ""草原"", ""ペン"": ""白波"", ""袋"": ""星空"", ""名札"": ""木漏れ日"", ""テープ"": ""水面"", ""シール"": ""春風""}, ""確認資料"": ""袋""}",確認資料が属する案件の担当者を選んでください。,"{""加藤"": ""加藤さん"", ""大野"": ""大野さん"", ""木村"": ""木村さん"", ""松本"": ""松本さん"", ""林"": ""林さん"", ""青木"": ""青木さん""}","""青木"""
v2-gen-choice-02-047,choice,generated,条件と優先例外,"""木漏れ日店では会員で購入数が7個以上なら優待扱いです。ただし予約品は購入数や会員資格にかかわらず通常扱いです。今回は10個、非会員、通常在庫品です。""",例外も踏まえて、今回の購入区分はどれですか。,"{""優待"": ""優待の扱い"", ""通常"": ""通常の扱い""}","""通常"""
v2-gen-noul-04-034,noul,generated,例外の優先,"""規則: 招待ありであれば若葉を利用できます。ただし会費滞納なら利用できません。青木さんは招待ありに該当、会費滞納に非該当です。""",禁止例外を先に考慮すると、この利用を認められますか。,"{""false"": ""いいえ。質問の命題は成立しない。"", ""true"": ""はい。質問の命題が成立する。""}","""true"""
v2-gen-choice-09-028,choice,generated,利用可能集合の差,"{""利用可能品"": [""ペン"", ""ノート""], ""予約済み品"": [""ノート""]}",予約済みを利用可能一覧から除いたとき、残る品を答えてください。,"{""カード"": ""カード"", ""テープ"": ""テープ"", ""ノート"": ""ノート"", ""ペン"": ""ペン""}","""ペン"""
v2-gen-choice-03-036,choice,generated,最終更新,"{""案件"": ""白波"", ""更新記録"": [{""時"": 14, ""状態"": ""差戻し""}, {""時"": 17, ""状態"": ""承認""}, {""時"": 20, ""状態"": ""承認""}, {""時"": 8, ""状態"": ""承認""}]}",最後の時刻の記録が有効です。現在の状態はどれですか。,"{""差戻し"": ""差戻し"", ""承認"": ""承認""}","""承認"""
v2-gen-noul-10-036,noul,generated,条件付き義務,"""規則: 当日申請のときだけ上長の承認が必須です。それ以外の場合にはこの義務はなく、実施していても構いません。今回の案件は当日申請に該当で、上長の承認は実施済みです。""",この義務に関して、規則上問題なしと判定できますか。,"{""false"": ""いいえ。質問の命題は成立しない。"", ""true"": ""はい。質問の命題が成立する。""}","""true"""
v2-gen-score-05-010,score,generated,緊急条件の加点,"""水面の基本優先度は4です。締切まで残り3時間以内なら1だけ加点し、それより長ければ加点しません。上限は7です。今回は締切まで3時間です。""",条件付き加点後の優先度を選んでください。,"[""最終優先度0"", ""最終優先度1"", ""最終優先度2"", ""最終優先度3"", ""最終優先度4"", ""最終優先度5"", ""最終優先度6"", ""最終優先度7""]","""5"""
v2-gen-noul-13-039,noul,generated,範囲の開閉境界,"""星空の受付数は、1個以上、かつ8個未満の場合に限り適合です。今回の数は3個です。""",今回の個数は適合範囲に入っていますか。,"{""false"": ""いいえ。質問の命題は成立しない。"", ""true"": ""はい。質問の命題が成立する。""}","""true"""
v2-gen-score-04-030,score,generated,独立チェックの合計,"{""資料"": ""木漏れ日"", ""チェック項目"": {""題名あり"": false, ""添付あり"": true, ""署名あり"": false, ""承認印あり"": false, ""ページ番号あり"": false}, ""各項目の重み"": 1}",満たしたチェック項目の数を段階として選んでください。,"[""満たした項目が0個"", ""満たした項目が1個"", ""満たした項目が2個"", ""満たした項目が3個"", ""満たした項目が4個"", ""満たした項目が5個""]","""1"""
v2-gen-choice-08-013,choice,generated,改訂と例外の優先,"""通常品の貼付ラベルについて、連絡は古い順に「紫」「白」「赤」でした。後の連絡が前の連絡を上書きします。ただし冷蔵品には連絡履歴に関係なく白ラベルを貼ります。今回の荷物は通常品です。""",今回適用されるラベルを一つ決めてください。,"{""白"": ""白ラベル"", ""紫"": ""紫ラベル"", ""赤"": ""赤ラベル"", ""青"": ""青ラベル"", ""黄"": ""黄ラベル"", ""黒"": ""黒ラベル""}","""赤"""
v2-gen-choice-03-039,choice,generated,最終更新,"""案件「水面」の記録です。9時の更新: 承認。 12時の更新: 承認。 14時の更新: 承認。""",時刻が最も新しい更新に基づく状態を答えてください。,"{""承認"": ""承認"", ""発送済み"": ""発送済み""}","""承認"""
v2-gen-score-15-025,score,generated,軽重のある項目,"{""不備ごとの配点"": {""宛名不備"": 2, ""余白不備"": 1}, ""不備あり"": {""宛名不備"": false, ""余白不備"": false}, ""上限"": 2}",見つかった不備の点数を合計し、上限を適用してください。,"[""不備点の合計が0点"", ""不備点の合計が1点"", ""不備点の合計が2点以上""]","""0"""
v2-gen-choice-02-034,choice,generated,条件と優先例外,"{""規則"": ""会員かつ4個以上なら優待。ただし予約品は常に通常"", ""会員"": true, ""購入数"": 11, ""予約品"": false}",この購入に適用する扱いを選んでください。,"{""優待"": ""優待の扱い"", ""通常"": ""通常の扱い""}","""優待"""
v2-gen-choice-13-025,choice,generated,工程の依存順,"{""案件"": ""水面"", ""工程順"": [""受付"", ""実施"", ""準備"", ""承認"", ""内容確認"", ""見積作成""], ""完了済み"": [""受付"", ""実施"", ""準備""], ""規則"": ""順に実行し未完了工程を飛ばさない""}",この作業を一段進めるときに着手する工程を答えてください。残りがなければ完了です。,"{""内容確認"": ""内容確認"", ""受付"": ""受付"", ""完了"": ""全工程が完了"", ""実施"": ""実施"", ""承認"": ""承認"", ""準備"": ""準備"", ""見積作成"": ""見積作成""}","""承認"""
v2-gen-choice-10-002,choice,generated,不在時の代理,"""担当者: 水面は石田、青空は加藤、灯台は上田、春風は木村、木漏れ日は森、朝露は松本。代理者: 石田の代理は加藤、加藤の代理は上田、上田の代理は木村、木村の代理は森、森の代理は松本、松本の代理は石田。本日の不在者は石田、森、上田、松本。問い合わせ先の案件は朝露です。代理への振替は一回だけ行い、その先の不在は判定しません。""",この案件を担当本人または指定代理に連絡します。宛先は誰ですか。,"{""上田"": ""上田さん"", ""加藤"": ""加藤さん"", ""木村"": ""木村さん"", ""松本"": ""松本さん"", ""森"": ""森さん"", ""石田"": ""石田さん""}","""石田"""
v2-gen-choice-01-043,choice,generated,問い合わせ経路,"{""分類表"": {""配送"": [""届け先変更"", ""荷物の遅延"", ""追跡番号""], ""修理"": [""修理見積"", ""修理進捗"", ""保証修理""], ""イベント"": [""申込期限"", ""会場案内"", ""参加取消""], ""製品"": [""破損"", ""初期不良"", ""部品交換""], ""請求"": [""二重請求"", ""領収書"", ""返金""]}, ""本文"": ""保証期間内の修理を申し込みたいです"", ""受付主題"": ""保証修理""}",記録された主題を扱う転送先はどこですか。,"{""イベント"": ""イベントの窓口"", ""修理"": ""修理の窓口"", ""製品"": ""製品の窓口"", ""請求"": ""請求の窓口"", ""配送"": ""配送の窓口""}","""修理"""
v2-gen-score-12-042,score,generated,目標からの差,"{""案件"": ""木漏れ日"", ""目標数"": 15, ""実績数"": 20, ""採点"": ""差の絶対値。ただし5以上は段階5""}",示された上限を含め、実績のずれを段階に変換してください。,"[""目標との差が0個"", ""目標との差が1個"", ""目標との差が2個"", ""目標との差が3個"", ""目標との差が4個"", ""目標との差が5個以上""]","""5"""
v2-gen-score-03-037,score,generated,順番に進む工程,"""山道の工程順は準備→承認→審査→実施。先頭から順に進め、完了済みは準備、承認、審査、実施です。着手中の工程は完了に含めません。""",この案件は完了ベースでどの段階まで進みましたか。,"[""完了した工程はまだない"", ""先頭から1工程が完了（最後に完了したのは準備）"", ""先頭から2工程が完了（最後に完了したのは承認）"", ""先頭から3工程が完了（最後に完了したのは審査）"", ""先頭から4工程が完了（最後に完了したのは実施）""]","""4"""
v2-gen-noul-04-008,noul,generated,例外の優先,"{""許可条件"": ""登録済み"", ""優先禁止条件"": ""会費滞納"", ""対象"": ""石田"", ""許可条件に該当"": true, ""禁止条件に該当"": false}",例外を含む規則のもとで利用は許可されますか。,"{""false"": ""いいえ。質問の命題は成立しない。"", ""true"": ""はい。質問の命題が成立する。""}","""true"""
v2-gen-score-13-017,score,generated,取消しを反映した件数,"{""催し"": ""白波"", ""申込み"": [{""氏名"": ""佐藤"", ""受付済み"": true, ""取消済み"": false}, {""氏名"": ""上田"", ""受付済み"": true, ""取消済み"": false}, {""氏名"": ""青木"", ""受付済み"": false, ""取消済み"": false}], ""まとめ方"": ""1件以上は段階1""}",取消し後に残る有効申込み数を段階として選んでください。,"[""有効申込みが0件"", ""有効申込みが1件以上""]","""1"""
v2-gen-noul-08-030,noul,generated,集合と否定所属,"{""催し"": ""草原"", ""完全な参加者名簿"": [""佐藤"", ""吉田"", ""渡辺"", ""石田""], ""補足"": ""名前のない人は参加者ではない""}",名簿に基づき、山田さんが参加者ではないという判断に同意できますか。,"{""false"": ""いいえ。質問の命題は成立しない。"", ""true"": ""はい。質問の命題が成立する。""}","""true"""
v2-gen-noul-04-017,noul,generated,例外の優先,"{""許可条件"": ""会員"", ""優先禁止条件"": ""未返却品あり"", ""対象"": ""上田"", ""許可条件に該当"": true, ""禁止条件に該当"": true}",この人は現在、利用可能ですか。,"{""false"": ""いいえ。質問の命題は成立しない。"", ""true"": ""はい。質問の命題が成立する。""}","""false"""
v2-gen-noul-15-020,noul,generated,出来事の前後関係,"""松本さんの作業日誌は実施順に電話連絡→検品→休憩です。記載した各作業は一回ずつ実施しました。""",日誌では検品の方が電話連絡より先ですか。,"{""false"": ""いいえ。質問の命題は成立しない。"", ""true"": ""はい。質問の命題が成立する。""}","""false"""
v2-gen-choice-07-038,choice,generated,複数属性の制約,"{""在庫表"": [{""品名"": ""冊子"", ""色"": ""白"", ""素材"": ""ガラス"", ""在庫あり"": false}, {""品名"": ""ファイル"", ""色"": ""白"", ""素材"": ""紙"", ""在庫あり"": true}, {""品名"": ""用紙"", ""色"": ""茶"", ""素材"": ""ガラス"", ""在庫あり"": true}, {""品名"": ""カード"", ""色"": ""白"", ""素材"": ""ガラス"", ""在庫あり"": false}, {""品名"": ""テープ"", ""色"": ""白"", ""素材"": ""金属"", ""在庫あり"": true}, {""品名"": ""ノート"", ""色"": ""白"", ""素材"": ""金属"", ""在庫あり"": true}, {""品名"": ""箱"", ""色"": ""白"", ""素材"": ""ガラス"", ""在庫あり"": false}, {""品名"": ""名札"", ""色"": ""白"", ""素材"": ""ガラス"", ""在庫あり"": true}]}",今注文できるガラス製の白色の商品を答えてください。在庫なしは選べません。,"{""カード"": ""カード"", ""テープ"": ""テープ"", ""ノート"": ""ノート"", ""ファイル"": ""ファイル"", ""冊子"": ""冊子"", ""名札"": ""名札"", ""用紙"": ""用紙"", ""箱"": ""箱""}","""名札"""
v2-gen-noul-12-040,noul,generated,記録と主張の照合,"""山道施設の入口について、いま確認した確定記録は北口は半分だけ開いている、南口は完全に閉じている、東口は半分だけ開いている、西口は半分だけ開いている、裏口は完全に開いている、搬入口は半分だけ開いているです。現在の判断にはこの確定記録だけを使います。""",確定情報から、西口は半分だけ開いていると言えますか。,"{""false"": ""いいえ。質問の命題は成立しない。"", ""true"": ""はい。質問の命題が成立する。""}","""true"""
v2-gen-noul-04-036,noul,generated,例外の優先,"{""許可条件"": ""招待あり"", ""優先禁止条件"": ""未返却品あり"", ""対象"": ""中村"", ""許可条件に該当"": true, ""禁止条件に該当"": false}",この人は現在、利用可能ですか。,"{""false"": ""いいえ。質問の命題は成立しない。"", ""true"": ""はい。質問の命題が成立する。""}","""true"""
v2-gen-noul-08-007,noul,generated,集合と否定所属,"{""催し"": ""春風"", ""完全な参加者名簿"": [""上田"", ""石田""], ""補足"": ""名前のない人は参加者ではない""}",名簿に基づき、佐藤さんが参加者であるという判断に同意できますか。,"{""false"": ""いいえ。質問の命題は成立しない。"", ""true"": ""はい。質問の命題が成立する。""}","""false"""
v2-gen-choice-02-009,choice,generated,条件と優先例外,"""木漏れ日店では会員で購入数が10個以上なら優待扱いです。ただし予約品は購入数や会員資格にかかわらず通常扱いです。今回は7個、非会員、予約品です。""",例外も踏まえて、今回の購入区分はどれですか。,"{""優待"": ""優待の扱い"", ""通常"": ""通常の扱い""}","""通常"""
v2-gen-score-09-001,score,generated,例外による上限,"""検査合格状況: 動作は不合格、寸法は不合格、表示は不合格、外観は不合格、包装は不合格、付属品は不合格。合格項目一つにつき1点ですが、要再確認の印があれば上限4点に制限します。今回その印はありません。""",上限制限を適用した最終点を選んでください。,"[""最終点0点"", ""最終点1点"", ""最終点2点"", ""最終点3点"", ""最終点4点"", ""最終点5点"", ""最終点6点""]","""0"""
v2-gen-noul-03-035,noul,generated,いずれかの条件,"{""いずれか一つ以上必要"": [""引換券"", ""受付確認票""], ""所持状況"": {""引換券"": false, ""受付確認票"": false}, ""対象"": ""林""}",少なくとも一つの必要条件が成立していますか。,"{""false"": ""いいえ。質問の命題は成立しない。"", ""true"": ""はい。質問の命題が成立する。""}","""false"""
v2-gen-noul-11-017,noul,generated,参照関係の真偽,"""担当表: 灯台は木村、山道は森、青空は佐藤。資料の関連先: ノートは灯台、箱は山道、名札は青空。""",森さんは箱が属する案件の担当者と言えますか。,"{""false"": ""いいえ。質問の命題は成立しない。"", ""true"": ""はい。質問の命題が成立する。""}","""true"""
v2-gen-noul-02-036,noul,generated,全条件の充足,"""灯台の利用には講習受講・申込書提出がすべて必要です。高橋さん: 講習受講は完了、申込書提出は完了。""",規則に照らし、この人の利用資格は成立しますか。,"{""false"": ""いいえ。質問の命題は成立しない。"", ""true"": ""はい。質問の命題が成立する。""}","""true"""
v2-gen-choice-07-049,choice,generated,複数属性の制約,"""在庫表: 封筒は白色・ガラス製・在庫なし、袋は赤色・ガラス製・在庫あり、冊子は白色・ガラス製・在庫あり、ファイルは白色・ガラス製・在庫なし、ケースは白色・ガラス製・在庫なし。""",必要条件は白色、ガラス製、在庫ありの三つです。全部に合う品はどれですか。,"{""ケース"": ""ケース"", ""ファイル"": ""ファイル"", ""冊子"": ""冊子"", ""封筒"": ""封筒"", ""袋"": ""袋""}","""冊子"""
v2-gen-noul-11-014,noul,generated,参照関係の真偽,"""担当表: 若葉は遠藤、青空は松本、草原は木村、夕凪は中村、春風は高橋、白波は吉田。資料の関連先: シールは若葉、名札は春風、ケースは夕凪、袋は白波、テープは青空、冊子は草原。""",吉田さんは名札が属する案件の担当者と言えますか。,"{""false"": ""いいえ。質問の命題は成立しない。"", ""true"": ""はい。質問の命題が成立する。""}","""false"""
v2-gen-noul-14-030,noul,generated,予定時間の重なり,"{""対象者"": ""上田"", ""会議"": [9, 13], ""面談"": [11, 12], ""規則"": ""終了時刻と開始時刻が一致するだけなら重複なし""}",二つの予定の時間は重なっていますか。,"{""false"": ""いいえ。質問の命題は成立しない。"", ""true"": ""はい。質問の命題が成立する。""}","""true"""
v2-gen-score-10-021,score,generated,不足の段階,"{""申請"": ""夕凪"", ""必要書類"": [""同意書"", ""見積書"", ""承認書"", ""受領票"", ""申込書""], ""届いた書類"": [""申込書"", ""見積書"", ""受領票"", ""承認書"", ""同意書""], ""余分な書類で代用できる"": false}",必要書類の不足数に対応する段階を選んでください。,"[""不足が0種類"", ""不足が1種類"", ""不足が2種類"", ""不足が3種類"", ""不足が4種類"", ""不足が5種類""]","""0"""
v2-gen-choice-15-022,choice,generated,文章内の順序参照,"""山道会議では、発表者を発表順に「上田、高橋、中村、森、佐藤、遠藤、林、青木」と紹介しました。同じ人の再登場はありません。""",発表順の先頭から7番目にいる人を答えてください。,"{""上田"": ""上田さん"", ""中村"": ""中村さん"", ""佐藤"": ""佐藤さん"", ""林"": ""林さん"", ""森"": ""森さん"", ""遠藤"": ""遠藤さん"", ""青木"": ""青木さん"", ""高橋"": ""高橋さん""}","""林"""
v2-gen-score-10-018,score,generated,不足の段階,"{""申請"": ""星空"", ""必要書類"": [""承認書"", ""確認票""], ""届いた書類"": [""確認票"", ""参考資料"", ""承認書""], ""余分な書類で代用できる"": false}",必要一覧と届いた一覧を照合し、不足の程度を判定してください。,"[""不足が0種類"", ""不足が1種類"", ""不足が2種類""]","""0"""
v2-gen-score-13-012,score,generated,取消しを反映した件数,"""星空の申込み記録: 渡辺は受付済み・取消済み、木村は受付済み・取消済み、遠藤は受付済み・取消済み、上田は受付済み・取消済み、山田は受付済み・取消済み、中村は受付済み・取消済み、松本は受付済み・取消なし、大野は受付済み・取消なし。取消済みの申込みは有効件数から除きます。3件以上は最終段階3にまとめます。""",受付済みから取消済みを除いた件数はいくつの段階ですか。,"[""有効申込みが0件"", ""有効申込みが1件"", ""有効申込みが2件"", ""有効申込みが3件以上""]","""2"""
v2-gen-noul-10-020,noul,generated,条件付き義務,"{""規則"": ""代理申請なら依頼者への通知が必要。それ以外では義務なし"", ""条件に該当"": true, ""必要処置を実施"": true}",この記録は規則を守っていますか。,"{""false"": ""いいえ。質問の命題は成立しない。"", ""true"": ""はい。質問の命題が成立する。""}","""true"""
v2-gen-noul-07-041,noul,generated,識別文字列の完全一致,"{""商品ラベル"": ""MN8-A"", ""注文票"": ""MN8-A"", ""照合規則"": ""大文字小文字と記号も含む完全一致""}",二つの管理コードは完全一致していますか。,"{""false"": ""いいえ。質問の命題は成立しない。"", ""true"": ""はい。質問の命題が成立する。""}","""true"""
v2-gen-choice-02-035,choice,generated,条件と優先例外,"{""規則"": ""会員かつ7個以上なら優待。ただし予約品は常に通常"", ""会員"": false, ""購入数"": 9, ""予約品"": false}",例外も踏まえて、今回の購入区分はどれですか。,"{""優待"": ""優待の扱い"", ""通常"": ""通常の扱い""}","""通常"""
v2-gen-choice-05-037,choice,generated,否定条件で選択,"{""検品"": [{""品名"": ""名札"", ""封がある"": true, ""濡れている"": false}, {""品名"": ""シール"", ""封がある"": false, ""濡れている"": false}]}",封があるもので、かつ濡れていない品を選んでください。,"{""シール"": ""シール"", ""名札"": ""名札""}","""名札"""
v2-gen-choice-15-034,choice,generated,文章内の順序参照,"""朝露会議では、発表者を発表順に「松本、青木、森」と紹介しました。同じ人の再登場はありません。""",最初を1番目として、1番目の発表者を選んでください。,"{""松本"": ""松本さん"", ""森"": ""森さん"", ""青木"": ""青木さん""}","""松本"""
v2-gen-choice-11-017,choice,generated,小数量の比較,"{""在庫"": [{""品名"": ""冊子"", ""総在庫"": 5, ""予約分"": 3}, {""品名"": ""箱"", ""総在庫"": 2, ""予約分"": 2}], ""自由在庫"": ""総在庫から予約分を引く""}",自由在庫が最も少ない品を選んでください。,"{""冊子"": ""冊子"", ""箱"": ""箱""}","""箱"""
v2-gen-choice-10-018,choice,generated,不在時の代理,"{""案件担当"": {""星空"": ""松本"", ""木漏れ日"": ""加藤"", ""朝露"": ""大野"", ""青空"": ""森"", ""若葉"": ""石田""}, ""代理者"": {""松本"": ""加藤"", ""加藤"": ""大野"", ""大野"": ""森"", ""森"": ""石田"", ""石田"": ""松本""}, ""不在者"": [""森"", ""加藤"", ""石田"", ""大野""], ""案件"": ""木漏れ日"", ""ルール"": ""担当者が不在なら指定代理に一度だけ振替。代理の在席状況は問わない""}",この案件を担当本人または指定代理に連絡します。宛先は誰ですか。,"{""加藤"": ""加藤さん"", ""大野"": ""大野さん"", ""松本"": ""松本さん"", ""森"": ""森さん"", ""石田"": ""石田さん""}","""大野"""
v2-gen-score-01-027,score,generated,件数の段階境界,"{""案件"": ""水面"", ""計数対象"": ""未回答の質問"", ""件数"": 17, ""処理済みを除外"": true}",現在の件数を指定の段階基準に当てはめてください。,"[""対象件数が5件未満"", ""対象件数が5件以上、10件未満"", ""対象件数が10件以上、15件未満"", ""対象件数が15件以上、20件未満"", ""対象件数が20件以上、25件未満"", ""対象件数が25件以上、30件未満"", ""対象件数が30件以上""]","""3"""
v2-gen-choice-09-039,choice,generated,利用可能集合の差,"{""利用可能品"": [""ファイル""], ""予約済み品"": [""シール""]}",今貸せるのは利用可能かつ未予約の品です。該当するものはどれですか。,"{""シール"": ""シール"", ""ファイル"": ""ファイル""}","""ファイル"""
v2-gen-score-08-035,score,generated,要件への一致数,"""注文要件: サイズ=中、素材=紙、色=青、印字=なし、形=三角。提案品: サイズ=小、素材=布、色=白、印字=あり、形=四角。""",注文要件と一致している属性の数を段階として選んでください。,"[""一致した要件が0項目"", ""一致した要件が1項目"", ""一致した要件が2項目"", ""一致した要件が3項目"", ""一致した要件が4項目"", ""一致した要件が5項目""]","""0"""
v2-gen-score-07-026,score,generated,証拠の最高到達段階,"{""調査"": ""若葉"", ""この調査の証拠段階"": {""監査記録"": 1, ""担当者報告"": 2, ""口頭メモ"": 3}, ""得られた証拠"": [""担当者報告""], ""集約規則"": ""得られた段階の最大。証拠なしは0""}",明示された段階表だけで証拠を評価してください。,"[""証拠なしの段階0"", ""表に基づく最高証拠段階1"", ""表に基づく最高証拠段階2"", ""表に基づく最高証拠段階3""]","""2"""
v2-gen-choice-10-013,choice,generated,不在時の代理,"{""案件担当"": {""木漏れ日"": ""加藤"", ""若葉"": ""松本"", ""夕凪"": ""上田"", ""山道"": ""青木""}, ""代理者"": {""加藤"": ""松本"", ""松本"": ""上田"", ""上田"": ""青木"", ""青木"": ""加藤""}, ""不在者"": [""青木"", ""松本"", ""上田""], ""案件"": ""木漏れ日"", ""ルール"": ""担当者が不在なら指定代理に一度だけ振替。代理の在席状況は問わない""}",一回だけの代理振替を適用した後の宛先を答えてください。,"{""上田"": ""上田さん"", ""加藤"": ""加藤さん"", ""松本"": ""松本さん"", ""青木"": ""青木さん""}","""加藤"""
v2-gen-noul-03-004,noul,generated,いずれかの条件,"""草原の受付では入場証・招待券のうち一つ以上があれば通れます。吉田さん: 入場証はあり、招待券はなし。""",この人は受付基準を満たしていますか。,"{""false"": ""いいえ。質問の命題は成立しない。"", ""true"": ""はい。質問の命題が成立する。""}","""true"""
v2-gen-score-05-015,score,generated,緊急条件の加点,"""白波の基本優先度は0です。締切まで残り4時間以内なら1だけ加点し、それより長ければ加点しません。上限は5です。今回は締切まで9時間です。""",今回の最終優先段階を求めてください。,"[""最終優先度0"", ""最終優先度1"", ""最終優先度2"", ""最終優先度3"", ""最終優先度4"", ""最終優先度5""]","""0"""
v2-gen-noul-13-047,noul,generated,範囲の開閉境界,"{""下限条件"": ""8個より多い"", ""上限条件"": ""15個以下"", ""今回の個数"": 14, ""関係"": ""両方を満たすこと""}",今回の個数は適合範囲に入っていますか。,"{""false"": ""いいえ。質問の命題は成立しない。"", ""true"": ""はい。質問の命題が成立する。""}","""true"""
v2-gen-noul-02-045,noul,generated,全条件の充足,"{""すべて必要な条件"": [""所属確認"", ""利用説明受講"", ""同意書提出"", ""事前登録""], ""対象"": ""森"", ""完了状況"": {""所属確認"": false, ""利用説明受講"": false, ""同意書提出"": false, ""事前登録"": true}}",規則に照らし、この人の利用資格は成立しますか。,"{""false"": ""いいえ。質問の命題は成立しない。"", ""true"": ""はい。質問の命題が成立する。""}","""false"""
v2-gen-noul-08-001,noul,generated,集合と否定所属,"""朝露の参加者名簿は石田、高橋、加藤、木村です。この名簿は完全で、記載のない人は参加者ではありません。""",森さんは参加者であると言えますか。,"{""false"": ""いいえ。質問の命題は成立しない。"", ""true"": ""はい。質問の命題が成立する。""}","""false"""
v2-gen-score-15-018,score,generated,軽重のある項目,"{""不備ごとの配点"": {""添付欠落"": 2, ""宛名不備"": 1}, ""不備あり"": {""添付欠落"": true, ""宛名不備"": false}, ""上限"": 2}",項目数ではなく指定された点数で評価してください。,"[""不備点の合計が0点"", ""不備点の合計が1点"", ""不備点の合計が2点以上""]","""2"""
v2-gen-noul-02-050,noul,generated,全条件の充足,"""星空の利用には会費支払い・利用説明受講・同意書提出がすべて必要です。中村さん: 会費支払いは完了、利用説明受講は完了、同意書提出は完了。""",この人は記載された利用条件をすべて満たしていますか。,"{""false"": ""いいえ。質問の命題は成立しない。"", ""true"": ""はい。質問の命題が成立する。""}","""true"""
v2-gen-choice-10-023,choice,generated,不在時の代理,"""担当者: 水面は石田、青空は林、草原は高橋。代理者: 石田の代理は林、林の代理は高橋、高橋の代理は石田。本日の不在者は林。問い合わせ先の案件は水面です。代理への振替は一回だけ行い、その先の不在は判定しません。""",この案件を担当本人または指定代理に連絡します。宛先は誰ですか。,"{""林"": ""林さん"", ""石田"": ""石田さん"", ""高橋"": ""高橋さん""}","""石田"""
v2-gen-choice-13-015,choice,generated,工程の依存順,"""案件「白波」の工程順は承認→報告→実施です。途中の工程を飛ばすことはできません。完了済みは承認です。""",この作業を一段進めるときに着手する工程を答えてください。残りがなければ完了です。,"{""報告"": ""報告"", ""完了"": ""全工程が完了"", ""実施"": ""実施"", ""承認"": ""承認""}","""報告"""
v2-gen-choice-05-046,choice,generated,否定条件で選択,"{""検品"": [{""品名"": ""名札"", ""封がある"": true, ""濡れている"": false}, {""品名"": ""シール"", ""封がある"": false, ""濡れている"": false}, {""品名"": ""テープ"", ""封がある"": true, ""濡れている"": true}, {""品名"": ""用紙"", ""封がある"": false, ""濡れている"": false}, {""品名"": ""付箋"", ""封がある"": true, ""濡れている"": true}, {""品名"": ""クリップ"", ""封がある"": false, ""濡れている"": true}]}",濡れた品は除外し、封がある品を一つ選んでください。,"{""クリップ"": ""クリップ"", ""シール"": ""シール"", ""テープ"": ""テープ"", ""付箋"": ""付箋"", ""名札"": ""名札"", ""用紙"": ""用紙""}","""名札"""
v2-gen-noul-11-020,noul,generated,参照関係の真偽,"{""案件担当"": {""春風"": ""木村"", ""朝露"": ""遠藤"", ""水面"": ""大野""}, ""資料関連先"": {""カード"": ""春風"", ""用紙"": ""水面"", ""ノート"": ""朝露""}}",大野さんはノートが属する案件の担当者と言えますか。,"{""false"": ""いいえ。質問の命題は成立しない。"", ""true"": ""はい。質問の命題が成立する。""}","""false"""
v2-gen-noul-07-027,noul,generated,識別文字列の完全一致,"{""商品ラベル"": ""MN7-B"", ""注文票"": ""MN7-B"", ""照合規則"": ""大文字小文字と記号も含む完全一致""}",二つの管理コードは完全一致していますか。,"{""false"": ""いいえ。質問の命題は成立しない。"", ""true"": ""はい。質問の命題が成立する。""}","""true"""
v2-gen-score-02-001,score,generated,記述の満足段階,"""青木さんは青空の体験について「極めて強い満足を感じたが、最高とまでは言わない」と回答しました。追加の発言はありません。""",回答者が表明した満足の程度を分類してください。,"[""やや満足"", ""極めて強い満足"", ""最高の満足""]","""1"""
v2-gen-choice-07-041,choice,generated,複数属性の制約,"""在庫表: クリップは緑色・布製・在庫あり、冊子は青色・布製・在庫なし、袋は青色・布製・在庫あり、テープは白色・布製・在庫あり、ノートは青色・紙製・在庫あり。""",必要条件は青色、布製、在庫ありの三つです。全部に合う品はどれですか。,"{""クリップ"": ""クリップ"", ""テープ"": ""テープ"", ""ノート"": ""ノート"", ""冊子"": ""冊子"", ""袋"": ""袋""}","""袋"""
v2-gen-noul-03-027,noul,generated,いずれかの条件,"{""いずれか一つ以上必要"": [""紹介状"", ""引換券"", ""当日券"", ""入場証""], ""所持状況"": {""紹介状"": false, ""引換券"": false, ""当日券"": false, ""入場証"": false}, ""対象"": ""上田""}",記載された条件で受付を通れますか。,"{""false"": ""いいえ。質問の命題は成立しない。"", ""true"": ""はい。質問の命題が成立する。""}","""false"""
v2-gen-noul-09-016,noul,generated,重複を除いた件数,"""青空棚で読み取った品名はノート、ノート、ケース、ケース、ケース、ノートでした。同じ品名の繰り返しは一種類として数えます。""",品物の種類は6種類以上ありますか。,"{""false"": ""いいえ。質問の命題は成立しない。"", ""true"": ""はい。質問の命題が成立する。""}","""false"""
v2-gen-score-14-006,score,generated,参照表の順序尺度,"{""検査対象"": ""夕凪"", ""今回の対応表"": {""青"": 0, ""黒"": 1, ""緑"": 2, ""黄"": 3, ""赤"": 4}, ""確定票の印"": ""緑""}",検査票の印を指定尺度に変換してください。,"[""表による段階0"", ""表による段階1"", ""表による段階2"", ""表による段階3"", ""表による段階4""]","""2"""
v2-gen-score-05-050,score,generated,緊急条件の加点,"{""案件"": ""山道"", ""基本優先度"": 4, ""締切までの残り時間"": 5, ""規則"": ""残り6時間以内なら1加点、それより長ければ0加点。上限5""}",今回の最終優先段階を求めてください。,"[""最終優先度0"", ""最終優先度1"", ""最終優先度2"", ""最終優先度3"", ""最終優先度4"", ""最終優先度5""]","""5"""
v2-gen-noul-06-007,noul,generated,更新後の状態,"""春風の状態記録: 17時には空席あり、15時には使用可能、7時には空席あり、14時には空席あり、21時には点検中。時刻が新しい記録が古い記録を上書きします。""",最新の有効な記録から「使用可能」と言えますか。,"{""false"": ""いいえ。質問の命題は成立しない。"", ""true"": ""はい。質問の命題が成立する。""}","""false"""
v2-gen-choice-09-029,choice,generated,利用可能集合の差,"""貸出台帳で利用可能と記録されている品はラベル。予約済みの品は冊子、ペン、付箋、クリップです。""",今貸せるのは利用可能かつ未予約の品です。該当するものはどれですか。,"{""クリップ"": ""クリップ"", ""ペン"": ""ペン"", ""ラベル"": ""ラベル"", ""付箋"": ""付箋"", ""冊子"": ""冊子""}","""ラベル"""
v2-gen-score-15-004,score,generated,軽重のある項目,"""この点検の配点: 誤字は2点、宛名不備は1点。見つかった不備: なし。該当項目の点を合計し、2点以上は段階2にまとめます。""",見つかった不備の点数を合計し、上限を適用してください。,"[""不備点の合計が0点"", ""不備点の合計が1点"", ""不備点の合計が2点以上""]","""0"""
v2-gen-score-03-007,score,generated,順番に進む工程,"{""案件"": ""白波"", ""工程順"": [""審査"", ""実施""], ""完了済み"": [], ""着手中は完了に含めない"": true}",完了済みの到達段階を選んでください。,"[""完了した工程はまだない"", ""先頭から1工程が完了（最後に完了したのは審査）"", ""先頭から2工程が完了（最後に完了したのは実施）""]","""0"""
v2-gen-choice-08-046,choice,generated,改訂と例外の優先,"{""通常品ラベルの改訂・古い順"": [""黒"", ""茶"", ""緑""], ""優先例外"": ""冷蔵品は黒"", ""荷物"": ""通常品"", ""規則"": ""後の改訂が前を上書きする""}",この荷物に貼るラベルの色を選んでください。,"{""白"": ""白ラベル"", ""緑"": ""緑ラベル"", ""茶"": ""茶ラベル"", ""青"": ""青ラベル"", ""黒"": ""黒ラベル""}","""緑"""
v2-gen-score-03-005,score,generated,順番に進む工程,"""山道の工程順は準備→引継ぎ→日程調整→検収→受付→調査→承認。先頭から順に進め、完了済みは準備、引継ぎ、日程調整、検収、受付、調査です。着手中の工程は完了に含めません。""",この案件は完了ベースでどの段階まで進みましたか。,"[""完了した工程はまだない"", ""先頭から1工程が完了（最後に完了したのは準備）"", ""先頭から2工程が完了（最後に完了したのは引継ぎ）"", ""先頭から3工程が完了（最後に完了したのは日程調整）"", ""先頭から4工程が完了（最後に完了したのは検収）"", ""先頭から5工程が完了（最後に完了したのは受付）"", ""先頭から6工程が完了（最後に完了したのは調査）"", ""先頭から7工程が完了（最後に完了したのは承認）""]","""6"""
v2-gen-score-06-007,score,generated,約束時刻からの遅れ,"""灯台便は12時到着の約束でした。実際の到着は同じ日の12時です。早着した場合の遅れは0時間とします。""",到着の遅れを段階基準で評価してください。,"[""遅れが2時間未満"", ""遅れが2時間以上、4時間未満"", ""遅れが4時間以上、6時間未満"", ""遅れが6時間以上、8時間未満"", ""遅れが8時間以上、10時間未満"", ""遅れが10時間以上""]","""0"""
v2-gen-choice-14-027,choice,generated,二属性照合,"{""展示品"": [{""品名"": ""封筒"", ""色"": ""緑"", ""素材"": ""樹脂""}, {""品名"": ""ケース"", ""色"": ""緑"", ""素材"": ""木""}, {""品名"": ""テープ"", ""色"": ""茶"", ""素材"": ""木""}], ""指定色"": ""緑"", ""指定素材"": ""木""}",指定された色と素材の両方が一致する品を選んでください。,"{""ケース"": ""ケース"", ""テープ"": ""テープ"", ""封筒"": ""封筒""}","""ケース"""
v2-gen-choice-08-025,choice,generated,改訂と例外の優先,"{""通常品ラベルの改訂・古い順"": [""緑"", ""黄"", ""茶""], ""優先例外"": ""冷蔵品は緑"", ""荷物"": ""冷蔵品"", ""規則"": ""後の改訂が前を上書きする""}",例外と改訂の順序を考慮して、使用する色はどれですか。,"{""紫"": ""紫ラベル"", ""緑"": ""緑ラベル"", ""茶"": ""茶ラベル"", ""赤"": ""赤ラベル"", ""黄"": ""黄ラベル""}","""緑"""
v2-gen-score-10-044,score,generated,不足の段階,"{""申請"": ""青空"", ""必要書類"": [""承認書"", ""申込書"", ""確認票"", ""添付図"", ""見積書"", ""同意書"", ""受領票""], ""届いた書類"": [""添付図"", ""承認書""], ""余分な書類で代用できる"": false}",必要書類の不足数に対応する段階を選んでください。,"[""不足が0種類"", ""不足が1種類"", ""不足が2種類"", ""不足が3種類"", ""不足が4種類"", ""不足が5種類"", ""不足が6種類"", ""不足が7種類""]","""5"""
v2-gen-choice-05-042,choice,generated,否定条件で選択,"""検品記録: 箱は封なしで濡れている、封筒は封ありで濡れている、付箋は封なしで濡れている、冊子は封なしで濡れていない、ノートは封ありで濡れている、カードは封ありで濡れている。""",封がないもので、かつ濡れていない品を選んでください。,"{""カード"": ""カード"", ""ノート"": ""ノート"", ""付箋"": ""付箋"", ""冊子"": ""冊子"", ""封筒"": ""封筒"", ""箱"": ""箱""}","""冊子"""
v2-gen-noul-08-031,noul,generated,集合と否定所属,"{""催し"": ""木漏れ日"", ""完全な参加者名簿"": [""中村"", ""吉田"", ""林"", ""佐藤"", ""森"", ""渡辺""], ""補足"": ""名前のない人は参加者ではない""}",名簿に基づき、吉田さんが参加者ではないという判断に同意できますか。,"{""false"": ""いいえ。質問の命題は成立しない。"", ""true"": ""はい。質問の命題が成立する。""}","""false"""
v2-gen-score-07-016,score,generated,証拠の最高到達段階,"""この調査固有の証拠段階表: 一次資料は段階1、検収記録は段階2、第三者確認は段階3、写真記録は段階4、担当者報告は段階5、監査記録は段階6、立会記録は段階7。春風で得られた証拠は第三者確認、写真記録。複数ある場合は最大の段階を使い、なければ0です。""",明示された段階表だけで証拠を評価してください。,"[""証拠なしの段階0"", ""表に基づく最高証拠段階1"", ""表に基づく最高証拠段階2"", ""表に基づく最高証拠段階3"", ""表に基づく最高証拠段階4"", ""表に基づく最高証拠段階5"", ""表に基づく最高証拠段階6"", ""表に基づく最高証拠段階7""]","""4"""
v2-gen-noul-06-019,noul,generated,更新後の状態,"{""対象"": ""山道"", ""更新記録"": [{""時刻"": 17, ""状態"": ""受付中""}, {""時刻"": 13, ""状態"": ""受付中""}, {""時刻"": 15, ""状態"": ""受付中""}, {""時刻"": 7, ""状態"": ""満席""}, {""時刻"": 19, ""状態"": ""使用可能""}], ""規則"": ""最新時刻の記録が有効""}",現在の状態は「受付中」ですか。,"{""false"": ""いいえ。質問の命題は成立しない。"", ""true"": ""はい。質問の命題が成立する。""}","""false"""
v2-gen-choice-08-004,choice,generated,改訂と例外の優先,"""通常品の貼付ラベルについて、連絡は古い順に「紫」「黄」「白」でした。後の連絡が前の連絡を上書きします。ただし冷蔵品には連絡履歴に関係なく白ラベルを貼ります。今回の荷物は冷蔵品です。""",例外と改訂の順序を考慮して、使用する色はどれですか。,"{""白"": ""白ラベル"", ""紫"": ""紫ラベル"", ""緑"": ""緑ラベル"", ""赤"": ""赤ラベル"", ""青"": ""青ラベル"", ""黄"": ""黄ラベル""}","""白"""
v2-gen-score-05-025,score,generated,緊急条件の加点,"{""案件"": ""夕凪"", ""基本優先度"": 0, ""締切までの残り時間"": 13, ""規則"": ""残り8時間以内なら1加点、それより長ければ0加点。上限1""}",条件付き加点後の優先度を選んでください。,"[""最終優先度0"", ""最終優先度1""]","""0"""
v2-gen-noul-05-030,noul,generated,締切の境界,"{""受付規則"": ""12時ちょうどまで受け付け、同時刻の提出も有効"", ""提出者"": ""林"", ""提出時刻"": 8}",この提出は時間条件を満たしていますか。,"{""false"": ""いいえ。質問の命題は成立しない。"", ""true"": ""はい。質問の命題が成立する。""}","""true"""
v2-gen-noul-01-013,noul,generated,事実と否定質問,"""松本さんについての確定記録: 試験に合格しています。""",確定情報だけから、松本さんが試験に合格していないという判断は正しいですか。,"{""false"": ""いいえ。質問の命題は成立しない。"", ""true"": ""はい。質問の命題が成立する。""}","""false"""
v2-gen-score-14-029,score,generated,参照表の順序尺度,"{""検査対象"": ""草原"", ""今回の対応表"": {""赤"": 0, ""茶"": 1, ""黒"": 2, ""緑"": 3, ""白"": 4, ""紫"": 5, ""青"": 6}, ""確定票の印"": ""白""}",検査票の印を指定尺度に変換してください。,"[""表による段階0"", ""表による段階1"", ""表による段階2"", ""表による段階3"", ""表による段階4"", ""表による段階5"", ""表による段階6""]","""4"""
v2-gen-score-12-040,score,generated,目標からの差,"{""案件"": ""若葉"", ""目標数"": 13, ""実績数"": 17, ""採点"": ""差の絶対値。ただし3以上は段階3""}",目標からのずれの段階を選んでください。,"[""目標との差が0個"", ""目標との差が1個"", ""目標との差が2個"", ""目標との差が3個以上""]","""3"""
v2-gen-noul-14-006,noul,generated,予定時間の重なり,"""松本さんの予定: 朝露会議は8時から9時、面談は8時から9時。終了と次の開始が同時刻の場合は重複とは扱いません。""",指定された端点の扱いで予定の重複はありますか。,"{""false"": ""いいえ。質問の命題は成立しない。"", ""true"": ""はい。質問の命題が成立する。""}","""true"""
v2-gen-score-01-044,score,generated,件数の段階境界,"{""案件"": ""若葉"", ""計数対象"": ""未処理の連絡"", ""件数"": 3, ""処理済みを除外"": true}",記録された数に対応する段階を選んでください。,"[""対象件数が4件未満"", ""対象件数が4件以上、8件未満"", ""対象件数が8件以上""]","""0"""
v2-gen-choice-04-005,choice,generated,参照先の担当,"{""案件担当"": {""夕凪"": ""加藤"", ""木漏れ日"": ""木村"", ""春風"": ""林"", ""山道"": ""佐藤"", ""水面"": ""森""}, ""資料の所属案件"": {""ラベル"": ""水面"", ""ケース"": ""夕凪"", ""カード"": ""山道"", ""名札"": ""春風"", ""ファイル"": ""木漏れ日""}, ""確認資料"": ""ケース""}",この資料について、所属案件を通じて連絡すべき担当者は誰ですか。,"{""佐藤"": ""佐藤さん"", ""加藤"": ""加藤さん"", ""木村"": ""木村さん"", ""林"": ""林さん"", ""森"": ""森さん""}","""加藤"""
v2-gen-noul-06-043,noul,generated,更新後の状態,"""灯台の状態記録: 12時には受付中、11時には空席あり、15時には点検中、9時には受付中。時刻が新しい記録が古い記録を上書きします。""",現在の状態は「空席あり」ですか。,"{""false"": ""いいえ。質問の命題は成立しない。"", ""true"": ""はい。質問の命題が成立する。""}","""false"""
v2-gen-score-14-016,score,generated,参照表の順序尺度,"{""検査対象"": ""白波"", ""今回の対応表"": {""緑"": 0, ""白"": 1, ""茶"": 2, ""黄"": 3, ""紫"": 4, ""青"": 5, ""赤"": 6, ""黒"": 7}, ""確定票の印"": ""青""}",検査票の印を指定尺度に変換してください。,"[""表による段階0"", ""表による段階1"", ""表による段階2"", ""表による段階3"", ""表による段階4"", ""表による段階5"", ""表による段階6"", ""表による段階7""]","""5"""
v2-gen-noul-02-042,noul,generated,全条件の充足,"""朝露の利用には会費支払い・申込書提出・所属確認がすべて必要です。佐藤さん: 会費支払いは完了、申込書提出は完了、所属確認は完了。""",規則に照らし、この人の利用資格は成立しますか。,"{""false"": ""いいえ。質問の命題は成立しない。"", ""true"": ""はい。質問の命題が成立する。""}","""true"""
v2-gen-score-09-006,score,generated,例外による上限,"{""検査合格"": {""付属品"": false, ""動作"": true, ""寸法"": true, ""外観"": false}, ""要再確認の印あり"": false, ""採点規則"": ""合格数が点数。ただし印があれば上限2点""}",単純な合格数ではなく、上限ルール適用後の点数を求めてください。,"[""最終点0点"", ""最終点1点"", ""最終点2点"", ""最終点3点"", ""最終点4点""]","""2"""
v2-gen-noul-13-028,noul,generated,範囲の開閉境界,"{""下限条件"": ""4個より多い"", ""上限条件"": ""11個未満"", ""今回の個数"": 3, ""関係"": ""両方を満たすこと""}",下限と上限の両方の条件に合いますか。,"{""false"": ""いいえ。質問の命題は成立しない。"", ""true"": ""はい。質問の命題が成立する。""}","""false"""
v2-gen-noul-10-031,noul,generated,条件付き義務,"{""規則"": ""新規申請なら担当者の署名が必要。それ以外では義務なし"", ""条件に該当"": true, ""必要処置を実施"": false}",この案件は記載された義務のルールに違反していませんか。違反がなければはいです。,"{""false"": ""いいえ。質問の命題は成立しない。"", ""true"": ""はい。質問の命題が成立する。""}","""false"""
v2-gen-score-05-018,score,generated,緊急条件の加点,"{""案件"": ""灯台"", ""基本優先度"": 0, ""締切までの残り時間"": 4, ""規則"": ""残り8時間以内なら1加点、それより長ければ0加点。上限1""}",条件付き加点後の優先度を選んでください。,"[""最終優先度0"", ""最終優先度1""]","""1"""
v2-gen-score-03-021,score,generated,順番に進む工程,"""水面の工程順は報告→承認。先頭から順に進め、完了済みは報告、承認です。着手中の工程は完了に含めません。""",この案件は完了ベースでどの段階まで進みましたか。,"[""完了した工程はまだない"", ""先頭から1工程が完了（最後に完了したのは報告）"", ""先頭から2工程が完了（最後に完了したのは承認）""]","""2"""
v2-gen-noul-12-032,noul,generated,記録と主張の照合,"{""施設"": ""草原"", ""入口ごとの現在の確定記録"": {""北口"": ""完全に閉じている"", ""南口"": ""半分だけ開いている"", ""東口"": ""完全に閉じている"", ""西口"": ""完全に閉じている"", ""裏口"": ""完全に閉じている"", ""搬入口"": ""完全に開いている""}, ""判定資料"": ""現在の確定記録のみ""}",いま東口が完全に閉じているという判断は正しいですか。,"{""false"": ""いいえ。質問の命題は成立しない。"", ""true"": ""はい。質問の命題が成立する。""}","""true"""
v2-gen-choice-03-046,choice,generated,最終更新,"""案件「山道」の記録です。16時の更新: 保留。 14時の更新: 受取済み。 13時の更新: 承認。 15時の更新: 差戻し。 20時の更新: 取消。""",記載順ではなく更新時刻を比べ、最新の状態を選んでください。,"{""保留"": ""保留"", ""取消"": ""取消"", ""受取済み"": ""受取済み"", ""差戻し"": ""差戻し"", ""承認"": ""承認"", ""未着手"": ""未着手"", ""発送済み"": ""発送済み"", ""確認中"": ""確認中""}","""取消"""
v2-gen-noul-03-010,noul,generated,いずれかの条件,"{""いずれか一つ以上必要"": [""引換券"", ""招待券"", ""入場証""], ""所持状況"": {""引換券"": true, ""招待券"": false, ""入場証"": true}, ""対象"": ""吉田""}",この人は受付基準を満たしていますか。,"{""false"": ""いいえ。質問の命題は成立しない。"", ""true"": ""はい。質問の命題が成立する。""}","""true"""
v2-gen-score-04-039,score,generated,独立チェックの合計,"{""資料"": ""水面"", ""チェック項目"": {""題名あり"": false, ""部署名あり"": false, ""管理番号あり"": false, ""連絡先あり"": true, ""ページ番号あり"": false, ""添付あり"": true, ""署名あり"": false}, ""各項目の重み"": 1}",合格した項目数に対応する段階を答えてください。,"[""満たした項目が0個"", ""満たした項目が1個"", ""満たした項目が2個"", ""満たした項目が3個"", ""満たした項目が4個"", ""満たした項目が5個"", ""満たした項目が6個"", ""満たした項目が7個""]","""2"""
v2-gen-noul-01-018,noul,generated,事実と否定質問,"""大野さんについての確定記録: 本人情報を更新していません。""",『大野さんは本人情報を更新していない』はこの記録と一致しますか。,"{""false"": ""いいえ。質問の命題は成立しない。"", ""true"": ""はい。質問の命題が成立する。""}","""true"""
v2-gen-noul-12-022,noul,generated,記録と主張の照合,"""白波施設の入口について、いま確認した確定記録は北口は半分だけ開いている、南口は完全に開いている、東口は完全に閉じている、西口は4分の1だけ開いている、裏口は完全に閉じている、搬入口は半分だけ開いているです。現在の判断にはこの確定記録だけを使います。""",確定情報から、搬入口は半分だけ開いていると言えますか。,"{""false"": ""いいえ。質問の命題は成立しない。"", ""true"": ""はい。質問の命題が成立する。""}","""true"""
v2-gen-noul-14-041,noul,generated,予定時間の重なり,"""大野さんの予定: 白波会議は12時から13時、面談は7時から10時。終了と次の開始が同時刻の場合は重複とは扱いません。""",同時に二つの予定に出席しなければならない時間がありますか。,"{""false"": ""いいえ。質問の命題は成立しない。"", ""true"": ""はい。質問の命題が成立する。""}","""false"""
v2-gen-noul-13-027,noul,generated,範囲の開閉境界,"""草原の受付数は、5個より多い、かつ10個未満の場合に限り適合です。今回の数は9個です。""",指定された範囲条件を満たしていますか。,"{""false"": ""いいえ。質問の命題は成立しない。"", ""true"": ""はい。質問の命題が成立する。""}","""true"""
v2-gen-choice-14-007,choice,generated,二属性照合,"{""展示品"": [{""品名"": ""カード"", ""色"": ""青"", ""素材"": ""紙""}, {""品名"": ""テープ"", ""色"": ""紫"", ""素材"": ""ガラス""}, {""品名"": ""名札"", ""色"": ""黄"", ""素材"": ""ガラス""}], ""指定色"": ""青"", ""指定素材"": ""紙""}",二つの指定を同時に満たす展示品はどれですか。,"{""カード"": ""カード"", ""テープ"": ""テープ"", ""名札"": ""名札""}","""カード"""
v2-gen-noul-03-037,noul,generated,いずれかの条件,"{""いずれか一つ以上必要"": [""招待券"", ""受付確認票"", ""紹介状"", ""事前予約票""], ""所持状況"": {""招待券"": false, ""受付確認票"": false, ""紹介状"": false, ""事前予約票"": false}, ""対象"": ""林""}",この人は受付基準を満たしていますか。,"{""false"": ""いいえ。質問の命題は成立しない。"", ""true"": ""はい。質問の命題が成立する。""}","""false"""
v2-gen-noul-02-028,noul,generated,全条件の充足,"{""すべて必要な条件"": [""事前登録"", ""利用説明受講"", ""本人確認""], ""対象"": ""木村"", ""完了状況"": {""事前登録"": true, ""利用説明受講"": true, ""本人確認"": true}}",不足条件なく利用を許可できますか。,"{""false"": ""いいえ。質問の命題は成立しない。"", ""true"": ""はい。質問の命題が成立する。""}","""true"""
v2-gen-score-11-041,score,generated,時刻順の評価更新,"""若葉の評価更新履歴: 16時に段階1、13時に段階1、8時に段階0。評価は最新時刻の値だけを採用します。""",履歴の記載順に惑わされず、最新評価を答えてください。,"[""評価段階0"", ""評価段階1"", ""評価段階2"", ""評価段階3"", ""評価段階4""]","""1"""
v2-gen-choice-13-019,choice,generated,工程の依存順,"{""案件"": ""朝露"", ""工程順"": [""受付"", ""実施"", ""承認"", ""見積作成""], ""完了済み"": [""受付"", ""実施"", ""承認"", ""見積作成""], ""規則"": ""順に実行し未完了工程を飛ばさない""}",まだ済んでいない最初の工程は何ですか。存在しない場合は完了です。,"{""受付"": ""受付"", ""完了"": ""全工程が完了"", ""実施"": ""実施"", ""承認"": ""承認"", ""見積作成"": ""見積作成""}","""完了"""
v2-gen-choice-01-021,choice,generated,問い合わせ経路,"{""分類表"": {""イベント"": [""申込期限"", ""会場案内"", ""参加取消""], ""アカウント"": [""ログイン"", ""パスワード"", ""退会""], ""契約"": [""契約更新"", ""プラン変更"", ""解約手続き""], ""請求"": [""二重請求"", ""領収書"", ""返金""], ""修理"": [""修理見積"", ""修理進捗"", ""保証修理""]}, ""本文"": ""返金の入金予定を知りたいです"", ""受付主題"": ""返金""}",記録された主題を扱う転送先はどこですか。,"{""アカウント"": ""アカウントの窓口"", ""イベント"": ""イベントの窓口"", ""修理"": ""修理の窓口"", ""契約"": ""契約の窓口"", ""請求"": ""請求の窓口""}","""請求"""
v2-gen-choice-06-025,choice,generated,時間枠の包含,"{""空き時間"": [{""部屋"": ""紫"", ""開始"": 8, ""終了"": 13}, {""部屋"": ""緑"", ""開始"": 11, ""終了"": 15}], ""会議開始"": 10, ""会議終了"": 13}",会議開始から終了まで空いている部屋はどれですか。境界時刻が一致していても利用できます。,"{""紫"": ""紫室"", ""緑"": ""緑室""}","""紫"""
v2-gen-choice-04-040,choice,generated,参照先の担当,"""担当: 木漏れ日は吉田、山道は松本、青空は林、灯台は中村、草原は森、夕凪は高橋。資料の所属: 封筒は青空案件、冊子は夕凪案件、ケースは草原案件、ラベルは山道案件、カードは灯台案件、袋は木漏れ日案件。確認する資料は袋です。""",この資料について、所属案件を通じて連絡すべき担当者は誰ですか。,"{""中村"": ""中村さん"", ""吉田"": ""吉田さん"", ""松本"": ""松本さん"", ""林"": ""林さん"", ""森"": ""森さん"", ""高橋"": ""高橋さん""}","""吉田"""
v2-gen-noul-10-028,noul,generated,条件付き義務,"""規則: 法人向けのときだけ上長の承認が必須です。それ以外の場合にはこの義務はなく、実施していても構いません。今回の案件は法人向けに非該当で、上長の承認は未実施です。""",この義務に関して、規則上問題なしと判定できますか。,"{""false"": ""いいえ。質問の命題は成立しない。"", ""true"": ""はい。質問の命題が成立する。""}","""true"""
v2-gen-noul-12-003,noul,generated,記録と主張の照合,"{""施設"": ""草原"", ""入口ごとの現在の確定記録"": {""北口"": ""半分だけ開いている"", ""南口"": ""完全に閉じている"", ""東口"": ""半分だけ開いている"", ""西口"": ""完全に閉じている"", ""裏口"": ""4分の1だけ開いている"", ""搬入口"": ""完全に開いている""}, ""判定資料"": ""現在の確定記録のみ""}",いま東口が完全に開いているという判断は正しいですか。,"{""false"": ""いいえ。質問の命題は成立しない。"", ""true"": ""はい。質問の命題が成立する。""}","""false"""
v2-gen-score-04-017,score,generated,独立チェックの合計,"{""資料"": ""若葉"", ""チェック項目"": {""添付あり"": false, ""管理番号あり"": true, ""連絡先あり"": false, ""部署名あり"": true, ""承認印あり"": false, ""題名あり"": false}, ""各項目の重み"": 1}",合格した項目数に対応する段階を答えてください。,"[""満たした項目が0個"", ""満たした項目が1個"", ""満たした項目が2個"", ""満たした項目が3個"", ""満たした項目が4個"", ""満たした項目が5個"", ""満たした項目が6個""]","""2"""
v2-gen-score-02-022,score,generated,記述の満足段階,"{""回答者"": ""遠藤"", ""対象"": ""青空"", ""感想原文"": ""期待を満たしていて、満足した""}",感想に明示された評価を尺度へ対応づけてください。,"[""極めて強い不満"", ""満足"", ""最高の満足""]","""1"""
v2-gen-score-07-045,score,generated,証拠の最高到達段階,"""この調査固有の証拠段階表: 計測記録は段階1。山道で得られた証拠は計測記録。複数ある場合は最大の段階を使い、なければ0です。""",記録済みの証拠から得られる最高段階はどれですか。,"[""証拠なしの段階0"", ""表に基づく最高証拠段階1""]","""1"""
v2-gen-noul-10-034,noul,generated,条件付き義務,"{""規則"": ""法人向けなら上長の承認が必要。それ以外では義務なし"", ""条件に該当"": true, ""必要処置を実施"": true}",この案件は記載された義務のルールに違反していませんか。違反がなければはいです。,"{""false"": ""いいえ。質問の命題は成立しない。"", ""true"": ""はい。質問の命題が成立する。""}","""true"""
v2-gen-noul-14-009,noul,generated,予定時間の重なり,"""上田さんの予定: 木漏れ日会議は14時から15時、面談は12時から13時。終了と次の開始が同時刻の場合は重複とは扱いません。""",指定された端点の扱いで予定の重複はありますか。,"{""false"": ""いいえ。質問の命題は成立しない。"", ""true"": ""はい。質問の命題が成立する。""}","""false"""
v2-gen-choice-06-001,choice,generated,時間枠の包含,"""部屋の連続利用可能時間: 紫室は10時から16時まで、白室は13時から16時まで、黒室は11時から13時まで、黄室は13時から15時まで、緑室は10時から13時まで。会議は12時開始、14時終了です。""",会議の全時間を連続して確保できる部屋を選んでください。開始・終了の一致は許可します。,"{""白"": ""白室"", ""紫"": ""紫室"", ""緑"": ""緑室"", ""黄"": ""黄室"", ""黒"": ""黒室""}","""紫"""
v2-gen-noul-12-030,noul,generated,記録と主張の照合,"{""施設"": ""白波"", ""入口ごとの現在の確定記録"": {""北口"": ""4分の1だけ開いている"", ""南口"": ""完全に閉じている"", ""東口"": ""半分だけ開いている"", ""西口"": ""半分だけ開いている"", ""裏口"": ""完全に閉じている"", ""搬入口"": ""完全に開いている""}, ""判定資料"": ""現在の確定記録のみ""}",『現在の裏口は完全に閉じている』という主張は確定記録と一致しますか。,"{""false"": ""いいえ。質問の命題は成立しない。"", ""true"": ""はい。質問の命題が成立する。""}","""true"""
v2-gen-noul-15-040,noul,generated,出来事の前後関係,"""渡辺さんの作業日誌は実施順に検品→引継ぎ→荷物受取→伝票記入→電話連絡→報告→休憩→棚への配置です。記載した各作業は一回ずつ実施しました。""",『棚への配置が先、検品が後』という順序は正しいですか。,"{""false"": ""いいえ。質問の命題は成立しない。"", ""true"": ""はい。質問の命題が成立する。""}","""false"""
v2-gen-score-08-036,score,generated,要件への一致数,"""注文要件: 素材=木、配送=店頭、サイズ=大、形=四角、印字=片面のみ、色=白。提案品: 素材=木、配送=店頭、サイズ=小、形=四角、印字=片面のみ、色=白。""",各属性の完全一致を一点として採点してください。,"[""一致した要件が0項目"", ""一致した要件が1項目"", ""一致した要件が2項目"", ""一致した要件が3項目"", ""一致した要件が4項目"", ""一致した要件が5項目"", ""一致した要件が6項目""]","""5"""
v2-gen-choice-07-021,choice,generated,複数属性の制約,"{""在庫表"": [{""品名"": ""ケース"", ""色"": ""黄"", ""素材"": ""金属"", ""在庫あり"": true}, {""品名"": ""ファイル"", ""色"": ""青"", ""素材"": ""樹脂"", ""在庫あり"": true}, {""品名"": ""箱"", ""色"": ""黄"", ""素材"": ""樹脂"", ""在庫あり"": false}, {""品名"": ""テープ"", ""色"": ""黄"", ""素材"": ""樹脂"", ""在庫あり"": true}, {""品名"": ""ノート"", ""色"": ""黄"", ""素材"": ""樹脂"", ""在庫あり"": false}]}",必要条件は黄色、樹脂製、在庫ありの三つです。全部に合う品はどれですか。,"{""ケース"": ""ケース"", ""テープ"": ""テープ"", ""ノート"": ""ノート"", ""ファイル"": ""ファイル"", ""箱"": ""箱""}","""テープ"""
v2-gen-choice-08-027,choice,generated,改訂と例外の優先,"""通常品の貼付ラベルについて、連絡は古い順に「緑」「黄」「紫」でした。後の連絡が前の連絡を上書きします。ただし冷蔵品には連絡履歴に関係なく黒ラベルを貼ります。今回の荷物は通常品です。""",例外と改訂の順序を考慮して、使用する色はどれですか。,"{""紫"": ""紫ラベル"", ""緑"": ""緑ラベル"", ""赤"": ""赤ラベル"", ""青"": ""青ラベル"", ""黄"": ""黄ラベル"", ""黒"": ""黒ラベル""}","""紫"""
v2-gen-choice-11-039,choice,generated,小数量の比較,"{""在庫"": [{""品名"": ""袋"", ""総在庫"": 3, ""予約分"": 1}, {""品名"": ""シール"", ""総在庫"": 14, ""予約分"": 2}, {""品名"": ""名札"", ""総在庫"": 9, ""予約分"": 4}], ""自由在庫"": ""総在庫から予約分を引く""}",自由在庫が最も多い品を選んでください。,"{""シール"": ""シール"", ""名札"": ""名札"", ""袋"": ""袋""}","""シール"""
v2-gen-choice-13-023,choice,generated,工程の依存順,"""案件「夕凪」の工程順は受付→承認→準備→見積作成→報告です。途中の工程を飛ばすことはできません。完了済みは受付、承認、準備、見積作成、報告です。""",まだ済んでいない最初の工程は何ですか。存在しない場合は完了です。,"{""受付"": ""受付"", ""報告"": ""報告"", ""完了"": ""全工程が完了"", ""承認"": ""承認"", ""準備"": ""準備"", ""見積作成"": ""見積作成""}","""完了"""
v2-gen-noul-04-031,noul,generated,例外の優先,"{""許可条件"": ""認定済み"", ""優先禁止条件"": ""会費滞納"", ""対象"": ""渡辺"", ""許可条件に該当"": false, ""禁止条件に該当"": false}",この人は現在、利用可能ですか。,"{""false"": ""いいえ。質問の命題は成立しない。"", ""true"": ""はい。質問の命題が成立する。""}","""false"""
v2-gen-noul-07-010,noul,generated,識別文字列の完全一致,"{""商品ラベル"": ""EF3-D"", ""注文票"": ""EF3D"", ""照合規則"": ""大文字小文字と記号も含む完全一致""}",二つの管理コードは完全一致していますか。,"{""false"": ""いいえ。質問の命題は成立しない。"", ""true"": ""はい。質問の命題が成立する。""}","""false"""
v2-gen-score-05-017,score,generated,緊急条件の加点,"{""案件"": ""青空"", ""基本優先度"": 5, ""締切までの残り時間"": 2, ""規則"": ""残り5時間以内なら1加点、それより長ければ0加点。上限7""}",今回の最終優先段階を求めてください。,"[""最終優先度0"", ""最終優先度1"", ""最終優先度2"", ""最終優先度3"", ""最終優先度4"", ""最終優先度5"", ""最終優先度6"", ""最終優先度7""]","""6"""
v2-gen-score-12-049,score,generated,目標からの差,"{""案件"": ""山道"", ""目標数"": 13, ""実績数"": 13, ""採点"": ""差の絶対値。ただし5以上は段階5""}",不足・超過の向きではなく差の大きさで評価してください。,"[""目標との差が0個"", ""目標との差が1個"", ""目標との差が2個"", ""目標との差が3個"", ""目標との差が4個"", ""目標との差が5個以上""]","""0"""
v2-gen-score-09-010,score,generated,例外による上限,"""検査合格状況: 外観は合格。合格項目一つにつき1点ですが、要再確認の印があれば上限0点に制限します。今回その印はあります。""",例外条件を反映した評価段階を答えてください。,"[""最終点0点"", ""最終点1点""]","""0"""
v2-gen-noul-09-026,noul,generated,重複を除いた件数,"{""棚"": ""山道"", ""読み取り品名"": [""封筒"", ""封筒"", ""封筒"", ""封筒"", ""封筒""], ""数え方"": ""同一品名の重複を除く""}",異なる品名だけ数えると5種類以上ですか。,"{""false"": ""いいえ。質問の命題は成立しない。"", ""true"": ""はい。質問の命題が成立する。""}","""false"""
v2-gen-score-07-002,score,generated,証拠の最高到達段階,"""この調査固有の証拠段階表: 写真記録は段階1、口頭メモは段階2、立会記録は段階3、検収記録は段階4、一次資料は段階5、計測記録は段階6、監査記録は段階7。春風で得られた証拠は口頭メモ。複数ある場合は最大の段階を使い、なければ0です。""",明示された段階表だけで証拠を評価してください。,"[""証拠なしの段階0"", ""表に基づく最高証拠段階1"", ""表に基づく最高証拠段階2"", ""表に基づく最高証拠段階3"", ""表に基づく最高証拠段階4"", ""表に基づく最高証拠段階5"", ""表に基づく最高証拠段階6"", ""表に基づく最高証拠段階7""]","""2"""
v2-gen-score-10-040,score,generated,不足の段階,"{""申請"": ""白波"", ""必要書類"": [""申込書"", ""添付図"", ""見積書""], ""届いた書類"": [""参考資料"", ""見積書"", ""添付図""], ""余分な書類で代用できる"": false}",必要一覧と届いた一覧を照合し、不足の程度を判定してください。,"[""不足が0種類"", ""不足が1種類"", ""不足が2種類"", ""不足が3種類""]","""1"""
v2-gen-score-07-021,score,generated,証拠の最高到達段階,"{""調査"": ""朝露"", ""この調査の証拠段階"": {""口頭メモ"": 1, ""検収記録"": 2, ""写真記録"": 3, ""立会記録"": 4, ""第三者確認"": 5}, ""得られた証拠"": [""写真記録"", ""検収記録"", ""口頭メモ""], ""集約規則"": ""得られた段階の最大。証拠なしは0""}",記録済みの証拠から得られる最高段階はどれですか。,"[""証拠なしの段階0"", ""表に基づく最高証拠段階1"", ""表に基づく最高証拠段階2"", ""表に基づく最高証拠段階3"", ""表に基づく最高証拠段階4"", ""表に基づく最高証拠段階5""]","""3"""
v2-gen-noul-12-008,noul,generated,記録と主張の照合,"""水面施設の入口について、いま確認した確定記録は北口は完全に開いている、南口は4分の1だけ開いている、東口は4分の1だけ開いている、西口は4分の1だけ開いている、裏口は完全に閉じている、搬入口は4分の1だけ開いているです。現在の判断にはこの確定記録だけを使います。""",いま南口が4分の1だけ開いているという判断は正しいですか。,"{""false"": ""いいえ。質問の命題は成立しない。"", ""true"": ""はい。質問の命題が成立する。""}","""true"""
v2-gen-choice-12-035,choice,generated,条件付き不足書類,"""書類確認の優先順は申込書→承認書→本人確認票。承認書だけは代理申請の場合に限って必要で、それ以外は常に必要です。今回は代理申請。提出済みは本人確認票です。""",申請区分に応じて必要書類を確認し、最優先で追加提出を求めるものを答えてください。なければ追加不要です。,"{""承認書"": ""承認書"", ""本人確認票"": ""本人確認票"", ""申込書"": ""申込書"", ""追加不要"": ""必要書類はすべて提出済み""}","""申込書"""
v2-gen-choice-09-041,choice,generated,利用可能集合の差,"""貸出台帳で利用可能と記録されている品はラベル。予約済みの品はなしです。""",今貸せるのは利用可能かつ未予約の品です。該当するものはどれですか。,"{""クリップ"": ""クリップ"", ""ラベル"": ""ラベル"", ""箱"": ""箱""}","""ラベル"""
v2-gen-choice-09-022,choice,generated,利用可能集合の差,"""貸出台帳で利用可能と記録されている品はクリップ、シール。予約済みの品はクリップです。""",予約済みを利用可能一覧から除いたとき、残る品を答えてください。,"{""クリップ"": ""クリップ"", ""シール"": ""シール""}","""シール"""
v2-gen-noul-10-010,noul,generated,条件付き義務,"{""規則"": ""法人向けなら依頼者への通知が必要。それ以外では義務なし"", ""条件に該当"": false, ""必要処置を実施"": false}",この案件は記載された義務のルールに違反していませんか。違反がなければはいです。,"{""false"": ""いいえ。質問の命題は成立しない。"", ""true"": ""はい。質問の命題が成立する。""}","""true"""
v2-gen-noul-13-034,noul,generated,範囲の開閉境界,"""灯台の受付数は、1個より多い、かつ9個以下の場合に限り適合です。今回の数は10個です。""",今回の個数は適合範囲に入っていますか。,"{""false"": ""いいえ。質問の命題は成立しない。"", ""true"": ""はい。質問の命題が成立する。""}","""false"""
v2-gen-score-13-005,score,generated,取消しを反映した件数,"""夕凪の申込み記録: 吉田は未受付・取消なし、佐藤は受付済み・取消なし、青木は受付済み・取消済み、石田は受付済み・取消済み、加藤は未受付・取消なし。取消済みの申込みは有効件数から除きます。3件以上は最終段階3にまとめます。""",取消し後に残る有効申込み数を段階として選んでください。,"[""有効申込みが0件"", ""有効申込みが1件"", ""有効申込みが2件"", ""有効申込みが3件以上""]","""1"""
v2-gen-score-10-027,score,generated,不足の段階,"{""申請"": ""山道"", ""必要書類"": [""同意書"", ""確認票"", ""見積書"", ""添付図""], ""届いた書類"": [""確認票"", ""同意書""], ""余分な書類で代用できる"": false}",必要書類の不足数に対応する段階を選んでください。,"[""不足が0種類"", ""不足が1種類"", ""不足が2種類"", ""不足が3種類"", ""不足が4種類""]","""2"""
v2-gen-noul-12-001,noul,generated,記録と主張の照合,"""草原施設の入口について、いま確認した確定記録は北口は完全に開いている、南口は完全に閉じている、東口は半分だけ開いている、西口は4分の1だけ開いている、裏口は4分の1だけ開いている、搬入口は完全に開いているです。現在の判断にはこの確定記録だけを使います。""",『現在の西口は完全に開いている』という主張は確定記録と一致しますか。,"{""false"": ""いいえ。質問の命題は成立しない。"", ""true"": ""はい。質問の命題が成立する。""}","""false"""
v2-gen-score-12-007,score,generated,目標からの差,"""灯台の目標数は10個、実績は10個です。多すぎても少なすぎても、目標から何個離れたかで評価します。差が5個以上なら最終段階5にまとめます。""",示された上限を含め、実績のずれを段階に変換してください。,"[""目標との差が0個"", ""目標との差が1個"", ""目標との差が2個"", ""目標との差が3個"", ""目標との差が4個"", ""目標との差が5個以上""]","""0"""
v2-gen-score-11-015,score,generated,時刻順の評価更新,"""木漏れ日の評価更新履歴: 19時に段階2、11時に段階3、18時に段階5。評価は最新時刻の値だけを採用します。""",最後に更新された有効な段階はいくつですか。,"[""評価段階0"", ""評価段階1"", ""評価段階2"", ""評価段階3"", ""評価段階4"", ""評価段階5"", ""評価段階6""]","""2"""
v2-gen-score-12-043,score,generated,目標からの差,"{""案件"": ""白波"", ""目標数"": 9, ""実績数"": 1, ""採点"": ""差の絶対値。ただし6以上は段階6""}",不足・超過の向きではなく差の大きさで評価してください。,"[""目標との差が0個"", ""目標との差が1個"", ""目標との差が2個"", ""目標との差が3個"", ""目標との差が4個"", ""目標との差が5個"", ""目標との差が6個以上""]","""6"""
v2-gen-choice-03-007,choice,generated,最終更新,"""案件「夕凪」の記録です。11時の更新: 受取済み。 20時の更新: 受取済み。 18時の更新: 受取済み。""",記載順ではなく更新時刻を比べ、最新の状態を選んでください。,"{""保留"": ""保留"", ""受取済み"": ""受取済み""}","""受取済み"""
v2-gen-score-11-003,score,generated,時刻順の評価更新,"""青空の評価更新履歴: 18時に段階0、21時に段階1、11時に段階1、10時に段階0、8時に段階1、9時に段階0。評価は最新時刻の値だけを採用します。""",最後に更新された有効な段階はいくつですか。,"[""評価段階0"", ""評価段階1""]","""1"""
v2-gen-noul-04-010,noul,generated,例外の優先,"""規則: 講習修了であれば夕凪を利用できます。ただし会費滞納なら利用できません。渡辺さんは講習修了に該当、会費滞納に非該当です。""",禁止例外を先に考慮すると、この利用を認められますか。,"{""false"": ""いいえ。質問の命題は成立しない。"", ""true"": ""はい。質問の命題が成立する。""}","""true"""
v2-gen-choice-06-048,choice,generated,時間枠の包含,"{""空き時間"": [{""部屋"": ""紫"", ""開始"": 12, ""終了"": 16}, {""部屋"": ""黄"", ""開始"": 13, ""終了"": 17}], ""会議開始"": 12, ""会議終了"": 15}",会議開始から終了まで空いている部屋はどれですか。境界時刻が一致していても利用できます。,"{""紫"": ""紫室"", ""黄"": ""黄室""}","""紫"""
v2-gen-noul-03-026,noul,generated,いずれかの条件,"{""いずれか一つ以上必要"": [""引換券"", ""招待券""], ""所持状況"": {""引換券"": true, ""招待券"": true}, ""対象"": ""上田""}",少なくとも一つの必要条件が成立していますか。,"{""false"": ""いいえ。質問の命題は成立しない。"", ""true"": ""はい。質問の命題が成立する。""}","""true"""
v2-gen-score-09-025,score,generated,例外による上限,"""検査合格状況: 寸法は不合格、記録は不合格。合格項目一つにつき1点ですが、要再確認の印があれば上限1点に制限します。今回その印はありません。""",単純な合格数ではなく、上限ルール適用後の点数を求めてください。,"[""最終点0点"", ""最終点1点"", ""最終点2点""]","""0"""
v2-gen-score-03-044,score,generated,順番に進む工程,"""夕凪の工程順は報告→審査→調査→準備。先頭から順に進め、完了済みはなしです。着手中の工程は完了に含めません。""",完了済みの到達段階を選んでください。,"[""完了した工程はまだない"", ""先頭から1工程が完了（最後に完了したのは報告）"", ""先頭から2工程が完了（最後に完了したのは審査）"", ""先頭から3工程が完了（最後に完了したのは調査）"", ""先頭から4工程が完了（最後に完了したのは準備）""]","""0"""
v2-gen-score-02-031,score,generated,記述の満足段階,"""森さんは白波の体験について「強い不満があり、受け入れられない」と回答しました。追加の発言はありません。""",感想に明示された評価を尺度へ対応づけてください。,"[""極めて強い不満"", ""強い不満"", ""やや不満"", ""やや満足"", ""強い満足""]","""1"""
v2-gen-choice-07-004,choice,generated,複数属性の制約,"{""在庫表"": [{""品名"": ""封筒"", ""色"": ""赤"", ""素材"": ""樹脂"", ""在庫あり"": true}, {""品名"": ""ラベル"", ""色"": ""赤"", ""素材"": ""布"", ""在庫あり"": false}, {""品名"": ""付箋"", ""色"": ""赤"", ""素材"": ""木"", ""在庫あり"": true}, {""品名"": ""クリップ"", ""色"": ""赤"", ""素材"": ""布"", ""在庫あり"": false}, {""品名"": ""ノート"", ""色"": ""赤"", ""素材"": ""布"", ""在庫あり"": true}, {""品名"": ""箱"", ""色"": ""赤"", ""素材"": ""金属"", ""在庫あり"": true}, {""品名"": ""名札"", ""色"": ""紫"", ""素材"": ""布"", ""在庫あり"": true}, {""品名"": ""冊子"", ""色"": ""赤"", ""素材"": ""布"", ""在庫あり"": false}]}",今注文できる布製の赤色の商品を答えてください。在庫なしは選べません。,"{""クリップ"": ""クリップ"", ""ノート"": ""ノート"", ""ラベル"": ""ラベル"", ""付箋"": ""付箋"", ""冊子"": ""冊子"", ""名札"": ""名札"", ""封筒"": ""封筒"", ""箱"": ""箱""}","""ノート"""
v2-gen-score-14-026,score,generated,参照表の順序尺度,"{""検査対象"": ""若葉"", ""今回の対応表"": {""青"": 0, ""黄"": 1, ""茶"": 2, ""赤"": 3}, ""確定票の印"": ""赤""}",今回の対応表を使って検査票の段階を選んでください。,"[""表による段階0"", ""表による段階1"", ""表による段階2"", ""表による段階3""]","""3"""
v2-gen-noul-05-048,noul,generated,締切の境界,"{""受付規則"": ""13時ちょうどまで受け付け、同時刻の提出も有効"", ""提出者"": ""吉田"", ""提出時刻"": 9}",時刻だけを基準に、この提出を有効と判定できますか。,"{""false"": ""いいえ。質問の命題は成立しない。"", ""true"": ""はい。質問の命題が成立する。""}","""true"""
v2-gen-noul-10-048,noul,generated,条件付き義務,"{""規則"": ""追加申請なら依頼者への通知が必要。それ以外では義務なし"", ""条件に該当"": true, ""必要処置を実施"": true}",この案件は記載された義務のルールに違反していませんか。違反がなければはいです。,"{""false"": ""いいえ。質問の命題は成立しない。"", ""true"": ""はい。質問の命題が成立する。""}","""true"""
v2-gen-score-04-010,score,generated,独立チェックの合計,"{""資料"": ""木漏れ日"", ""チェック項目"": {""宛先あり"": false, ""承認印あり"": false, ""ページ番号あり"": true, ""連絡先あり"": false, ""部署名あり"": false, ""管理番号あり"": false}, ""各項目の重み"": 1}",合格した項目数に対応する段階を答えてください。,"[""満たした項目が0個"", ""満たした項目が1個"", ""満たした項目が2個"", ""満たした項目が3個"", ""満たした項目が4個"", ""満たした項目が5個"", ""満たした項目が6個""]","""1"""
v2-gen-noul-08-038,noul,generated,集合と否定所属,"{""催し"": ""水面"", ""完全な参加者名簿"": [""加藤"", ""山田"", ""吉田""], ""補足"": ""名前のない人は参加者ではない""}",名簿に基づき、吉田さんが参加者であるという判断に同意できますか。,"{""false"": ""いいえ。質問の命題は成立しない。"", ""true"": ""はい。質問の命題が成立する。""}","""true"""
v2-gen-choice-08-033,choice,generated,改訂と例外の優先,"""通常品の貼付ラベルについて、連絡は古い順に「赤」「黄」「紫」でした。後の連絡が前の連絡を上書きします。ただし冷蔵品には連絡履歴に関係なく赤ラベルを貼ります。今回の荷物は冷蔵品です。""",この荷物に貼るラベルの色を選んでください。,"{""白"": ""白ラベル"", ""紫"": ""紫ラベル"", ""赤"": ""赤ラベル"", ""青"": ""青ラベル"", ""黄"": ""黄ラベル""}","""赤"""
v2-gen-choice-11-003,choice,generated,小数量の比較,"""入出庫記録: ラベルは在庫8個、そのうち予約2個、名札は在庫16個、そのうち予約4個。予約分は自由在庫に含めません。""",予約分を差し引いた残りが一番多いのはどれですか。,"{""ラベル"": ""ラベル"", ""名札"": ""名札""}","""名札"""
v2-gen-choice-06-018,choice,generated,時間枠の包含,"""部屋の連続利用可能時間: 黒室は17時から19時まで、茶室は17時から19時まで、白室は15時から17時まで、赤室は15時から17時まで、緑室は17時から19時まで、青室は17時から19時まで、黄室は17時から19時まで、紫室は16時から20時まで。会議は16時開始、18時終了です。""",会議の全時間を連続して確保できる部屋を選んでください。開始・終了の一致は許可します。,"{""白"": ""白室"", ""紫"": ""紫室"", ""緑"": ""緑室"", ""茶"": ""茶室"", ""赤"": ""赤室"", ""青"": ""青室"", ""黄"": ""黄室"", ""黒"": ""黒室""}","""紫"""
v2-gen-noul-01-028,noul,generated,事実と否定質問,"{""対象者"": ""松本"", ""項目"": ""機器を充電"", ""実施済み"": false}",記録上、松本さんは機器を充電していないと言えますか。,"{""false"": ""いいえ。質問の命題は成立しない。"", ""true"": ""はい。質問の命題が成立する。""}","""true"""
v2-gen-choice-11-008,choice,generated,小数量の比較,"{""在庫"": [{""品名"": ""カード"", ""総在庫"": 7, ""予約分"": 3}, {""品名"": ""用紙"", ""総在庫"": 14, ""予約分"": 2}, {""品名"": ""名札"", ""総在庫"": 4, ""予約分"": 2}, {""品名"": ""付箋"", ""総在庫"": 14, ""予約分"": 5}], ""自由在庫"": ""総在庫から予約分を引く""}",自由在庫が最も多い品を選んでください。,"{""カード"": ""カード"", ""付箋"": ""付箋"", ""名札"": ""名札"", ""用紙"": ""用紙""}","""用紙"""
v2-gen-noul-03-028,noul,generated,いずれかの条件,"""若葉の受付では引換券・入場証・事前予約票・会員証のうち一つ以上があれば通れます。青木さん: 引換券はなし、入場証はなし、事前予約票はあり、会員証はなし。""",少なくとも一つの必要条件が成立していますか。,"{""false"": ""いいえ。質問の命題は成立しない。"", ""true"": ""はい。質問の命題が成立する。""}","""true"""
v2-gen-noul-01-048,noul,generated,事実と否定質問,"""林さんについての確定記録: 会場を設営していません。""",『林さんは会場を設営していない』はこの記録と一致しますか。,"{""false"": ""いいえ。質問の命題は成立しない。"", ""true"": ""はい。質問の命題が成立する。""}","""true"""
v2-gen-noul-06-021,noul,generated,更新後の状態,"""白波の状態記録: 16時には使用可能、17時には使用可能、15時には空席あり、21時には使用可能、14時には使用可能。時刻が新しい記録が古い記録を上書きします。""",最新の有効な記録から「空席あり」と言えますか。,"{""false"": ""いいえ。質問の命題は成立しない。"", ""true"": ""はい。質問の命題が成立する。""}","""false"""
v2-gen-score-10-035,score,generated,不足の段階,"""朝露申請で必要なものは確認票、申込書、添付図、同意書、承認書。届いたものは承認書、申込書、確認票、案内状です。必要一覧にない書類は不足を埋めません。""",必要書類の不足数に対応する段階を選んでください。,"[""不足が0種類"", ""不足が1種類"", ""不足が2種類"", ""不足が3種類"", ""不足が4種類"", ""不足が5種類""]","""2"""
v2-gen-noul-03-047,noul,generated,いずれかの条件,"{""いずれか一つ以上必要"": [""事前予約票"", ""入場証""], ""所持状況"": {""事前予約票"": false, ""入場証"": false}, ""対象"": ""木村""}",記載された条件で受付を通れますか。,"{""false"": ""いいえ。質問の命題は成立しない。"", ""true"": ""はい。質問の命題が成立する。""}","""false"""
v2-gen-choice-07-034,choice,generated,複数属性の制約,"{""在庫表"": [{""品名"": ""ファイル"", ""色"": ""紫"", ""素材"": ""金属"", ""在庫あり"": false}, {""品名"": ""箱"", ""色"": ""紫"", ""素材"": ""金属"", ""在庫あり"": false}, {""品名"": ""カード"", ""色"": ""黄"", ""素材"": ""金属"", ""在庫あり"": true}, {""品名"": ""付箋"", ""色"": ""紫"", ""素材"": ""金属"", ""在庫あり"": false}, {""品名"": ""ペン"", ""色"": ""紫"", ""素材"": ""金属"", ""在庫あり"": true}]}",紫色で金属製、在庫もある品を選んでください。,"{""カード"": ""カード"", ""ファイル"": ""ファイル"", ""ペン"": ""ペン"", ""付箋"": ""付箋"", ""箱"": ""箱""}","""ペン"""
v2-gen-score-06-035,score,generated,約束時刻からの遅れ,"""夕凪便は9時到着の約束でした。実際の到着は同じ日の13時です。早着した場合の遅れは0時間とします。""",約束時刻と到着時刻の差から、遅延段階を選んでください。,"[""遅れが1時間未満"", ""遅れが1時間以上、2時間未満"", ""遅れが2時間以上、3時間未満"", ""遅れが3時間以上、4時間未満"", ""遅れが4時間以上、5時間未満"", ""遅れが5時間以上""]","""4"""
v2-gen-score-08-016,score,generated,要件への一致数,"{""注文要件"": {""サイズ"": ""小"", ""配送"": ""宅配"", ""色"": ""赤"", ""包装"": ""袋"", ""素材"": ""紙"", ""印字"": ""なし"", ""形"": ""四角""}, ""提案品"": {""サイズ"": ""中"", ""配送"": ""店頭"", ""色"": ""青"", ""包装"": ""袋"", ""素材"": ""紙"", ""印字"": ""なし"", ""形"": ""三角""}}",提案品が満たす要件数はいくつの段階ですか。,"[""一致した要件が0項目"", ""一致した要件が1項目"", ""一致した要件が2項目"", ""一致した要件が3項目"", ""一致した要件が4項目"", ""一致した要件が5項目"", ""一致した要件が6項目"", ""一致した要件が7項目""]","""3"""
v2-gen-choice-05-029,choice,generated,否定条件で選択,"{""検品"": [{""品名"": ""シール"", ""封がある"": false, ""濡れている"": true}, {""品名"": ""クリップ"", ""封がある"": false, ""濡れている"": false}, {""品名"": ""ケース"", ""封がある"": true, ""濡れている"": false}]}",封があるもので、かつ濡れていない品を選んでください。,"{""クリップ"": ""クリップ"", ""ケース"": ""ケース"", ""シール"": ""シール""}","""ケース"""
v2-gen-noul-13-009,noul,generated,範囲の開閉境界,"""星空の受付数は、3個より多い、かつ8個未満の場合に限り適合です。今回の数は5個です。""",下限と上限の両方の条件に合いますか。,"{""false"": ""いいえ。質問の命題は成立しない。"", ""true"": ""はい。質問の命題が成立する。""}","""true"""
v2-gen-score-05-031,score,generated,緊急条件の加点,"""青空の基本優先度は0です。締切まで残り4時間以内なら1だけ加点し、それより長ければ加点しません。上限は7です。今回は締切まで14時間です。""",締切までの時間による条件を反映した段階を答えてください。,"[""最終優先度0"", ""最終優先度1"", ""最終優先度2"", ""最終優先度3"", ""最終優先度4"", ""最終優先度5"", ""最終優先度6"", ""最終優先度7""]","""0"""
v2-gen-choice-01-017,choice,generated,問い合わせ経路,"{""分類表"": {""イベント"": [""申込期限"", ""会場案内"", ""参加取消""], ""店舗"": [""営業時間"", ""店内設備"", ""店舗の場所""], ""配送"": [""届け先変更"", ""荷物の遅延"", ""追跡番号""], ""契約"": [""契約更新"", ""プラン変更"", ""解約手続き""]}, ""本文"": ""イベントの参加申込みはいつまでですか"", ""受付主題"": ""申込期限""}",記録された主題を扱う転送先はどこですか。,"{""イベント"": ""イベントの窓口"", ""契約"": ""契約の窓口"", ""店舗"": ""店舗の窓口"", ""配送"": ""配送の窓口""}","""イベント"""
v2-gen-noul-11-011,noul,generated,参照関係の真偽,"{""案件担当"": {""春風"": ""中村"", ""朝露"": ""渡辺"", ""灯台"": ""青木"", ""青空"": ""上田""}, ""資料関連先"": {""カード"": ""春風"", ""箱"": ""青空"", ""封筒"": ""灯台"", ""ラベル"": ""朝露""}}",箱の関連先を担当表で引くと上田さんになりますか。,"{""false"": ""いいえ。質問の命題は成立しない。"", ""true"": ""はい。質問の命題が成立する。""}","""true"""
v2-gen-noul-05-023,noul,generated,締切の境界,"""夕凪の提出は18時より前だけ受け付け、18時ちょうどは無効です。渡辺さんの提出記録は20時ちょうどです。""",この提出は時間条件を満たしていますか。,"{""false"": ""いいえ。質問の命題は成立しない。"", ""true"": ""はい。質問の命題が成立する。""}","""false"""
v2-gen-score-08-028,score,generated,要件への一致数,"""注文要件: 形=丸、素材=紙、配送=郵送、サイズ=小、包装=箱。提案品: 形=丸、素材=紙、配送=郵送、サイズ=小、包装=箱。""",各属性の完全一致を一点として採点してください。,"[""一致した要件が0項目"", ""一致した要件が1項目"", ""一致した要件が2項目"", ""一致した要件が3項目"", ""一致した要件が4項目"", ""一致した要件が5項目""]","""5"""
v2-gen-choice-14-029,choice,generated,二属性照合,"{""展示品"": [{""品名"": ""ケース"", ""色"": ""茶"", ""素材"": ""木""}, {""品名"": ""封筒"", ""色"": ""紫"", ""素材"": ""木""}, {""品名"": ""袋"", ""色"": ""黄"", ""素材"": ""紙""}, {""品名"": ""カード"", ""色"": ""赤"", ""素材"": ""ガラス""}, {""品名"": ""テープ"", ""色"": ""白"", ""素材"": ""木""}, {""品名"": ""クリップ"", ""色"": ""白"", ""素材"": ""布""}, {""品名"": ""名札"", ""色"": ""白"", ""素材"": ""ガラス""}], ""指定色"": ""白"", ""指定素材"": ""木""}",色だけ・素材だけの一致では足りません。該当品を答えてください。,"{""カード"": ""カード"", ""クリップ"": ""クリップ"", ""ケース"": ""ケース"", ""テープ"": ""テープ"", ""名札"": ""名札"", ""封筒"": ""封筒"", ""袋"": ""袋""}","""テープ"""
v2-gen-noul-06-046,noul,generated,更新後の状態,"""朝露の状態記録: 7時には満席、11時には空席あり、20時には満席。時刻が新しい記録が古い記録を上書きします。""",最後の更新を適用すると、状態は「満席」になっていますか。,"{""false"": ""いいえ。質問の命題は成立しない。"", ""true"": ""はい。質問の命題が成立する。""}","""true"""
v2-gen-score-11-048,score,generated,時刻順の評価更新,"{""案件"": ""山道"", ""評価更新"": [{""時刻"": 17, ""段階"": 2}, {""時刻"": 7, ""段階"": 0}, {""時刻"": 8, ""段階"": 4}], ""採用規則"": ""最新時刻だけを採用""}",最後に更新された有効な段階はいくつですか。,"[""評価段階0"", ""評価段階1"", ""評価段階2"", ""評価段階3"", ""評価段階4""]","""2"""
v2-gen-score-01-004,score,generated,件数の段階境界,"{""案件"": ""木漏れ日"", ""計数対象"": ""確認待ちの申請"", ""件数"": 0, ""処理済みを除外"": true}",現在の件数を指定の段階基準に当てはめてください。,"[""対象件数が4件未満"", ""対象件数が4件以上、8件未満"", ""対象件数が8件以上、12件未満"", ""対象件数が12件以上、16件未満"", ""対象件数が16件以上""]","""0"""
v2-gen-noul-02-041,noul,generated,全条件の充足,"""草原の利用には会費支払い・申込書提出がすべて必要です。松本さん: 会費支払いは未完了、申込書提出は完了。""",不足条件なく利用を許可できますか。,"{""false"": ""いいえ。質問の命題は成立しない。"", ""true"": ""はい。質問の命題が成立する。""}","""false"""
v2-gen-choice-09-012,choice,generated,利用可能集合の差,"{""利用可能品"": [""用紙"", ""袋""], ""予約済み品"": [""用紙""]}",今貸せるのは利用可能かつ未予約の品です。該当するものはどれですか。,"{""付箋"": ""付箋"", ""用紙"": ""用紙"", ""袋"": ""袋""}","""袋"""
v2-gen-choice-02-028,choice,generated,条件と優先例外,"{""規則"": ""会員かつ12個以上なら優待。ただし予約品は常に通常"", ""会員"": true, ""購入数"": 12, ""予約品"": false}",例外も踏まえて、今回の購入区分はどれですか。,"{""優待"": ""優待の扱い"", ""通常"": ""通常の扱い""}","""優待"""
v2-gen-noul-07-046,noul,generated,識別文字列の完全一致,"{""商品ラベル"": ""AB8-B"", ""注文票"": ""ab8-b"", ""照合規則"": ""大文字小文字と記号も含む完全一致""}",指定された照合規則で一致と判定できますか。,"{""false"": ""いいえ。質問の命題は成立しない。"", ""true"": ""はい。質問の命題が成立する。""}","""false"""
v2-gen-choice-07-003,choice,generated,複数属性の制約,"{""在庫表"": [{""品名"": ""付箋"", ""色"": ""紫"", ""素材"": ""ガラス"", ""在庫あり"": true}, {""品名"": ""箱"", ""色"": ""紫"", ""素材"": ""布"", ""在庫あり"": true}]}",今注文できるガラス製の紫色の商品を答えてください。在庫なしは選べません。,"{""付箋"": ""付箋"", ""箱"": ""箱""}","""付箋"""
v2-gen-score-05-005,score,generated,緊急条件の加点,"""山道の基本優先度は1です。締切まで残り7時間以内なら1だけ加点し、それより長ければ加点しません。上限は2です。今回は締切まで2時間です。""",条件付き加点後の優先度を選んでください。,"[""最終優先度0"", ""最終優先度1"", ""最終優先度2""]","""2"""
v2-gen-noul-09-035,noul,generated,重複を除いた件数,"{""棚"": ""朝露"", ""読み取り品名"": [""名札"", ""冊子"", ""ペン"", ""冊子"", ""袋"", ""名札"", ""ノート"", ""名札"", ""クリップ"", ""袋""], ""数え方"": ""同一品名の重複を除く""}",品物の種類は5種類以上ありますか。,"{""false"": ""いいえ。質問の命題は成立しない。"", ""true"": ""はい。質問の命題が成立する。""}","""true"""
v2-gen-noul-13-037,noul,generated,範囲の開閉境界,"""草原の受付数は、4個より多い、かつ10個未満の場合に限り適合です。今回の数は5個です。""",下限と上限の両方の条件に合いますか。,"{""false"": ""いいえ。質問の命題は成立しない。"", ""true"": ""はい。質問の命題が成立する。""}","""true"""
v2-gen-score-11-022,score,generated,時刻順の評価更新,"{""案件"": ""草原"", ""評価更新"": [{""時刻"": 12, ""段階"": 6}, {""時刻"": 15, ""段階"": 3}, {""時刻"": 8, ""段階"": 2}, {""時刻"": 13, ""段階"": 2}, {""時刻"": 14, ""段階"": 1}, {""時刻"": 9, ""段階"": 5}], ""採用規則"": ""最新時刻だけを採用""}",最後に更新された有効な段階はいくつですか。,"[""評価段階0"", ""評価段階1"", ""評価段階2"", ""評価段階3"", ""評価段階4"", ""評価段階5"", ""評価段階6""]","""3"""
v2-gen-choice-06-014,choice,generated,時間枠の包含,"{""空き時間"": [{""部屋"": ""青"", ""開始"": 11, ""終了"": 17}, {""部屋"": ""茶"", ""開始"": 11, ""終了"": 15}], ""会議開始"": 13, ""会議終了"": 16}",会議開始から終了まで空いている部屋はどれですか。境界時刻が一致していても利用できます。,"{""茶"": ""茶室"", ""青"": ""青室""}","""青"""
v2-gen-score-13-030,score,generated,取消しを反映した件数,"""夕凪の申込み記録: 中村は受付済み・取消済み、青木は受付済み・取消済み、森は受付済み・取消済み、吉田は受付済み・取消済み、山田は受付済み・取消済み、遠藤は未受付・取消なし、林は未受付・取消なし、佐藤は受付済み・取消済み。取消済みの申込みは有効件数から除きます。7件以上は最終段階7にまとめます。""",受付済みから取消済みを除いた件数はいくつの段階ですか。,"[""有効申込みが0件"", ""有効申込みが1件"", ""有効申込みが2件"", ""有効申込みが3件"", ""有効申込みが4件"", ""有効申込みが5件"", ""有効申込みが6件"", ""有効申込みが7件以上""]","""0"""
v2-gen-noul-01-030,noul,generated,事実と否定質問,"""松本さんについての確定記録: 提出物を再確認しています。""",確定情報だけから、松本さんが提出物を再確認しているという判断は正しいですか。,"{""false"": ""いいえ。質問の命題は成立しない。"", ""true"": ""はい。質問の命題が成立する。""}","""true"""
v2-gen-noul-07-015,noul,generated,識別文字列の完全一致,"""商品ラベルの管理コードは「PQ1-A」、注文票の管理コードは「PQ1-A」です。照合では大文字と小文字、記号の違いも区別します。""",指定された照合規則で一致と判定できますか。,"{""false"": ""いいえ。質問の命題は成立しない。"", ""true"": ""はい。質問の命題が成立する。""}","""true"""
v2-gen-noul-05-049,noul,generated,締切の境界,"""灯台の提出は13時ちょうどまで受け付け、同時刻の提出も有効です。遠藤さんの提出記録は20時ちょうどです。""",記録された提出時刻は締切内ですか。,"{""false"": ""いいえ。質問の命題は成立しない。"", ""true"": ""はい。質問の命題が成立する。""}","""false"""
v2-gen-noul-01-027,noul,generated,事実と否定質問,"{""対象者"": ""中村"", ""項目"": ""配送先を確認"", ""実施済み"": false}",確定情報だけから、中村さんが配送先を確認しているという判断は正しいですか。,"{""false"": ""いいえ。質問の命題は成立しない。"", ""true"": ""はい。質問の命題が成立する。""}","""false"""
v2-gen-choice-10-014,choice,generated,不在時の代理,"""担当者: 水面は吉田、夕凪は森、朝露は松本、木漏れ日は大野。代理者: 吉田の代理は森、森の代理は松本、松本の代理は大野、大野の代理は吉田。本日の不在者は森。問い合わせ先の案件は朝露です。代理への振替は一回だけ行い、その先の不在は判定しません。""",この案件を担当本人または指定代理に連絡します。宛先は誰ですか。,"{""吉田"": ""吉田さん"", ""大野"": ""大野さん"", ""松本"": ""松本さん"", ""森"": ""森さん""}","""松本"""
v2-gen-score-03-016,score,generated,順番に進む工程,"{""案件"": ""夕凪"", ""工程順"": [""日程調整"", ""実施"", ""検収"", ""調査""], ""完了済み"": [""日程調整""], ""着手中は完了に含めない"": true}",この案件は完了ベースでどの段階まで進みましたか。,"[""完了した工程はまだない"", ""先頭から1工程が完了（最後に完了したのは日程調整）"", ""先頭から2工程が完了（最後に完了したのは実施）"", ""先頭から3工程が完了（最後に完了したのは検収）"", ""先頭から4工程が完了（最後に完了したのは調査）""]","""1"""
v2-gen-score-04-009,score,generated,独立チェックの合計,"""白波資料の点検: 管理番号ありは満たす、承認印ありは満たす、ページ番号ありは満たす、連絡先ありは満たさない、添付ありは満たす。各項目は一つずつ数えます。""",条件を満たした項目を一つ一点として集計してください。,"[""満たした項目が0個"", ""満たした項目が1個"", ""満たした項目が2個"", ""満たした項目が3個"", ""満たした項目が4個"", ""満たした項目が5個""]","""4"""
v2-gen-noul-11-049,noul,generated,参照関係の真偽,"""担当表: 木漏れ日は中村、水面は木村、若葉は山田、青空は森、灯台は佐藤。資料の関連先: 箱は木漏れ日、付箋は水面、封筒は青空、ノートは灯台、カードは若葉。""",ノートの関連先を担当表で引くと佐藤さんになりますか。,"{""false"": ""いいえ。質問の命題は成立しない。"", ""true"": ""はい。質問の命題が成立する。""}","""true"""
v2-gen-score-14-019,score,generated,参照表の順序尺度,"{""検査対象"": ""白波"", ""今回の対応表"": {""黒"": 0, ""紫"": 1, ""茶"": 2, ""黄"": 3}, ""確定票の印"": ""茶""}",検査票の印を指定尺度に変換してください。,"[""表による段階0"", ""表による段階1"", ""表による段階2"", ""表による段階3""]","""2"""
v2-gen-noul-05-046,noul,generated,締切の境界,"{""受付規則"": ""15時ちょうどまで受け付け、同時刻の提出も有効"", ""提出者"": ""木村"", ""提出時刻"": 11}",時刻だけを基準に、この提出を有効と判定できますか。,"{""false"": ""いいえ。質問の命題は成立しない。"", ""true"": ""はい。質問の命題が成立する。""}","""true"""
v2-gen-score-08-030,score,generated,要件への一致数,"{""注文要件"": {""配送"": ""郵送"", ""色"": ""赤"", ""包装"": ""なし"", ""印字"": ""なし"", ""サイズ"": ""小"", ""素材"": ""木"", ""形"": ""三角""}, ""提案品"": {""配送"": ""郵送"", ""色"": ""赤"", ""包装"": ""なし"", ""印字"": ""片面のみ"", ""サイズ"": ""小"", ""素材"": ""木"", ""形"": ""四角""}}",提案品が満たす要件数はいくつの段階ですか。,"[""一致した要件が0項目"", ""一致した要件が1項目"", ""一致した要件が2項目"", ""一致した要件が3項目"", ""一致した要件が4項目"", ""一致した要件が5項目"", ""一致した要件が6項目"", ""一致した要件が7項目""]","""5"""
v2-gen-choice-13-039,choice,generated,工程の依存順,"""案件「草原」の工程順は報告→内容確認→実施→承認→見積作成です。途中の工程を飛ばすことはできません。完了済みは報告、内容確認、実施、承認です。""",この作業を一段進めるときに着手する工程を答えてください。残りがなければ完了です。,"{""内容確認"": ""内容確認"", ""報告"": ""報告"", ""完了"": ""全工程が完了"", ""実施"": ""実施"", ""承認"": ""承認"", ""見積作成"": ""見積作成""}","""見積作成"""
v2-gen-noul-02-012,noul,generated,全条件の充足,"""草原の利用には申込書提出・利用説明受講がすべて必要です。吉田さん: 申込書提出は完了、利用説明受講は完了。""",この人は記載された利用条件をすべて満たしていますか。,"{""false"": ""いいえ。質問の命題は成立しない。"", ""true"": ""はい。質問の命題が成立する。""}","""true"""
v2-gen-noul-09-008,noul,generated,重複を除いた件数,"""春風棚で読み取った品名はカード、ラベル、ラベル、ラベルでした。同じ品名の繰り返しは一種類として数えます。""",品物の種類は3種類以上ありますか。,"{""false"": ""いいえ。質問の命題は成立しない。"", ""true"": ""はい。質問の命題が成立する。""}","""false"""
v2-gen-noul-03-046,noul,generated,いずれかの条件,"""青空の受付では会員証・紹介状・入場証・事前予約票のうち一つ以上があれば通れます。大野さん: 会員証はなし、紹介状はあり、入場証はなし、事前予約票はなし。""",この人は受付基準を満たしていますか。,"{""false"": ""いいえ。質問の命題は成立しない。"", ""true"": ""はい。質問の命題が成立する。""}","""true"""
v2-gen-choice-07-025,choice,generated,複数属性の制約,"{""在庫表"": [{""品名"": ""冊子"", ""色"": ""紫"", ""素材"": ""金属"", ""在庫あり"": true}, {""品名"": ""袋"", ""色"": ""緑"", ""素材"": ""金属"", ""在庫あり"": true}, {""品名"": ""ケース"", ""色"": ""白"", ""素材"": ""金属"", ""在庫あり"": true}, {""品名"": ""テープ"", ""色"": ""紫"", ""素材"": ""金属"", ""在庫あり"": true}, {""品名"": ""用紙"", ""色"": ""黒"", ""素材"": ""金属"", ""在庫あり"": true}]}",黒色で金属製、在庫もある品を選んでください。,"{""ケース"": ""ケース"", ""テープ"": ""テープ"", ""冊子"": ""冊子"", ""用紙"": ""用紙"", ""袋"": ""袋""}","""用紙"""
v2-gen-choice-09-034,choice,generated,利用可能集合の差,"{""利用可能品"": [""付箋""], ""予約済み品"": [""袋"", ""シール""]}",予約済みを利用可能一覧から除いたとき、残る品を答えてください。,"{""シール"": ""シール"", ""付箋"": ""付箋"", ""袋"": ""袋""}","""付箋"""
v2-gen-choice-05-034,choice,generated,否定条件で選択,"{""検品"": [{""品名"": ""付箋"", ""封がある"": false, ""濡れている"": true}, {""品名"": ""ファイル"", ""封がある"": false, ""濡れている"": false}, {""品名"": ""箱"", ""封がある"": true, ""濡れている"": false}, {""品名"": ""ラベル"", ""封がある"": false, ""濡れている"": true}, {""品名"": ""テープ"", ""封がある"": false, ""濡れている"": true}, {""品名"": ""ペン"", ""封がある"": true, ""濡れている"": true}, {""品名"": ""ノート"", ""封がある"": false, ""濡れている"": false}]}",濡れた品は除外し、封がある品を一つ選んでください。,"{""テープ"": ""テープ"", ""ノート"": ""ノート"", ""ファイル"": ""ファイル"", ""ペン"": ""ペン"", ""ラベル"": ""ラベル"", ""付箋"": ""付箋"", ""箱"": ""箱""}","""箱"""
v2-gen-noul-02-005,noul,generated,全条件の充足,"""春風の利用には同意書提出・所属確認がすべて必要です。上田さん: 同意書提出は未完了、所属確認は未完了。""",不足条件なく利用を許可できますか。,"{""false"": ""いいえ。質問の命題は成立しない。"", ""true"": ""はい。質問の命題が成立する。""}","""false"""
v2-gen-choice-04-016,choice,generated,参照先の担当,"""担当: 春風は山田、若葉は遠藤、白波は森、朝露は木村、山道は上田、星空は青木、夕凪は石田。資料の所属: ノートは夕凪案件、カードは春風案件、付箋は朝露案件、冊子は山道案件、ラベルは若葉案件、ケースは白波案件、箱は星空案件。確認する資料は付箋です。""",確認する資料の案件を担当している人を答えてください。,"{""上田"": ""上田さん"", ""山田"": ""山田さん"", ""木村"": ""木村さん"", ""森"": ""森さん"", ""石田"": ""石田さん"", ""遠藤"": ""遠藤さん"", ""青木"": ""青木さん""}","""木村"""
v2-gen-noul-14-032,noul,generated,予定時間の重なり,"""加藤さんの予定: 春風会議は13時から17時、面談は15時から19時。終了と次の開始が同時刻の場合は重複とは扱いません。""",指定された端点の扱いで予定の重複はありますか。,"{""false"": ""いいえ。質問の命題は成立しない。"", ""true"": ""はい。質問の命題が成立する。""}","""true"""
v2-gen-score-04-024,score,generated,独立チェックの合計,"{""資料"": ""夕凪"", ""チェック項目"": {""題名あり"": true, ""承認印あり"": false, ""連絡先あり"": false, ""日付あり"": true, ""ページ番号あり"": false, ""部署名あり"": true}, ""各項目の重み"": 1}",合格した項目数に対応する段階を答えてください。,"[""満たした項目が0個"", ""満たした項目が1個"", ""満たした項目が2個"", ""満たした項目が3個"", ""満たした項目が4個"", ""満たした項目が5個"", ""満たした項目が6個""]","""3"""
v2-gen-noul-08-004,noul,generated,集合と否定所属,"""木漏れ日の参加者名簿は遠藤、青木、加藤、林です。この名簿は完全で、記載のない人は参加者ではありません。""",『林さんは参加者である』という記述は正しいですか。,"{""false"": ""いいえ。質問の命題は成立しない。"", ""true"": ""はい。質問の命題が成立する。""}","""true"""
v2-gen-choice-12-024,choice,generated,条件付き不足書類,"""書類確認の優先順は受領票→本人確認票→見積書→申込書→承認書。見積書だけは代理申請の場合に限って必要で、それ以外は常に必要です。今回は代理申請。提出済みは申込書です。""",必要な不足書類を先頭から一つだけ案内します。どれですか。必要書類に不足がなければ追加不要です。,"{""受領票"": ""受領票"", ""承認書"": ""承認書"", ""本人確認票"": ""本人確認票"", ""申込書"": ""申込書"", ""見積書"": ""見積書"", ""追加不要"": ""必要書類はすべて提出済み""}","""受領票"""
v2-gen-noul-13-041,noul,generated,範囲の開閉境界,"""青空の受付数は、4個以上、かつ8個以下の場合に限り適合です。今回の数は6個です。""",下限と上限の両方の条件に合いますか。,"{""false"": ""いいえ。質問の命題は成立しない。"", ""true"": ""はい。質問の命題が成立する。""}","""true"""
v2-gen-choice-12-028,choice,generated,条件付き不足書類,"{""確認優先順"": [""委任状"", ""見積書"", ""本人確認票"", ""承認書""], ""代理申請だけに必要"": ""本人確認票"", ""代理申請"": false, ""提出済み"": [""見積書""]}",未提出の必要書類のうち優先順が最初のものを選んでください。全部そろっていれば追加不要です。,"{""委任状"": ""委任状"", ""承認書"": ""承認書"", ""本人確認票"": ""本人確認票"", ""見積書"": ""見積書"", ""追加不要"": ""必要書類はすべて提出済み""}","""委任状"""
v2-gen-score-09-027,score,generated,例外による上限,"{""検査合格"": {""表示"": false, ""寸法"": false, ""付属品"": false, ""動作"": false}, ""要再確認の印あり"": true, ""採点規則"": ""合格数が点数。ただし印があれば上限0点""}",上限制限を適用した最終点を選んでください。,"[""最終点0点"", ""最終点1点"", ""最終点2点"", ""最終点3点"", ""最終点4点""]","""0"""
v2-gen-score-10-029,score,generated,不足の段階,"{""申請"": ""春風"", ""必要書類"": [""申込書"", ""添付図"", ""受領票"", ""同意書"", ""承認書"", ""見積書""], ""届いた書類"": [""同意書"", ""参考資料"", ""見積書""], ""余分な書類で代用できる"": false}",必要一覧と届いた一覧を照合し、不足の程度を判定してください。,"[""不足が0種類"", ""不足が1種類"", ""不足が2種類"", ""不足が3種類"", ""不足が4種類"", ""不足が5種類"", ""不足が6種類""]","""4"""
v2-gen-noul-08-017,noul,generated,集合と否定所属,"""灯台の参加者名簿は遠藤、青木、森、木村、上田です。この名簿は完全で、記載のない人は参加者ではありません。""",名簿に基づき、森さんが参加者ではないという判断に同意できますか。,"{""false"": ""いいえ。質問の命題は成立しない。"", ""true"": ""はい。質問の命題が成立する。""}","""false"""
v2-gen-noul-02-023,noul,generated,全条件の充足,"{""すべて必要な条件"": [""事前登録"", ""申込書提出"", ""会費支払い""], ""対象"": ""吉田"", ""完了状況"": {""事前登録"": false, ""申込書提出"": false, ""会費支払い"": false}}",この人は記載された利用条件をすべて満たしていますか。,"{""false"": ""いいえ。質問の命題は成立しない。"", ""true"": ""はい。質問の命題が成立する。""}","""false"""
v2-gen-choice-03-033,choice,generated,最終更新,"""案件「朝露」の記録です。16時の更新: 未着手。 11時の更新: 確認中。 20時の更新: 確認中。 15時の更新: 差戻し。 19時の更新: 承認。""",記載順ではなく更新時刻を比べ、最新の状態を選んでください。,"{""取消"": ""取消"", ""差戻し"": ""差戻し"", ""承認"": ""承認"", ""未着手"": ""未着手"", ""確認中"": ""確認中""}","""確認中"""
v2-gen-noul-13-048,noul,generated,範囲の開閉境界,"{""下限条件"": ""5個より多い"", ""上限条件"": ""12個未満"", ""今回の個数"": 12, ""関係"": ""両方を満たすこと""}",下限と上限の両方の条件に合いますか。,"{""false"": ""いいえ。質問の命題は成立しない。"", ""true"": ""はい。質問の命題が成立する。""}","""false"""
v2-gen-choice-08-034,choice,generated,改訂と例外の優先,"""通常品の貼付ラベルについて、連絡は古い順に「黒」「青」「黄」でした。後の連絡が前の連絡を上書きします。ただし冷蔵品には連絡履歴に関係なく緑ラベルを貼ります。今回の荷物は通常品です。""",この荷物に貼るラベルの色を選んでください。,"{""紫"": ""紫ラベル"", ""緑"": ""緑ラベル"", ""青"": ""青ラベル"", ""黄"": ""黄ラベル"", ""黒"": ""黒ラベル""}","""黄"""
v2-gen-choice-14-048,choice,generated,二属性照合,"{""展示品"": [{""品名"": ""冊子"", ""色"": ""赤"", ""素材"": ""樹脂""}, {""品名"": ""ノート"", ""色"": ""緑"", ""素材"": ""木""}, {""品名"": ""封筒"", ""色"": ""紫"", ""素材"": ""紙""}, {""品名"": ""ペン"", ""色"": ""白"", ""素材"": ""樹脂""}, {""品名"": ""クリップ"", ""色"": ""黄"", ""素材"": ""樹脂""}, {""品名"": ""付箋"", ""色"": ""黄"", ""素材"": ""金属""}], ""指定色"": ""赤"", ""指定素材"": ""樹脂""}",色だけ・素材だけの一致では足りません。該当品を答えてください。,"{""クリップ"": ""クリップ"", ""ノート"": ""ノート"", ""ペン"": ""ペン"", ""付箋"": ""付箋"", ""冊子"": ""冊子"", ""封筒"": ""封筒""}","""冊子"""
v2-gen-noul-07-004,noul,generated,識別文字列の完全一致,"{""商品ラベル"": ""AB7-B"", ""注文票"": ""AB7B"", ""照合規則"": ""大文字小文字と記号も含む完全一致""}",指定された照合規則で一致と判定できますか。,"{""false"": ""いいえ。質問の命題は成立しない。"", ""true"": ""はい。質問の命題が成立する。""}","""false"""
v2-gen-choice-09-031,choice,generated,利用可能集合の差,"""貸出台帳で利用可能と記録されている品は名札。予約済みの品はなしです。""",予約済みを利用可能一覧から除いたとき、残る品を答えてください。,"{""ペン"": ""ペン"", ""名札"": ""名札""}","""名札"""
v2-gen-score-11-021,score,generated,時刻順の評価更新,"{""案件"": ""朝露"", ""評価更新"": [{""時刻"": 21, ""段階"": 1}, {""時刻"": 18, ""段階"": 3}, {""時刻"": 13, ""段階"": 1}, {""時刻"": 16, ""段階"": 5}], ""採用規則"": ""最新時刻だけを採用""}",履歴の記載順に惑わされず、最新評価を答えてください。,"[""評価段階0"", ""評価段階1"", ""評価段階2"", ""評価段階3"", ""評価段階4"", ""評価段階5""]","""1"""
v2-gen-score-06-033,score,generated,約束時刻からの遅れ,"{""便"": ""星空"", ""約束時刻"": 10, ""実際の到着時刻"": 10, ""同日"": true, ""早着時の遅れ"": 0}",遅れの時間に対応する段階を答えてください。,"[""遅れが1時間未満"", ""遅れが1時間以上、2時間未満"", ""遅れが2時間以上、3時間未満"", ""遅れが3時間以上""]","""0"""
v2-gen-score-08-017,score,generated,要件への一致数,"""注文要件: 色=赤。提案品: 色=青。""",注文要件と一致している属性の数を段階として選んでください。,"[""一致した要件が0項目"", ""一致した要件が1項目""]","""0"""
v2-gen-noul-07-022,noul,generated,識別文字列の完全一致,"{""商品ラベル"": ""AB7-C"", ""注文票"": ""ab7-c"", ""照合規則"": ""大文字小文字と記号も含む完全一致""}",同一コードとして扱ってよいですか。,"{""false"": ""いいえ。質問の命題は成立しない。"", ""true"": ""はい。質問の命題が成立する。""}","""false"""
v2-gen-noul-03-019,noul,generated,いずれかの条件,"{""いずれか一つ以上必要"": [""受付確認票"", ""当日券""], ""所持状況"": {""受付確認票"": false, ""当日券"": false}, ""対象"": ""上田""}",この人は受付基準を満たしていますか。,"{""false"": ""いいえ。質問の命題は成立しない。"", ""true"": ""はい。質問の命題が成立する。""}","""false"""
v2-gen-noul-05-042,noul,generated,締切の境界,"{""受付規則"": ""15時ちょうどまで受け付け、同時刻の提出も有効"", ""提出者"": ""松本"", ""提出時刻"": 9}",この提出は時間条件を満たしていますか。,"{""false"": ""いいえ。質問の命題は成立しない。"", ""true"": ""はい。質問の命題が成立する。""}","""true"""
v2-gen-score-09-028,score,generated,例外による上限,"""検査合格状況: 付属品は合格、外観は合格、表示は合格、包装は合格、記録は合格。合格項目一つにつき1点ですが、要再確認の印があれば上限0点に制限します。今回その印はあります。""",例外条件を反映した評価段階を答えてください。,"[""最終点0点"", ""最終点1点"", ""最終点2点"", ""最終点3点"", ""最終点4点"", ""最終点5点""]","""0"""
v2-gen-score-02-019,score,generated,記述の満足段階,"""青木さんは星空の体験について「満足でも不満でもない」と回答しました。追加の発言はありません。""",発言の意味に最も合う満足段階を選んでください。,"[""不満"", ""やや不満"", ""どちらでもない"", ""やや満足"", ""満足"", ""強い満足"", ""最高の満足""]","""2"""
v2-gen-score-07-032,score,generated,証拠の最高到達段階,"{""調査"": ""灯台"", ""この調査の証拠段階"": {""署名済み文書"": 1, ""監査記録"": 2}, ""得られた証拠"": [""監査記録""], ""集約規則"": ""得られた段階の最大。証拠なしは0""}",この調査の証拠段階を選んでください。,"[""証拠なしの段階0"", ""表に基づく最高証拠段階1"", ""表に基づく最高証拠段階2""]","""2"""
v2-gen-choice-11-023,choice,generated,小数量の比較,"{""在庫"": [{""品名"": ""用紙"", ""総在庫"": 4, ""予約分"": 0}, {""品名"": ""冊子"", ""総在庫"": 4, ""予約分"": 4}], ""自由在庫"": ""総在庫から予約分を引く""}",自由在庫が最も少ない品を選んでください。,"{""冊子"": ""冊子"", ""用紙"": ""用紙""}","""冊子"""
v2-gen-score-03-006,score,generated,順番に進む工程,"{""案件"": ""夕凪"", ""工程順"": [""引継ぎ""], ""完了済み"": [""引継ぎ""], ""着手中は完了に含めない"": true}",完了済みの到達段階を選んでください。,"[""完了した工程はまだない"", ""先頭から1工程が完了（最後に完了したのは引継ぎ）""]","""1"""
v2-gen-score-06-015,score,generated,約束時刻からの遅れ,"""山道便は6時到着の約束でした。実際の到着は同じ日の11時です。早着した場合の遅れは0時間とします。""",到着の遅れを段階基準で評価してください。,"[""遅れが2時間未満"", ""遅れが2時間以上、4時間未満"", ""遅れが4時間以上、6時間未満"", ""遅れが6時間以上、8時間未満"", ""遅れが8時間以上、10時間未満"", ""遅れが10時間以上、12時間未満"", ""遅れが12時間以上""]","""2"""
v2-gen-choice-02-018,choice,generated,条件と優先例外,"""山道店では会員で購入数が4個以上なら優待扱いです。ただし予約品は購入数や会員資格にかかわらず通常扱いです。今回は8個、会員、通常在庫品です。""",この購入に適用する扱いを選んでください。,"{""優待"": ""優待の扱い"", ""通常"": ""通常の扱い""}","""優待"""
v2-gen-score-09-046,score,generated,例外による上限,"{""検査合格"": {""寸法"": false, ""動作"": false}, ""要再確認の印あり"": true, ""採点規則"": ""合格数が点数。ただし印があれば上限0点""}",単純な合格数ではなく、上限ルール適用後の点数を求めてください。,"[""最終点0点"", ""最終点1点"", ""最終点2点""]","""0"""
v2-gen-score-13-037,score,generated,取消しを反映した件数,"{""催し"": ""夕凪"", ""申込み"": [{""氏名"": ""石田"", ""受付済み"": true, ""取消済み"": true}, {""氏名"": ""森"", ""受付済み"": true, ""取消済み"": false}, {""氏名"": ""渡辺"", ""受付済み"": false, ""取消済み"": false}, {""氏名"": ""松本"", ""受付済み"": true, ""取消済み"": true}, {""氏名"": ""上田"", ""受付済み"": true, ""取消済み"": true}, {""氏名"": ""佐藤"", ""受付済み"": true, ""取消済み"": true}, {""氏名"": ""高橋"", ""受付済み"": true, ""取消済み"": true}, {""氏名"": ""青木"", ""受付済み"": true, ""取消済み"": true}], ""まとめ方"": ""7件以上は段階7""}",取消し後に残る有効申込み数を段階として選んでください。,"[""有効申込みが0件"", ""有効申込みが1件"", ""有効申込みが2件"", ""有効申込みが3件"", ""有効申込みが4件"", ""有効申込みが5件"", ""有効申込みが6件"", ""有効申込みが7件以上""]","""1"""
v2-gen-noul-08-034,noul,generated,集合と否定所属,"{""催し"": ""木漏れ日"", ""完全な参加者名簿"": [""吉田"", ""石田"", ""佐藤"", ""加藤""], ""補足"": ""名前のない人は参加者ではない""}",名簿に基づき、吉田さんが参加者であるという判断に同意できますか。,"{""false"": ""いいえ。質問の命題は成立しない。"", ""true"": ""はい。質問の命題が成立する。""}","""true"""
v2-gen-choice-04-050,choice,generated,参照先の担当,"{""案件担当"": {""夕凪"": ""遠藤"", ""水面"": ""青木"", ""春風"": ""上田"", ""朝露"": ""佐藤""}, ""資料の所属案件"": {""ラベル"": ""朝露"", ""ノート"": ""夕凪"", ""カード"": ""春風"", ""クリップ"": ""水面""}, ""確認資料"": ""ノート""}",確認する資料の案件を担当している人を答えてください。,"{""上田"": ""上田さん"", ""佐藤"": ""佐藤さん"", ""遠藤"": ""遠藤さん"", ""青木"": ""青木さん""}","""遠藤"""
v2-gen-choice-06-042,choice,generated,時間枠の包含,"""部屋の連続利用可能時間: 紫室は8時から10時まで、白室は11時から13時まで、黒室は8時から10時まで、青室は11時から12時まで、黄室は10時から12時まで、緑室は11時から12時まで、赤室は11時から13時まで、茶室は11時から12時まで。会議は10時開始、11時終了です。""",会議時間の一部だけでなく全体を含む空き時間を持つ部屋を答えてください。端の一致は可です。,"{""白"": ""白室"", ""紫"": ""紫室"", ""緑"": ""緑室"", ""茶"": ""茶室"", ""赤"": ""赤室"", ""青"": ""青室"", ""黄"": ""黄室"", ""黒"": ""黒室""}","""黄"""
v2-gen-score-13-010,score,generated,取消しを反映した件数,"{""催し"": ""草原"", ""申込み"": [{""氏名"": ""渡辺"", ""受付済み"": false, ""取消済み"": false}, {""氏名"": ""吉田"", ""受付済み"": true, ""取消済み"": true}, {""氏名"": ""木村"", ""受付済み"": false, ""取消済み"": false}, {""氏名"": ""林"", ""受付済み"": true, ""取消済み"": true}, {""氏名"": ""上田"", ""受付済み"": false, ""取消済み"": false}, {""氏名"": ""大野"", ""受付済み"": true, ""取消済み"": true}], ""まとめ方"": ""1件以上は段階1""}",取消し後に残る有効申込み数を段階として選んでください。,"[""有効申込みが0件"", ""有効申込みが1件以上""]","""0"""
v2-gen-choice-02-007,choice,generated,条件と優先例外,"{""規則"": ""会員かつ6個以上なら優待。ただし予約品は常に通常"", ""会員"": false, ""購入数"": 12, ""予約品"": false}",例外も踏まえて、今回の購入区分はどれですか。,"{""優待"": ""優待の扱い"", ""通常"": ""通常の扱い""}","""通常"""
v2-gen-score-14-027,score,generated,参照表の順序尺度,"{""検査対象"": ""夕凪"", ""今回の対応表"": {""黄"": 0, ""青"": 1, ""黒"": 2, ""茶"": 3, ""赤"": 4}, ""確定票の印"": ""黄""}",検査票の印を指定尺度に変換してください。,"[""表による段階0"", ""表による段階1"", ""表による段階2"", ""表による段階3"", ""表による段階4""]","""0"""
v2-gen-noul-10-014,noul,generated,条件付き義務,"{""規則"": ""追加申請なら事前連絡が必要。それ以外では義務なし"", ""条件に該当"": true, ""必要処置を実施"": true}",この義務に関して、規則上問題なしと判定できますか。,"{""false"": ""いいえ。質問の命題は成立しない。"", ""true"": ""はい。質問の命題が成立する。""}","""true"""
v2-gen-noul-15-023,noul,generated,出来事の前後関係,"""佐藤さんの作業日誌は実施順に電話連絡→伝票記入→報告です。記載した各作業は一回ずつ実施しました。""",日誌では伝票記入の方が報告より先ですか。,"{""false"": ""いいえ。質問の命題は成立しない。"", ""true"": ""はい。質問の命題が成立する。""}","""true"""
v2-gen-score-14-042,score,generated,参照表の順序尺度,"{""検査対象"": ""山道"", ""今回の対応表"": {""黒"": 0, ""赤"": 1, ""茶"": 2, ""白"": 3, ""黄"": 4, ""緑"": 5}, ""確定票の印"": ""赤""}",検査票の印を指定尺度に変換してください。,"[""表による段階0"", ""表による段階1"", ""表による段階2"", ""表による段階3"", ""表による段階4"", ""表による段階5""]","""1"""
v2-gen-score-13-023,score,generated,取消しを反映した件数,"{""催し"": ""春風"", ""申込み"": [{""氏名"": ""加藤"", ""受付済み"": true, ""取消済み"": false}, {""氏名"": ""中村"", ""受付済み"": true, ""取消済み"": false}, {""氏名"": ""高橋"", ""受付済み"": true, ""取消済み"": false}, {""氏名"": ""上田"", ""受付済み"": true, ""取消済み"": false}, {""氏名"": ""森"", ""受付済み"": true, ""取消済み"": false}, {""氏名"": ""渡辺"", ""受付済み"": true, ""取消済み"": false}, {""氏名"": ""吉田"", ""受付済み"": true, ""取消済み"": true}, {""氏名"": ""佐藤"", ""受付済み"": true, ""取消済み"": false}], ""まとめ方"": ""7件以上は段階7""}",取消し後に残る有効申込み数を段階として選んでください。,"[""有効申込みが0件"", ""有効申込みが1件"", ""有効申込みが2件"", ""有効申込みが3件"", ""有効申込みが4件"", ""有効申込みが5件"", ""有効申込みが6件"", ""有効申込みが7件以上""]","""7"""
v2-gen-noul-11-039,noul,generated,参照関係の真偽,"""担当表: 白波は高橋、青空は吉田、草原は森、朝露は渡辺、星空は木村、春風は上田。資料の関連先: 袋は草原、テープは星空、箱は朝露、冊子は青空、ノートは春風、ケースは白波。""",冊子に関連する案件の担当は吉田さんですか。,"{""false"": ""いいえ。質問の命題は成立しない。"", ""true"": ""はい。質問の命題が成立する。""}","""true"""
v2-gen-noul-09-018,noul,generated,重複を除いた件数,"""星空棚で読み取った品名は箱、箱、ラベル、ラベル、ラベルでした。同じ品名の繰り返しは一種類として数えます。""",異なる品名だけ数えると4種類以上ですか。,"{""false"": ""いいえ。質問の命題は成立しない。"", ""true"": ""はい。質問の命題が成立する。""}","""false"""
v2-gen-choice-12-005,choice,generated,条件付き不足書類,"{""確認優先順"": [""委任状"", ""本人確認票"", ""受領票"", ""同意書"", ""承認書"", ""見積書""], ""代理申請だけに必要"": ""委任状"", ""代理申請"": true, ""提出済み"": [""委任状"", ""見積書"", ""本人確認票"", ""同意書""]}",必要な不足書類を先頭から一つだけ案内します。どれですか。必要書類に不足がなければ追加不要です。,"{""受領票"": ""受領票"", ""同意書"": ""同意書"", ""委任状"": ""委任状"", ""承認書"": ""承認書"", ""本人確認票"": ""本人確認票"", ""見積書"": ""見積書"", ""追加不要"": ""必要書類はすべて提出済み""}","""受領票"""
v2-gen-score-10-009,score,generated,不足の段階,"""草原申請で必要なものは申込書、承認書、添付図、受領票、見積書、同意書、確認票。届いたものは確認票、添付図、案内状、見積書、承認書、受領票、申込書、同意書です。必要一覧にない書類は不足を埋めません。""",必要書類の不足数に対応する段階を選んでください。,"[""不足が0種類"", ""不足が1種類"", ""不足が2種類"", ""不足が3種類"", ""不足が4種類"", ""不足が5種類"", ""不足が6種類"", ""不足が7種類""]","""0"""
v2-gen-choice-04-018,choice,generated,参照先の担当,"{""案件担当"": {""白波"": ""木村"", ""星空"": ""林""}, ""資料の所属案件"": {""ラベル"": ""白波"", ""テープ"": ""星空""}, ""確認資料"": ""ラベル""}",この資料について、所属案件を通じて連絡すべき担当者は誰ですか。,"{""木村"": ""木村さん"", ""林"": ""林さん""}","""木村"""
v2-gen-noul-13-002,noul,generated,範囲の開閉境界,"""春風の受付数は、2個以上、かつ7個未満の場合に限り適合です。今回の数は8個です。""",指定された範囲条件を満たしていますか。,"{""false"": ""いいえ。質問の命題は成立しない。"", ""true"": ""はい。質問の命題が成立する。""}","""false"""
v2-gen-score-06-021,score,generated,約束時刻からの遅れ,"""木漏れ日便は9時到着の約束でした。実際の到着は同じ日の11時です。早着した場合の遅れは0時間とします。""",到着の遅れを段階基準で評価してください。,"[""遅れが1時間未満"", ""遅れが1時間以上、2時間未満"", ""遅れが2時間以上、3時間未満"", ""遅れが3時間以上、4時間未満"", ""遅れが4時間以上、5時間未満"", ""遅れが5時間以上""]","""2"""
v2-gen-noul-06-020,noul,generated,更新後の状態,"{""対象"": ""木漏れ日"", ""更新記録"": [{""時刻"": 18, ""状態"": ""停止中""}, {""時刻"": 12, ""状態"": ""停止中""}, {""時刻"": 19, ""状態"": ""点検中""}, {""時刻"": 11, ""状態"": ""点検中""}, {""時刻"": 13, ""状態"": ""停止中""}], ""規則"": ""最新時刻の記録が有効""}",最後の更新を適用すると、状態は「点検中」になっていますか。,"{""false"": ""いいえ。質問の命題は成立しない。"", ""true"": ""はい。質問の命題が成立する。""}","""true"""
v2-gen-choice-02-027,choice,generated,条件と優先例外,"{""規則"": ""会員かつ11個以上なら優待。ただし予約品は常に通常"", ""会員"": false, ""購入数"": 2, ""予約品"": true}",この購入に適用する扱いを選んでください。,"{""優待"": ""優待の扱い"", ""通常"": ""通常の扱い""}","""通常"""
v2-gen-noul-07-006,noul,generated,識別文字列の完全一致,"""商品ラベルの管理コードは「AB4-A」、注文票の管理コードは「AB4-D」です。照合では大文字と小文字、記号の違いも区別します。""",同一コードとして扱ってよいですか。,"{""false"": ""いいえ。質問の命題は成立しない。"", ""true"": ""はい。質問の命題が成立する。""}","""false"""
v2-gen-score-05-016,score,generated,緊急条件の加点,"{""案件"": ""夕凪"", ""基本優先度"": 1, ""締切までの残り時間"": 1, ""規則"": ""残り7時間以内なら1加点、それより長ければ0加点。上限6""}",今回の最終優先段階を求めてください。,"[""最終優先度0"", ""最終優先度1"", ""最終優先度2"", ""最終優先度3"", ""最終優先度4"", ""最終優先度5"", ""最終優先度6""]","""2"""
v2-gen-score-06-034,score,generated,約束時刻からの遅れ,"{""便"": ""水面"", ""約束時刻"": 8, ""実際の到着時刻"": 7, ""同日"": true, ""早着時の遅れ"": 0}",到着の遅れを段階基準で評価してください。,"[""遅れが2時間未満"", ""遅れが2時間以上、4時間未満"", ""遅れが4時間以上、6時間未満"", ""遅れが6時間以上、8時間未満"", ""遅れが8時間以上""]","""0"""
v2-gen-noul-15-009,noul,generated,出来事の前後関係,"{""担当者"": ""中村"", ""実施順"": [""棚への配置"", ""伝票記入"", ""荷物受取"", ""引継ぎ""], ""各作業の実施回数"": 1}",『伝票記入が先、引継ぎが後』という順序は正しいですか。,"{""false"": ""いいえ。質問の命題は成立しない。"", ""true"": ""はい。質問の命題が成立する。""}","""true"""
v2-gen-score-03-034,score,generated,順番に進む工程,"""山道の工程順は日程調整。先頭から順に進め、完了済みは日程調整です。着手中の工程は完了に含めません。""",この案件は完了ベースでどの段階まで進みましたか。,"[""完了した工程はまだない"", ""先頭から1工程が完了（最後に完了したのは日程調整）""]","""1"""
v2-gen-noul-08-044,noul,generated,集合と否定所属,"{""催し"": ""木漏れ日"", ""完全な参加者名簿"": [""木村"", ""吉田"", ""加藤"", ""石田"", ""大野""], ""補足"": ""名前のない人は参加者ではない""}",林さんは参加者ではないと言えますか。,"{""false"": ""いいえ。質問の命題は成立しない。"", ""true"": ""はい。質問の命題が成立する。""}","""true"""
v2-gen-score-12-028,score,generated,目標からの差,"{""案件"": ""水面"", ""目標数"": 8, ""実績数"": 5, ""採点"": ""差の絶対値。ただし5以上は段階5""}",不足・超過の向きではなく差の大きさで評価してください。,"[""目標との差が0個"", ""目標との差が1個"", ""目標との差が2個"", ""目標との差が3個"", ""目標との差が4個"", ""目標との差が5個以上""]","""3"""
v2-gen-choice-10-022,choice,generated,不在時の代理,"{""案件担当"": {""灯台"": ""木村"", ""草原"": ""高橋"", ""白波"": ""中村"", ""星空"": ""青木"", ""山道"": ""松本""}, ""代理者"": {""木村"": ""高橋"", ""高橋"": ""中村"", ""中村"": ""青木"", ""青木"": ""松本"", ""松本"": ""木村""}, ""不在者"": [], ""案件"": ""山道"", ""ルール"": ""担当者が不在なら指定代理に一度だけ振替。代理の在席状況は問わない""}",本日の規則に従う連絡相手を選んでください。,"{""中村"": ""中村さん"", ""木村"": ""木村さん"", ""松本"": ""松本さん"", ""青木"": ""青木さん"", ""高橋"": ""高橋さん""}","""松本"""
v2-gen-noul-01-038,noul,generated,事実と否定質問,"{""対象者"": ""松本"", ""項目"": ""交通費を精算"", ""実施済み"": true}",記録上、松本さんは交通費を精算していると言えますか。,"{""false"": ""いいえ。質問の命題は成立しない。"", ""true"": ""はい。質問の命題が成立する。""}","""true"""
v2-gen-score-11-027,score,generated,時刻順の評価更新,"""星空の評価更新履歴: 8時に段階4、15時に段階4、18時に段階4、17時に段階1、7時に段階2。評価は最新時刻の値だけを採用します。""",現在採用すべき評価段階を選んでください。,"[""評価段階0"", ""評価段階1"", ""評価段階2"", ""評価段階3"", ""評価段階4""]","""4"""
v2-gen-score-14-014,score,generated,参照表の順序尺度,"{""検査対象"": ""青空"", ""今回の対応表"": {""紫"": 0, ""黒"": 1, ""黄"": 2, ""茶"": 3, ""青"": 4, ""赤"": 5}, ""確定票の印"": ""茶""}",一般常識ではなく示された表に従って段階を答えてください。,"[""表による段階0"", ""表による段階1"", ""表による段階2"", ""表による段階3"", ""表による段階4"", ""表による段階5""]","""3"""
v2-gen-score-05-028,score,generated,緊急条件の加点,"""水面の基本優先度は1です。締切まで残り3時間以内なら1だけ加点し、それより長ければ加点しません。上限は4です。今回は締切まで1時間です。""",条件付き加点後の優先度を選んでください。,"[""最終優先度0"", ""最終優先度1"", ""最終優先度2"", ""最終優先度3"", ""最終優先度4""]","""2"""
v2-gen-score-04-035,score,generated,独立チェックの合計,"""水面資料の点検: 承認印ありは満たさない、署名ありは満たす、連絡先ありは満たす。各項目は一つずつ数えます。""",合格した項目数に対応する段階を答えてください。,"[""満たした項目が0個"", ""満たした項目が1個"", ""満たした項目が2個"", ""満たした項目が3個""]","""2"""
v2-gen-score-01-010,score,generated,件数の段階境界,"""木漏れ日で未回答の質問を数えたところ、現在2件でした。処理済みは数に含めていません。""",件数だけを評価尺度に照らして判定してください。,"[""対象件数が2件未満"", ""対象件数が2件以上、4件未満"", ""対象件数が4件以上、6件未満"", ""対象件数が6件以上""]","""1"""
v2-gen-noul-07-026,noul,generated,識別文字列の完全一致,"""商品ラベルの管理コードは「JK8-D」、注文票の管理コードは「JK8_D」です。照合では大文字と小文字、記号の違いも区別します。""",指定された照合規則で一致と判定できますか。,"{""false"": ""いいえ。質問の命題は成立しない。"", ""true"": ""はい。質問の命題が成立する。""}","""false"""
v2-gen-score-14-005,score,generated,参照表の順序尺度,"{""検査対象"": ""朝露"", ""今回の対応表"": {""紫"": 0, ""茶"": 1, ""黒"": 2, ""黄"": 3}, ""確定票の印"": ""紫""}",今回の対応表を使って検査票の段階を選んでください。,"[""表による段階0"", ""表による段階1"", ""表による段階2"", ""表による段階3""]","""0"""
v2-gen-noul-09-044,noul,generated,重複を除いた件数,"""青空棚で読み取った品名は付箋、付箋、付箋、付箋、付箋でした。同じ品名の繰り返しは一種類として数えます。""",重複を除いた種類数は4以上という条件を満たしますか。,"{""false"": ""いいえ。質問の命題は成立しない。"", ""true"": ""はい。質問の命題が成立する。""}","""false"""
v2-gen-noul-04-028,noul,generated,例外の優先,"{""許可条件"": ""認定済み"", ""優先禁止条件"": ""資格取消中"", ""対象"": ""中村"", ""許可条件に該当"": true, ""禁止条件に該当"": false}",禁止例外を先に考慮すると、この利用を認められますか。,"{""false"": ""いいえ。質問の命題は成立しない。"", ""true"": ""はい。質問の命題が成立する。""}","""true"""
v2-gen-noul-09-029,noul,generated,重複を除いた件数,"""夕凪棚で読み取った品名は袋、袋、ファイル、名札、付箋、袋、冊子、ファイルでした。同じ品名の繰り返しは一種類として数えます。""",品物の種類は2種類以上ありますか。,"{""false"": ""いいえ。質問の命題は成立しない。"", ""true"": ""はい。質問の命題が成立する。""}","""true"""
v2-gen-noul-07-045,noul,generated,識別文字列の完全一致,"""商品ラベルの管理コードは「MN3-D」、注文票の管理コードは「MN3-D」です。照合では大文字と小文字、記号の違いも区別します。""",同一コードとして扱ってよいですか。,"{""false"": ""いいえ。質問の命題は成立しない。"", ""true"": ""はい。質問の命題が成立する。""}","""true"""
v2-gen-choice-05-030,choice,generated,否定条件で選択,"""検品記録: ファイルは封なしで濡れていない、シールは封ありで濡れている、クリップは封ありで濡れていない、付箋は封ありで濡れていない、ケースは封ありで濡れていない。""",対象は『封がない』『濡れていない』の両方を満たす品です。どれですか。,"{""クリップ"": ""クリップ"", ""ケース"": ""ケース"", ""シール"": ""シール"", ""ファイル"": ""ファイル"", ""付箋"": ""付箋""}","""ファイル"""
v2-gen-score-10-024,score,generated,不足の段階,"{""申請"": ""灯台"", ""必要書類"": [""承認書""], ""届いた書類"": [], ""余分な書類で代用できる"": false}",未提出の必要書類はいくつの段階ですか。,"[""不足が0種類"", ""不足が1種類""]","""1"""
v2-gen-noul-04-003,noul,generated,例外の優先,"{""許可条件"": ""認定済み"", ""優先禁止条件"": ""利用停止中"", ""対象"": ""石田"", ""許可条件に該当"": false, ""禁止条件に該当"": true}",禁止例外を先に考慮すると、この利用を認められますか。,"{""false"": ""いいえ。質問の命題は成立しない。"", ""true"": ""はい。質問の命題が成立する。""}","""false"""
v2-gen-choice-01-004,choice,generated,問い合わせ経路,"""受付分類表は次のとおりです。請求窓口: 二重請求・領収書・返金 / アカウント窓口: ログイン・パスワード・退会 / 製品窓口: 破損・初期不良・部品交換 / イベント窓口: 申込期限・会場案内・参加取消。問い合わせ本文:「自分のアカウントにログインできません」。受付担当が付けた主題は「ログイン」です。""",受付分類表を使って、この相談の担当を決めてください。,"{""アカウント"": ""アカウントの窓口"", ""イベント"": ""イベントの窓口"", ""製品"": ""製品の窓口"", ""請求"": ""請求の窓口""}","""アカウント"""
v2-gen-noul-09-003,noul,generated,重複を除いた件数,"{""棚"": ""朝露"", ""読み取り品名"": [""用紙"", ""ノート"", ""箱"", ""冊子"", ""箱"", ""封筒"", ""封筒"", ""クリップ"", ""付箋"", ""ペン""], ""数え方"": ""同一品名の重複を除く""}",重複を除いた種類数は5以上という条件を満たしますか。,"{""false"": ""いいえ。質問の命題は成立しない。"", ""true"": ""はい。質問の命題が成立する。""}","""true"""
v2-gen-choice-01-023,choice,generated,問い合わせ経路,"""受付分類表は次のとおりです。イベント窓口: 申込期限・会場案内・参加取消 / アカウント窓口: ログイン・パスワード・退会。問い合わせ本文:「イベントの会場への行き方を教えてください」。受付担当が付けた主題は「会場案内」です。""",分類表に従い、この問い合わせを担当する窓口を一つ選んでください。,"{""アカウント"": ""アカウントの窓口"", ""イベント"": ""イベントの窓口""}","""イベント"""
v2-gen-choice-11-046,choice,generated,小数量の比較,"{""在庫"": [{""品名"": ""用紙"", ""総在庫"": 2, ""予約分"": 1}, {""品名"": ""クリップ"", ""総在庫"": 11, ""予約分"": 5}, {""品名"": ""シール"", ""総在庫"": 14, ""予約分"": 2}, {""品名"": ""名札"", ""総在庫"": 8, ""予約分"": 0}], ""自由在庫"": ""総在庫から予約分を引く""}",予約分を差し引いた残りが一番多いのはどれですか。,"{""クリップ"": ""クリップ"", ""シール"": ""シール"", ""名札"": ""名札"", ""用紙"": ""用紙""}","""シール"""
v2-gen-choice-10-032,choice,generated,不在時の代理,"""担当者: 夕凪は中村、木漏れ日は石田、青空は林、山道は上田。代理者: 中村の代理は石田、石田の代理は林、林の代理は上田、上田の代理は中村。本日の不在者はなし。問い合わせ先の案件は夕凪です。代理への振替は一回だけ行い、その先の不在は判定しません。""",この案件を担当本人または指定代理に連絡します。宛先は誰ですか。,"{""上田"": ""上田さん"", ""中村"": ""中村さん"", ""林"": ""林さん"", ""石田"": ""石田さん""}","""中村"""
v2-gen-noul-13-001,noul,generated,範囲の開閉境界,"{""下限条件"": ""1個以上"", ""上限条件"": ""5個以下"", ""今回の個数"": 5, ""関係"": ""両方を満たすこと""}",指定された範囲条件を満たしていますか。,"{""false"": ""いいえ。質問の命題は成立しない。"", ""true"": ""はい。質問の命題が成立する。""}","""true"""
v2-gen-noul-12-011,noul,generated,記録と主張の照合,"""若葉施設の入口について、いま確認した確定記録は北口は半分だけ開いている、南口は完全に開いている、東口は完全に開いている、西口は完全に開いている、裏口は4分の1だけ開いている、搬入口は半分だけ開いているです。現在の判断にはこの確定記録だけを使います。""",『現在の搬入口は4分の1だけ開いている』という主張は確定記録と一致しますか。,"{""false"": ""いいえ。質問の命題は成立しない。"", ""true"": ""はい。質問の命題が成立する。""}","""false"""
v2-gen-score-14-018,score,generated,参照表の順序尺度,"""今回の検査用の対応表: 赤印は段階0、紫印は段階1、茶印は段階2。草原の確定検査票には紫印が付いています。色に一般的な良し悪しは仮定しません。""",一般常識ではなく示された表に従って段階を答えてください。,"[""表による段階0"", ""表による段階1"", ""表による段階2""]","""1"""
v2-gen-score-05-001,score,generated,緊急条件の加点,"""木漏れ日の基本優先度は4です。締切まで残り8時間以内なら1だけ加点し、それより長ければ加点しません。上限は5です。今回は締切まで12時間です。""",締切までの時間による条件を反映した段階を答えてください。,"[""最終優先度0"", ""最終優先度1"", ""最終優先度2"", ""最終優先度3"", ""最終優先度4"", ""最終優先度5""]","""4"""
v2-gen-choice-09-013,choice,generated,利用可能集合の差,"{""利用可能品"": [""ペン"", ""ノート"", ""冊子"", ""シール"", ""袋"", ""ケース""], ""予約済み品"": [""ノート"", ""袋"", ""シール"", ""冊子"", ""ケース""]}",予約済みを利用可能一覧から除いたとき、残る品を答えてください。,"{""ケース"": ""ケース"", ""シール"": ""シール"", ""ノート"": ""ノート"", ""ファイル"": ""ファイル"", ""ペン"": ""ペン"", ""冊子"": ""冊子"", ""袋"": ""袋""}","""ペン"""
v2-gen-choice-10-035,choice,generated,不在時の代理,"{""案件担当"": {""白波"": ""木村"", ""朝露"": ""大野"", ""灯台"": ""吉田"", ""青空"": ""中村"", ""夕凪"": ""松本""}, ""代理者"": {""木村"": ""大野"", ""大野"": ""吉田"", ""吉田"": ""中村"", ""中村"": ""松本"", ""松本"": ""木村""}, ""不在者"": [""大野"", ""木村"", ""中村""], ""案件"": ""青空"", ""ルール"": ""担当者が不在なら指定代理に一度だけ振替。代理の在席状況は問わない""}",本日の規則に従う連絡相手を選んでください。,"{""中村"": ""中村さん"", ""吉田"": ""吉田さん"", ""大野"": ""大野さん"", ""木村"": ""木村さん"", ""松本"": ""松本さん""}","""松本"""
v2-gen-noul-03-029,noul,generated,いずれかの条件,"""春風の受付では会員証・受付確認票・入場証・引換券のうち一つ以上があれば通れます。遠藤さん: 会員証はなし、受付確認票はなし、入場証はなし、引換券はなし。""",この人は受付基準を満たしていますか。,"{""false"": ""いいえ。質問の命題は成立しない。"", ""true"": ""はい。質問の命題が成立する。""}","""false"""
v2-gen-noul-15-015,noul,generated,出来事の前後関係,"""佐藤さんの作業日誌は実施順に報告→休憩→棚への配置です。記載した各作業は一回ずつ実施しました。""",報告は休憩より前に行われましたか。,"{""false"": ""いいえ。質問の命題は成立しない。"", ""true"": ""はい。質問の命題が成立する。""}","""true"""
v2-gen-score-10-015,score,generated,不足の段階,"""白波申請で必要なものは確認票、受領票、見積書、申込書、承認書、同意書。届いたものは確認票、申込書、同意書、受領票、案内状です。必要一覧にない書類は不足を埋めません。""",必要書類の不足数に対応する段階を選んでください。,"[""不足が0種類"", ""不足が1種類"", ""不足が2種類"", ""不足が3種類"", ""不足が4種類"", ""不足が5種類"", ""不足が6種類""]","""2"""
v2-gen-choice-02-010,choice,generated,条件と優先例外,"{""規則"": ""会員かつ3個以上なら優待。ただし予約品は常に通常"", ""会員"": true, ""購入数"": 6, ""予約品"": false}",会計時の区分を一つ決めてください。,"{""優待"": ""優待の扱い"", ""通常"": ""通常の扱い""}","""優待"""
v2-gen-score-13-003,score,generated,取消しを反映した件数,"{""催し"": ""若葉"", ""申込み"": [{""氏名"": ""青木"", ""受付済み"": true, ""取消済み"": false}, {""氏名"": ""上田"", ""受付済み"": true, ""取消済み"": false}, {""氏名"": ""林"", ""受付済み"": true, ""取消済み"": false}], ""まとめ方"": ""1件以上は段階1""}",取消し後に残る有効申込み数を段階として選んでください。,"[""有効申込みが0件"", ""有効申込みが1件以上""]","""1"""
v2-gen-score-15-034,score,generated,軽重のある項目,"{""不備ごとの配点"": {""宛名不備"": 2, ""署名欠落"": 1, ""余白不備"": 1, ""添付欠落"": 1}, ""不備あり"": {""宛名不備"": true, ""署名欠落"": true, ""余白不備"": false, ""添付欠落"": false}, ""上限"": 4}",配点の違いを反映した最終段階を選んでください。,"[""不備点の合計が0点"", ""不備点の合計が1点"", ""不備点の合計が2点"", ""不備点の合計が3点"", ""不備点の合計が4点以上""]","""3"""
v2-gen-choice-03-037,choice,generated,最終更新,"{""案件"": ""若葉"", ""更新記録"": [{""時"": 18, ""状態"": ""未着手""}, {""時"": 19, ""状態"": ""保留""}, {""時"": 15, ""状態"": ""受取済み""}, {""時"": 20, ""状態"": ""受取済み""}]}",記載順ではなく更新時刻を比べ、最新の状態を選んでください。,"{""保留"": ""保留"", ""受取済み"": ""受取済み"", ""差戻し"": ""差戻し"", ""未着手"": ""未着手""}","""受取済み"""
v2-gen-score-04-026,score,generated,独立チェックの合計,"""木漏れ日資料の点検: 連絡先ありは満たす。各項目は一つずつ数えます。""",条件を満たした項目を一つ一点として集計してください。,"[""満たした項目が0個"", ""満たした項目が1個""]","""1"""
v2-gen-choice-15-011,choice,generated,文章内の順序参照,"{""会議"": ""春風"", ""発表順"": [""遠藤"", ""中村"", ""渡辺"", ""青木"", ""山田"", ""石田"", ""森"", ""大野""]}",紹介された順番で4人目に発表する人は誰ですか。,"{""中村"": ""中村さん"", ""大野"": ""大野さん"", ""山田"": ""山田さん"", ""森"": ""森さん"", ""渡辺"": ""渡辺さん"", ""石田"": ""石田さん"", ""遠藤"": ""遠藤さん"", ""青木"": ""青木さん""}","""青木"""
v2-gen-score-14-043,score,generated,参照表の順序尺度,"""今回の検査用の対応表: 青印は段階0、白印は段階1、緑印は段階2、紫印は段階3、黒印は段階4、黄印は段階5、茶印は段階6。草原の確定検査票には茶印が付いています。色に一般的な良し悪しは仮定しません。""",検査票の印を指定尺度に変換してください。,"[""表による段階0"", ""表による段階1"", ""表による段階2"", ""表による段階3"", ""表による段階4"", ""表による段階5"", ""表による段階6""]","""6"""
v2-gen-score-02-027,score,generated,記述の満足段階,"""吉田さんは若葉の体験について「期待に届かず、不満だった」と回答しました。追加の発言はありません。""",発言の意味に最も合う満足段階を選んでください。,"[""極めて強い不満"", ""強い不満"", ""不満"", ""やや不満"", ""どちらでもない"", ""やや満足"", ""満足"", ""強い満足""]","""2"""
v2-gen-noul-04-025,noul,generated,例外の優先,"{""許可条件"": ""認定済み"", ""優先禁止条件"": ""資格取消中"", ""対象"": ""林"", ""許可条件に該当"": false, ""禁止条件に該当"": false}",例外を含む規則のもとで利用は許可されますか。,"{""false"": ""いいえ。質問の命題は成立しない。"", ""true"": ""はい。質問の命題が成立する。""}","""false"""
v2-gen-noul-14-024,noul,generated,予定時間の重なり,"""中村さんの予定: 星空会議は15時から18時、面談は17時から18時。終了と次の開始が同時刻の場合は重複とは扱いません。""",二つの予定の時間は重なっていますか。,"{""false"": ""いいえ。質問の命題は成立しない。"", ""true"": ""はい。質問の命題が成立する。""}","""true"""
v2-gen-choice-09-036,choice,generated,利用可能集合の差,"{""利用可能品"": [""封筒"", ""付箋"", ""名札"", ""シール""], ""予約済み品"": [""封筒"", ""付箋"", ""名札""]}",予約済みを利用可能一覧から除いたとき、残る品を答えてください。,"{""クリップ"": ""クリップ"", ""シール"": ""シール"", ""ファイル"": ""ファイル"", ""付箋"": ""付箋"", ""名札"": ""名札"", ""封筒"": ""封筒""}","""シール"""
v2-gen-choice-04-036,choice,generated,参照先の担当,"{""案件担当"": {""灯台"": ""中村"", ""白波"": ""上田"", ""朝露"": ""吉田"", ""草原"": ""石田"", ""夕凪"": ""松本""}, ""資料の所属案件"": {""箱"": ""草原"", ""ノート"": ""朝露"", ""袋"": ""白波"", ""ケース"": ""夕凪"", ""クリップ"": ""灯台""}, ""確認資料"": ""箱""}",確認する資料の案件を担当している人を答えてください。,"{""上田"": ""上田さん"", ""中村"": ""中村さん"", ""吉田"": ""吉田さん"", ""松本"": ""松本さん"", ""石田"": ""石田さん""}","""石田"""
v2-gen-choice-13-010,choice,generated,工程の依存順,"""案件「水面」の工程順は受付→準備→実施→内容確認です。途中の工程を飛ばすことはできません。完了済みは受付、準備です。""",まだ済んでいない最初の工程は何ですか。存在しない場合は完了です。,"{""内容確認"": ""内容確認"", ""受付"": ""受付"", ""完了"": ""全工程が完了"", ""実施"": ""実施"", ""準備"": ""準備""}","""実施"""
v2-gen-noul-11-002,noul,generated,参照関係の真偽,"{""案件担当"": {""青空"": ""上田"", ""山道"": ""佐藤"", ""水面"": ""中村""}, ""資料関連先"": {""クリップ"": ""水面"", ""冊子"": ""青空"", ""ケース"": ""山道""}}",上田さんはクリップが属する案件の担当者と言えますか。,"{""false"": ""いいえ。質問の命題は成立しない。"", ""true"": ""はい。質問の命題が成立する。""}","""false"""
v2-gen-noul-06-029,noul,generated,更新後の状態,"{""対象"": ""白波"", ""更新記録"": [{""時刻"": 20, ""状態"": ""満席""}, {""時刻"": 9, ""状態"": ""使用可能""}, {""時刻"": 17, ""状態"": ""停止中""}, {""時刻"": 12, ""状態"": ""受付中""}], ""規則"": ""最新時刻の記録が有効""}",最新の有効な記録から「受付中」と言えますか。,"{""false"": ""いいえ。質問の命題は成立しない。"", ""true"": ""はい。質問の命題が成立する。""}","""false"""
v2-gen-choice-08-022,choice,generated,改訂と例外の優先,"""通常品の貼付ラベルについて、連絡は古い順に「黒」「青」「茶」でした。後の連絡が前の連絡を上書きします。ただし冷蔵品には連絡履歴に関係なく茶ラベルを貼ります。今回の荷物は冷蔵品です。""",今回適用されるラベルを一つ決めてください。,"{""茶"": ""茶ラベル"", ""青"": ""青ラベル"", ""黒"": ""黒ラベル""}","""茶"""
v2-gen-score-03-041,score,generated,順番に進む工程,"{""案件"": ""春風"", ""工程順"": [""日程調整""], ""完了済み"": [], ""着手中は完了に含めない"": true}",この案件は完了ベースでどの段階まで進みましたか。,"[""完了した工程はまだない"", ""先頭から1工程が完了（最後に完了したのは日程調整）""]","""0"""
v2-gen-score-05-043,score,generated,緊急条件の加点,"{""案件"": ""朝露"", ""基本優先度"": 4, ""締切までの残り時間"": 10, ""規則"": ""残り2時間以内なら1加点、それより長ければ0加点。上限5""}",条件付き加点後の優先度を選んでください。,"[""最終優先度0"", ""最終優先度1"", ""最終優先度2"", ""最終優先度3"", ""最終優先度4"", ""最終優先度5""]","""4"""
v2-gen-choice-13-021,choice,generated,工程の依存順,"{""案件"": ""山道"", ""工程順"": [""受付"", ""報告"", ""準備"", ""承認"", ""実施"", ""内容確認"", ""見積作成""], ""完了済み"": [], ""規則"": ""順に実行し未完了工程を飛ばさない""}",この作業を一段進めるときに着手する工程を答えてください。残りがなければ完了です。,"{""内容確認"": ""内容確認"", ""受付"": ""受付"", ""報告"": ""報告"", ""完了"": ""全工程が完了"", ""実施"": ""実施"", ""承認"": ""承認"", ""準備"": ""準備"", ""見積作成"": ""見積作成""}","""受付"""
v2-gen-choice-04-046,choice,generated,参照先の担当,"{""案件担当"": {""水面"": ""林"", ""青空"": ""佐藤"", ""夕凪"": ""石田"", ""草原"": ""松本"", ""灯台"": ""渡辺"", ""山道"": ""高橋""}, ""資料の所属案件"": {""用紙"": ""山道"", ""シール"": ""青空"", ""クリップ"": ""夕凪"", ""袋"": ""水面"", ""封筒"": ""草原"", ""ペン"": ""灯台""}, ""確認資料"": ""用紙""}",この資料について、所属案件を通じて連絡すべき担当者は誰ですか。,"{""佐藤"": ""佐藤さん"", ""松本"": ""松本さん"", ""林"": ""林さん"", ""渡辺"": ""渡辺さん"", ""石田"": ""石田さん"", ""高橋"": ""高橋さん""}","""高橋"""
v2-gen-noul-02-017,noul,generated,全条件の充足,"{""すべて必要な条件"": [""講習受講"", ""会費支払い"", ""利用説明受講"", ""所属確認""], ""対象"": ""青木"", ""完了状況"": {""講習受講"": true, ""会費支払い"": true, ""利用説明受講"": false, ""所属確認"": true}}",規則に照らし、この人の利用資格は成立しますか。,"{""false"": ""いいえ。質問の命題は成立しない。"", ""true"": ""はい。質問の命題が成立する。""}","""false"""
v2-gen-noul-06-025,noul,generated,更新後の状態,"""朝露の状態記録: 17時には使用可能、15時には受付中、7時には空席あり、14時には受付中。時刻が新しい記録が古い記録を上書きします。""",最新の有効な記録から「満席」と言えますか。,"{""false"": ""いいえ。質問の命題は成立しない。"", ""true"": ""はい。質問の命題が成立する。""}","""false"""
v2-gen-score-14-041,score,generated,参照表の順序尺度,"""今回の検査用の対応表: 茶印は段階0、青印は段階1、黄印は段階2、黒印は段階3、赤印は段階4。夕凪の確定検査票には黄印が付いています。色に一般的な良し悪しは仮定しません。""",検査票の印を指定尺度に変換してください。,"[""表による段階0"", ""表による段階1"", ""表による段階2"", ""表による段階3"", ""表による段階4""]","""2"""
v2-gen-score-04-006,score,generated,独立チェックの合計,"{""資料"": ""朝露"", ""チェック項目"": {""連絡先あり"": false, ""題名あり"": true}, ""各項目の重み"": 1}",条件を満たした項目を一つ一点として集計してください。,"[""満たした項目が0個"", ""満たした項目が1個"", ""満たした項目が2個""]","""1"""
v2-gen-noul-02-011,noul,generated,全条件の充足,"""夕凪の利用には本人確認・講習受講がすべて必要です。山田さん: 本人確認は未完了、講習受講は未完了。""",規則に照らし、この人の利用資格は成立しますか。,"{""false"": ""いいえ。質問の命題は成立しない。"", ""true"": ""はい。質問の命題が成立する。""}","""false"""
v2-gen-score-14-039,score,generated,参照表の順序尺度,"{""検査対象"": ""若葉"", ""今回の対応表"": {""赤"": 0, ""白"": 1, ""黄"": 2}, ""確定票の印"": ""白""}",検査票の印を指定尺度に変換してください。,"[""表による段階0"", ""表による段階1"", ""表による段階2""]","""1"""
v2-gen-choice-09-040,choice,generated,利用可能集合の差,"{""利用可能品"": [""袋"", ""ペン"", ""テープ""], ""予約済み品"": [""ペン"", ""袋""]}",利用可能品のうち、予約されていない品を選んでください。,"{""テープ"": ""テープ"", ""ペン"": ""ペン"", ""袋"": ""袋""}","""テープ"""
v2-gen-noul-03-003,noul,generated,いずれかの条件,"{""いずれか一つ以上必要"": [""受付確認票"", ""招待券""], ""所持状況"": {""受付確認票"": false, ""招待券"": false}, ""対象"": ""山田""}",この人は受付基準を満たしていますか。,"{""false"": ""いいえ。質問の命題は成立しない。"", ""true"": ""はい。質問の命題が成立する。""}","""false"""
v2-gen-choice-07-002,choice,generated,複数属性の制約,"""在庫表: ファイルは黒色・木製・在庫あり、ラベルは緑色・ガラス製・在庫あり、ノートは黒色・ガラス製・在庫あり、テープは赤色・ガラス製・在庫あり、袋は黄色・ガラス製・在庫あり、付箋は黒色・ガラス製・在庫なし。""",黒色でガラス製、在庫もある品を選んでください。,"{""テープ"": ""テープ"", ""ノート"": ""ノート"", ""ファイル"": ""ファイル"", ""ラベル"": ""ラベル"", ""付箋"": ""付箋"", ""袋"": ""袋""}","""ノート"""
v2-gen-choice-02-048,choice,generated,条件と優先例外,"{""規則"": ""会員かつ5個以上なら優待。ただし予約品は常に通常"", ""会員"": true, ""購入数"": 14, ""予約品"": false}",会計時の区分を一つ決めてください。,"{""優待"": ""優待の扱い"", ""通常"": ""通常の扱い""}","""優待"""
v2-gen-score-03-028,score,generated,順番に進む工程,"{""案件"": ""朝露"", ""工程順"": [""調査"", ""日程調整""], ""完了済み"": [], ""着手中は完了に含めない"": true}",完了済みの到達段階を選んでください。,"[""完了した工程はまだない"", ""先頭から1工程が完了（最後に完了したのは調査）"", ""先頭から2工程が完了（最後に完了したのは日程調整）""]","""0"""
v2-gen-score-04-013,score,generated,独立チェックの合計,"""灯台資料の点検: 連絡先ありは満たす、添付ありは満たす。各項目は一つずつ数えます。""",条件を満たした項目を一つ一点として集計してください。,"[""満たした項目が0個"", ""満たした項目が1個"", ""満たした項目が2個""]","""2"""
v2-gen-score-11-014,score,generated,時刻順の評価更新,"{""案件"": ""朝露"", ""評価更新"": [{""時刻"": 17, ""段階"": 0}, {""時刻"": 14, ""段階"": 5}, {""時刻"": 10, ""段階"": 1}], ""採用規則"": ""最新時刻だけを採用""}",現在採用すべき評価段階を選んでください。,"[""評価段階0"", ""評価段階1"", ""評価段階2"", ""評価段階3"", ""評価段階4"", ""評価段階5""]","""0"""
v2-gen-score-01-021,score,generated,件数の段階境界,"""春風で確認待ちの申請を数えたところ、現在11件でした。処理済みは数に含めていません。""",件数だけを評価尺度に照らして判定してください。,"[""対象件数が4件未満"", ""対象件数が4件以上、8件未満"", ""対象件数が8件以上、12件未満"", ""対象件数が12件以上、16件未満"", ""対象件数が16件以上、20件未満"", ""対象件数が20件以上、24件未満"", ""対象件数が24件以上、28件未満"", ""対象件数が28件以上""]","""2"""
v2-gen-choice-05-020,choice,generated,否定条件で選択,"{""検品"": [{""品名"": ""ケース"", ""封がある"": true, ""濡れている"": true}, {""品名"": ""用紙"", ""封がある"": true, ""濡れている"": true}, {""品名"": ""ノート"", ""封がある"": false, ""濡れている"": false}, {""品名"": ""名札"", ""封がある"": true, ""濡れている"": false}, {""品名"": ""封筒"", ""封がある"": true, ""濡れている"": false}]}",封がないもので、かつ濡れていない品を選んでください。,"{""ケース"": ""ケース"", ""ノート"": ""ノート"", ""名札"": ""名札"", ""封筒"": ""封筒"", ""用紙"": ""用紙""}","""ノート"""
v2-gen-choice-01-029,choice,generated,問い合わせ経路,"{""分類表"": {""アカウント"": [""ログイン"", ""パスワード"", ""退会""], ""修理"": [""修理見積"", ""修理進捗"", ""保証修理""], ""請求"": [""二重請求"", ""領収書"", ""返金""]}, ""本文"": ""返金の入金予定を知りたいです"", ""受付主題"": ""返金""}",受付分類表を使って、この相談の担当を決めてください。,"{""アカウント"": ""アカウントの窓口"", ""修理"": ""修理の窓口"", ""請求"": ""請求の窓口""}","""請求"""
v2-gen-noul-12-045,noul,generated,記録と主張の照合,"""朝露施設の入口について、いま確認した確定記録は北口は4分の1だけ開いている、南口は完全に閉じている、東口は4分の1だけ開いている、西口は半分だけ開いている、裏口は完全に閉じている、搬入口は半分だけ開いているです。現在の判断にはこの確定記録だけを使います。""",確定情報から、搬入口は完全に閉じていると言えますか。,"{""false"": ""いいえ。質問の命題は成立しない。"", ""true"": ""はい。質問の命題が成立する。""}","""false"""
v2-gen-choice-14-042,choice,generated,二属性照合,"""展示品の札: ファイルは茶色・樹脂製、シールは紫色・ガラス製、カードは黄色・金属製、テープは紫色・紙製。探しているのは茶色の樹脂製です。""",指定された色と素材の両方が一致する品を選んでください。,"{""カード"": ""カード"", ""シール"": ""シール"", ""テープ"": ""テープ"", ""ファイル"": ""ファイル""}","""ファイル"""
v2-gen-noul-04-026,noul,generated,例外の優先,"""規則: 会員であれば灯台を利用できます。ただし再審査中なら利用できません。森さんは会員に該当、再審査中に非該当です。""",この人は現在、利用可能ですか。,"{""false"": ""いいえ。質問の命題は成立しない。"", ""true"": ""はい。質問の命題が成立する。""}","""true"""
v2-gen-noul-08-018,noul,generated,集合と否定所属,"""青空の参加者名簿は大野、石田、山田、吉田、中村です。この名簿は完全で、記載のない人は参加者ではありません。""",山田さんは参加者であると言えますか。,"{""false"": ""いいえ。質問の命題は成立しない。"", ""true"": ""はい。質問の命題が成立する。""}","""true"""
v2-gen-choice-15-009,choice,generated,文章内の順序参照,"""灯台会議では、発表者を発表順に「青木、遠藤、中村、大野、加藤」と紹介しました。同じ人の再登場はありません。""",最初を1番目として、3番目の発表者を選んでください。,"{""中村"": ""中村さん"", ""加藤"": ""加藤さん"", ""大野"": ""大野さん"", ""遠藤"": ""遠藤さん"", ""青木"": ""青木さん""}","""中村"""
v2-gen-choice-02-037,choice,generated,条件と優先例外,"""星空店では会員で購入数が4個以上なら優待扱いです。ただし予約品は購入数や会員資格にかかわらず通常扱いです。今回は3個、非会員、予約品です。""",例外も踏まえて、今回の購入区分はどれですか。,"{""優待"": ""優待の扱い"", ""通常"": ""通常の扱い""}","""通常"""
v2-gen-score-02-032,score,generated,記述の満足段階,"""青木さんは星空の体験について「満足の程度は最高だった」と回答しました。追加の発言はありません。""",感想に明示された評価を尺度へ対応づけてください。,"[""やや不満"", ""どちらでもない"", ""満足"", ""強い満足"", ""極めて強い満足"", ""最高の満足""]","""5"""
v2-gen-score-03-009,score,generated,順番に進む工程,"{""案件"": ""朝露"", ""工程順"": [""準備"", ""実施"", ""日程調整"", ""受付""], ""完了済み"": [], ""着手中は完了に含めない"": true}",工程の完了状況を段階尺度で評価してください。,"[""完了した工程はまだない"", ""先頭から1工程が完了（最後に完了したのは準備）"", ""先頭から2工程が完了（最後に完了したのは実施）"", ""先頭から3工程が完了（最後に完了したのは日程調整）"", ""先頭から4工程が完了（最後に完了したのは受付）""]","""0"""
v2-gen-noul-07-009,noul,generated,識別文字列の完全一致,"""商品ラベルの管理コードは「GH4-A」、注文票の管理コードは「GH4-A」です。照合では大文字と小文字、記号の違いも区別します。""",指定された照合規則で一致と判定できますか。,"{""false"": ""いいえ。質問の命題は成立しない。"", ""true"": ""はい。質問の命題が成立する。""}","""true"""
v2-gen-noul-05-031,noul,generated,締切の境界,"{""受付規則"": ""12時より前だけ受け付け、12時ちょうどは無効"", ""提出者"": ""中村"", ""提出時刻"": 16}",記録された提出時刻は締切内ですか。,"{""false"": ""いいえ。質問の命題は成立しない。"", ""true"": ""はい。質問の命題が成立する。""}","""false"""
v2-gen-score-13-014,score,generated,取消しを反映した件数,"""夕凪の申込み記録: 上田は未受付・取消なし、林は未受付・取消なし、加藤は未受付・取消なし、青木は未受付・取消なし、高橋は受付済み・取消なし、石田は未受付・取消なし、松本は未受付・取消なし、木村は受付済み・取消なし。取消済みの申込みは有効件数から除きます。5件以上は最終段階5にまとめます。""",取消し後に残る有効申込み数を段階として選んでください。,"[""有効申込みが0件"", ""有効申込みが1件"", ""有効申込みが2件"", ""有効申込みが3件"", ""有効申込みが4件"", ""有効申込みが5件以上""]","""2"""
v2-gen-noul-01-049,noul,generated,事実と否定質問,"{""対象者"": ""渡辺"", ""項目"": ""引継ぎを完了"", ""実施済み"": true}",記録上、渡辺さんは引継ぎを完了していないと言えますか。,"{""false"": ""いいえ。質問の命題は成立しない。"", ""true"": ""はい。質問の命題が成立する。""}","""false"""
v2-gen-score-08-033,score,generated,要件への一致数,"{""注文要件"": {""形"": ""三角"", ""サイズ"": ""大"", ""印字"": ""あり""}, ""提案品"": {""形"": ""四角"", ""サイズ"": ""大"", ""印字"": ""あり""}}",注文要件と一致している属性の数を段階として選んでください。,"[""一致した要件が0項目"", ""一致した要件が1項目"", ""一致した要件が2項目"", ""一致した要件が3項目""]","""2"""
v2-gen-choice-01-018,choice,generated,問い合わせ経路,"{""分類表"": {""請求"": [""二重請求"", ""領収書"", ""返金""], ""修理"": [""修理見積"", ""修理進捗"", ""保証修理""]}, ""本文"": ""依頼中の修理がどこまで進んだか知りたいです"", ""受付主題"": ""修理進捗""}",受付分類表を使って、この相談の担当を決めてください。,"{""修理"": ""修理の窓口"", ""請求"": ""請求の窓口""}","""修理"""
v2-gen-choice-05-003,choice,generated,否定条件で選択,"""検品記録: 用紙は封ありで濡れていない、封筒は封なしで濡れていない、ラベルは封ありで濡れている、ノートは封なしで濡れていない、クリップは封なしで濡れていない、テープは封なしで濡れている、カードは封なしで濡れている。""",封があるもので、かつ濡れていない品を選んでください。,"{""カード"": ""カード"", ""クリップ"": ""クリップ"", ""テープ"": ""テープ"", ""ノート"": ""ノート"", ""ラベル"": ""ラベル"", ""封筒"": ""封筒"", ""用紙"": ""用紙""}","""用紙"""
v2-gen-score-08-031,score,generated,要件への一致数,"{""注文要件"": {""素材"": ""布""}, ""提案品"": {""素材"": ""木""}}",各属性の完全一致を一点として採点してください。,"[""一致した要件が0項目"", ""一致した要件が1項目""]","""0"""
v2-gen-choice-13-022,choice,generated,工程の依存順,"{""案件"": ""朝露"", ""工程順"": [""承認"", ""準備"", ""実施"", ""受付"", ""内容確認"", ""報告"", ""見積作成""], ""完了済み"": [""承認"", ""準備"", ""実施"", ""受付"", ""内容確認""], ""規則"": ""順に実行し未完了工程を飛ばさない""}",まだ済んでいない最初の工程は何ですか。存在しない場合は完了です。,"{""内容確認"": ""内容確認"", ""受付"": ""受付"", ""報告"": ""報告"", ""完了"": ""全工程が完了"", ""実施"": ""実施"", ""承認"": ""承認"", ""準備"": ""準備"", ""見積作成"": ""見積作成""}","""報告"""
v2-gen-score-01-026,score,generated,件数の段階境界,"""春風で検品で見つかった不備を数えたところ、現在3件でした。処理済みは数に含めていません。""",件数だけを評価尺度に照らして判定してください。,"[""対象件数が1件未満"", ""対象件数が1件以上、2件未満"", ""対象件数が2件以上、3件未満"", ""対象件数が3件以上、4件未満"", ""対象件数が4件以上、5件未満"", ""対象件数が5件以上""]","""3"""
v2-gen-score-10-026,score,generated,不足の段階,"{""申請"": ""草原"", ""必要書類"": [""添付図"", ""確認票"", ""申込書""], ""届いた書類"": [], ""余分な書類で代用できる"": false}",必要一覧と届いた一覧を照合し、不足の程度を判定してください。,"[""不足が0種類"", ""不足が1種類"", ""不足が2種類"", ""不足が3種類""]","""3"""
v2-gen-noul-14-018,noul,generated,予定時間の重なり,"{""対象者"": ""青木"", ""会議"": [13, 16], ""面談"": [15, 18], ""規則"": ""終了時刻と開始時刻が一致するだけなら重複なし""}",二つの予定の時間は重なっていますか。,"{""false"": ""いいえ。質問の命題は成立しない。"", ""true"": ""はい。質問の命題が成立する。""}","""true"""
v2-gen-choice-13-027,choice,generated,工程の依存順,"""案件「草原」の工程順は見積作成→報告→実施→承認→内容確認→受付です。途中の工程を飛ばすことはできません。完了済みは見積作成、報告、実施です。""",次に行う工程を選んでください。すべて済んでいれば完了を選びます。,"{""内容確認"": ""内容確認"", ""受付"": ""受付"", ""報告"": ""報告"", ""完了"": ""全工程が完了"", ""実施"": ""実施"", ""承認"": ""承認"", ""見積作成"": ""見積作成""}","""承認"""
v2-gen-choice-13-006,choice,generated,工程の依存順,"""案件「星空」の工程順は見積作成→内容確認→報告→準備→実施です。途中の工程を飛ばすことはできません。完了済みは見積作成、内容確認、報告です。""",まだ済んでいない最初の工程は何ですか。存在しない場合は完了です。,"{""内容確認"": ""内容確認"", ""報告"": ""報告"", ""完了"": ""全工程が完了"", ""実施"": ""実施"", ""準備"": ""準備"", ""見積作成"": ""見積作成""}","""準備"""
v2-gen-noul-07-005,noul,generated,識別文字列の完全一致,"{""商品ラベル"": ""CD8-D"", ""注文票"": ""CD8-D"", ""照合規則"": ""大文字小文字と記号も含む完全一致""}",二つの管理コードは完全一致していますか。,"{""false"": ""いいえ。質問の命題は成立しない。"", ""true"": ""はい。質問の命題が成立する。""}","""true"""
v2-gen-choice-13-041,choice,generated,工程の依存順,"""案件「春風」の工程順は内容確認→見積作成→受付→承認→準備→実施です。途中の工程を飛ばすことはできません。完了済みは内容確認です。""",この作業を一段進めるときに着手する工程を答えてください。残りがなければ完了です。,"{""内容確認"": ""内容確認"", ""受付"": ""受付"", ""完了"": ""全工程が完了"", ""実施"": ""実施"", ""承認"": ""承認"", ""準備"": ""準備"", ""見積作成"": ""見積作成""}","""見積作成"""
v2-gen-noul-11-031,noul,generated,参照関係の真偽,"""担当表: 山道は渡辺、星空は森、青空は中村、灯台は上田。資料の関連先: 箱は星空、カードは青空、シールは灯台、クリップは山道。""",カードに関連する案件の担当は中村さんですか。,"{""false"": ""いいえ。質問の命題は成立しない。"", ""true"": ""はい。質問の命題が成立する。""}","""true"""
v2-gen-choice-14-004,choice,generated,二属性照合,"{""展示品"": [{""品名"": ""カード"", ""色"": ""紫"", ""素材"": ""ガラス""}, {""品名"": ""ファイル"", ""色"": ""赤"", ""素材"": ""木""}], ""指定色"": ""紫"", ""指定素材"": ""ガラス""}",指定された色と素材の両方が一致する品を選んでください。,"{""カード"": ""カード"", ""ファイル"": ""ファイル""}","""カード"""
v2-gen-score-10-045,score,generated,不足の段階,"""若葉申請で必要なものは同意書。届いたものは案内状、同意書です。必要一覧にない書類は不足を埋めません。""",必要一覧と届いた一覧を照合し、不足の程度を判定してください。,"[""不足が0種類"", ""不足が1種類""]","""0"""
v2-gen-choice-14-045,choice,generated,二属性照合,"{""展示品"": [{""品名"": ""ノート"", ""色"": ""青"", ""素材"": ""紙""}, {""品名"": ""名札"", ""色"": ""青"", ""素材"": ""木""}], ""指定色"": ""青"", ""指定素材"": ""木""}",指定された色と素材の両方が一致する品を選んでください。,"{""ノート"": ""ノート"", ""名札"": ""名札""}","""名札"""
v2-gen-noul-09-037,noul,generated,重複を除いた件数,"{""棚"": ""灯台"", ""読み取り品名"": [""袋"", ""テープ"", ""ペン"", ""ラベル"", ""冊子"", ""ペン"", ""テープ"", ""封筒""], ""数え方"": ""同一品名の重複を除く""}",重複を除いた種類数は6以上という条件を満たしますか。,"{""false"": ""いいえ。質問の命題は成立しない。"", ""true"": ""はい。質問の命題が成立する。""}","""true"""
v2-gen-score-03-019,score,generated,順番に進む工程,"{""案件"": ""夕凪"", ""工程順"": [""引継ぎ"", ""実施"", ""準備"", ""調査"", ""受付"", ""審査"", ""日程調整""], ""完了済み"": [], ""着手中は完了に含めない"": true}",この案件は完了ベースでどの段階まで進みましたか。,"[""完了した工程はまだない"", ""先頭から1工程が完了（最後に完了したのは引継ぎ）"", ""先頭から2工程が完了（最後に完了したのは実施）"", ""先頭から3工程が完了（最後に完了したのは準備）"", ""先頭から4工程が完了（最後に完了したのは調査）"", ""先頭から5工程が完了（最後に完了したのは受付）"", ""先頭から6工程が完了（最後に完了したのは審査）"", ""先頭から7工程が完了（最後に完了したのは日程調整）""]","""0"""
v2-gen-noul-05-034,noul,generated,締切の境界,"{""受付規則"": ""16時より前だけ受け付け、16時ちょうどは無効"", ""提出者"": ""遠藤"", ""提出時刻"": 8}",記録された提出時刻は締切内ですか。,"{""false"": ""いいえ。質問の命題は成立しない。"", ""true"": ""はい。質問の命題が成立する。""}","""true"""
v2-gen-noul-09-025,noul,generated,重複を除いた件数,"""朝露棚で読み取った品名はテープ、冊子、付箋、名札、ノート、シール、用紙、袋、ノート、シールでした。同じ品名の繰り返しは一種類として数えます。""",重複を除いた種類数は2以上という条件を満たしますか。,"{""false"": ""いいえ。質問の命題は成立しない。"", ""true"": ""はい。質問の命題が成立する。""}","""true"""
v2-gen-choice-11-049,choice,generated,小数量の比較,"""入出庫記録: 冊子は在庫8個、そのうち予約2個、クリップは在庫8個、そのうち予約1個。予約分は自由在庫に含めません。""",今使える個数が最も少ない品を答えてください。,"{""クリップ"": ""クリップ"", ""冊子"": ""冊子""}","""冊子"""
v2-gen-noul-06-005,noul,generated,更新後の状態,"{""対象"": ""白波"", ""更新記録"": [{""時刻"": 15, ""状態"": ""使用可能""}, {""時刻"": 19, ""状態"": ""点検中""}, {""時刻"": 8, ""状態"": ""受付中""}, {""時刻"": 13, ""状態"": ""停止中""}], ""規則"": ""最新時刻の記録が有効""}",最新の有効な記録から「受付中」と言えますか。,"{""false"": ""いいえ。質問の命題は成立しない。"", ""true"": ""はい。質問の命題が成立する。""}","""false"""
v2-gen-noul-13-040,noul,generated,範囲の開閉境界,"{""下限条件"": ""3個以上"", ""上限条件"": ""9個以下"", ""今回の個数"": 10, ""関係"": ""両方を満たすこと""}",指定された範囲条件を満たしていますか。,"{""false"": ""いいえ。質問の命題は成立しない。"", ""true"": ""はい。質問の命題が成立する。""}","""false"""
v2-gen-score-12-046,score,generated,目標からの差,"{""案件"": ""木漏れ日"", ""目標数"": 8, ""実績数"": 8, ""採点"": ""差の絶対値。ただし2以上は段階2""}",示された上限を含め、実績のずれを段階に変換してください。,"[""目標との差が0個"", ""目標との差が1個"", ""目標との差が2個以上""]","""0"""
v2-gen-noul-08-024,noul,generated,集合と否定所属,"{""催し"": ""灯台"", ""完全な参加者名簿"": [""上田"", ""大野"", ""佐藤"", ""松本"", ""遠藤""], ""補足"": ""名前のない人は参加者ではない""}",『大野さんは参加者である』という記述は正しいですか。,"{""false"": ""いいえ。質問の命題は成立しない。"", ""true"": ""はい。質問の命題が成立する。""}","""true"""
v2-gen-choice-08-036,choice,generated,改訂と例外の優先,"""通常品の貼付ラベルについて、連絡は古い順に「青」「紫」「白」でした。後の連絡が前の連絡を上書きします。ただし冷蔵品には連絡履歴に関係なく黒ラベルを貼ります。今回の荷物は冷蔵品です。""",今回適用されるラベルを一つ決めてください。,"{""白"": ""白ラベル"", ""紫"": ""紫ラベル"", ""赤"": ""赤ラベル"", ""青"": ""青ラベル"", ""黒"": ""黒ラベル""}","""黒"""
v2-gen-noul-02-003,noul,generated,全条件の充足,"{""すべて必要な条件"": [""本人確認"", ""利用説明受講"", ""所属確認"", ""同意書提出""], ""対象"": ""大野"", ""完了状況"": {""本人確認"": false, ""利用説明受講"": true, ""所属確認"": false, ""同意書提出"": false}}",不足条件なく利用を許可できますか。,"{""false"": ""いいえ。質問の命題は成立しない。"", ""true"": ""はい。質問の命題が成立する。""}","""false"""
v2-gen-choice-04-013,choice,generated,参照先の担当,"{""案件担当"": {""水面"": ""吉田"", ""若葉"": ""渡辺"", ""夕凪"": ""上田"", ""草原"": ""木村""}, ""資料の所属案件"": {""箱"": ""若葉"", ""ラベル"": ""水面"", ""ノート"": ""夕凪"", ""テープ"": ""草原""}, ""確認資料"": ""ラベル""}",確認資料が属する案件の担当者を選んでください。,"{""上田"": ""上田さん"", ""吉田"": ""吉田さん"", ""木村"": ""木村さん"", ""渡辺"": ""渡辺さん""}","""吉田"""
v2-gen-noul-06-001,noul,generated,更新後の状態,"""夕凪の状態記録: 15時には点検中、21時には使用可能、12時には使用可能。時刻が新しい記録が古い記録を上書きします。""",最新の有効な記録から「点検中」と言えますか。,"{""false"": ""いいえ。質問の命題は成立しない。"", ""true"": ""はい。質問の命題が成立する。""}","""false"""
v2-gen-score-02-033,score,generated,記述の満足段階,"{""回答者"": ""山田"", ""対象"": ""木漏れ日"", ""感想原文"": ""期待を満たしていて、満足した""}",感想に明示された評価を尺度へ対応づけてください。,"[""極めて強い不満"", ""不満"", ""どちらでもない"", ""やや満足"", ""満足"", ""強い満足"", ""最高の満足""]","""4"""
v2-gen-score-07-049,score,generated,証拠の最高到達段階,"{""調査"": ""木漏れ日"", ""この調査の証拠段階"": {""監査記録"": 1, ""担当者報告"": 2, ""口頭メモ"": 3, ""署名済み文書"": 4, ""検収記録"": 5}, ""得られた証拠"": [""監査記録""], ""集約規則"": ""得られた段階の最大。証拠なしは0""}",明示された段階表だけで証拠を評価してください。,"[""証拠なしの段階0"", ""表に基づく最高証拠段階1"", ""表に基づく最高証拠段階2"", ""表に基づく最高証拠段階3"", ""表に基づく最高証拠段階4"", ""表に基づく最高証拠段階5""]","""1"""
v2-gen-score-07-017,score,generated,証拠の最高到達段階,"""この調査固有の証拠段階表: 検収記録は段階1。木漏れ日で得られた証拠は検収記録。複数ある場合は最大の段階を使い、なければ0です。""",この調査の証拠段階を選んでください。,"[""証拠なしの段階0"", ""表に基づく最高証拠段階1""]","""1"""
v2-gen-score-12-032,score,generated,目標からの差,"""白波の目標数は11個、実績は12個です。多すぎても少なすぎても、目標から何個離れたかで評価します。差が2個以上なら最終段階2にまとめます。""",示された上限を含め、実績のずれを段階に変換してください。,"[""目標との差が0個"", ""目標との差が1個"", ""目標との差が2個以上""]","""1"""
v2-gen-noul-05-001,noul,generated,締切の境界,"{""受付規則"": ""12時ちょうどまで受け付け、同時刻の提出も有効"", ""提出者"": ""青木"", ""提出時刻"": 17}",この提出は時間条件を満たしていますか。,"{""false"": ""いいえ。質問の命題は成立しない。"", ""true"": ""はい。質問の命題が成立する。""}","""false"""
v2-gen-noul-11-003,noul,generated,参照関係の真偽,"{""案件担当"": {""春風"": ""松本"", ""星空"": ""山田"", ""水面"": ""石田"", ""朝露"": ""中村"", ""若葉"": ""高橋""}, ""資料関連先"": {""封筒"": ""若葉"", ""名札"": ""星空"", ""冊子"": ""水面"", ""ペン"": ""春風"", ""カード"": ""朝露""}}",冊子に関連する案件の担当は石田さんですか。,"{""false"": ""いいえ。質問の命題は成立しない。"", ""true"": ""はい。質問の命題が成立する。""}","""true"""
v2-gen-noul-03-025,noul,generated,いずれかの条件,"""夕凪の受付では招待券・引換券のうち一つ以上があれば通れます。木村さん: 招待券はなし、引換券はなし。""",記載された条件で受付を通れますか。,"{""false"": ""いいえ。質問の命題は成立しない。"", ""true"": ""はい。質問の命題が成立する。""}","""false"""
v2-gen-choice-01-022,choice,generated,問い合わせ経路,"{""分類表"": {""店舗"": [""営業時間"", ""店内設備"", ""店舗の場所""], ""配送"": [""届け先変更"", ""荷物の遅延"", ""追跡番号""]}, ""本文"": ""お店は何時から何時まで開いていますか"", ""受付主題"": ""営業時間""}",受付分類表を使って、この相談の担当を決めてください。,"{""店舗"": ""店舗の窓口"", ""配送"": ""配送の窓口""}","""店舗"""
v2-gen-score-02-043,score,generated,記述の満足段階,"{""回答者"": ""大野"", ""対象"": ""水面"", ""感想原文"": ""満足でも不満でもない""}",回答者が表明した満足の程度を分類してください。,"[""不満"", ""どちらでもない"", ""満足""]","""1"""
v2-gen-noul-12-035,noul,generated,記録と主張の照合,"""灯台施設の入口について、いま確認した確定記録は北口は完全に開いている、南口は4分の1だけ開いている、東口は完全に開いている、西口は4分の1だけ開いている、裏口は完全に閉じている、搬入口は半分だけ開いているです。現在の判断にはこの確定記録だけを使います。""",『現在の裏口は半分だけ開いている』という主張は確定記録と一致しますか。,"{""false"": ""いいえ。質問の命題は成立しない。"", ""true"": ""はい。質問の命題が成立する。""}","""false"""
v2-gen-noul-06-016,noul,generated,更新後の状態,"{""対象"": ""青空"", ""更新記録"": [{""時刻"": 10, ""状態"": ""点検中""}, {""時刻"": 19, ""状態"": ""使用可能""}, {""時刻"": 14, ""状態"": ""点検中""}], ""規則"": ""最新時刻の記録が有効""}",現在の状態は「使用可能」ですか。,"{""false"": ""いいえ。質問の命題は成立しない。"", ""true"": ""はい。質問の命題が成立する。""}","""true"""
v2-gen-choice-01-002,choice,generated,問い合わせ経路,"""受付分類表は次のとおりです。アカウント窓口: ログイン・パスワード・退会 / 配送窓口: 届け先変更・荷物の遅延・追跡番号 / 契約窓口: 契約更新・プラン変更・解約手続き / 店舗窓口: 営業時間・店内設備・店舗の場所 / イベント窓口: 申込期限・会場案内・参加取消 / 請求窓口: 二重請求・領収書・返金。問い合わせ本文:「イベントの会場への行き方を教えてください」。受付担当が付けた主題は「会場案内」です。""",受付分類表を使って、この相談の担当を決めてください。,"{""アカウント"": ""アカウントの窓口"", ""イベント"": ""イベントの窓口"", ""契約"": ""契約の窓口"", ""店舗"": ""店舗の窓口"", ""請求"": ""請求の窓口"", ""配送"": ""配送の窓口""}","""イベント"""
v2-gen-noul-10-047,noul,generated,条件付き義務,"""規則: 社外向けのときだけ受付印の押印が必須です。それ以外の場合にはこの義務はなく、実施していても構いません。今回の案件は社外向けに該当で、受付印の押印は未実施です。""",この義務に関して、規則上問題なしと判定できますか。,"{""false"": ""いいえ。質問の命題は成立しない。"", ""true"": ""はい。質問の命題が成立する。""}","""false"""
v2-gen-noul-10-021,noul,generated,条件付き義務,"{""規則"": ""個人向けなら記録票の保存が必要。それ以外では義務なし"", ""条件に該当"": true, ""必要処置を実施"": false}",この義務に関して、規則上問題なしと判定できますか。,"{""false"": ""いいえ。質問の命題は成立しない。"", ""true"": ""はい。質問の命題が成立する。""}","""false"""
v2-gen-choice-07-040,choice,generated,複数属性の制約,"{""在庫表"": [{""品名"": ""用紙"", ""色"": ""青"", ""素材"": ""ガラス"", ""在庫あり"": true}, {""品名"": ""ノート"", ""色"": ""黒"", ""素材"": ""金属"", ""在庫あり"": true}, {""品名"": ""カード"", ""色"": ""黒"", ""素材"": ""ガラス"", ""在庫あり"": false}, {""品名"": ""名札"", ""色"": ""黒"", ""素材"": ""ガラス"", ""在庫あり"": true}, {""品名"": ""クリップ"", ""色"": ""黒"", ""素材"": ""ガラス"", ""在庫あり"": false}, {""品名"": ""ラベル"", ""色"": ""黒"", ""素材"": ""樹脂"", ""在庫あり"": true}, {""品名"": ""ケース"", ""色"": ""黄"", ""素材"": ""ガラス"", ""在庫あり"": true}, {""品名"": ""シール"", ""色"": ""黒"", ""素材"": ""ガラス"", ""在庫あり"": false}]}",黒色でガラス製、在庫もある品を選んでください。,"{""カード"": ""カード"", ""クリップ"": ""クリップ"", ""ケース"": ""ケース"", ""シール"": ""シール"", ""ノート"": ""ノート"", ""ラベル"": ""ラベル"", ""名札"": ""名札"", ""用紙"": ""用紙""}","""名札"""
v2-gen-score-09-042,score,generated,例外による上限,"""検査合格状況: 動作は合格、外観は合格、記録は合格、表示は合格、包装は合格。合格項目一つにつき1点ですが、要再確認の印があれば上限2点に制限します。今回その印はあります。""",例外条件を反映した評価段階を答えてください。,"[""最終点0点"", ""最終点1点"", ""最終点2点"", ""最終点3点"", ""最終点4点"", ""最終点5点""]","""2"""
v2-gen-score-11-046,score,generated,時刻順の評価更新,"""夕凪の評価更新履歴: 20時に段階2、13時に段階0、11時に段階1、8時に段階2、21時に段階2、14時に段階2。評価は最新時刻の値だけを採用します。""",履歴の記載順に惑わされず、最新評価を答えてください。,"[""評価段階0"", ""評価段階1"", ""評価段階2""]","""2"""
v2-gen-score-01-009,score,generated,件数の段階境界,"""朝露で未処理の連絡を数えたところ、現在4件でした。処理済みは数に含めていません。""",記録された数に対応する段階を選んでください。,"[""対象件数が4件未満"", ""対象件数が4件以上、8件未満"", ""対象件数が8件以上""]","""1"""
v2-gen-score-11-023,score,generated,時刻順の評価更新,"""白波の評価更新履歴: 10時に段階6、9時に段階1、21時に段階1。評価は最新時刻の値だけを採用します。""",履歴の記載順に惑わされず、最新評価を答えてください。,"[""評価段階0"", ""評価段階1"", ""評価段階2"", ""評価段階3"", ""評価段階4"", ""評価段階5"", ""評価段階6"", ""評価段階7""]","""1"""
v2-gen-choice-03-035,choice,generated,最終更新,"""案件「木漏れ日」の記録です。19時の更新: 受取済み。 10時の更新: 差戻し。 17時の更新: 差戻し。 11時の更新: 確認中。""",時刻が最も新しい更新に基づく状態を答えてください。,"{""受取済み"": ""受取済み"", ""差戻し"": ""差戻し"", ""発送済み"": ""発送済み"", ""確認中"": ""確認中""}","""受取済み"""
v2-gen-score-12-041,score,generated,目標からの差,"""山道の目標数は9個、実績は12個です。多すぎても少なすぎても、目標から何個離れたかで評価します。差が4個以上なら最終段階4にまとめます。""",不足・超過の向きではなく差の大きさで評価してください。,"[""目標との差が0個"", ""目標との差が1個"", ""目標との差が2個"", ""目標との差が3個"", ""目標との差が4個以上""]","""3"""
v2-gen-choice-15-003,choice,generated,文章内の順序参照,"{""会議"": ""青空"", ""発表順"": [""青木"", ""加藤"", ""中村"", ""大野"", ""松本""]}",紹介された順番で1人目に発表する人は誰ですか。,"{""中村"": ""中村さん"", ""加藤"": ""加藤さん"", ""大野"": ""大野さん"", ""松本"": ""松本さん"", ""青木"": ""青木さん""}","""青木"""
v2-gen-noul-07-033,noul,generated,識別文字列の完全一致,"""商品ラベルの管理コードは「EF2-D」、注文票の管理コードは「EF2-D」です。照合では大文字と小文字、記号の違いも区別します。""",指定された照合規則で一致と判定できますか。,"{""false"": ""いいえ。質問の命題は成立しない。"", ""true"": ""はい。質問の命題が成立する。""}","""true"""
v2-gen-score-01-045,score,generated,件数の段階境界,"{""案件"": ""若葉"", ""計数対象"": ""検品で見つかった不備"", ""件数"": 6, ""処理済みを除外"": true}",現在の件数を指定の段階基準に当てはめてください。,"[""対象件数が3件未満"", ""対象件数が3件以上、6件未満"", ""対象件数が6件以上、9件未満"", ""対象件数が9件以上""]","""2"""
v2-gen-noul-15-049,noul,generated,出来事の前後関係,"{""担当者"": ""渡辺"", ""実施順"": [""検品"", ""棚への配置"", ""電話連絡"", ""休憩"", ""荷物受取"", ""伝票記入"", ""報告"", ""引継ぎ""], ""各作業の実施回数"": 1}",日誌では荷物受取の方が伝票記入より先ですか。,"{""false"": ""いいえ。質問の命題は成立しない。"", ""true"": ""はい。質問の命題が成立する。""}","""true"""
v2-gen-noul-14-044,noul,generated,予定時間の重なり,"""吉田さんの予定: 青空会議は13時から14時、面談は13時から16時。終了と次の開始が同時刻の場合は重複とは扱いません。""",二つの予定の時間は重なっていますか。,"{""false"": ""いいえ。質問の命題は成立しない。"", ""true"": ""はい。質問の命題が成立する。""}","""true"""
v2-gen-noul-14-031,noul,generated,予定時間の重なり,"{""対象者"": ""大野"", ""会議"": [14, 16], ""面談"": [17, 19], ""規則"": ""終了時刻と開始時刻が一致するだけなら重複なし""}",二つの予定の時間は重なっていますか。,"{""false"": ""いいえ。質問の命題は成立しない。"", ""true"": ""はい。質問の命題が成立する。""}","""false"""
v2-gen-score-06-023,score,generated,約束時刻からの遅れ,"{""便"": ""夕凪"", ""約束時刻"": 7, ""実際の到着時刻"": 19, ""同日"": true, ""早着時の遅れ"": 0}",遅れの時間に対応する段階を答えてください。,"[""遅れが2時間未満"", ""遅れが2時間以上、4時間未満"", ""遅れが4時間以上、6時間未満"", ""遅れが6時間以上、8時間未満"", ""遅れが8時間以上、10時間未満"", ""遅れが10時間以上、12時間未満"", ""遅れが12時間以上、14時間未満"", ""遅れが14時間以上""]","""6"""
v2-gen-noul-01-032,noul,generated,事実と否定質問,"""遠藤さんについての確定記録: 会場を設営しています。""",確定情報だけから、遠藤さんが会場を設営しているという判断は正しいですか。,"{""false"": ""いいえ。質問の命題は成立しない。"", ""true"": ""はい。質問の命題が成立する。""}","""true"""
v2-gen-noul-12-047,noul,generated,記録と主張の照合,"{""施設"": ""夕凪"", ""入口ごとの現在の確定記録"": {""北口"": ""完全に開いている"", ""南口"": ""半分だけ開いている"", ""東口"": ""完全に開いている"", ""西口"": ""完全に開いている"", ""裏口"": ""完全に閉じている"", ""搬入口"": ""半分だけ開いている""}, ""判定資料"": ""現在の確定記録のみ""}",確定情報から、南口は完全に開いていると言えますか。,"{""false"": ""いいえ。質問の命題は成立しない。"", ""true"": ""はい。質問の命題が成立する。""}","""false"""
v2-gen-score-01-049,score,generated,件数の段階境界,"""木漏れ日で未回答の質問を数えたところ、現在25件でした。処理済みは数に含めていません。""",件数だけを評価尺度に照らして判定してください。,"[""対象件数が4件未満"", ""対象件数が4件以上、8件未満"", ""対象件数が8件以上、12件未満"", ""対象件数が12件以上、16件未満"", ""対象件数が16件以上、20件未満"", ""対象件数が20件以上、24件未満"", ""対象件数が24件以上、28件未満"", ""対象件数が28件以上""]","""6"""
v2-gen-noul-15-038,noul,generated,出来事の前後関係,"{""担当者"": ""林"", ""実施順"": [""報告"", ""休憩"", ""伝票記入"", ""電話連絡"", ""棚への配置"", ""検品"", ""引継ぎ""], ""各作業の実施回数"": 1}",日誌では電話連絡の方が報告より先ですか。,"{""false"": ""いいえ。質問の命題は成立しない。"", ""true"": ""はい。質問の命題が成立する。""}","""false"""
v2-gen-choice-11-037,choice,generated,小数量の比較,"""入出庫記録: 付箋は在庫0個、そのうち予約0個、冊子は在庫9個、そのうち予約4個、用紙は在庫15個、そのうち予約3個、箱は在庫2個、そのうち予約1個、シールは在庫9個、そのうち予約0個、封筒は在庫5個、そのうち予約3個、ノートは在庫6個、そのうち予約3個、カードは在庫10個、そのうち予約0個。予約分は自由在庫に含めません。""",自由在庫が最も多い品を選んでください。,"{""カード"": ""カード"", ""シール"": ""シール"", ""ノート"": ""ノート"", ""付箋"": ""付箋"", ""冊子"": ""冊子"", ""封筒"": ""封筒"", ""用紙"": ""用紙"", ""箱"": ""箱""}","""用紙"""
v2-gen-noul-03-038,noul,generated,いずれかの条件,"""青空の受付では入場証・当日券・引換券・会員証のうち一つ以上があれば通れます。中村さん: 入場証はあり、当日券はなし、引換券はあり、会員証はあり。""",少なくとも一つの必要条件が成立していますか。,"{""false"": ""いいえ。質問の命題は成立しない。"", ""true"": ""はい。質問の命題が成立する。""}","""true"""
v2-gen-noul-13-029,noul,generated,範囲の開閉境界,"""春風の受付数は、3個以上、かつ10個未満の場合に限り適合です。今回の数は3個です。""",下限と上限の両方の条件に合いますか。,"{""false"": ""いいえ。質問の命題は成立しない。"", ""true"": ""はい。質問の命題が成立する。""}","""true"""
v2-gen-noul-02-046,noul,generated,全条件の充足,"""木漏れ日の利用には同意書提出・申込書提出・利用説明受講がすべて必要です。林さん: 同意書提出は完了、申込書提出は完了、利用説明受講は完了。""",規則に照らし、この人の利用資格は成立しますか。,"{""false"": ""いいえ。質問の命題は成立しない。"", ""true"": ""はい。質問の命題が成立する。""}","""true"""
v2-gen-noul-12-010,noul,generated,記録と主張の照合,"{""施設"": ""水面"", ""入口ごとの現在の確定記録"": {""北口"": ""完全に閉じている"", ""南口"": ""完全に閉じている"", ""東口"": ""4分の1だけ開いている"", ""西口"": ""4分の1だけ開いている"", ""裏口"": ""完全に開いている"", ""搬入口"": ""4分の1だけ開いている""}, ""判定資料"": ""現在の確定記録のみ""}",いま裏口が完全に開いているという判断は正しいですか。,"{""false"": ""いいえ。質問の命題は成立しない。"", ""true"": ""はい。質問の命題が成立する。""}","""true"""
v2-gen-noul-12-015,noul,generated,記録と主張の照合,"{""施設"": ""水面"", ""入口ごとの現在の確定記録"": {""北口"": ""完全に閉じている"", ""南口"": ""4分の1だけ開いている"", ""東口"": ""完全に閉じている"", ""西口"": ""4分の1だけ開いている"", ""裏口"": ""半分だけ開いている"", ""搬入口"": ""4分の1だけ開いている""}, ""判定資料"": ""現在の確定記録のみ""}",いま南口が完全に開いているという判断は正しいですか。,"{""false"": ""いいえ。質問の命題は成立しない。"", ""true"": ""はい。質問の命題が成立する。""}","""false"""
v2-gen-choice-08-041,choice,generated,改訂と例外の優先,"{""通常品ラベルの改訂・古い順"": [""茶"", ""紫"", ""青""], ""優先例外"": ""冷蔵品は青"", ""荷物"": ""冷蔵品"", ""規則"": ""後の改訂が前を上書きする""}",例外と改訂の順序を考慮して、使用する色はどれですか。,"{""紫"": ""紫ラベル"", ""茶"": ""茶ラベル"", ""青"": ""青ラベル""}","""青"""
v2-gen-score-05-041,score,generated,緊急条件の加点,"""白波の基本優先度は1です。締切まで残り2時間以内なら1だけ加点し、それより長ければ加点しません。上限は3です。今回は締切まで2時間です。""",条件付き加点後の優先度を選んでください。,"[""最終優先度0"", ""最終優先度1"", ""最終優先度2"", ""最終優先度3""]","""2"""
v2-gen-score-15-042,score,generated,軽重のある項目,"""この点検の配点: 署名欠落は2点、日付欠落は1点、頁番号欠落は1点、余白不備は1点、誤字は1点。見つかった不備: 署名欠落。該当項目の点を合計し、5点以上は段階5にまとめます。""",項目数ではなく指定された点数で評価してください。,"[""不備点の合計が0点"", ""不備点の合計が1点"", ""不備点の合計が2点"", ""不備点の合計が3点"", ""不備点の合計が4点"", ""不備点の合計が5点以上""]","""2"""
v2-gen-noul-13-011,noul,generated,範囲の開閉境界,"{""下限条件"": ""3個より多い"", ""上限条件"": ""8個以下"", ""今回の個数"": 8, ""関係"": ""両方を満たすこと""}",今回の個数は適合範囲に入っていますか。,"{""false"": ""いいえ。質問の命題は成立しない。"", ""true"": ""はい。質問の命題が成立する。""}","""true"""
v2-gen-noul-15-037,noul,generated,出来事の前後関係,"""青木さんの作業日誌は実施順に伝票記入→検品→引継ぎ→荷物受取→報告→電話連絡です。記載した各作業は一回ずつ実施しました。""",『検品が先、報告が後』という順序は正しいですか。,"{""false"": ""いいえ。質問の命題は成立しない。"", ""true"": ""はい。質問の命題が成立する。""}","""true"""
v2-gen-noul-10-039,noul,generated,条件付き義務,"{""規則"": ""法人向けなら依頼者への通知が必要。それ以外では義務なし"", ""条件に該当"": true, ""必要処置を実施"": false}",この案件は記載された義務のルールに違反していませんか。違反がなければはいです。,"{""false"": ""いいえ。質問の命題は成立しない。"", ""true"": ""はい。質問の命題が成立する。""}","""false"""
v2-gen-score-09-041,score,generated,例外による上限,"""検査合格状況: 記録は不合格、付属品は不合格、表示は合格、外観は合格。合格項目一つにつき1点ですが、要再確認の印があれば上限0点に制限します。今回その印はありません。""",単純な合格数ではなく、上限ルール適用後の点数を求めてください。,"[""最終点0点"", ""最終点1点"", ""最終点2点"", ""最終点3点"", ""最終点4点""]","""2"""
v2-gen-noul-11-007,noul,generated,参照関係の真偽,"""担当表: 水面は山田、春風は渡辺、朝露は加藤、草原は石田。資料の関連先: カードは水面、付箋は草原、袋は春風、封筒は朝露。""",カードに関連する案件の担当は山田さんですか。,"{""false"": ""いいえ。質問の命題は成立しない。"", ""true"": ""はい。質問の命題が成立する。""}","""true"""
v2-gen-score-12-013,score,generated,目標からの差,"""若葉の目標数は13個、実績は9個です。多すぎても少なすぎても、目標から何個離れたかで評価します。差が4個以上なら最終段階4にまとめます。""",示された上限を含め、実績のずれを段階に変換してください。,"[""目標との差が0個"", ""目標との差が1個"", ""目標との差が2個"", ""目標との差が3個"", ""目標との差が4個以上""]","""4"""
v2-gen-choice-05-026,choice,generated,否定条件で選択,"""検品記録: シールは封なしで濡れていない、袋は封ありで濡れていない。""",封がないもので、かつ濡れていない品を選んでください。,"{""シール"": ""シール"", ""袋"": ""袋""}","""シール"""
v2-gen-score-07-009,score,generated,証拠の最高到達段階,"{""調査"": ""朝露"", ""この調査の証拠段階"": {""写真記録"": 1, ""立会記録"": 2, ""署名済み文書"": 3, ""口頭メモ"": 4, ""一次資料"": 5, ""担当者報告"": 6, ""監査記録"": 7}, ""得られた証拠"": [""署名済み文書""], ""集約規則"": ""得られた段階の最大。証拠なしは0""}",記録済みの証拠から得られる最高段階はどれですか。,"[""証拠なしの段階0"", ""表に基づく最高証拠段階1"", ""表に基づく最高証拠段階2"", ""表に基づく最高証拠段階3"", ""表に基づく最高証拠段階4"", ""表に基づく最高証拠段階5"", ""表に基づく最高証拠段階6"", ""表に基づく最高証拠段階7""]","""3"""
v2-gen-score-12-030,score,generated,目標からの差,"""朝露の目標数は9個、実績は8個です。多すぎても少なすぎても、目標から何個離れたかで評価します。差が7個以上なら最終段階7にまとめます。""",示された上限を含め、実績のずれを段階に変換してください。,"[""目標との差が0個"", ""目標との差が1個"", ""目標との差が2個"", ""目標との差が3個"", ""目標との差が4個"", ""目標との差が5個"", ""目標との差が6個"", ""目標との差が7個以上""]","""1"""
v2-gen-score-12-017,score,generated,目標からの差,"{""案件"": ""白波"", ""目標数"": 10, ""実績数"": 10, ""採点"": ""差の絶対値。ただし1以上は段階1""}",不足・超過の向きではなく差の大きさで評価してください。,"[""目標との差が0個"", ""目標との差が1個以上""]","""0"""
v2-gen-noul-09-014,noul,generated,重複を除いた件数,"{""棚"": ""山道"", ""読み取り品名"": [""ファイル"", ""ファイル"", ""ファイル"", ""ファイル"", ""ファイル""], ""数え方"": ""同一品名の重複を除く""}",重複を除いた種類数は2以上という条件を満たしますか。,"{""false"": ""いいえ。質問の命題は成立しない。"", ""true"": ""はい。質問の命題が成立する。""}","""false"""
v2-gen-score-04-044,score,generated,独立チェックの合計,"{""資料"": ""草原"", ""チェック項目"": {""管理番号あり"": false, ""題名あり"": false, ""承認印あり"": true, ""日付あり"": true, ""添付あり"": true}, ""各項目の重み"": 1}",合格した項目数に対応する段階を答えてください。,"[""満たした項目が0個"", ""満たした項目が1個"", ""満たした項目が2個"", ""満たした項目が3個"", ""満たした項目が4個"", ""満たした項目が5個""]","""3"""
v2-gen-noul-12-043,noul,generated,記録と主張の照合,"""朝露施設の入口について、いま確認した確定記録は北口は完全に開いている、南口は完全に閉じている、東口は完全に閉じている、西口は半分だけ開いている、裏口は半分だけ開いている、搬入口は完全に閉じているです。現在の判断にはこの確定記録だけを使います。""",『現在の北口は完全に閉じている』という主張は確定記録と一致しますか。,"{""false"": ""いいえ。質問の命題は成立しない。"", ""true"": ""はい。質問の命題が成立する。""}","""false"""
v2-gen-choice-03-005,choice,generated,最終更新,"""案件「星空」の記録です。9時の更新: 発送済み。 11時の更新: 取消。 10時の更新: 発送済み。""",時刻が最も新しい更新に基づく状態を答えてください。,"{""保留"": ""保留"", ""取消"": ""取消"", ""受取済み"": ""受取済み"", ""差戻し"": ""差戻し"", ""承認"": ""承認"", ""未着手"": ""未着手"", ""発送済み"": ""発送済み"", ""確認中"": ""確認中""}","""取消"""
v2-gen-score-04-029,score,generated,独立チェックの合計,"""春風資料の点検: 添付ありは満たさない、題名ありは満たさない、宛先ありは満たさない、署名ありは満たさない。各項目は一つずつ数えます。""",合格した項目数に対応する段階を答えてください。,"[""満たした項目が0個"", ""満たした項目が1個"", ""満たした項目が2個"", ""満たした項目が3個"", ""満たした項目が4個""]","""0"""
v2-gen-noul-04-012,noul,generated,例外の優先,"{""許可条件"": ""招待あり"", ""優先禁止条件"": ""申請保留中"", ""対象"": ""高橋"", ""許可条件に該当"": true, ""禁止条件に該当"": false}",禁止例外を先に考慮すると、この利用を認められますか。,"{""false"": ""いいえ。質問の命題は成立しない。"", ""true"": ""はい。質問の命題が成立する。""}","""true"""
v2-gen-choice-07-019,choice,generated,複数属性の制約,"""在庫表: 封筒は赤色・布製・在庫あり、付箋は黒色・金属製・在庫あり、ペンは黒色・布製・在庫あり、名札は黒色・ガラス製・在庫あり、ファイルは黒色・木製・在庫あり、カードは黒色・金属製・在庫あり、ケースは黒色・木製・在庫あり、ラベルは黒色・樹脂製・在庫あり。""",黒色で布製、在庫もある品を選んでください。,"{""カード"": ""カード"", ""ケース"": ""ケース"", ""ファイル"": ""ファイル"", ""ペン"": ""ペン"", ""ラベル"": ""ラベル"", ""付箋"": ""付箋"", ""名札"": ""名札"", ""封筒"": ""封筒""}","""ペン"""
v2-gen-choice-03-034,choice,generated,最終更新,"""案件「山道」の記録です。8時の更新: 差戻し。 13時の更新: 差戻し。 20時の更新: 保留。 16時の更新: 承認。""",時刻が最も新しい更新に基づく状態を答えてください。,"{""保留"": ""保留"", ""取消"": ""取消"", ""受取済み"": ""受取済み"", ""差戻し"": ""差戻し"", ""承認"": ""承認"", ""未着手"": ""未着手"", ""発送済み"": ""発送済み"", ""確認中"": ""確認中""}","""保留"""
v2-gen-score-15-033,score,generated,軽重のある項目,"{""不備ごとの配点"": {""頁番号欠落"": 2, ""宛名不備"": 1, ""署名欠落"": 1}, ""不備あり"": {""頁番号欠落"": true, ""宛名不備"": true, ""署名欠落"": true}, ""上限"": 3}",配点の違いを反映した最終段階を選んでください。,"[""不備点の合計が0点"", ""不備点の合計が1点"", ""不備点の合計が2点"", ""不備点の合計が3点以上""]","""3"""
v2-gen-noul-01-021,noul,generated,事実と否定質問,"{""対象者"": ""高橋"", ""項目"": ""議事録を作成"", ""実施済み"": false}",記録上、高橋さんは議事録を作成していると言えますか。,"{""false"": ""いいえ。質問の命題は成立しない。"", ""true"": ""はい。質問の命題が成立する。""}","""false"""
v2-gen-noul-14-046,noul,generated,予定時間の重なり,"""林さんの予定: 水面会議は12時から16時、面談は12時から15時。終了と次の開始が同時刻の場合は重複とは扱いません。""",同時に二つの予定に出席しなければならない時間がありますか。,"{""false"": ""いいえ。質問の命題は成立しない。"", ""true"": ""はい。質問の命題が成立する。""}","""true"""
v2-gen-choice-08-023,choice,generated,改訂と例外の優先,"""通常品の貼付ラベルについて、連絡は古い順に「青」「紫」「白」でした。後の連絡が前の連絡を上書きします。ただし冷蔵品には連絡履歴に関係なく緑ラベルを貼ります。今回の荷物は冷蔵品です。""",今回適用されるラベルを一つ決めてください。,"{""白"": ""白ラベル"", ""紫"": ""紫ラベル"", ""緑"": ""緑ラベル"", ""茶"": ""茶ラベル"", ""赤"": ""赤ラベル"", ""青"": ""青ラベル"", ""黄"": ""黄ラベル"", ""黒"": ""黒ラベル""}","""緑"""
v2-gen-choice-10-045,choice,generated,不在時の代理,"""担当者: 春風は高橋、朝露は森、木漏れ日は上田。代理者: 高橋の代理は森、森の代理は上田、上田の代理は高橋。本日の不在者はなし。問い合わせ先の案件は春風です。代理への振替は一回だけ行い、その先の不在は判定しません。""",この案件を担当本人または指定代理に連絡します。宛先は誰ですか。,"{""上田"": ""上田さん"", ""森"": ""森さん"", ""高橋"": ""高橋さん""}","""高橋"""
v2-gen-score-15-049,score,generated,軽重のある項目,"{""不備ごとの配点"": {""宛名不備"": 2, ""誤字"": 1, ""添付欠落"": 1, ""日付欠落"": 1, ""余白不備"": 1}, ""不備あり"": {""宛名不備"": false, ""誤字"": true, ""添付欠落"": true, ""日付欠落"": true, ""余白不備"": false}, ""上限"": 5}",配点の違いを反映した最終段階を選んでください。,"[""不備点の合計が0点"", ""不備点の合計が1点"", ""不備点の合計が2点"", ""不備点の合計が3点"", ""不備点の合計が4点"", ""不備点の合計が5点以上""]","""3"""
v2-gen-choice-01-009,choice,generated,問い合わせ経路,"{""分類表"": {""契約"": [""契約更新"", ""プラン変更"", ""解約手続き""], ""製品"": [""破損"", ""初期不良"", ""部品交換""], ""イベント"": [""申込期限"", ""会場案内"", ""参加取消""], ""店舗"": [""営業時間"", ""店内設備"", ""店舗の場所""]}, ""本文"": ""付属の部品だけ交換してほしいです"", ""受付主題"": ""部品交換""}",受付分類表を使って、この相談の担当を決めてください。,"{""イベント"": ""イベントの窓口"", ""契約"": ""契約の窓口"", ""店舗"": ""店舗の窓口"", ""製品"": ""製品の窓口""}","""製品"""
v2-gen-score-03-001,score,generated,順番に進む工程,"{""案件"": ""草原"", ""工程順"": [""受付"", ""引継ぎ"", ""承認""], ""完了済み"": [""受付"", ""引継ぎ""], ""着手中は完了に含めない"": true}",完了済みの到達段階を選んでください。,"[""完了した工程はまだない"", ""先頭から1工程が完了（最後に完了したのは受付）"", ""先頭から2工程が完了（最後に完了したのは引継ぎ）"", ""先頭から3工程が完了（最後に完了したのは承認）""]","""2"""
v2-gen-score-13-035,score,generated,取消しを反映した件数,"""灯台の申込み記録: 佐藤は受付済み・取消なし、吉田は受付済み・取消なし、石田は受付済み・取消なし、林は受付済み・取消なし、松本は受付済み・取消なし。取消済みの申込みは有効件数から除きます。5件以上は最終段階5にまとめます。""",受付済みから取消済みを除いた件数はいくつの段階ですか。,"[""有効申込みが0件"", ""有効申込みが1件"", ""有効申込みが2件"", ""有効申込みが3件"", ""有効申込みが4件"", ""有効申込みが5件以上""]","""5"""
v2-gen-noul-11-047,noul,generated,参照関係の真偽,"{""案件担当"": {""灯台"": ""石田"", ""水面"": ""木村"", ""青空"": ""上田"", ""星空"": ""佐藤""}, ""資料関連先"": {""名札"": ""灯台"", ""ノート"": ""青空"", ""冊子"": ""星空"", ""カード"": ""水面""}}",カードに関連する案件の担当は木村さんですか。,"{""false"": ""いいえ。質問の命題は成立しない。"", ""true"": ""はい。質問の命題が成立する。""}","""true"""
v2-gen-noul-06-009,noul,generated,更新後の状態,"{""対象"": ""水面"", ""更新記録"": [{""時刻"": 16, ""状態"": ""受付中""}, {""時刻"": 17, ""状態"": ""使用可能""}, {""時刻"": 8, ""状態"": ""満席""}], ""規則"": ""最新時刻の記録が有効""}",最後の更新を適用すると、状態は「満席」になっていますか。,"{""false"": ""いいえ。質問の命題は成立しない。"", ""true"": ""はい。質問の命題が成立する。""}","""false"""
v2-gen-choice-15-037,choice,generated,文章内の順序参照,"""春風会議では、発表者を発表順に「加藤、高橋」と紹介しました。同じ人の再登場はありません。""",発表順の先頭から2番目にいる人を答えてください。,"{""加藤"": ""加藤さん"", ""高橋"": ""高橋さん""}","""高橋"""
v2-gen-score-06-019,score,generated,約束時刻からの遅れ,"{""便"": ""朝露"", ""約束時刻"": 12, ""実際の到着時刻"": 14, ""同日"": true, ""早着時の遅れ"": 0}",約束時刻と到着時刻の差から、遅延段階を選んでください。,"[""遅れが1時間未満"", ""遅れが1時間以上、2時間未満"", ""遅れが2時間以上、3時間未満"", ""遅れが3時間以上""]","""2"""
v2-gen-score-13-013,score,generated,取消しを反映した件数,"{""催し"": ""木漏れ日"", ""申込み"": [{""氏名"": ""高橋"", ""受付済み"": false, ""取消済み"": false}, {""氏名"": ""青木"", ""受付済み"": true, ""取消済み"": false}, {""氏名"": ""吉田"", ""受付済み"": false, ""取消済み"": false}, {""氏名"": ""中村"", ""受付済み"": true, ""取消済み"": true}, {""氏名"": ""上田"", ""受付済み"": false, ""取消済み"": false}], ""まとめ方"": ""4件以上は段階4""}",取消し後に残る有効申込み数を段階として選んでください。,"[""有効申込みが0件"", ""有効申込みが1件"", ""有効申込みが2件"", ""有効申込みが3件"", ""有効申込みが4件以上""]","""1"""
v2-gen-score-03-004,score,generated,順番に進む工程,"{""案件"": ""星空"", ""工程順"": [""実施"", ""調査"", ""承認"", ""準備"", ""引継ぎ"", ""日程調整""], ""完了済み"": [], ""着手中は完了に含めない"": true}",工程の完了状況を段階尺度で評価してください。,"[""完了した工程はまだない"", ""先頭から1工程が完了（最後に完了したのは実施）"", ""先頭から2工程が完了（最後に完了したのは調査）"", ""先頭から3工程が完了（最後に完了したのは承認）"", ""先頭から4工程が完了（最後に完了したのは準備）"", ""先頭から5工程が完了（最後に完了したのは引継ぎ）"", ""先頭から6工程が完了（最後に完了したのは日程調整）""]","""0"""
v2-gen-noul-01-031,noul,generated,事実と否定質問,"""遠藤さんについての確定記録: 機器を充電していません。""",記録上、遠藤さんは機器を充電していると言えますか。,"{""false"": ""いいえ。質問の命題は成立しない。"", ""true"": ""はい。質問の命題が成立する。""}","""false"""
v2-gen-score-01-028,score,generated,件数の段階境界,"{""案件"": ""白波"", ""計数対象"": ""検品で見つかった不備"", ""件数"": 6, ""処理済みを除外"": true}",記録された数に対応する段階を選んでください。,"[""対象件数が2件未満"", ""対象件数が2件以上、4件未満"", ""対象件数が4件以上、6件未満"", ""対象件数が6件以上、8件未満"", ""対象件数が8件以上、10件未満"", ""対象件数が10件以上、12件未満"", ""対象件数が12件以上、14件未満"", ""対象件数が14件以上""]","""3"""
v2-gen-noul-15-044,noul,generated,出来事の前後関係,"""吉田さんの作業日誌は実施順に検品→電話連絡→棚への配置→報告→伝票記入→引継ぎです。記載した各作業は一回ずつ実施しました。""",『棚への配置が先、検品が後』という順序は正しいですか。,"{""false"": ""いいえ。質問の命題は成立しない。"", ""true"": ""はい。質問の命題が成立する。""}","""false"""
v2-gen-score-02-005,score,generated,記述の満足段階,"""松本さんは木漏れ日の体験について「到底納得できず、強い不満を感じた」と回答しました。追加の発言はありません。""",感想に明示された評価を尺度へ対応づけてください。,"[""強い不満"", ""やや不満"", ""どちらでもない"", ""やや満足"", ""満足"", ""極めて強い満足"", ""最高の満足""]","""0"""
v2-gen-noul-13-024,noul,generated,範囲の開閉境界,"{""下限条件"": ""2個より多い"", ""上限条件"": ""10個以下"", ""今回の個数"": 1, ""関係"": ""両方を満たすこと""}",今回の個数は適合範囲に入っていますか。,"{""false"": ""いいえ。質問の命題は成立しない。"", ""true"": ""はい。質問の命題が成立する。""}","""false"""
v2-gen-noul-01-003,noul,generated,事実と否定質問,"{""対象者"": ""青木"", ""項目"": ""検収を完了"", ""実施済み"": true}",『青木さんは検収を完了していない』はこの記録と一致しますか。,"{""false"": ""いいえ。質問の命題は成立しない。"", ""true"": ""はい。質問の命題が成立する。""}","""false"""
v2-gen-noul-04-049,noul,generated,例外の優先,"""規則: 事前承認済みであれば夕凪を利用できます。ただし資格取消中なら利用できません。山田さんは事前承認済みに非該当、資格取消中に非該当です。""",この人は現在、利用可能ですか。,"{""false"": ""いいえ。質問の命題は成立しない。"", ""true"": ""はい。質問の命題が成立する。""}","""false"""
v2-gen-score-06-045,score,generated,約束時刻からの遅れ,"""水面便は9時到着の約束でした。実際の到着は同じ日の10時です。早着した場合の遅れは0時間とします。""",約束時刻と到着時刻の差から、遅延段階を選んでください。,"[""遅れが2時間未満"", ""遅れが2時間以上""]","""0"""
v2-gen-choice-11-006,choice,generated,小数量の比較,"{""在庫"": [{""品名"": ""クリップ"", ""総在庫"": 2, ""予約分"": 2}, {""品名"": ""名札"", ""総在庫"": 5, ""予約分"": 3}, {""品名"": ""付箋"", ""総在庫"": 5, ""予約分"": 0}, {""品名"": ""用紙"", ""総在庫"": 5, ""予約分"": 4}, {""品名"": ""ペン"", ""総在庫"": 10, ""予約分"": 2}, {""品名"": ""封筒"", ""総在庫"": 7, ""予約分"": 0}, {""品名"": ""テープ"", ""総在庫"": 10, ""予約分"": 4}], ""自由在庫"": ""総在庫から予約分を引く""}",今使える個数が最も多い品を答えてください。,"{""クリップ"": ""クリップ"", ""テープ"": ""テープ"", ""ペン"": ""ペン"", ""付箋"": ""付箋"", ""名札"": ""名札"", ""封筒"": ""封筒"", ""用紙"": ""用紙""}","""ペン"""
v2-gen-score-15-011,score,generated,軽重のある項目,"{""不備ごとの配点"": {""日付欠落"": 2, ""誤字"": 1}, ""不備あり"": {""日付欠落"": false, ""誤字"": true}, ""上限"": 2}",配点の違いを反映した最終段階を選んでください。,"[""不備点の合計が0点"", ""不備点の合計が1点"", ""不備点の合計が2点以上""]","""1"""
v2-gen-choice-11-030,choice,generated,小数量の比較,"{""在庫"": [{""品名"": ""箱"", ""総在庫"": 14, ""予約分"": 3}, {""品名"": ""ノート"", ""総在庫"": 8, ""予約分"": 2}, {""品名"": ""クリップ"", ""総在庫"": 14, ""予約分"": 5}, {""品名"": ""付箋"", ""総在庫"": 7, ""予約分"": 3}], ""自由在庫"": ""総在庫から予約分を引く""}",今使える個数が最も少ない品を答えてください。,"{""クリップ"": ""クリップ"", ""ノート"": ""ノート"", ""付箋"": ""付箋"", ""箱"": ""箱""}","""付箋"""
v2-gen-score-15-002,score,generated,軽重のある項目,"{""不備ごとの配点"": {""添付欠落"": 2, ""頁番号欠落"": 1, ""誤字"": 1, ""日付欠落"": 1, ""署名欠落"": 1, ""宛名不備"": 1, ""余白不備"": 1}, ""不備あり"": {""添付欠落"": false, ""頁番号欠落"": false, ""誤字"": true, ""日付欠落"": false, ""署名欠落"": false, ""宛名不備"": false, ""余白不備"": true}, ""上限"": 7}",配点の違いを反映した最終段階を選んでください。,"[""不備点の合計が0点"", ""不備点の合計が1点"", ""不備点の合計が2点"", ""不備点の合計が3点"", ""不備点の合計が4点"", ""不備点の合計が5点"", ""不備点の合計が6点"", ""不備点の合計が7点以上""]","""2"""
v2-gen-choice-07-042,choice,generated,複数属性の制約,"""在庫表: ノートは白色・布製・在庫なし、クリップは白色・樹脂製・在庫あり、封筒は白色・布製・在庫なし、袋は白色・布製・在庫あり、箱は白色・紙製・在庫あり、ファイルは紫色・布製・在庫あり、用紙は赤色・布製・在庫あり、付箋は白色・紙製・在庫あり。""",必要条件は白色、布製、在庫ありの三つです。全部に合う品はどれですか。,"{""クリップ"": ""クリップ"", ""ノート"": ""ノート"", ""ファイル"": ""ファイル"", ""付箋"": ""付箋"", ""封筒"": ""封筒"", ""用紙"": ""用紙"", ""箱"": ""箱"", ""袋"": ""袋""}","""袋"""
v2-gen-score-04-016,score,generated,独立チェックの合計,"""星空資料の点検: 添付ありは満たす、日付ありは満たす、ページ番号ありは満たす、題名ありは満たす、宛先ありは満たす。各項目は一つずつ数えます。""",条件を満たした項目を一つ一点として集計してください。,"[""満たした項目が0個"", ""満たした項目が1個"", ""満たした項目が2個"", ""満たした項目が3個"", ""満たした項目が4個"", ""満たした項目が5個""]","""5"""
v2-gen-score-13-028,score,generated,取消しを反映した件数,"""若葉の申込み記録: 山田は受付済み・取消済み、吉田は受付済み・取消済み、遠藤は受付済み・取消なし、佐藤は受付済み・取消なし、松本は受付済み・取消なし、森は受付済み・取消なし、高橋は受付済み・取消済み。取消済みの申込みは有効件数から除きます。5件以上は最終段階5にまとめます。""",取消し後に残る有効申込み数を段階として選んでください。,"[""有効申込みが0件"", ""有効申込みが1件"", ""有効申込みが2件"", ""有効申込みが3件"", ""有効申込みが4件"", ""有効申込みが5件以上""]","""4"""
v2-gen-choice-14-031,choice,generated,二属性照合,"{""展示品"": [{""品名"": ""箱"", ""色"": ""黄"", ""素材"": ""金属""}, {""品名"": ""用紙"", ""色"": ""赤"", ""素材"": ""木""}], ""指定色"": ""赤"", ""指定素材"": ""木""}",指定された色と素材の両方が一致する品を選んでください。,"{""用紙"": ""用紙"", ""箱"": ""箱""}","""用紙"""
v2-gen-choice-06-009,choice,generated,時間枠の包含,"""部屋の連続利用可能時間: 赤室は15時から18時まで、青室は15時から18時まで、茶室は15時から19時まで、黒室は14時から19時まで、緑室は12時から16時まで。会議は14時開始、17時終了です。""",会議時間の一部だけでなく全体を含む空き時間を持つ部屋を答えてください。端の一致は可です。,"{""緑"": ""緑室"", ""茶"": ""茶室"", ""赤"": ""赤室"", ""青"": ""青室"", ""黒"": ""黒室""}","""黒"""
v2-gen-score-07-023,score,generated,証拠の最高到達段階,"""この調査固有の証拠段階表: 署名済み文書は段階1、担当者報告は段階2、監査記録は段階3、口頭メモは段階4、立会記録は段階5、写真記録は段階6、第三者確認は段階7。草原で得られた証拠は監査記録、署名済み文書、立会記録、担当者報告、口頭メモ。複数ある場合は最大の段階を使い、なければ0です。""",記録済みの証拠から得られる最高段階はどれですか。,"[""証拠なしの段階0"", ""表に基づく最高証拠段階1"", ""表に基づく最高証拠段階2"", ""表に基づく最高証拠段階3"", ""表に基づく最高証拠段階4"", ""表に基づく最高証拠段階5"", ""表に基づく最高証拠段階6"", ""表に基づく最高証拠段階7""]","""5"""
v2-gen-noul-08-029,noul,generated,集合と否定所属,"""夕凪の参加者名簿は加藤、大野、林、森、高橋、木村です。この名簿は完全で、記載のない人は参加者ではありません。""",『高橋さんは参加者ではない』という記述は正しいですか。,"{""false"": ""いいえ。質問の命題は成立しない。"", ""true"": ""はい。質問の命題が成立する。""}","""false"""
v2-gen-score-07-033,score,generated,証拠の最高到達段階,"""この調査固有の証拠段階表: 担当者報告は段階1、署名済み文書は段階2、口頭メモは段階3。白波で得られた証拠は担当者報告、口頭メモ、署名済み文書。複数ある場合は最大の段階を使い、なければ0です。""",記録済みの証拠から得られる最高段階はどれですか。,"[""証拠なしの段階0"", ""表に基づく最高証拠段階1"", ""表に基づく最高証拠段階2"", ""表に基づく最高証拠段階3""]","""3"""
v2-gen-noul-10-019,noul,generated,条件付き義務,"{""規則"": ""新規申請なら受付印の押印が必要。それ以外では義務なし"", ""条件に該当"": true, ""必要処置を実施"": false}",この義務に関して、規則上問題なしと判定できますか。,"{""false"": ""いいえ。質問の命題は成立しない。"", ""true"": ""はい。質問の命題が成立する。""}","""false"""
v2-gen-noul-03-045,noul,generated,いずれかの条件,"""若葉の受付では引換券・会員証・招待券・入場証のうち一つ以上があれば通れます。青木さん: 引換券はなし、会員証はなし、招待券はなし、入場証はなし。""",少なくとも一つの必要条件が成立していますか。,"{""false"": ""いいえ。質問の命題は成立しない。"", ""true"": ""はい。質問の命題が成立する。""}","""false"""
v2-gen-choice-15-027,choice,generated,文章内の順序参照,"{""会議"": ""水面"", ""発表順"": [""林"", ""松本"", ""上田"", ""大野"", ""青木"", ""石田"", ""高橋"", ""渡辺""]}",発表順の先頭から6番目にいる人を答えてください。,"{""上田"": ""上田さん"", ""大野"": ""大野さん"", ""松本"": ""松本さん"", ""林"": ""林さん"", ""渡辺"": ""渡辺さん"", ""石田"": ""石田さん"", ""青木"": ""青木さん"", ""高橋"": ""高橋さん""}","""石田"""
v2-gen-choice-08-016,choice,generated,改訂と例外の優先,"{""通常品ラベルの改訂・古い順"": [""紫"", ""黄"", ""緑""], ""優先例外"": ""冷蔵品は紫"", ""荷物"": ""通常品"", ""規則"": ""後の改訂が前を上書きする""}",この荷物に貼るラベルの色を選んでください。,"{""紫"": ""紫ラベル"", ""緑"": ""緑ラベル"", ""黄"": ""黄ラベル""}","""緑"""
v2-gen-score-09-015,score,generated,例外による上限,"{""検査合格"": {""付属品"": false, ""寸法"": false, ""動作"": true, ""外観"": true, ""記録"": false, ""表示"": false}, ""要再確認の印あり"": false, ""採点規則"": ""合格数が点数。ただし印があれば上限2点""}",単純な合格数ではなく、上限ルール適用後の点数を求めてください。,"[""最終点0点"", ""最終点1点"", ""最終点2点"", ""最終点3点"", ""最終点4点"", ""最終点5点"", ""最終点6点""]","""2"""
v2-gen-score-03-049,score,generated,順番に進む工程,"{""案件"": ""青空"", ""工程順"": [""引継ぎ"", ""準備""], ""完了済み"": [], ""着手中は完了に含めない"": true}",完了済みの到達段階を選んでください。,"[""完了した工程はまだない"", ""先頭から1工程が完了（最後に完了したのは引継ぎ）"", ""先頭から2工程が完了（最後に完了したのは準備）""]","""0"""
v2-gen-noul-03-001,noul,generated,いずれかの条件,"""春風の受付では会員証・引換券のうち一つ以上があれば通れます。林さん: 会員証はなし、引換券はなし。""",記載された条件で受付を通れますか。,"{""false"": ""いいえ。質問の命題は成立しない。"", ""true"": ""はい。質問の命題が成立する。""}","""false"""
v2-gen-choice-06-024,choice,generated,時間枠の包含,"""部屋の連続利用可能時間: 緑室は15時から18時まで、黄室は12時から18時まで、黒室は15時から17時まで。会議は14時開始、16時終了です。""",会議開始から終了まで空いている部屋はどれですか。境界時刻が一致していても利用できます。,"{""緑"": ""緑室"", ""黄"": ""黄室"", ""黒"": ""黒室""}","""黄"""
v2-gen-score-12-026,score,generated,目標からの差,"{""案件"": ""夕凪"", ""目標数"": 15, ""実績数"": 14, ""採点"": ""差の絶対値。ただし3以上は段階3""}",目標からのずれの段階を選んでください。,"[""目標との差が0個"", ""目標との差が1個"", ""目標との差が2個"", ""目標との差が3個以上""]","""1"""
v2-gen-noul-13-038,noul,generated,範囲の開閉境界,"{""下限条件"": ""1個以上"", ""上限条件"": ""7個以下"", ""今回の個数"": 0, ""関係"": ""両方を満たすこと""}",今回の個数は適合範囲に入っていますか。,"{""false"": ""いいえ。質問の命題は成立しない。"", ""true"": ""はい。質問の命題が成立する。""}","""false"""
v2-gen-noul-02-044,noul,generated,全条件の充足,"""青空の利用には本人確認・同意書提出・所属確認・利用説明受講がすべて必要です。高橋さん: 本人確認は完了、同意書提出は完了、所属確認は完了、利用説明受講は完了。""",規則に照らし、この人の利用資格は成立しますか。,"{""false"": ""いいえ。質問の命題は成立しない。"", ""true"": ""はい。質問の命題が成立する。""}","""true"""
v2-gen-noul-10-042,noul,generated,条件付き義務,"""規則: 社外向けのときだけ受付印の押印が必須です。それ以外の場合にはこの義務はなく、実施していても構いません。今回の案件は社外向けに非該当で、受付印の押印は実施済みです。""",この案件は記載された義務のルールに違反していませんか。違反がなければはいです。,"{""false"": ""いいえ。質問の命題は成立しない。"", ""true"": ""はい。質問の命題が成立する。""}","""true"""
v2-gen-choice-09-046,choice,generated,利用可能集合の差,"""貸出台帳で利用可能と記録されている品はラベル、封筒、ペン、ケース、クリップ、付箋、テープ、シール。予約済みの品はシール、ラベル、付箋、ケース、封筒、クリップ、テープです。""",今貸せるのは利用可能かつ未予約の品です。該当するものはどれですか。,"{""クリップ"": ""クリップ"", ""ケース"": ""ケース"", ""シール"": ""シール"", ""テープ"": ""テープ"", ""ペン"": ""ペン"", ""ラベル"": ""ラベル"", ""付箋"": ""付箋"", ""封筒"": ""封筒""}","""ペン"""
v2-gen-noul-08-011,noul,generated,集合と否定所属,"""草原の参加者名簿は林、上田です。この名簿は完全で、記載のない人は参加者ではありません。""",『佐藤さんは参加者である』という記述は正しいですか。,"{""false"": ""いいえ。質問の命題は成立しない。"", ""true"": ""はい。質問の命題が成立する。""}","""false"""
v2-gen-choice-12-047,choice,generated,条件付き不足書類,"""書類確認の優先順は本人確認票→受領票→申込書→見積書→承認書→同意書→委任状。見積書だけは代理申請の場合に限って必要で、それ以外は常に必要です。今回は代理申請。提出済みは申込書です。""",未提出の必要書類のうち優先順が最初のものを選んでください。全部そろっていれば追加不要です。,"{""受領票"": ""受領票"", ""同意書"": ""同意書"", ""委任状"": ""委任状"", ""承認書"": ""承認書"", ""本人確認票"": ""本人確認票"", ""申込書"": ""申込書"", ""見積書"": ""見積書"", ""追加不要"": ""必要書類はすべて提出済み""}","""本人確認票"""
v2-gen-noul-15-022,noul,generated,出来事の前後関係,"{""担当者"": ""渡辺"", ""実施順"": [""荷物受取"", ""休憩"", ""報告"", ""電話連絡"", ""検品"", ""棚への配置""], ""各作業の実施回数"": 1}",日誌では報告の方が休憩より先ですか。,"{""false"": ""いいえ。質問の命題は成立しない。"", ""true"": ""はい。質問の命題が成立する。""}","""false"""
v2-gen-score-06-041,score,generated,約束時刻からの遅れ,"{""便"": ""木漏れ日"", ""約束時刻"": 7, ""実際の到着時刻"": 8, ""同日"": true, ""早着時の遅れ"": 0}",到着の遅れを段階基準で評価してください。,"[""遅れが1時間未満"", ""遅れが1時間以上、2時間未満"", ""遅れが2時間以上、3時間未満"", ""遅れが3時間以上、4時間未満"", ""遅れが4時間以上""]","""1"""
v2-gen-choice-04-041,choice,generated,参照先の担当,"{""案件担当"": {""若葉"": ""林"", ""山道"": ""木村"", ""朝露"": ""吉田"", ""星空"": ""佐藤"", ""草原"": ""山田"", ""灯台"": ""中村""}, ""資料の所属案件"": {""ペン"": ""朝露"", ""袋"": ""若葉"", ""冊子"": ""星空"", ""用紙"": ""草原"", ""シール"": ""灯台"", ""封筒"": ""山道""}, ""確認資料"": ""ペン""}",確認する資料の案件を担当している人を答えてください。,"{""中村"": ""中村さん"", ""佐藤"": ""佐藤さん"", ""吉田"": ""吉田さん"", ""山田"": ""山田さん"", ""木村"": ""木村さん"", ""林"": ""林さん""}","""吉田"""
v2-gen-noul-09-017,noul,generated,重複を除いた件数,"{""棚"": ""水面"", ""読み取り品名"": [""ペン"", ""冊子"", ""クリップ"", ""封筒"", ""袋"", ""ノート"", ""ペン"", ""ファイル""], ""数え方"": ""同一品名の重複を除く""}",重複を除いた種類数は3以上という条件を満たしますか。,"{""false"": ""いいえ。質問の命題は成立しない。"", ""true"": ""はい。質問の命題が成立する。""}","""true"""
v2-gen-choice-05-012,choice,generated,否定条件で選択,"{""検品"": [{""品名"": ""名札"", ""封がある"": false, ""濡れている"": true}, {""品名"": ""ノート"", ""封がある"": false, ""濡れている"": false}, {""品名"": ""ペン"", ""封がある"": true, ""濡れている"": true}, {""品名"": ""シール"", ""封がある"": false, ""濡れている"": true}, {""品名"": ""箱"", ""封がある"": true, ""濡れている"": false}, {""品名"": ""ラベル"", ""封がある"": true, ""濡れている"": true}, {""品名"": ""カード"", ""封がある"": true, ""濡れている"": true}]}",濡れた品は除外し、封がない品を一つ選んでください。,"{""カード"": ""カード"", ""シール"": ""シール"", ""ノート"": ""ノート"", ""ペン"": ""ペン"", ""ラベル"": ""ラベル"", ""名札"": ""名札"", ""箱"": ""箱""}","""ノート"""
v2-gen-choice-02-038,choice,generated,条件と優先例外,"""草原店では会員で購入数が10個以上なら優待扱いです。ただし予約品は購入数や会員資格にかかわらず通常扱いです。今回は13個、会員、通常在庫品です。""",会計時の区分を一つ決めてください。,"{""優待"": ""優待の扱い"", ""通常"": ""通常の扱い""}","""優待"""
v2-gen-choice-05-044,choice,generated,否定条件で選択,"""検品記録: テープは封なしで濡れている、ケースは封なしで濡れている、ノートは封なしで濡れている、ラベルは封なしで濡れていない。""",濡れた品は除外し、封がない品を一つ選んでください。,"{""ケース"": ""ケース"", ""テープ"": ""テープ"", ""ノート"": ""ノート"", ""ラベル"": ""ラベル""}","""ラベル"""
v2-gen-score-07-039,score,generated,証拠の最高到達段階,"{""調査"": ""夕凪"", ""この調査の証拠段階"": {""監査記録"": 1, ""検収記録"": 2}, ""得られた証拠"": [], ""集約規則"": ""得られた段階の最大。証拠なしは0""}",明示された段階表だけで証拠を評価してください。,"[""証拠なしの段階0"", ""表に基づく最高証拠段階1"", ""表に基づく最高証拠段階2""]","""0"""
v2-gen-noul-05-018,noul,generated,締切の境界,"""草原の提出は11時より前だけ受け付け、11時ちょうどは無効です。上田さんの提出記録は8時ちょうどです。""",記録された提出時刻は締切内ですか。,"{""false"": ""いいえ。質問の命題は成立しない。"", ""true"": ""はい。質問の命題が成立する。""}","""true"""
v2-gen-score-08-008,score,generated,要件への一致数,"""注文要件: 素材=布、印字=なし、色=赤、サイズ=中、形=丸、包装=箱。提案品: 素材=布、印字=あり、色=青、サイズ=大、形=四角、包装=袋。""",各属性の完全一致を一点として採点してください。,"[""一致した要件が0項目"", ""一致した要件が1項目"", ""一致した要件が2項目"", ""一致した要件が3項目"", ""一致した要件が4項目"", ""一致した要件が5項目"", ""一致した要件が6項目""]","""1"""
v2-gen-choice-06-002,choice,generated,時間枠の包含,"""部屋の連続利用可能時間: 茶室は14時から15時まで、青室は11時から13時まで、黄室は13時から16時まで。会議は13時開始、14時終了です。""",会議開始から終了まで空いている部屋はどれですか。境界時刻が一致していても利用できます。,"{""茶"": ""茶室"", ""青"": ""青室"", ""黄"": ""黄室""}","""黄"""
v2-gen-noul-06-044,noul,generated,更新後の状態,"""木漏れ日の状態記録: 11時には受付中、10時には受付中、14時には受付中、12時には空席あり、15時には使用可能。時刻が新しい記録が古い記録を上書きします。""",最後の更新を適用すると、状態は「使用可能」になっていますか。,"{""false"": ""いいえ。質問の命題は成立しない。"", ""true"": ""はい。質問の命題が成立する。""}","""true"""
v2-gen-choice-13-030,choice,generated,工程の依存順,"""案件「灯台」の工程順は受付→準備→内容確認→承認→見積作成→実施→報告です。途中の工程を飛ばすことはできません。完了済みは受付、準備、内容確認、承認、見積作成、実施、報告です。""",まだ済んでいない最初の工程は何ですか。存在しない場合は完了です。,"{""内容確認"": ""内容確認"", ""受付"": ""受付"", ""報告"": ""報告"", ""完了"": ""全工程が完了"", ""実施"": ""実施"", ""承認"": ""承認"", ""準備"": ""準備"", ""見積作成"": ""見積作成""}","""完了"""
v2-gen-noul-14-003,noul,generated,予定時間の重なり,"""石田さんの予定: 山道会議は11時から14時、面談は10時から11時。終了と次の開始が同時刻の場合は重複とは扱いません。""",二つの予定の時間は重なっていますか。,"{""false"": ""いいえ。質問の命題は成立しない。"", ""true"": ""はい。質問の命題が成立する。""}","""false"""
v2-gen-noul-04-047,noul,generated,例外の優先,"""規則: 招待ありであれば木漏れ日を利用できます。ただし再審査中なら利用できません。山田さんは招待ありに非該当、再審査中に該当です。""",例外を含む規則のもとで利用は許可されますか。,"{""false"": ""いいえ。質問の命題は成立しない。"", ""true"": ""はい。質問の命題が成立する。""}","""false"""
v2-gen-noul-06-032,noul,generated,更新後の状態,"{""対象"": ""灯台"", ""更新記録"": [{""時刻"": 15, ""状態"": ""点検中""}, {""時刻"": 13, ""状態"": ""点検中""}, {""時刻"": 21, ""状態"": ""満席""}, {""時刻"": 8, ""状態"": ""点検中""}, {""時刻"": 14, ""状態"": ""受付中""}], ""規則"": ""最新時刻の記録が有効""}",最新の有効な記録から「満席」と言えますか。,"{""false"": ""いいえ。質問の命題は成立しない。"", ""true"": ""はい。質問の命題が成立する。""}","""true"""
v2-gen-choice-15-046,choice,generated,文章内の順序参照,"""木漏れ日会議では、発表者を発表順に「木村、佐藤、石田、森、遠藤、林、加藤」と紹介しました。同じ人の再登場はありません。""",紹介された順番で2人目に発表する人は誰ですか。,"{""佐藤"": ""佐藤さん"", ""加藤"": ""加藤さん"", ""木村"": ""木村さん"", ""林"": ""林さん"", ""森"": ""森さん"", ""石田"": ""石田さん"", ""遠藤"": ""遠藤さん""}","""佐藤"""
v2-gen-score-09-012,score,generated,例外による上限,"{""検査合格"": {""記録"": true, ""寸法"": true, ""外観"": false}, ""要再確認の印あり"": true, ""採点規則"": ""合格数が点数。ただし印があれば上限2点""}",例外条件を反映した評価段階を答えてください。,"[""最終点0点"", ""最終点1点"", ""最終点2点"", ""最終点3点""]","""2"""
v2-gen-score-02-002,score,generated,記述の満足段階,"{""回答者"": ""吉田"", ""対象"": ""木漏れ日"", ""感想原文"": ""少し良いと感じ、やや満足した""}",回答者が表明した満足の程度を分類してください。,"[""強い不満"", ""不満"", ""どちらでもない"", ""やや満足""]","""3"""
v2-gen-score-04-008,score,generated,独立チェックの合計,"{""資料"": ""山道"", ""チェック項目"": {""添付あり"": true, ""日付あり"": true, ""管理番号あり"": false, ""題名あり"": false}, ""各項目の重み"": 1}",満たしたチェック項目の数を段階として選んでください。,"[""満たした項目が0個"", ""満たした項目が1個"", ""満たした項目が2個"", ""満たした項目が3個"", ""満たした項目が4個""]","""2"""
v2-gen-choice-12-041,choice,generated,条件付き不足書類,"{""確認優先順"": [""同意書"", ""委任状"", ""見積書"", ""申込書"", ""本人確認票"", ""承認書""], ""代理申請だけに必要"": ""同意書"", ""代理申請"": false, ""提出済み"": [""本人確認票"", ""見積書"", ""承認書"", ""申込書""]}",未提出の必要書類のうち優先順が最初のものを選んでください。全部そろっていれば追加不要です。,"{""同意書"": ""同意書"", ""委任状"": ""委任状"", ""承認書"": ""承認書"", ""本人確認票"": ""本人確認票"", ""申込書"": ""申込書"", ""見積書"": ""見積書"", ""追加不要"": ""必要書類はすべて提出済み""}","""委任状"""
v2-gen-choice-10-021,choice,generated,不在時の代理,"{""案件担当"": {""灯台"": ""渡辺"", ""星空"": ""森"", ""水面"": ""加藤"", ""山道"": ""林"", ""夕凪"": ""青木"", ""若葉"": ""大野"", ""青空"": ""佐藤""}, ""代理者"": {""渡辺"": ""森"", ""森"": ""加藤"", ""加藤"": ""林"", ""林"": ""青木"", ""青木"": ""大野"", ""大野"": ""佐藤"", ""佐藤"": ""渡辺""}, ""不在者"": [""森"", ""青木""], ""案件"": ""灯台"", ""ルール"": ""担当者が不在なら指定代理に一度だけ振替。代理の在席状況は問わない""}",一回だけの代理振替を適用した後の宛先を答えてください。,"{""佐藤"": ""佐藤さん"", ""加藤"": ""加藤さん"", ""大野"": ""大野さん"", ""林"": ""林さん"", ""森"": ""森さん"", ""渡辺"": ""渡辺さん"", ""青木"": ""青木さん""}","""渡辺"""
v2-gen-score-07-022,score,generated,証拠の最高到達段階,"""この調査固有の証拠段階表: 計測記録は段階1、第三者確認は段階2、監査記録は段階3、一次資料は段階4、口頭メモは段階5、署名済み文書は段階6。朝露で得られた証拠は監査記録、第三者確認。複数ある場合は最大の段階を使い、なければ0です。""",この調査の証拠段階を選んでください。,"[""証拠なしの段階0"", ""表に基づく最高証拠段階1"", ""表に基づく最高証拠段階2"", ""表に基づく最高証拠段階3"", ""表に基づく最高証拠段階4"", ""表に基づく最高証拠段階5"", ""表に基づく最高証拠段階6""]","""3"""
v2-gen-noul-11-027,noul,generated,参照関係の真偽,"""担当表: 星空は吉田、春風は大野。資料の関連先: ノートは春風、テープは星空。""",大野さんはノートが属する案件の担当者と言えますか。,"{""false"": ""いいえ。質問の命題は成立しない。"", ""true"": ""はい。質問の命題が成立する。""}","""true"""
v2-gen-score-15-016,score,generated,軽重のある項目,"{""不備ごとの配点"": {""署名欠落"": 2, ""頁番号欠落"": 1, ""宛名不備"": 1, ""添付欠落"": 1, ""日付欠落"": 1, ""誤字"": 1, ""余白不備"": 1}, ""不備あり"": {""署名欠落"": false, ""頁番号欠落"": true, ""宛名不備"": true, ""添付欠落"": true, ""日付欠落"": false, ""誤字"": false, ""余白不備"": true}, ""上限"": 7}",配点の違いを反映した最終段階を選んでください。,"[""不備点の合計が0点"", ""不備点の合計が1点"", ""不備点の合計が2点"", ""不備点の合計が3点"", ""不備点の合計が4点"", ""不備点の合計が5点"", ""不備点の合計が6点"", ""不備点の合計が7点以上""]","""4"""
v2-gen-score-15-026,score,generated,軽重のある項目,"{""不備ごとの配点"": {""宛名不備"": 2, ""署名欠落"": 1, ""添付欠落"": 1}, ""不備あり"": {""宛名不備"": true, ""署名欠落"": false, ""添付欠落"": false}, ""上限"": 3}",見つかった不備の点数を合計し、上限を適用してください。,"[""不備点の合計が0点"", ""不備点の合計が1点"", ""不備点の合計が2点"", ""不備点の合計が3点以上""]","""2"""
v2-gen-noul-03-039,noul,generated,いずれかの条件,"""若葉の受付では受付確認票・紹介状・招待券のうち一つ以上があれば通れます。松本さん: 受付確認票はなし、紹介状はなし、招待券はなし。""",この人は受付基準を満たしていますか。,"{""false"": ""いいえ。質問の命題は成立しない。"", ""true"": ""はい。質問の命題が成立する。""}","""false"""
v2-gen-score-12-033,score,generated,目標からの差,"{""案件"": ""春風"", ""目標数"": 9, ""実績数"": 7, ""採点"": ""差の絶対値。ただし3以上は段階3""}",示された上限を含め、実績のずれを段階に変換してください。,"[""目標との差が0個"", ""目標との差が1個"", ""目標との差が2個"", ""目標との差が3個以上""]","""2"""
v2-gen-noul-10-023,noul,generated,条件付き義務,"{""規則"": ""追加申請なら控えの交付が必要。それ以外では義務なし"", ""条件に該当"": true, ""必要処置を実施"": false}",この案件は記載された義務のルールに違反していませんか。違反がなければはいです。,"{""false"": ""いいえ。質問の命題は成立しない。"", ""true"": ""はい。質問の命題が成立する。""}","""false"""
v2-gen-noul-12-009,noul,generated,記録と主張の照合,"{""施設"": ""星空"", ""入口ごとの現在の確定記録"": {""北口"": ""完全に閉じている"", ""南口"": ""完全に閉じている"", ""東口"": ""完全に閉じている"", ""西口"": ""4分の1だけ開いている"", ""裏口"": ""完全に開いている"", ""搬入口"": ""完全に閉じている""}, ""判定資料"": ""現在の確定記録のみ""}",いま西口が完全に開いているという判断は正しいですか。,"{""false"": ""いいえ。質問の命題は成立しない。"", ""true"": ""はい。質問の命題が成立する。""}","""false"""
v2-gen-choice-15-007,choice,generated,文章内の順序参照,"{""会議"": ""星空"", ""発表順"": [""佐藤"", ""森""]}",紹介された順番で1人目に発表する人は誰ですか。,"{""佐藤"": ""佐藤さん"", ""森"": ""森さん""}","""佐藤"""
v2-gen-choice-06-006,choice,generated,時間枠の包含,"""部屋の連続利用可能時間: 赤室は14時から16時まで、青室は11時から13時まで、白室は14時から15時まで、紫室は14時から16時まで、黄室は13時から15時まで、茶室は14時から16時まで。会議は13時開始、14時終了です。""",会議時間の一部だけでなく全体を含む空き時間を持つ部屋を答えてください。端の一致は可です。,"{""白"": ""白室"", ""紫"": ""紫室"", ""茶"": ""茶室"", ""赤"": ""赤室"", ""青"": ""青室"", ""黄"": ""黄室""}","""黄"""
v2-gen-choice-12-027,choice,generated,条件付き不足書類,"{""確認優先順"": [""申込書"", ""承認書"", ""委任状""], ""代理申請だけに必要"": ""承認書"", ""代理申請"": true, ""提出済み"": [""申込書""]}",申請区分に応じて必要書類を確認し、最優先で追加提出を求めるものを答えてください。なければ追加不要です。,"{""委任状"": ""委任状"", ""承認書"": ""承認書"", ""申込書"": ""申込書"", ""追加不要"": ""必要書類はすべて提出済み""}","""承認書"""
v2-gen-score-05-038,score,generated,緊急条件の加点,"{""案件"": ""木漏れ日"", ""基本優先度"": 1, ""締切までの残り時間"": 11, ""規則"": ""残り8時間以内なら1加点、それより長ければ0加点。上限7""}",締切までの時間による条件を反映した段階を答えてください。,"[""最終優先度0"", ""最終優先度1"", ""最終優先度2"", ""最終優先度3"", ""最終優先度4"", ""最終優先度5"", ""最終優先度6"", ""最終優先度7""]","""1"""
v2-gen-score-08-001,score,generated,要件への一致数,"""注文要件: 配送=宅配、色=赤、包装=箱、印字=なし、素材=布、サイズ=小。提案品: 配送=店頭、色=白、包装=なし、印字=あり、素材=木、サイズ=中。""",各属性の完全一致を一点として採点してください。,"[""一致した要件が0項目"", ""一致した要件が1項目"", ""一致した要件が2項目"", ""一致した要件が3項目"", ""一致した要件が4項目"", ""一致した要件が5項目"", ""一致した要件が6項目""]","""0"""
v2-gen-noul-07-020,noul,generated,識別文字列の完全一致,"""商品ラベルの管理コードは「GH7-D」、注文票の管理コードは「GH7-A」です。照合では大文字と小文字、記号の違いも区別します。""",指定された照合規則で一致と判定できますか。,"{""false"": ""いいえ。質問の命題は成立しない。"", ""true"": ""はい。質問の命題が成立する。""}","""false"""
v2-gen-choice-02-026,choice,generated,条件と優先例外,"{""規則"": ""会員かつ7個以上なら優待。ただし予約品は常に通常"", ""会員"": true, ""購入数"": 7, ""予約品"": false}",会計時の区分を一つ決めてください。,"{""優待"": ""優待の扱い"", ""通常"": ""通常の扱い""}","""優待"""
v2-gen-choice-09-023,choice,generated,利用可能集合の差,"{""利用可能品"": [""箱"", ""袋"", ""用紙""], ""予約済み品"": [""箱"", ""テープ"", ""袋""]}",予約済みを利用可能一覧から除いたとき、残る品を答えてください。,"{""テープ"": ""テープ"", ""用紙"": ""用紙"", ""箱"": ""箱"", ""袋"": ""袋""}","""用紙"""
v2-gen-noul-10-029,noul,generated,条件付き義務,"""規則: 代理申請のときだけ控えの交付が必須です。それ以外の場合にはこの義務はなく、実施していても構いません。今回の案件は代理申請に該当で、控えの交付は未実施です。""",この記録は規則を守っていますか。,"{""false"": ""いいえ。質問の命題は成立しない。"", ""true"": ""はい。質問の命題が成立する。""}","""false"""
v2-gen-score-04-022,score,generated,独立チェックの合計,"""夕凪資料の点検: 宛先ありは満たす、添付ありは満たす、管理番号ありは満たす、日付ありは満たす。各項目は一つずつ数えます。""",合格した項目数に対応する段階を答えてください。,"[""満たした項目が0個"", ""満たした項目が1個"", ""満たした項目が2個"", ""満たした項目が3個"", ""満たした項目が4個""]","""4"""
v2-gen-score-01-037,score,generated,件数の段階境界,"{""案件"": ""白波"", ""計数対象"": ""検品で見つかった不備"", ""件数"": 10, ""処理済みを除外"": true}",現在の件数を指定の段階基準に当てはめてください。,"[""対象件数が5件未満"", ""対象件数が5件以上、10件未満"", ""対象件数が10件以上""]","""2"""
v2-gen-noul-13-006,noul,generated,範囲の開閉境界,"""灯台の受付数は、2個より多い、かつ7個未満の場合に限り適合です。今回の数は2個です。""",指定された範囲条件を満たしていますか。,"{""false"": ""いいえ。質問の命題は成立しない。"", ""true"": ""はい。質問の命題が成立する。""}","""false"""
v2-gen-score-15-022,score,generated,軽重のある項目,"{""不備ごとの配点"": {""署名欠落"": 2, ""日付欠落"": 1, ""頁番号欠落"": 1, ""余白不備"": 1, ""添付欠落"": 1, ""宛名不備"": 1}, ""不備あり"": {""署名欠落"": false, ""日付欠落"": false, ""頁番号欠落"": true, ""余白不備"": true, ""添付欠落"": false, ""宛名不備"": true}, ""上限"": 6}",項目数ではなく指定された点数で評価してください。,"[""不備点の合計が0点"", ""不備点の合計が1点"", ""不備点の合計が2点"", ""不備点の合計が3点"", ""不備点の合計が4点"", ""不備点の合計が5点"", ""不備点の合計が6点以上""]","""3"""
v2-gen-choice-15-043,choice,generated,文章内の順序参照,"""水面会議では、発表者を発表順に「遠藤、中村、吉田」と紹介しました。同じ人の再登場はありません。""",発表順の先頭から1番目にいる人を答えてください。,"{""中村"": ""中村さん"", ""吉田"": ""吉田さん"", ""遠藤"": ""遠藤さん""}","""遠藤"""
v2-gen-choice-11-036,choice,generated,小数量の比較,"""入出庫記録: 袋は在庫3個、そのうち予約0個、名札は在庫15個、そのうち予約4個、封筒は在庫12個、そのうち予約2個、付箋は在庫0個、そのうち予約0個、冊子は在庫8個、そのうち予約3個。予約分は自由在庫に含めません。""",今使える個数が最も多い品を答えてください。,"{""付箋"": ""付箋"", ""冊子"": ""冊子"", ""名札"": ""名札"", ""封筒"": ""封筒"", ""袋"": ""袋""}","""名札"""
v2-gen-choice-11-032,choice,generated,小数量の比較,"""入出庫記録: シールは在庫4個、そのうち予約4個、名札は在庫7個、そのうち予約4個、ファイルは在庫2個、そのうち予約1個、封筒は在庫8個、そのうち予約2個。予約分は自由在庫に含めません。""",今使える個数が最も多い品を答えてください。,"{""シール"": ""シール"", ""ファイル"": ""ファイル"", ""名札"": ""名札"", ""封筒"": ""封筒""}","""封筒"""
v2-gen-noul-14-005,noul,generated,予定時間の重なり,"""石田さんの予定: 白波会議は10時から13時、面談は5時から8時。終了と次の開始が同時刻の場合は重複とは扱いません。""",二つの予定の時間は重なっていますか。,"{""false"": ""いいえ。質問の命題は成立しない。"", ""true"": ""はい。質問の命題が成立する。""}","""false"""
v2-gen-noul-03-015,noul,generated,いずれかの条件,"{""いずれか一つ以上必要"": [""引換券"", ""入場証"", ""紹介状"", ""事前予約票""], ""所持状況"": {""引換券"": false, ""入場証"": false, ""紹介状"": false, ""事前予約票"": false}, ""対象"": ""高橋""}",少なくとも一つの必要条件が成立していますか。,"{""false"": ""いいえ。質問の命題は成立しない。"", ""true"": ""はい。質問の命題が成立する。""}","""false"""
v2-gen-noul-14-020,noul,generated,予定時間の重なり,"{""対象者"": ""加藤"", ""会議"": [11, 13], ""面談"": [12, 15], ""規則"": ""終了時刻と開始時刻が一致するだけなら重複なし""}",二つの予定の時間は重なっていますか。,"{""false"": ""いいえ。質問の命題は成立しない。"", ""true"": ""はい。質問の命題が成立する。""}","""true"""
v2-gen-noul-08-012,noul,generated,集合と否定所属,"{""催し"": ""夕凪"", ""完全な参加者名簿"": [""中村"", ""遠藤"", ""森"", ""大野"", ""松本""], ""補足"": ""名前のない人は参加者ではない""}",『山田さんは参加者ではない』という記述は正しいですか。,"{""false"": ""いいえ。質問の命題は成立しない。"", ""true"": ""はい。質問の命題が成立する。""}","""true"""
v2-gen-noul-11-036,noul,generated,参照関係の真偽,"{""案件担当"": {""若葉"": ""松本"", ""春風"": ""上田""}, ""資料関連先"": {""箱"": ""若葉"", ""カード"": ""春風""}}",カードの関連先を担当表で引くと松本さんになりますか。,"{""false"": ""いいえ。質問の命題は成立しない。"", ""true"": ""はい。質問の命題が成立する。""}","""false"""
v2-gen-score-15-017,score,generated,軽重のある項目,"{""不備ごとの配点"": {""余白不備"": 2, ""日付欠落"": 1}, ""不備あり"": {""余白不備"": true, ""日付欠落"": false}, ""上限"": 1}",項目数ではなく指定された点数で評価してください。,"[""不備点の合計が0点"", ""不備点の合計が1点以上""]","""1"""
v2-gen-noul-06-038,noul,generated,更新後の状態,"{""対象"": ""木漏れ日"", ""更新記録"": [{""時刻"": 9, ""状態"": ""空席あり""}, {""時刻"": 14, ""状態"": ""満席""}, {""時刻"": 17, ""状態"": ""停止中""}, {""時刻"": 10, ""状態"": ""空席あり""}], ""規則"": ""最新時刻の記録が有効""}",現在の状態は「停止中」ですか。,"{""false"": ""いいえ。質問の命題は成立しない。"", ""true"": ""はい。質問の命題が成立する。""}","""true"""
v2-gen-noul-07-038,noul,generated,識別文字列の完全一致,"""商品ラベルの管理コードは「GH3-B」、注文票の管理コードは「GH3_B」です。照合では大文字と小文字、記号の違いも区別します。""",同一コードとして扱ってよいですか。,"{""false"": ""いいえ。質問の命題は成立しない。"", ""true"": ""はい。質問の命題が成立する。""}","""false"""
v2-gen-noul-11-045,noul,generated,参照関係の真偽,"{""案件担当"": {""草原"": ""森"", ""若葉"": ""渡辺"", ""星空"": ""佐藤"", ""青空"": ""吉田"", ""灯台"": ""遠藤""}, ""資料関連先"": {""シール"": ""灯台"", ""ペン"": ""若葉"", ""名札"": ""青空"", ""ノート"": ""星空"", ""袋"": ""草原""}}",ノートに関連する案件の担当は佐藤さんですか。,"{""false"": ""いいえ。質問の命題は成立しない。"", ""true"": ""はい。質問の命題が成立する。""}","""true"""
v2-gen-noul-12-027,noul,generated,記録と主張の照合,"{""施設"": ""草原"", ""入口ごとの現在の確定記録"": {""北口"": ""4分の1だけ開いている"", ""南口"": ""4分の1だけ開いている"", ""東口"": ""完全に開いている"", ""西口"": ""4分の1だけ開いている"", ""裏口"": ""完全に閉じている"", ""搬入口"": ""半分だけ開いている""}, ""判定資料"": ""現在の確定記録のみ""}",確定情報から、西口は完全に閉じていると言えますか。,"{""false"": ""いいえ。質問の命題は成立しない。"", ""true"": ""はい。質問の命題が成立する。""}","""false"""
v2-gen-noul-08-049,noul,generated,集合と否定所属,"""山道の参加者名簿は石田、大野、渡辺、森です。この名簿は完全で、記載のない人は参加者ではありません。""",佐藤さんは参加者であると言えますか。,"{""false"": ""いいえ。質問の命題は成立しない。"", ""true"": ""はい。質問の命題が成立する。""}","""false"""
v2-gen-noul-05-006,noul,generated,締切の境界,"""水面の提出は16時ちょうどまで受け付け、同時刻の提出も有効です。林さんの提出記録は10時ちょうどです。""",時刻だけを基準に、この提出を有効と判定できますか。,"{""false"": ""いいえ。質問の命題は成立しない。"", ""true"": ""はい。質問の命題が成立する。""}","""true"""
v2-gen-score-09-018,score,generated,例外による上限,"""検査合格状況: 記録は合格、表示は合格。合格項目一つにつき1点ですが、要再確認の印があれば上限1点に制限します。今回その印はありません。""",単純な合格数ではなく、上限ルール適用後の点数を求めてください。,"[""最終点0点"", ""最終点1点"", ""最終点2点""]","""2"""
v2-gen-choice-03-004,choice,generated,最終更新,"{""案件"": ""若葉"", ""更新記録"": [{""時"": 13, ""状態"": ""保留""}, {""時"": 14, ""状態"": ""確認中""}, {""時"": 11, ""状態"": ""取消""}, {""時"": 8, ""状態"": ""確認中""}]}",記載順ではなく更新時刻を比べ、最新の状態を選んでください。,"{""保留"": ""保留"", ""取消"": ""取消"", ""差戻し"": ""差戻し"", ""発送済み"": ""発送済み"", ""確認中"": ""確認中""}","""確認中"""
v2-gen-score-11-033,score,generated,時刻順の評価更新,"{""案件"": ""白波"", ""評価更新"": [{""時刻"": 17, ""段階"": 0}, {""時刻"": 21, ""段階"": 3}, {""時刻"": 7, ""段階"": 1}, {""時刻"": 20, ""段階"": 2}, {""時刻"": 8, ""段階"": 1}], ""採用規則"": ""最新時刻だけを採用""}",最後に更新された有効な段階はいくつですか。,"[""評価段階0"", ""評価段階1"", ""評価段階2"", ""評価段階3""]","""3"""
v2-gen-choice-11-029,choice,generated,小数量の比較,"{""在庫"": [{""品名"": ""テープ"", ""総在庫"": 7, ""予約分"": 2}, {""品名"": ""ラベル"", ""総在庫"": 13, ""予約分"": 3}, {""品名"": ""ケース"", ""総在庫"": 11, ""予約分"": 0}, {""品名"": ""用紙"", ""総在庫"": 5, ""予約分"": 2}, {""品名"": ""クリップ"", ""総在庫"": 9, ""予約分"": 0}, {""品名"": ""箱"", ""総在庫"": 9, ""予約分"": 3}], ""自由在庫"": ""総在庫から予約分を引く""}",予約分を差し引いた残りが一番多いのはどれですか。,"{""クリップ"": ""クリップ"", ""ケース"": ""ケース"", ""テープ"": ""テープ"", ""ラベル"": ""ラベル"", ""用紙"": ""用紙"", ""箱"": ""箱""}","""ケース"""
v2-gen-noul-07-023,noul,generated,識別文字列の完全一致,"{""商品ラベル"": ""AB6-D"", ""注文票"": ""AB6-D"", ""照合規則"": ""大文字小文字と記号も含む完全一致""}",指定された照合規則で一致と判定できますか。,"{""false"": ""いいえ。質問の命題は成立しない。"", ""true"": ""はい。質問の命題が成立する。""}","""true"""
v2-gen-choice-07-031,choice,generated,複数属性の制約,"{""在庫表"": [{""品名"": ""箱"", ""色"": ""茶"", ""素材"": ""樹脂"", ""在庫あり"": true}, {""品名"": ""シール"", ""色"": ""黄"", ""素材"": ""樹脂"", ""在庫あり"": false}, {""品名"": ""ノート"", ""色"": ""黄"", ""素材"": ""樹脂"", ""在庫あり"": true}, {""品名"": ""名札"", ""色"": ""黄"", ""素材"": ""紙"", ""在庫あり"": true}, {""品名"": ""用紙"", ""色"": ""黄"", ""素材"": ""樹脂"", ""在庫あり"": false}, {""品名"": ""ラベル"", ""色"": ""黄"", ""素材"": ""ガラス"", ""在庫あり"": true}, {""品名"": ""袋"", ""色"": ""黄"", ""素材"": ""ガラス"", ""在庫あり"": true}]}",必要条件は黄色、樹脂製、在庫ありの三つです。全部に合う品はどれですか。,"{""シール"": ""シール"", ""ノート"": ""ノート"", ""ラベル"": ""ラベル"", ""名札"": ""名札"", ""用紙"": ""用紙"", ""箱"": ""箱"", ""袋"": ""袋""}","""ノート"""
v2-gen-noul-11-013,noul,generated,参照関係の真偽,"""担当表: 白波は遠藤、春風は高橋、木漏れ日は上田。資料の関連先: 用紙は春風、冊子は木漏れ日、封筒は白波。""",遠藤さんは封筒が属する案件の担当者と言えますか。,"{""false"": ""いいえ。質問の命題は成立しない。"", ""true"": ""はい。質問の命題が成立する。""}","""true"""
v2-gen-choice-08-017,choice,generated,改訂と例外の優先,"""通常品の貼付ラベルについて、連絡は古い順に「黒」「黄」でした。後の連絡が前の連絡を上書きします。ただし冷蔵品には連絡履歴に関係なく黄ラベルを貼ります。今回の荷物は通常品です。""",例外と改訂の順序を考慮して、使用する色はどれですか。,"{""黄"": ""黄ラベル"", ""黒"": ""黒ラベル""}","""黄"""
v2-gen-noul-14-037,noul,generated,予定時間の重なり,"{""対象者"": ""吉田"", ""会議"": [14, 18], ""面談"": [20, 21], ""規則"": ""終了時刻と開始時刻が一致するだけなら重複なし""}",同時に二つの予定に出席しなければならない時間がありますか。,"{""false"": ""いいえ。質問の命題は成立しない。"", ""true"": ""はい。質問の命題が成立する。""}","""false"""
v2-gen-choice-04-004,choice,generated,参照先の担当,"{""案件担当"": {""春風"": ""林"", ""星空"": ""遠藤"", ""青空"": ""山田"", ""山道"": ""森""}, ""資料の所属案件"": {""ノート"": ""青空"", ""付箋"": ""星空"", ""冊子"": ""山道"", ""封筒"": ""春風""}, ""確認資料"": ""付箋""}",確認資料が属する案件の担当者を選んでください。,"{""山田"": ""山田さん"", ""林"": ""林さん"", ""森"": ""森さん"", ""遠藤"": ""遠藤さん""}","""遠藤"""
v2-gen-choice-01-033,choice,generated,問い合わせ経路,"{""分類表"": {""製品"": [""破損"", ""初期不良"", ""部品交換""], ""修理"": [""修理見積"", ""修理進捗"", ""保証修理""], ""配送"": [""届け先変更"", ""荷物の遅延"", ""追跡番号""], ""契約"": [""契約更新"", ""プラン変更"", ""解約手続き""]}, ""本文"": ""契約中のプランを変更したいです"", ""受付主題"": ""プラン変更""}",分類表に従い、この問い合わせを担当する窓口を一つ選んでください。,"{""修理"": ""修理の窓口"", ""契約"": ""契約の窓口"", ""製品"": ""製品の窓口"", ""配送"": ""配送の窓口""}","""契約"""
v2-gen-choice-03-010,choice,generated,最終更新,"""案件「灯台」の記録です。14時の更新: 承認。 13時の更新: 未着手。 18時の更新: 承認。 17時の更新: 承認。 20時の更新: 保留。""",記載順ではなく更新時刻を比べ、最新の状態を選んでください。,"{""保留"": ""保留"", ""取消"": ""取消"", ""受取済み"": ""受取済み"", ""差戻し"": ""差戻し"", ""承認"": ""承認"", ""未着手"": ""未着手"", ""発送済み"": ""発送済み""}","""保留"""
v2-gen-score-01-003,score,generated,件数の段階境界,"""星空で確認待ちの申請を数えたところ、現在4件でした。処理済みは数に含めていません。""",記録された数に対応する段階を選んでください。,"[""対象件数が5件未満"", ""対象件数が5件以上、10件未満"", ""対象件数が10件以上、15件未満"", ""対象件数が15件以上""]","""0"""
v2-gen-noul-14-007,noul,generated,予定時間の重なり,"{""対象者"": ""高橋"", ""会議"": [13, 17], ""面談"": [10, 11], ""規則"": ""終了時刻と開始時刻が一致するだけなら重複なし""}",指定された端点の扱いで予定の重複はありますか。,"{""false"": ""いいえ。質問の命題は成立しない。"", ""true"": ""はい。質問の命題が成立する。""}","""false"""
v2-gen-score-11-029,score,generated,時刻順の評価更新,"{""案件"": ""白波"", ""評価更新"": [{""時刻"": 9, ""段階"": 1}, {""時刻"": 20, ""段階"": 4}, {""時刻"": 14, ""段階"": 1}], ""採用規則"": ""最新時刻だけを採用""}",最後に更新された有効な段階はいくつですか。,"[""評価段階0"", ""評価段階1"", ""評価段階2"", ""評価段階3"", ""評価段階4"", ""評価段階5"", ""評価段階6""]","""4"""
v2-gen-choice-14-046,choice,generated,二属性照合,"""展示品の札: 名札は緑色・紙製、用紙は赤色・金属製、付箋は赤色・木製、袋は青色・金属製、冊子は茶色・木製、ファイルは緑色・木製、クリップは茶色・樹脂製。探しているのは青色の金属製です。""",二つの指定を同時に満たす展示品はどれですか。,"{""クリップ"": ""クリップ"", ""ファイル"": ""ファイル"", ""付箋"": ""付箋"", ""冊子"": ""冊子"", ""名札"": ""名札"", ""用紙"": ""用紙"", ""袋"": ""袋""}","""袋"""
v2-gen-noul-15-012,noul,generated,出来事の前後関係,"{""担当者"": ""大野"", ""実施順"": [""伝票記入"", ""検品"", ""休憩"", ""報告"", ""棚への配置"", ""引継ぎ""], ""各作業の実施回数"": 1}",報告は検品より前に行われましたか。,"{""false"": ""いいえ。質問の命題は成立しない。"", ""true"": ""はい。質問の命題が成立する。""}","""false"""
v2-gen-choice-03-021,choice,generated,最終更新,"{""案件"": ""山道"", ""更新記録"": [{""時"": 20, ""状態"": ""受取済み""}, {""時"": 16, ""状態"": ""承認""}, {""時"": 11, ""状態"": ""保留""}, {""時"": 19, ""状態"": ""受取済み""}]}",最後の時刻の記録が有効です。現在の状態はどれですか。,"{""保留"": ""保留"", ""取消"": ""取消"", ""受取済み"": ""受取済み"", ""承認"": ""承認"", ""未着手"": ""未着手""}","""受取済み"""
v2-gen-choice-05-032,choice,generated,否定条件で選択,"""検品記録: 名札は封ありで濡れていない、ノートは封ありで濡れている、用紙は封ありで濡れていない、シールは封ありで濡れている、クリップは封ありで濡れていない、ファイルは封ありで濡れている、封筒は封なしで濡れていない。""",封がないもので、かつ濡れていない品を選んでください。,"{""クリップ"": ""クリップ"", ""シール"": ""シール"", ""ノート"": ""ノート"", ""ファイル"": ""ファイル"", ""名札"": ""名札"", ""封筒"": ""封筒"", ""用紙"": ""用紙""}","""封筒"""
v2-gen-choice-02-032,choice,generated,条件と優先例外,"""春風店では会員で購入数が8個以上なら優待扱いです。ただし予約品は購入数や会員資格にかかわらず通常扱いです。今回は14個、会員、通常在庫品です。""",会計時の区分を一つ決めてください。,"{""優待"": ""優待の扱い"", ""通常"": ""通常の扱い""}","""優待"""
v2-gen-noul-12-041,noul,generated,記録と主張の照合,"{""施設"": ""星空"", ""入口ごとの現在の確定記録"": {""北口"": ""4分の1だけ開いている"", ""南口"": ""完全に開いている"", ""東口"": ""4分の1だけ開いている"", ""西口"": ""完全に開いている"", ""裏口"": ""完全に閉じている"", ""搬入口"": ""4分の1だけ開いている""}, ""判定資料"": ""現在の確定記録のみ""}",『現在の北口は半分だけ開いている』という主張は確定記録と一致しますか。,"{""false"": ""いいえ。質問の命題は成立しない。"", ""true"": ""はい。質問の命題が成立する。""}","""false"""
v2-gen-choice-03-023,choice,generated,最終更新,"""案件「朝露」の記録です。12時の更新: 保留。 17時の更新: 保留。 19時の更新: 発送済み。""",時刻が最も新しい更新に基づく状態を答えてください。,"{""保留"": ""保留"", ""取消"": ""取消"", ""受取済み"": ""受取済み"", ""差戻し"": ""差戻し"", ""承認"": ""承認"", ""未着手"": ""未着手"", ""発送済み"": ""発送済み"", ""確認中"": ""確認中""}","""発送済み"""
v2-gen-noul-08-008,noul,generated,集合と否定所属,"""灯台の参加者名簿は遠藤、青木です。この名簿は完全で、記載のない人は参加者ではありません。""",名簿に基づき、中村さんが参加者ではないという判断に同意できますか。,"{""false"": ""いいえ。質問の命題は成立しない。"", ""true"": ""はい。質問の命題が成立する。""}","""true"""
v2-gen-choice-07-014,choice,generated,複数属性の制約,"""在庫表: ペンは白色・紙製・在庫あり、テープは黒色・紙製・在庫あり。""",今注文できる紙製の黒色の商品を答えてください。在庫なしは選べません。,"{""テープ"": ""テープ"", ""ペン"": ""ペン""}","""テープ"""
v2-gen-noul-11-035,noul,generated,参照関係の真偽,"""担当表: 山道は森、青空は吉田。資料の関連先: ノートは山道、ラベルは青空。""",ラベルに関連する案件の担当は吉田さんですか。,"{""false"": ""いいえ。質問の命題は成立しない。"", ""true"": ""はい。質問の命題が成立する。""}","""true"""
v2-gen-noul-07-029,noul,generated,識別文字列の完全一致,"{""商品ラベル"": ""PQ3-A"", ""注文票"": ""PQ3-A"", ""照合規則"": ""大文字小文字と記号も含む完全一致""}",二つの管理コードは完全一致していますか。,"{""false"": ""いいえ。質問の命題は成立しない。"", ""true"": ""はい。質問の命題が成立する。""}","""true"""
v2-gen-noul-11-028,noul,generated,参照関係の真偽,"{""案件担当"": {""木漏れ日"": ""渡辺"", ""春風"": ""山田"", ""草原"": ""高橋"", ""夕凪"": ""林""}, ""資料関連先"": {""カード"": ""春風"", ""用紙"": ""木漏れ日"", ""ケース"": ""草原"", ""袋"": ""夕凪""}}",用紙の関連先を担当表で引くと林さんになりますか。,"{""false"": ""いいえ。質問の命題は成立しない。"", ""true"": ""はい。質問の命題が成立する。""}","""false"""
v2-gen-noul-03-024,noul,generated,いずれかの条件,"""白波の受付では受付確認票・当日券・招待券・事前予約票のうち一つ以上があれば通れます。遠藤さん: 受付確認票はあり、当日券はあり、招待券はあり、事前予約票はあり。""",少なくとも一つの必要条件が成立していますか。,"{""false"": ""いいえ。質問の命題は成立しない。"", ""true"": ""はい。質問の命題が成立する。""}","""true"""
v2-gen-noul-05-003,noul,generated,締切の境界,"{""受付規則"": ""12時より前だけ受け付け、12時ちょうどは無効"", ""提出者"": ""渡辺"", ""提出時刻"": 13}",この提出は時間条件を満たしていますか。,"{""false"": ""いいえ。質問の命題は成立しない。"", ""true"": ""はい。質問の命題が成立する。""}","""false"""
v2-gen-score-12-014,score,generated,目標からの差,"""木漏れ日の目標数は14個、実績は15個です。多すぎても少なすぎても、目標から何個離れたかで評価します。差が5個以上なら最終段階5にまとめます。""",不足・超過の向きではなく差の大きさで評価してください。,"[""目標との差が0個"", ""目標との差が1個"", ""目標との差が2個"", ""目標との差が3個"", ""目標との差が4個"", ""目標との差が5個以上""]","""1"""
v2-gen-score-04-020,score,generated,独立チェックの合計,"{""資料"": ""朝露"", ""チェック項目"": {""管理番号あり"": false, ""添付あり"": false}, ""各項目の重み"": 1}",満たしたチェック項目の数を段階として選んでください。,"[""満たした項目が0個"", ""満たした項目が1個"", ""満たした項目が2個""]","""0"""
v2-gen-score-13-002,score,generated,取消しを反映した件数,"{""催し"": ""青空"", ""申込み"": [{""氏名"": ""林"", ""受付済み"": true, ""取消済み"": false}, {""氏名"": ""青木"", ""受付済み"": true, ""取消済み"": true}, {""氏名"": ""吉田"", ""受付済み"": true, ""取消済み"": false}, {""氏名"": ""森"", ""受付済み"": true, ""取消済み"": true}, {""氏名"": ""渡辺"", ""受付済み"": true, ""取消済み"": false}, {""氏名"": ""山田"", ""受付済み"": true, ""取消済み"": true}, {""氏名"": ""遠藤"", ""受付済み"": true, ""取消済み"": true}, {""氏名"": ""松本"", ""受付済み"": true, ""取消済み"": false}], ""まとめ方"": ""7件以上は段階7""}",受付済みから取消済みを除いた件数はいくつの段階ですか。,"[""有効申込みが0件"", ""有効申込みが1件"", ""有効申込みが2件"", ""有効申込みが3件"", ""有効申込みが4件"", ""有効申込みが5件"", ""有効申込みが6件"", ""有効申込みが7件以上""]","""4"""
v2-gen-score-03-046,score,generated,順番に進む工程,"{""案件"": ""草原"", ""工程順"": [""実施"", ""受付"", ""調査"", ""審査"", ""引継ぎ"", ""報告""], ""完了済み"": [""実施"", ""受付"", ""調査"", ""審査"", ""引継ぎ"", ""報告""], ""着手中は完了に含めない"": true}",工程の完了状況を段階尺度で評価してください。,"[""完了した工程はまだない"", ""先頭から1工程が完了（最後に完了したのは実施）"", ""先頭から2工程が完了（最後に完了したのは受付）"", ""先頭から3工程が完了（最後に完了したのは調査）"", ""先頭から4工程が完了（最後に完了したのは審査）"", ""先頭から5工程が完了（最後に完了したのは引継ぎ）"", ""先頭から6工程が完了（最後に完了したのは報告）""]","""6"""
v2-gen-choice-08-018,choice,generated,改訂と例外の優先,"""通常品の貼付ラベルについて、連絡は古い順に「赤」「緑」「紫」でした。後の連絡が前の連絡を上書きします。ただし冷蔵品には連絡履歴に関係なく黄ラベルを貼ります。今回の荷物は冷蔵品です。""",この荷物に貼るラベルの色を選んでください。,"{""紫"": ""紫ラベル"", ""緑"": ""緑ラベル"", ""赤"": ""赤ラベル"", ""黄"": ""黄ラベル""}","""黄"""
v2-gen-choice-08-038,choice,generated,改訂と例外の優先,"""通常品の貼付ラベルについて、連絡は古い順に「黒」「青」「緑」でした。後の連絡が前の連絡を上書きします。ただし冷蔵品には連絡履歴に関係なく黒ラベルを貼ります。今回の荷物は通常品です。""",この荷物に貼るラベルの色を選んでください。,"{""緑"": ""緑ラベル"", ""茶"": ""茶ラベル"", ""青"": ""青ラベル"", ""黒"": ""黒ラベル""}","""緑"""
v2-gen-noul-05-017,noul,generated,締切の境界,"""木漏れ日の提出は14時ちょうどまで受け付け、同時刻の提出も有効です。青木さんの提出記録は20時ちょうどです。""",この提出は時間条件を満たしていますか。,"{""false"": ""いいえ。質問の命題は成立しない。"", ""true"": ""はい。質問の命題が成立する。""}","""false"""
v2-gen-score-15-039,score,generated,軽重のある項目,"{""不備ごとの配点"": {""誤字"": 2, ""宛名不備"": 1}, ""不備あり"": {""誤字"": true, ""宛名不備"": true}, ""上限"": 2}",配点の違いを反映した最終段階を選んでください。,"[""不備点の合計が0点"", ""不備点の合計が1点"", ""不備点の合計が2点以上""]","""2"""
v2-gen-score-12-009,score,generated,目標からの差,"""白波の目標数は11個、実績は5個です。多すぎても少なすぎても、目標から何個離れたかで評価します。差が7個以上なら最終段階7にまとめます。""",目標からのずれの段階を選んでください。,"[""目標との差が0個"", ""目標との差が1個"", ""目標との差が2個"", ""目標との差が3個"", ""目標との差が4個"", ""目標との差が5個"", ""目標との差が6個"", ""目標との差が7個以上""]","""6"""
v2-gen-score-09-020,score,generated,例外による上限,"{""検査合格"": {""寸法"": true, ""包装"": true, ""記録"": true, ""動作"": true}, ""要再確認の印あり"": false, ""採点規則"": ""合格数が点数。ただし印があれば上限0点""}",上限制限を適用した最終点を選んでください。,"[""最終点0点"", ""最終点1点"", ""最終点2点"", ""最終点3点"", ""最終点4点""]","""4"""
v2-gen-score-02-030,score,generated,記述の満足段階,"""松本さんは春風の体験について「極めて強い満足を感じたが、最高とまでは言わない」と回答しました。追加の発言はありません。""",回答者が表明した満足の程度を分類してください。,"[""どちらでもない"", ""満足"", ""強い満足"", ""極めて強い満足""]","""3"""
v2-gen-choice-09-038,choice,generated,利用可能集合の差,"""貸出台帳で利用可能と記録されている品はケース、ペン、冊子。予約済みの品はペン、ケースです。""",予約済みを利用可能一覧から除いたとき、残る品を答えてください。,"{""ケース"": ""ケース"", ""ペン"": ""ペン"", ""冊子"": ""冊子""}","""冊子"""
v2-gen-choice-03-009,choice,generated,最終更新,"{""案件"": ""夕凪"", ""更新記録"": [{""時"": 11, ""状態"": ""未着手""}, {""時"": 12, ""状態"": ""未着手""}, {""時"": 13, ""状態"": ""未着手""}, {""時"": 10, ""状態"": ""取消""}]}",時刻が最も新しい更新に基づく状態を答えてください。,"{""取消"": ""取消"", ""承認"": ""承認"", ""未着手"": ""未着手""}","""未着手"""
v2-gen-score-04-041,score,generated,独立チェックの合計,"{""資料"": ""山道"", ""チェック項目"": {""管理番号あり"": false, ""日付あり"": false}, ""各項目の重み"": 1}",満たしたチェック項目の数を段階として選んでください。,"[""満たした項目が0個"", ""満たした項目が1個"", ""満たした項目が2個""]","""0"""
v2-gen-noul-13-045,noul,generated,範囲の開閉境界,"{""下限条件"": ""3個より多い"", ""上限条件"": ""9個以下"", ""今回の個数"": 9, ""関係"": ""両方を満たすこと""}",指定された範囲条件を満たしていますか。,"{""false"": ""いいえ。質問の命題は成立しない。"", ""true"": ""はい。質問の命題が成立する。""}","""true"""
v2-gen-score-03-033,score,generated,順番に進む工程,"{""案件"": ""木漏れ日"", ""工程順"": [""報告"", ""日程調整"", ""検収"", ""引継ぎ"", ""実施"", ""承認"", ""調査""], ""完了済み"": [""報告"", ""日程調整""], ""着手中は完了に含めない"": true}",完了済みの到達段階を選んでください。,"[""完了した工程はまだない"", ""先頭から1工程が完了（最後に完了したのは報告）"", ""先頭から2工程が完了（最後に完了したのは日程調整）"", ""先頭から3工程が完了（最後に完了したのは検収）"", ""先頭から4工程が完了（最後に完了したのは引継ぎ）"", ""先頭から5工程が完了（最後に完了したのは実施）"", ""先頭から6工程が完了（最後に完了したのは承認）"", ""先頭から7工程が完了（最後に完了したのは調査）""]","""2"""
v2-gen-choice-10-038,choice,generated,不在時の代理,"""担当者: 白波は遠藤、木漏れ日は佐藤、夕凪は渡辺。代理者: 遠藤の代理は佐藤、佐藤の代理は渡辺、渡辺の代理は遠藤。本日の不在者はなし。問い合わせ先の案件は夕凪です。代理への振替は一回だけ行い、その先の不在は判定しません。""",本日の規則に従う連絡相手を選んでください。,"{""佐藤"": ""佐藤さん"", ""渡辺"": ""渡辺さん"", ""遠藤"": ""遠藤さん""}","""渡辺"""
v2-gen-choice-03-042,choice,generated,最終更新,"""案件「青空」の記録です。19時の更新: 差戻し。 17時の更新: 差戻し。 11時の更新: 差戻し。 10時の更新: 受取済み。 20時の更新: 受取済み。""",記載順ではなく更新時刻を比べ、最新の状態を選んでください。,"{""受取済み"": ""受取済み"", ""差戻し"": ""差戻し"", ""未着手"": ""未着手""}","""受取済み"""
v2-gen-choice-09-027,choice,generated,利用可能集合の差,"""貸出台帳で利用可能と記録されている品は用紙、袋、ファイル、ノート。予約済みの品は用紙、袋、ファイル、冊子、ペンです。""",利用可能品のうち、予約されていない品を選んでください。,"{""ケース"": ""ケース"", ""シール"": ""シール"", ""ノート"": ""ノート"", ""ファイル"": ""ファイル"", ""ペン"": ""ペン"", ""冊子"": ""冊子"", ""用紙"": ""用紙"", ""袋"": ""袋""}","""ノート"""
v2-gen-noul-11-019,noul,generated,参照関係の真偽,"""担当表: 朝露は渡辺、白波は大野、夕凪は林、若葉は佐藤、星空は吉田。資料の関連先: ケースは夕凪、袋は白波、冊子は朝露、テープは星空、封筒は若葉。""",渡辺さんは冊子が属する案件の担当者と言えますか。,"{""false"": ""いいえ。質問の命題は成立しない。"", ""true"": ""はい。質問の命題が成立する。""}","""true"""
v2-gen-score-05-045,score,generated,緊急条件の加点,"{""案件"": ""青空"", ""基本優先度"": 1, ""締切までの残り時間"": 0, ""規則"": ""残り8時間以内なら1加点、それより長ければ0加点。上限7""}",締切までの時間による条件を反映した段階を答えてください。,"[""最終優先度0"", ""最終優先度1"", ""最終優先度2"", ""最終優先度3"", ""最終優先度4"", ""最終優先度5"", ""最終優先度6"", ""最終優先度7""]","""2"""
v2-gen-score-01-008,score,generated,件数の段階境界,"""山道で未処理の連絡を数えたところ、現在2件でした。処理済みは数に含めていません。""",件数だけを評価尺度に照らして判定してください。,"[""対象件数が2件未満"", ""対象件数が2件以上""]","""1"""
v2-gen-choice-10-008,choice,generated,不在時の代理,"""担当者: 春風は林、水面は石田、夕凪は中村、草原は高橋、星空は青木、山道は遠藤。代理者: 林の代理は石田、石田の代理は中村、中村の代理は高橋、高橋の代理は青木、青木の代理は遠藤、遠藤の代理は林。本日の不在者は石田。問い合わせ先の案件は水面です。代理への振替は一回だけ行い、その先の不在は判定しません。""",本日の規則に従う連絡相手を選んでください。,"{""中村"": ""中村さん"", ""林"": ""林さん"", ""石田"": ""石田さん"", ""遠藤"": ""遠藤さん"", ""青木"": ""青木さん"", ""高橋"": ""高橋さん""}","""中村"""
v2-gen-noul-10-040,noul,generated,条件付き義務,"""規則: 当日申請のときだけ確認票の添付が必須です。それ以外の場合にはこの義務はなく、実施していても構いません。今回の案件は当日申請に該当で、確認票の添付は実施済みです。""",この義務に関して、規則上問題なしと判定できますか。,"{""false"": ""いいえ。質問の命題は成立しない。"", ""true"": ""はい。質問の命題が成立する。""}","""true"""
v2-gen-choice-01-013,choice,generated,問い合わせ経路,"{""分類表"": {""店舗"": [""営業時間"", ""店内設備"", ""店舗の場所""], ""製品"": [""破損"", ""初期不良"", ""部品交換""], ""イベント"": [""申込期限"", ""会場案内"", ""参加取消""], ""請求"": [""二重請求"", ""領収書"", ""返金""], ""配送"": [""届け先変更"", ""荷物の遅延"", ""追跡番号""]}, ""本文"": ""お店に車いす用の設備はありますか"", ""受付主題"": ""店内設備""}",分類表に従い、この問い合わせを担当する窓口を一つ選んでください。,"{""イベント"": ""イベントの窓口"", ""店舗"": ""店舗の窓口"", ""製品"": ""製品の窓口"", ""請求"": ""請求の窓口"", ""配送"": ""配送の窓口""}","""店舗"""
v2-gen-score-08-039,score,generated,要件への一致数,"""注文要件: 形=四角、素材=木。提案品: 形=四角、素材=紙。""",提案品が満たす要件数はいくつの段階ですか。,"[""一致した要件が0項目"", ""一致した要件が1項目"", ""一致した要件が2項目""]","""1"""
v2-gen-score-01-032,score,generated,件数の段階境界,"""若葉で検品で見つかった不備を数えたところ、現在23件でした。処理済みは数に含めていません。""",記録された数に対応する段階を選んでください。,"[""対象件数が5件未満"", ""対象件数が5件以上、10件未満"", ""対象件数が10件以上、15件未満"", ""対象件数が15件以上、20件未満"", ""対象件数が20件以上""]","""4"""
v2-gen-noul-15-031,noul,generated,出来事の前後関係,"{""担当者"": ""青木"", ""実施順"": [""荷物受取"", ""電話連絡"", ""引継ぎ"", ""棚への配置"", ""報告""], ""各作業の実施回数"": 1}",日誌では引継ぎの方が棚への配置より先ですか。,"{""false"": ""いいえ。質問の命題は成立しない。"", ""true"": ""はい。質問の命題が成立する。""}","""true"""
v2-gen-choice-05-049,choice,generated,否定条件で選択,"{""検品"": [{""品名"": ""付箋"", ""封がある"": true, ""濡れている"": false}, {""品名"": ""用紙"", ""封がある"": false, ""濡れている"": false}, {""品名"": ""冊子"", ""封がある"": false, ""濡れている"": true}, {""品名"": ""名札"", ""封がある"": false, ""濡れている"": false}]}",濡れた品は除外し、封がある品を一つ選んでください。,"{""付箋"": ""付箋"", ""冊子"": ""冊子"", ""名札"": ""名札"", ""用紙"": ""用紙""}","""付箋"""
v2-gen-choice-13-020,choice,generated,工程の依存順,"""案件「若葉」の工程順は受付→内容確認です。途中の工程を飛ばすことはできません。完了済みは受付です。""",この作業を一段進めるときに着手する工程を答えてください。残りがなければ完了です。,"{""内容確認"": ""内容確認"", ""受付"": ""受付"", ""完了"": ""全工程が完了""}","""内容確認"""
v2-gen-noul-04-045,noul,generated,例外の優先,"""規則: 認定済みであれば山道を利用できます。ただし入場制限中なら利用できません。加藤さんは認定済みに非該当、入場制限中に該当です。""",この人は現在、利用可能ですか。,"{""false"": ""いいえ。質問の命題は成立しない。"", ""true"": ""はい。質問の命題が成立する。""}","""false"""
v2-gen-choice-11-041,choice,generated,小数量の比較,"""入出庫記録: 袋は在庫6個、そのうち予約2個、ペンは在庫9個、そのうち予約0個、名札は在庫4個、そのうち予約1個。予約分は自由在庫に含めません。""",自由在庫が最も少ない品を選んでください。,"{""ペン"": ""ペン"", ""名札"": ""名札"", ""袋"": ""袋""}","""名札"""
v2-gen-score-06-018,score,generated,約束時刻からの遅れ,"{""便"": ""水面"", ""約束時刻"": 8, ""実際の到着時刻"": 11, ""同日"": true, ""早着時の遅れ"": 0}",到着の遅れを段階基準で評価してください。,"[""遅れが1時間未満"", ""遅れが1時間以上、2時間未満"", ""遅れが2時間以上""]","""2"""
v2-gen-score-02-003,score,generated,記述の満足段階,"""吉田さんは灯台の体験について「特に良くも悪くも感じなかった」と回答しました。追加の発言はありません。""",感想に明示された評価を尺度へ対応づけてください。,"[""極めて強い不満"", ""不満"", ""どちらでもない"", ""やや満足"", ""極めて強い満足""]","""2"""
v2-gen-noul-14-010,noul,generated,予定時間の重なり,"""吉田さんの予定: 白波会議は11時から14時、面談は13時から16時。終了と次の開始が同時刻の場合は重複とは扱いません。""",指定された端点の扱いで予定の重複はありますか。,"{""false"": ""いいえ。質問の命題は成立しない。"", ""true"": ""はい。質問の命題が成立する。""}","""true"""
v2-gen-score-08-043,score,generated,要件への一致数,"{""注文要件"": {""包装"": ""袋"", ""色"": ""青"", ""素材"": ""紙"", ""配送"": ""店頭"", ""サイズ"": ""大"", ""印字"": ""なし""}, ""提案品"": {""包装"": ""袋"", ""色"": ""青"", ""素材"": ""紙"", ""配送"": ""店頭"", ""サイズ"": ""大"", ""印字"": ""なし""}}",注文要件と一致している属性の数を段階として選んでください。,"[""一致した要件が0項目"", ""一致した要件が1項目"", ""一致した要件が2項目"", ""一致した要件が3項目"", ""一致した要件が4項目"", ""一致した要件が5項目"", ""一致した要件が6項目""]","""6"""
v2-gen-choice-08-002,choice,generated,改訂と例外の優先,"""通常品の貼付ラベルについて、連絡は古い順に「黄」「白」「赤」でした。後の連絡が前の連絡を上書きします。ただし冷蔵品には連絡履歴に関係なく青ラベルを貼ります。今回の荷物は冷蔵品です。""",例外と改訂の順序を考慮して、使用する色はどれですか。,"{""白"": ""白ラベル"", ""緑"": ""緑ラベル"", ""赤"": ""赤ラベル"", ""青"": ""青ラベル"", ""黄"": ""黄ラベル""}","""青"""
v2-gen-choice-08-007,choice,generated,改訂と例外の優先,"""通常品の貼付ラベルについて、連絡は古い順に「白」「青」「紫」でした。後の連絡が前の連絡を上書きします。ただし冷蔵品には連絡履歴に関係なく黒ラベルを貼ります。今回の荷物は通常品です。""",今回適用されるラベルを一つ決めてください。,"{""白"": ""白ラベル"", ""紫"": ""紫ラベル"", ""緑"": ""緑ラベル"", ""茶"": ""茶ラベル"", ""青"": ""青ラベル"", ""黒"": ""黒ラベル""}","""紫"""
v2-gen-score-05-021,score,generated,緊急条件の加点,"""春風の基本優先度は0です。締切まで残り5時間以内なら1だけ加点し、それより長ければ加点しません。上限は4です。今回は締切まで5時間です。""",条件付き加点後の優先度を選んでください。,"[""最終優先度0"", ""最終優先度1"", ""最終優先度2"", ""最終優先度3"", ""最終優先度4""]","""1"""
v2-gen-choice-07-032,choice,generated,複数属性の制約,"{""在庫表"": [{""品名"": ""封筒"", ""色"": ""黒"", ""素材"": ""布"", ""在庫あり"": false}, {""品名"": ""テープ"", ""色"": ""黒"", ""素材"": ""布"", ""在庫あり"": true}, {""品名"": ""ケース"", ""色"": ""黒"", ""素材"": ""布"", ""在庫あり"": false}, {""品名"": ""付箋"", ""色"": ""黒"", ""素材"": ""紙"", ""在庫あり"": true}, {""品名"": ""用紙"", ""色"": ""黒"", ""素材"": ""布"", ""在庫あり"": false}]}",黒色で布製、在庫もある品を選んでください。,"{""ケース"": ""ケース"", ""テープ"": ""テープ"", ""付箋"": ""付箋"", ""封筒"": ""封筒"", ""用紙"": ""用紙""}","""テープ"""
v2-gen-score-08-021,score,generated,要件への一致数,"""注文要件: 包装=なし、配送=宅配、サイズ=中、素材=布、形=四角。提案品: 包装=なし、配送=宅配、サイズ=大、素材=布、形=四角。""",注文要件と一致している属性の数を段階として選んでください。,"[""一致した要件が0項目"", ""一致した要件が1項目"", ""一致した要件が2項目"", ""一致した要件が3項目"", ""一致した要件が4項目"", ""一致した要件が5項目""]","""4"""
v2-gen-score-13-039,score,generated,取消しを反映した件数,"{""催し"": ""若葉"", ""申込み"": [{""氏名"": ""中村"", ""受付済み"": false, ""取消済み"": false}, {""氏名"": ""木村"", ""受付済み"": false, ""取消済み"": false}, {""氏名"": ""遠藤"", ""受付済み"": false, ""取消済み"": false}, {""氏名"": ""渡辺"", ""受付済み"": false, ""取消済み"": false}, {""氏名"": ""佐藤"", ""受付済み"": false, ""取消済み"": false}, {""氏名"": ""上田"", ""受付済み"": false, ""取消済み"": false}, {""氏名"": ""石田"", ""受付済み"": false, ""取消済み"": false}, {""氏名"": ""山田"", ""受付済み"": false, ""取消済み"": false}], ""まとめ方"": ""2件以上は段階2""}",受付済みから取消済みを除いた件数はいくつの段階ですか。,"[""有効申込みが0件"", ""有効申込みが1件"", ""有効申込みが2件以上""]","""0"""
v2-gen-score-03-010,score,generated,順番に進む工程,"{""案件"": ""灯台"", ""工程順"": [""引継ぎ"", ""報告"", ""検収"", ""承認"", ""実施""], ""完了済み"": [""引継ぎ"", ""報告"", ""検収""], ""着手中は完了に含めない"": true}",工程の完了状況を段階尺度で評価してください。,"[""完了した工程はまだない"", ""先頭から1工程が完了（最後に完了したのは引継ぎ）"", ""先頭から2工程が完了（最後に完了したのは報告）"", ""先頭から3工程が完了（最後に完了したのは検収）"", ""先頭から4工程が完了（最後に完了したのは承認）"", ""先頭から5工程が完了（最後に完了したのは実施）""]","""3"""
v2-gen-choice-12-030,choice,generated,条件付き不足書類,"{""確認優先順"": [""同意書"", ""承認書"", ""受領票"", ""申込書"", ""本人確認票""], ""代理申請だけに必要"": ""承認書"", ""代理申請"": false, ""提出済み"": [""承認書""]}",未提出の必要書類のうち優先順が最初のものを選んでください。全部そろっていれば追加不要です。,"{""受領票"": ""受領票"", ""同意書"": ""同意書"", ""承認書"": ""承認書"", ""本人確認票"": ""本人確認票"", ""申込書"": ""申込書"", ""追加不要"": ""必要書類はすべて提出済み""}","""同意書"""
v2-gen-noul-01-047,noul,generated,事実と否定質問,"{""対象者"": ""山田"", ""項目"": ""貸出品を回収"", ""実施済み"": false}",確定情報だけから、山田さんが貸出品を回収しているという判断は正しいですか。,"{""false"": ""いいえ。質問の命題は成立しない。"", ""true"": ""はい。質問の命題が成立する。""}","""false"""
v2-gen-score-12-024,score,generated,目標からの差,"""灯台の目標数は14個、実績は15個です。多すぎても少なすぎても、目標から何個離れたかで評価します。差が1個以上なら最終段階1にまとめます。""",不足・超過の向きではなく差の大きさで評価してください。,"[""目標との差が0個"", ""目標との差が1個以上""]","""1"""
v2-gen-noul-12-005,noul,generated,記録と主張の照合,"{""施設"": ""夕凪"", ""入口ごとの現在の確定記録"": {""北口"": ""半分だけ開いている"", ""南口"": ""半分だけ開いている"", ""東口"": ""4分の1だけ開いている"", ""西口"": ""完全に開いている"", ""裏口"": ""4分の1だけ開いている"", ""搬入口"": ""完全に開いている""}, ""判定資料"": ""現在の確定記録のみ""}",確定情報から、裏口は完全に閉じていると言えますか。,"{""false"": ""いいえ。質問の命題は成立しない。"", ""true"": ""はい。質問の命題が成立する。""}","""false"""
v2-gen-choice-07-048,choice,generated,複数属性の制約,"""在庫表: ペンは黒色・布製・在庫あり、テープは赤色・布製・在庫あり、シールは茶色・布製・在庫あり、袋は黒色・木製・在庫あり、カードは黒色・紙製・在庫あり、封筒は黒色・木製・在庫あり、付箋は紫色・布製・在庫あり。""",今注文できる布製の黒色の商品を答えてください。在庫なしは選べません。,"{""カード"": ""カード"", ""シール"": ""シール"", ""テープ"": ""テープ"", ""ペン"": ""ペン"", ""付箋"": ""付箋"", ""封筒"": ""封筒"", ""袋"": ""袋""}","""ペン"""
v2-gen-choice-02-020,choice,generated,条件と優先例外,"""山道店では会員で購入数が10個以上なら優待扱いです。ただし予約品は購入数や会員資格にかかわらず通常扱いです。今回は14個、会員、通常在庫品です。""",会計時の区分を一つ決めてください。,"{""優待"": ""優待の扱い"", ""通常"": ""通常の扱い""}","""優待"""
v2-gen-choice-09-044,choice,generated,利用可能集合の差,"{""利用可能品"": [""封筒""], ""予約済み品"": [""カード""]}",利用可能品のうち、予約されていない品を選んでください。,"{""カード"": ""カード"", ""ファイル"": ""ファイル"", ""ペン"": ""ペン"", ""ラベル"": ""ラベル"", ""封筒"": ""封筒"", ""袋"": ""袋""}","""封筒"""
v2-gen-choice-04-023,choice,generated,参照先の担当,"{""案件担当"": {""水面"": ""石田"", ""灯台"": ""松本"", ""朝露"": ""上田"", ""山道"": ""佐藤"", ""青空"": ""遠藤""}, ""資料の所属案件"": {""カード"": ""灯台"", ""袋"": ""山道"", ""ファイル"": ""朝露"", ""ラベル"": ""水面"", ""クリップ"": ""青空""}, ""確認資料"": ""カード""}",確認する資料の案件を担当している人を答えてください。,"{""上田"": ""上田さん"", ""佐藤"": ""佐藤さん"", ""松本"": ""松本さん"", ""石田"": ""石田さん"", ""遠藤"": ""遠藤さん""}","""松本"""
v2-gen-score-11-031,score,generated,時刻順の評価更新,"""春風の評価更新履歴: 20時に段階1、13時に段階1、18時に段階0。評価は最新時刻の値だけを採用します。""",現在採用すべき評価段階を選んでください。,"[""評価段階0"", ""評価段階1""]","""1"""
v2-gen-score-05-027,score,generated,緊急条件の加点,"{""案件"": ""木漏れ日"", ""基本優先度"": 0, ""締切までの残り時間"": 14, ""規則"": ""残り8時間以内なら1加点、それより長ければ0加点。上限3""}",今回の最終優先段階を求めてください。,"[""最終優先度0"", ""最終優先度1"", ""最終優先度2"", ""最終優先度3""]","""0"""
v2-gen-noul-11-048,noul,generated,参照関係の真偽,"""担当表: 春風は木村、青空は中村、木漏れ日は松本、山道は山田、朝露は吉田。資料の関連先: 封筒は山道、ファイルは木漏れ日、箱は青空、付箋は朝露、ペンは春風。""",ペンの関連先を担当表で引くと中村さんになりますか。,"{""false"": ""いいえ。質問の命題は成立しない。"", ""true"": ""はい。質問の命題が成立する。""}","""false"""
v2-gen-score-03-022,score,generated,順番に進む工程,"{""案件"": ""青空"", ""工程順"": [""受付"", ""調査"", ""承認""], ""完了済み"": [""受付""], ""着手中は完了に含めない"": true}",完了済みの到達段階を選んでください。,"[""完了した工程はまだない"", ""先頭から1工程が完了（最後に完了したのは受付）"", ""先頭から2工程が完了（最後に完了したのは調査）"", ""先頭から3工程が完了（最後に完了したのは承認）""]","""1"""
v2-gen-noul-10-012,noul,generated,条件付き義務,"{""規則"": ""追加申請なら依頼者への通知が必要。それ以外では義務なし"", ""条件に該当"": false, ""必要処置を実施"": true}",この案件は記載された義務のルールに違反していませんか。違反がなければはいです。,"{""false"": ""いいえ。質問の命題は成立しない。"", ""true"": ""はい。質問の命題が成立する。""}","""true"""
v2-gen-choice-15-044,choice,generated,文章内の順序参照,"""白波会議では、発表者を発表順に「森、石田、遠藤、加藤、大野、青木、林、高橋」と紹介しました。同じ人の再登場はありません。""",最初を1番目として、8番目の発表者を選んでください。,"{""加藤"": ""加藤さん"", ""大野"": ""大野さん"", ""林"": ""林さん"", ""森"": ""森さん"", ""石田"": ""石田さん"", ""遠藤"": ""遠藤さん"", ""青木"": ""青木さん"", ""高橋"": ""高橋さん""}","""高橋"""
v2-gen-choice-12-025,choice,generated,条件付き不足書類,"{""確認優先順"": [""委任状"", ""本人確認票""], ""代理申請だけに必要"": ""本人確認票"", ""代理申請"": true, ""提出済み"": [""委任状"", ""本人確認票""]}",申請区分に応じて必要書類を確認し、最優先で追加提出を求めるものを答えてください。なければ追加不要です。,"{""委任状"": ""委任状"", ""本人確認票"": ""本人確認票"", ""追加不要"": ""必要書類はすべて提出済み""}","""追加不要"""
v2-gen-choice-09-043,choice,generated,利用可能集合の差,"{""利用可能品"": [""ケース"", ""用紙"", ""ペン""], ""予約済み品"": [""用紙"", ""ケース""]}",利用可能品のうち、予約されていない品を選んでください。,"{""カード"": ""カード"", ""ケース"": ""ケース"", ""ノート"": ""ノート"", ""ペン"": ""ペン"", ""付箋"": ""付箋"", ""用紙"": ""用紙""}","""ペン"""
v2-gen-score-05-044,score,generated,緊急条件の加点,"""山道の基本優先度は6です。締切まで残り4時間以内なら1だけ加点し、それより長ければ加点しません。上限は6です。今回は締切まで13時間です。""",今回の最終優先段階を求めてください。,"[""最終優先度0"", ""最終優先度1"", ""最終優先度2"", ""最終優先度3"", ""最終優先度4"", ""最終優先度5"", ""最終優先度6""]","""6"""
v2-gen-choice-13-040,choice,generated,工程の依存順,"""案件「山道」の工程順は受付→実施→見積作成です。途中の工程を飛ばすことはできません。完了済みは受付、実施です。""",この作業を一段進めるときに着手する工程を答えてください。残りがなければ完了です。,"{""受付"": ""受付"", ""完了"": ""全工程が完了"", ""実施"": ""実施"", ""見積作成"": ""見積作成""}","""見積作成"""
v2-gen-score-12-002,score,generated,目標からの差,"{""案件"": ""星空"", ""目標数"": 13, ""実績数"": 8, ""採点"": ""差の絶対値。ただし7以上は段階7""}",示された上限を含め、実績のずれを段階に変換してください。,"[""目標との差が0個"", ""目標との差が1個"", ""目標との差が2個"", ""目標との差が3個"", ""目標との差が4個"", ""目標との差が5個"", ""目標との差が6個"", ""目標との差が7個以上""]","""5"""
v2-gen-noul-04-037,noul,generated,例外の優先,"""規則: 登録済みであれば灯台を利用できます。ただし資格取消中なら利用できません。中村さんは登録済みに非該当、資格取消中に非該当です。""",この人は現在、利用可能ですか。,"{""false"": ""いいえ。質問の命題は成立しない。"", ""true"": ""はい。質問の命題が成立する。""}","""false"""
v2-gen-noul-11-042,noul,generated,参照関係の真偽,"{""案件担当"": {""春風"": ""中村"", ""若葉"": ""加藤"", ""白波"": ""高橋""}, ""資料関連先"": {""箱"": ""若葉"", ""ペン"": ""春風"", ""ラベル"": ""白波""}}",箱の関連先を担当表で引くと中村さんになりますか。,"{""false"": ""いいえ。質問の命題は成立しない。"", ""true"": ""はい。質問の命題が成立する。""}","""false"""
v2-gen-score-03-025,score,generated,順番に進む工程,"""草原の工程順は受付→審査→実施→検収→報告→準備。先頭から順に進め、完了済みは受付、審査、実施です。着手中の工程は完了に含めません。""",この案件は完了ベースでどの段階まで進みましたか。,"[""完了した工程はまだない"", ""先頭から1工程が完了（最後に完了したのは受付）"", ""先頭から2工程が完了（最後に完了したのは審査）"", ""先頭から3工程が完了（最後に完了したのは実施）"", ""先頭から4工程が完了（最後に完了したのは検収）"", ""先頭から5工程が完了（最後に完了したのは報告）"", ""先頭から6工程が完了（最後に完了したのは準備）""]","""3"""
v2-gen-score-07-001,score,generated,証拠の最高到達段階,"""この調査固有の証拠段階表: 写真記録は段階1、検収記録は段階2、第三者確認は段階3、担当者報告は段階4、口頭メモは段階5、監査記録は段階6。星空で得られた証拠はなし。複数ある場合は最大の段階を使い、なければ0です。""",この調査の証拠段階を選んでください。,"[""証拠なしの段階0"", ""表に基づく最高証拠段階1"", ""表に基づく最高証拠段階2"", ""表に基づく最高証拠段階3"", ""表に基づく最高証拠段階4"", ""表に基づく最高証拠段階5"", ""表に基づく最高証拠段階6""]","""0"""
v2-gen-score-12-035,score,generated,目標からの差,"""水面の目標数は14個、実績は18個です。多すぎても少なすぎても、目標から何個離れたかで評価します。差が5個以上なら最終段階5にまとめます。""",示された上限を含め、実績のずれを段階に変換してください。,"[""目標との差が0個"", ""目標との差が1個"", ""目標との差が2個"", ""目標との差が3個"", ""目標との差が4個"", ""目標との差が5個以上""]","""4"""
v2-gen-score-07-015,score,generated,証拠の最高到達段階,"{""調査"": ""草原"", ""この調査の証拠段階"": {""第三者確認"": 1, ""担当者報告"": 2, ""写真記録"": 3, ""検収記録"": 4, ""計測記録"": 5, ""署名済み文書"": 6}, ""得られた証拠"": [""担当者報告""], ""集約規則"": ""得られた段階の最大。証拠なしは0""}",この調査の証拠段階を選んでください。,"[""証拠なしの段階0"", ""表に基づく最高証拠段階1"", ""表に基づく最高証拠段階2"", ""表に基づく最高証拠段階3"", ""表に基づく最高証拠段階4"", ""表に基づく最高証拠段階5"", ""表に基づく最高証拠段階6""]","""2"""
v2-gen-score-12-037,score,generated,目標からの差,"""木漏れ日の目標数は9個、実績は7個です。多すぎても少なすぎても、目標から何個離れたかで評価します。差が7個以上なら最終段階7にまとめます。""",示された上限を含め、実績のずれを段階に変換してください。,"[""目標との差が0個"", ""目標との差が1個"", ""目標との差が2個"", ""目標との差が3個"", ""目標との差が4個"", ""目標との差が5個"", ""目標との差が6個"", ""目標との差が7個以上""]","""2"""
v2-gen-noul-06-037,noul,generated,更新後の状態,"""朝露の状態記録: 10時には満席、19時には満席、7時には満席、11時には使用可能、20時には満席。時刻が新しい記録が古い記録を上書きします。""",最新の有効な記録から「使用可能」と言えますか。,"{""false"": ""いいえ。質問の命題は成立しない。"", ""true"": ""はい。質問の命題が成立する。""}","""false"""
v2-gen-score-15-007,score,generated,軽重のある項目,"{""不備ごとの配点"": {""日付欠落"": 2, ""添付欠落"": 1, ""頁番号欠落"": 1, ""宛名不備"": 1, ""誤字"": 1}, ""不備あり"": {""日付欠落"": false, ""添付欠落"": true, ""頁番号欠落"": true, ""宛名不備"": false, ""誤字"": true}, ""上限"": 5}",配点の違いを反映した最終段階を選んでください。,"[""不備点の合計が0点"", ""不備点の合計が1点"", ""不備点の合計が2点"", ""不備点の合計が3点"", ""不備点の合計が4点"", ""不備点の合計が5点以上""]","""3"""
v2-gen-noul-08-040,noul,generated,集合と否定所属,"""木漏れ日の参加者名簿は渡辺、上田、林、松本、佐藤、青木です。この名簿は完全で、記載のない人は参加者ではありません。""",名簿に基づき、加藤さんが参加者ではないという判断に同意できますか。,"{""false"": ""いいえ。質問の命題は成立しない。"", ""true"": ""はい。質問の命題が成立する。""}","""true"""
v2-gen-score-10-019,score,generated,不足の段階,"""木漏れ日申請で必要なものは申込書、見積書、同意書。届いたものは挨拶状、申込書です。必要一覧にない書類は不足を埋めません。""",必要一覧と届いた一覧を照合し、不足の程度を判定してください。,"[""不足が0種類"", ""不足が1種類"", ""不足が2種類"", ""不足が3種類""]","""2"""
v2-gen-score-12-012,score,generated,目標からの差,"{""案件"": ""星空"", ""目標数"": 11, ""実績数"": 8, ""採点"": ""差の絶対値。ただし3以上は段階3""}",示された上限を含め、実績のずれを段階に変換してください。,"[""目標との差が0個"", ""目標との差が1個"", ""目標との差が2個"", ""目標との差が3個以上""]","""3"""
v2-gen-noul-15-027,noul,generated,出来事の前後関係,"{""担当者"": ""遠藤"", ""実施順"": [""引継ぎ"", ""休憩"", ""報告"", ""棚への配置"", ""伝票記入"", ""電話連絡"", ""荷物受取""], ""各作業の実施回数"": 1}",『伝票記入が先、荷物受取が後』という順序は正しいですか。,"{""false"": ""いいえ。質問の命題は成立しない。"", ""true"": ""はい。質問の命題が成立する。""}","""true"""
v2-gen-score-05-042,score,generated,緊急条件の加点,"""若葉の基本優先度は3です。締切まで残り4時間以内なら1だけ加点し、それより長ければ加点しません。上限は4です。今回は締切まで1時間です。""",今回の最終優先段階を求めてください。,"[""最終優先度0"", ""最終優先度1"", ""最終優先度2"", ""最終優先度3"", ""最終優先度4""]","""4"""
v2-gen-score-04-001,score,generated,独立チェックの合計,"""青空資料の点検: ページ番号ありは満たさない、連絡先ありは満たす、題名ありは満たさない、宛先ありは満たさない。各項目は一つずつ数えます。""",条件を満たした項目を一つ一点として集計してください。,"[""満たした項目が0個"", ""満たした項目が1個"", ""満たした項目が2個"", ""満たした項目が3個"", ""満たした項目が4個""]","""1"""
v2-gen-choice-12-008,choice,generated,条件付き不足書類,"{""確認優先順"": [""同意書"", ""承認書"", ""本人確認票"", ""申込書"", ""受領票"", ""委任状""], ""代理申請だけに必要"": ""同意書"", ""代理申請"": true, ""提出済み"": []}",必要な不足書類を先頭から一つだけ案内します。どれですか。必要書類に不足がなければ追加不要です。,"{""受領票"": ""受領票"", ""同意書"": ""同意書"", ""委任状"": ""委任状"", ""承認書"": ""承認書"", ""本人確認票"": ""本人確認票"", ""申込書"": ""申込書"", ""追加不要"": ""必要書類はすべて提出済み""}","""同意書"""
v2-gen-choice-06-010,choice,generated,時間枠の包含,"""部屋の連続利用可能時間: 青室は8時から10時まで、緑室は9時から11時まで。会議は10時開始、11時終了です。""",会議時間の一部だけでなく全体を含む空き時間を持つ部屋を答えてください。端の一致は可です。,"{""緑"": ""緑室"", ""青"": ""青室""}","""緑"""
v2-gen-noul-15-014,noul,generated,出来事の前後関係,"{""担当者"": ""青木"", ""実施順"": [""伝票記入"", ""電話連絡"", ""荷物受取"", ""休憩"", ""棚への配置"", ""報告""], ""各作業の実施回数"": 1}",日誌では休憩の方が荷物受取より先ですか。,"{""false"": ""いいえ。質問の命題は成立しない。"", ""true"": ""はい。質問の命題が成立する。""}","""false"""
v2-gen-noul-15-043,noul,generated,出来事の前後関係,"""渡辺さんの作業日誌は実施順に電話連絡→休憩→荷物受取→伝票記入→検品→引継ぎです。記載した各作業は一回ずつ実施しました。""",日誌では電話連絡の方が伝票記入より先ですか。,"{""false"": ""いいえ。質問の命題は成立しない。"", ""true"": ""はい。質問の命題が成立する。""}","""true"""
v2-gen-noul-15-039,noul,generated,出来事の前後関係,"{""担当者"": ""森"", ""実施順"": [""検品"", ""報告"", ""休憩"", ""電話連絡""], ""各作業の実施回数"": 1}",日誌では検品の方が休憩より先ですか。,"{""false"": ""いいえ。質問の命題は成立しない。"", ""true"": ""はい。質問の命題が成立する。""}","""true"""
v2-gen-choice-04-032,choice,generated,参照先の担当,"""担当: 水面は遠藤、春風は松本、木漏れ日は佐藤、草原は中村、朝露は吉田、青空は大野、夕凪は青木。資料の所属: 袋は木漏れ日案件、シールは青空案件、クリップは草原案件、ケースは夕凪案件、封筒は春風案件、ラベルは水面案件、箱は朝露案件。確認する資料はラベルです。""",確認資料が属する案件の担当者を選んでください。,"{""中村"": ""中村さん"", ""佐藤"": ""佐藤さん"", ""吉田"": ""吉田さん"", ""大野"": ""大野さん"", ""松本"": ""松本さん"", ""遠藤"": ""遠藤さん"", ""青木"": ""青木さん""}","""遠藤"""
v2-gen-score-14-013,score,generated,参照表の順序尺度,"{""検査対象"": ""夕凪"", ""今回の対応表"": {""赤"": 0, ""青"": 1, ""白"": 2, ""紫"": 3, ""緑"": 4}, ""確定票の印"": ""紫""}",検査票の印を指定尺度に変換してください。,"[""表による段階0"", ""表による段階1"", ""表による段階2"", ""表による段階3"", ""表による段階4""]","""3"""
v2-gen-noul-09-027,noul,generated,重複を除いた件数,"{""棚"": ""青空"", ""読み取り品名"": [""箱"", ""ペン"", ""カード"", ""カード"", ""シール"", ""シール"", ""カード"", ""ペン""], ""数え方"": ""同一品名の重複を除く""}",異なる品名だけ数えると4種類以上ですか。,"{""false"": ""いいえ。質問の命題は成立しない。"", ""true"": ""はい。質問の命題が成立する。""}","""true"""
v2-gen-noul-02-035,noul,generated,全条件の充足,"""白波の利用には所属確認・本人確認がすべて必要です。山田さん: 所属確認は完了、本人確認は未完了。""",不足条件なく利用を許可できますか。,"{""false"": ""いいえ。質問の命題は成立しない。"", ""true"": ""はい。質問の命題が成立する。""}","""false"""
v2-gen-score-11-035,score,generated,時刻順の評価更新,"""木漏れ日の評価更新履歴: 12時に段階4、8時に段階1、14時に段階2、9時に段階3、15時に段階4、16時に段階3。評価は最新時刻の値だけを採用します。""",履歴の記載順に惑わされず、最新評価を答えてください。,"[""評価段階0"", ""評価段階1"", ""評価段階2"", ""評価段階3"", ""評価段階4"", ""評価段階5""]","""3"""
v2-gen-score-10-003,score,generated,不足の段階,"{""申請"": ""草原"", ""必要書類"": [""確認票""], ""届いた書類"": [""確認票""], ""余分な書類で代用できる"": false}",必要一覧と届いた一覧を照合し、不足の程度を判定してください。,"[""不足が0種類"", ""不足が1種類""]","""0"""
v2-gen-choice-08-035,choice,generated,改訂と例外の優先,"""通常品の貼付ラベルについて、連絡は古い順に「黒」「紫」「黄」でした。後の連絡が前の連絡を上書きします。ただし冷蔵品には連絡履歴に関係なく黒ラベルを貼ります。今回の荷物は通常品です。""",例外と改訂の順序を考慮して、使用する色はどれですか。,"{""白"": ""白ラベル"", ""紫"": ""紫ラベル"", ""緑"": ""緑ラベル"", ""茶"": ""茶ラベル"", ""赤"": ""赤ラベル"", ""青"": ""青ラベル"", ""黄"": ""黄ラベル"", ""黒"": ""黒ラベル""}","""黄"""
v2-gen-noul-14-025,noul,generated,予定時間の重なり,"{""対象者"": ""大野"", ""会議"": [12, 14], ""面談"": [14, 17], ""規則"": ""終了時刻と開始時刻が一致するだけなら重複なし""}",同時に二つの予定に出席しなければならない時間がありますか。,"{""false"": ""いいえ。質問の命題は成立しない。"", ""true"": ""はい。質問の命題が成立する。""}","""false"""
v2-gen-score-14-023,score,generated,参照表の順序尺度,"""今回の検査用の対応表: 茶印は段階0、黒印は段階1、白印は段階2、青印は段階3、紫印は段階4、赤印は段階5、緑印は段階6、黄印は段階7。草原の確定検査票には緑印が付いています。色に一般的な良し悪しは仮定しません。""",検査票の印を指定尺度に変換してください。,"[""表による段階0"", ""表による段階1"", ""表による段階2"", ""表による段階3"", ""表による段階4"", ""表による段階5"", ""表による段階6"", ""表による段階7""]","""6"""
v2-gen-score-13-026,score,generated,取消しを反映した件数,"""若葉の申込み記録: 上田は未受付・取消なし、渡辺は受付済み・取消済み、木村は受付済み・取消済み。取消済みの申込みは有効件数から除きます。3件以上は最終段階3にまとめます。""",受付済みから取消済みを除いた件数はいくつの段階ですか。,"[""有効申込みが0件"", ""有効申込みが1件"", ""有効申込みが2件"", ""有効申込みが3件以上""]","""0"""
v2-gen-choice-01-030,choice,generated,問い合わせ経路,"{""分類表"": {""イベント"": [""申込期限"", ""会場案内"", ""参加取消""], ""契約"": [""契約更新"", ""プラン変更"", ""解約手続き""], ""請求"": [""二重請求"", ""領収書"", ""返金""], ""修理"": [""修理見積"", ""修理進捗"", ""保証修理""], ""配送"": [""届け先変更"", ""荷物の遅延"", ""追跡番号""], ""アカウント"": [""ログイン"", ""パスワード"", ""退会""]}, ""本文"": ""イベントの参加申込みはいつまでですか"", ""受付主題"": ""申込期限""}",記録された主題を扱う転送先はどこですか。,"{""アカウント"": ""アカウントの窓口"", ""イベント"": ""イベントの窓口"", ""修理"": ""修理の窓口"", ""契約"": ""契約の窓口"", ""請求"": ""請求の窓口"", ""配送"": ""配送の窓口""}","""イベント"""
v2-gen-choice-10-015,choice,generated,不在時の代理,"""担当者: 水面は吉田、若葉は大野、木漏れ日は石田。代理者: 吉田の代理は大野、大野の代理は石田、石田の代理は吉田。本日の不在者はなし。問い合わせ先の案件は水面です。代理への振替は一回だけ行い、その先の不在は判定しません。""",この案件を担当本人または指定代理に連絡します。宛先は誰ですか。,"{""吉田"": ""吉田さん"", ""大野"": ""大野さん"", ""石田"": ""石田さん""}","""吉田"""
v2-gen-choice-15-020,choice,generated,文章内の順序参照,"{""会議"": ""春風"", ""発表順"": [""渡辺"", ""林"", ""森"", ""石田"", ""山田"", ""高橋""]}",紹介された順番で5人目に発表する人は誰ですか。,"{""山田"": ""山田さん"", ""林"": ""林さん"", ""森"": ""森さん"", ""渡辺"": ""渡辺さん"", ""石田"": ""石田さん"", ""高橋"": ""高橋さん""}","""山田"""
v2-gen-choice-07-020,choice,generated,複数属性の制約,"{""在庫表"": [{""品名"": ""テープ"", ""色"": ""緑"", ""素材"": ""金属"", ""在庫あり"": true}, {""品名"": ""ラベル"", ""色"": ""緑"", ""素材"": ""木"", ""在庫あり"": false}, {""品名"": ""付箋"", ""色"": ""緑"", ""素材"": ""紙"", ""在庫あり"": true}, {""品名"": ""冊子"", ""色"": ""茶"", ""素材"": ""木"", ""在庫あり"": true}, {""品名"": ""名札"", ""色"": ""緑"", ""素材"": ""木"", ""在庫あり"": true}, {""品名"": ""封筒"", ""色"": ""緑"", ""素材"": ""木"", ""在庫あり"": false}, {""品名"": ""ノート"", ""色"": ""緑"", ""素材"": ""樹脂"", ""在庫あり"": true}]}",必要条件は緑色、木製、在庫ありの三つです。全部に合う品はどれですか。,"{""テープ"": ""テープ"", ""ノート"": ""ノート"", ""ラベル"": ""ラベル"", ""付箋"": ""付箋"", ""冊子"": ""冊子"", ""名札"": ""名札"", ""封筒"": ""封筒""}","""名札"""
v2-gen-choice-05-002,choice,generated,否定条件で選択,"{""検品"": [{""品名"": ""ペン"", ""封がある"": false, ""濡れている"": false}, {""品名"": ""シール"", ""封がある"": false, ""濡れている"": false}, {""品名"": ""ファイル"", ""封がある"": false, ""濡れている"": false}, {""品名"": ""クリップ"", ""封がある"": false, ""濡れている"": false}, {""品名"": ""ノート"", ""封がある"": true, ""濡れている"": false}, {""品名"": ""カード"", ""封がある"": false, ""濡れている"": true}]}",封があるもので、かつ濡れていない品を選んでください。,"{""カード"": ""カード"", ""クリップ"": ""クリップ"", ""シール"": ""シール"", ""ノート"": ""ノート"", ""ファイル"": ""ファイル"", ""ペン"": ""ペン""}","""ノート"""
v2-gen-choice-14-044,choice,generated,二属性照合,"""展示品の札: カードは茶色・布製、名札は青色・紙製、クリップは緑色・紙製、封筒は茶色・樹脂製、テープは黄色・樹脂製。探しているのは青色の紙製です。""",指定された色と素材の両方が一致する品を選んでください。,"{""カード"": ""カード"", ""クリップ"": ""クリップ"", ""テープ"": ""テープ"", ""名札"": ""名札"", ""封筒"": ""封筒""}","""名札"""
v2-gen-choice-09-024,choice,generated,利用可能集合の差,"""貸出台帳で利用可能と記録されている品は付箋、クリップ、ケース、封筒、ファイル。予約済みの品はケース、クリップ、ファイル、付箋です。""",今貸せるのは利用可能かつ未予約の品です。該当するものはどれですか。,"{""クリップ"": ""クリップ"", ""ケース"": ""ケース"", ""ファイル"": ""ファイル"", ""付箋"": ""付箋"", ""名札"": ""名札"", ""封筒"": ""封筒""}","""封筒"""
v2-gen-noul-02-002,noul,generated,全条件の充足,"""青空の利用には事前登録・同意書提出・利用説明受講がすべて必要です。上田さん: 事前登録は完了、同意書提出は完了、利用説明受講は完了。""",この人は記載された利用条件をすべて満たしていますか。,"{""false"": ""いいえ。質問の命題は成立しない。"", ""true"": ""はい。質問の命題が成立する。""}","""true"""
v2-gen-score-11-028,score,generated,時刻順の評価更新,"{""案件"": ""青空"", ""評価更新"": [{""時刻"": 16, ""段階"": 5}, {""時刻"": 7, ""段階"": 1}, {""時刻"": 17, ""段階"": 2}], ""採用規則"": ""最新時刻だけを採用""}",履歴の記載順に惑わされず、最新評価を答えてください。,"[""評価段階0"", ""評価段階1"", ""評価段階2"", ""評価段階3"", ""評価段階4"", ""評価段階5""]","""2"""
v2-gen-choice-09-042,choice,generated,利用可能集合の差,"{""利用可能品"": [""用紙"", ""冊子"", ""封筒"", ""シール"", ""ファイル""], ""予約済み品"": [""テープ"", ""冊子"", ""シール"", ""封筒"", ""用紙"", ""ノート"", ""ペン""]}",今貸せるのは利用可能かつ未予約の品です。該当するものはどれですか。,"{""シール"": ""シール"", ""テープ"": ""テープ"", ""ノート"": ""ノート"", ""ファイル"": ""ファイル"", ""ペン"": ""ペン"", ""冊子"": ""冊子"", ""封筒"": ""封筒"", ""用紙"": ""用紙""}","""ファイル"""
v2-gen-choice-04-011,choice,generated,参照先の担当,"""担当: 星空は渡辺、草原は上田、青空は山田、水面は木村。資料の所属: 箱は星空案件、付箋は青空案件、冊子は水面案件、用紙は草原案件。確認する資料は用紙です。""",確認資料が属する案件の担当者を選んでください。,"{""上田"": ""上田さん"", ""山田"": ""山田さん"", ""木村"": ""木村さん"", ""渡辺"": ""渡辺さん""}","""上田"""
v2-gen-score-02-045,score,generated,記述の満足段階,"{""回答者"": ""松本"", ""対象"": ""星空"", ""感想原文"": ""最高の一歩手前で、満足の程度は極めて強かった""}",回答者が表明した満足の程度を分類してください。,"[""どちらでもない"", ""満足"", ""強い満足"", ""極めて強い満足"", ""最高の満足""]","""3"""
v2-gen-choice-02-017,choice,generated,条件と優先例外,"""朝露店では会員で購入数が9個以上なら優待扱いです。ただし予約品は購入数や会員資格にかかわらず通常扱いです。今回は14個、非会員、通常在庫品です。""",会計時の区分を一つ決めてください。,"{""優待"": ""優待の扱い"", ""通常"": ""通常の扱い""}","""通常"""
v2-gen-score-06-032,score,generated,約束時刻からの遅れ,"{""便"": ""夕凪"", ""約束時刻"": 10, ""実際の到着時刻"": 12, ""同日"": true, ""早着時の遅れ"": 0}",約束時刻と到着時刻の差から、遅延段階を選んでください。,"[""遅れが2時間未満"", ""遅れが2時間以上、4時間未満"", ""遅れが4時間以上""]","""1"""
v2-gen-noul-10-003,noul,generated,条件付き義務,"""規則: 当日申請のときだけ記録票の保存が必須です。それ以外の場合にはこの義務はなく、実施していても構いません。今回の案件は当日申請に該当で、記録票の保存は未実施です。""",この記録は規則を守っていますか。,"{""false"": ""いいえ。質問の命題は成立しない。"", ""true"": ""はい。質問の命題が成立する。""}","""false"""
v2-gen-score-01-029,score,generated,件数の段階境界,"{""案件"": ""灯台"", ""計数対象"": ""検品で見つかった不備"", ""件数"": 3, ""処理済みを除外"": true}",現在の件数を指定の段階基準に当てはめてください。,"[""対象件数が4件未満"", ""対象件数が4件以上""]","""0"""
v2-gen-choice-10-036,choice,generated,不在時の代理,"""担当者: 朝露は中村、青空は山田、若葉は佐藤、水面は青木、白波は遠藤、夕凪は渡辺。代理者: 中村の代理は山田、山田の代理は佐藤、佐藤の代理は青木、青木の代理は遠藤、遠藤の代理は渡辺、渡辺の代理は中村。本日の不在者は山田、佐藤、遠藤、中村。問い合わせ先の案件は白波です。代理への振替は一回だけ行い、その先の不在は判定しません。""",この案件を担当本人または指定代理に連絡します。宛先は誰ですか。,"{""中村"": ""中村さん"", ""佐藤"": ""佐藤さん"", ""山田"": ""山田さん"", ""渡辺"": ""渡辺さん"", ""遠藤"": ""遠藤さん"", ""青木"": ""青木さん""}","""渡辺"""
v2-gen-choice-14-009,choice,generated,二属性照合,"""展示品の札: ファイルは青色・木製、ラベルは茶色・ガラス製。探しているのは茶色のガラス製です。""",色だけ・素材だけの一致では足りません。該当品を答えてください。,"{""ファイル"": ""ファイル"", ""ラベル"": ""ラベル""}","""ラベル"""
v2-gen-noul-08-046,noul,generated,集合と否定所属,"""木漏れ日の参加者名簿は山田、石田、上田、林、木村、加藤です。この名簿は完全で、記載のない人は参加者ではありません。""",佐藤さんは参加者ではないと言えますか。,"{""false"": ""いいえ。質問の命題は成立しない。"", ""true"": ""はい。質問の命題が成立する。""}","""true"""
v2-gen-score-10-039,score,generated,不足の段階,"""春風申請で必要なものは受領票、添付図。届いたものは受領票、添付図です。必要一覧にない書類は不足を埋めません。""",未提出の必要書類はいくつの段階ですか。,"[""不足が0種類"", ""不足が1種類"", ""不足が2種類""]","""0"""
v2-gen-noul-12-016,noul,generated,記録と主張の照合,"{""施設"": ""若葉"", ""入口ごとの現在の確定記録"": {""北口"": ""完全に開いている"", ""南口"": ""半分だけ開いている"", ""東口"": ""完全に開いている"", ""西口"": ""半分だけ開いている"", ""裏口"": ""完全に開いている"", ""搬入口"": ""半分だけ開いている""}, ""判定資料"": ""現在の確定記録のみ""}",確定情報から、東口は完全に開いていると言えますか。,"{""false"": ""いいえ。質問の命題は成立しない。"", ""true"": ""はい。質問の命題が成立する。""}","""true"""
v2-gen-score-02-015,score,generated,記述の満足段階,"{""回答者"": ""遠藤"", ""対象"": ""木漏れ日"", ""感想原文"": ""極めて強い不満を感じ、到底受け入れられない""}",回答者が表明した満足の程度を分類してください。,"[""極めて強い不満"", ""強い不満"", ""極めて強い満足""]","""0"""
v2-gen-score-03-023,score,generated,順番に進む工程,"""灯台の工程順は報告→日程調整→実施→引継ぎ。先頭から順に進め、完了済みは報告、日程調整です。着手中の工程は完了に含めません。""",この案件は完了ベースでどの段階まで進みましたか。,"[""完了した工程はまだない"", ""先頭から1工程が完了（最後に完了したのは報告）"", ""先頭から2工程が完了（最後に完了したのは日程調整）"", ""先頭から3工程が完了（最後に完了したのは実施）"", ""先頭から4工程が完了（最後に完了したのは引継ぎ）""]","""2"""
v2-gen-score-07-031,score,generated,証拠の最高到達段階,"""この調査固有の証拠段階表: 立会記録は段階1。灯台で得られた証拠は立会記録。複数ある場合は最大の段階を使い、なければ0です。""",記録済みの証拠から得られる最高段階はどれですか。,"[""証拠なしの段階0"", ""表に基づく最高証拠段階1""]","""1"""
v2-gen-noul-06-039,noul,generated,更新後の状態,"""春風の状態記録: 17時には受付中、19時には受付中、9時には空席あり。時刻が新しい記録が古い記録を上書きします。""",最後の更新を適用すると、状態は「点検中」になっていますか。,"{""false"": ""いいえ。質問の命題は成立しない。"", ""true"": ""はい。質問の命題が成立する。""}","""false"""
v2-gen-score-11-012,score,generated,時刻順の評価更新,"""星空の評価更新履歴: 20時に段階2、21時に段階0、11時に段階0、7時に段階0。評価は最新時刻の値だけを採用します。""",履歴の記載順に惑わされず、最新評価を答えてください。,"[""評価段階0"", ""評価段階1"", ""評価段階2"", ""評価段階3""]","""0"""
v2-gen-noul-12-019,noul,generated,記録と主張の照合,"{""施設"": ""白波"", ""入口ごとの現在の確定記録"": {""北口"": ""4分の1だけ開いている"", ""南口"": ""半分だけ開いている"", ""東口"": ""完全に閉じている"", ""西口"": ""4分の1だけ開いている"", ""裏口"": ""完全に閉じている"", ""搬入口"": ""半分だけ開いている""}, ""判定資料"": ""現在の確定記録のみ""}",確定情報から、南口は完全に閉じていると言えますか。,"{""false"": ""いいえ。質問の命題は成立しない。"", ""true"": ""はい。質問の命題が成立する。""}","""false"""
v2-gen-noul-11-021,noul,generated,参照関係の真偽,"""担当表: 木漏れ日は吉田、山道は高橋、灯台は森、白波は青木、青空は遠藤、春風は石田。資料の関連先: カードは白波、箱は青空、ペンは木漏れ日、シールは春風、付箋は灯台、名札は山道。""",ペンの関連先を担当表で引くと吉田さんになりますか。,"{""false"": ""いいえ。質問の命題は成立しない。"", ""true"": ""はい。質問の命題が成立する。""}","""true"""
v2-gen-choice-14-022,choice,generated,二属性照合,"{""展示品"": [{""品名"": ""ラベル"", ""色"": ""赤"", ""素材"": ""金属""}, {""品名"": ""カード"", ""色"": ""青"", ""素材"": ""ガラス""}, {""品名"": ""テープ"", ""色"": ""黄"", ""素材"": ""木""}, {""品名"": ""封筒"", ""色"": ""赤"", ""素材"": ""木""}, {""品名"": ""用紙"", ""色"": ""緑"", ""素材"": ""紙""}, {""品名"": ""クリップ"", ""色"": ""黒"", ""素材"": ""木""}, {""品名"": ""ケース"", ""色"": ""紫"", ""素材"": ""布""}, {""品名"": ""ペン"", ""色"": ""黒"", ""素材"": ""樹脂""}], ""指定色"": ""紫"", ""指定素材"": ""布""}",色だけ・素材だけの一致では足りません。該当品を答えてください。,"{""カード"": ""カード"", ""クリップ"": ""クリップ"", ""ケース"": ""ケース"", ""テープ"": ""テープ"", ""ペン"": ""ペン"", ""ラベル"": ""ラベル"", ""封筒"": ""封筒"", ""用紙"": ""用紙""}","""ケース"""
v2-gen-choice-09-019,choice,generated,利用可能集合の差,"""貸出台帳で利用可能と記録されている品は封筒、袋。予約済みの品は封筒、用紙、テープ、シールです。""",予約済みを利用可能一覧から除いたとき、残る品を答えてください。,"{""シール"": ""シール"", ""テープ"": ""テープ"", ""ノート"": ""ノート"", ""名札"": ""名札"", ""封筒"": ""封筒"", ""用紙"": ""用紙"", ""袋"": ""袋""}","""袋"""
v2-gen-choice-02-008,choice,generated,条件と優先例外,"{""規則"": ""会員かつ6個以上なら優待。ただし予約品は常に通常"", ""会員"": true, ""購入数"": 12, ""予約品"": false}",この購入に適用する扱いを選んでください。,"{""優待"": ""優待の扱い"", ""通常"": ""通常の扱い""}","""優待"""
v2-gen-score-13-045,score,generated,取消しを反映した件数,"{""催し"": ""星空"", ""申込み"": [{""氏名"": ""大野"", ""受付済み"": true, ""取消済み"": true}, {""氏名"": ""高橋"", ""受付済み"": false, ""取消済み"": false}, {""氏名"": ""山田"", ""受付済み"": false, ""取消済み"": false}, {""氏名"": ""遠藤"", ""受付済み"": false, ""取消済み"": false}, {""氏名"": ""林"", ""受付済み"": true, ""取消済み"": false}, {""氏名"": ""吉田"", ""受付済み"": true, ""取消済み"": false}, {""氏名"": ""青木"", ""受付済み"": false, ""取消済み"": false}], ""まとめ方"": ""1件以上は段階1""}",現在有効な申込みだけを数えて評価してください。,"[""有効申込みが0件"", ""有効申込みが1件以上""]","""1"""
v2-gen-noul-06-004,noul,generated,更新後の状態,"""山道の状態記録: 17時には受付中、14時には点検中、21時には点検中、11時には受付中、18時には点検中。時刻が新しい記録が古い記録を上書きします。""",最新の有効な記録から「点検中」と言えますか。,"{""false"": ""いいえ。質問の命題は成立しない。"", ""true"": ""はい。質問の命題が成立する。""}","""true"""
v2-gen-choice-03-043,choice,generated,最終更新,"{""案件"": ""春風"", ""更新記録"": [{""時"": 11, ""状態"": ""発送済み""}, {""時"": 13, ""状態"": ""未着手""}, {""時"": 19, ""状態"": ""発送済み""}, {""時"": 10, ""状態"": ""取消""}, {""時"": 14, ""状態"": ""取消""}]}",記載順ではなく更新時刻を比べ、最新の状態を選んでください。,"{""取消"": ""取消"", ""受取済み"": ""受取済み"", ""差戻し"": ""差戻し"", ""承認"": ""承認"", ""未着手"": ""未着手"", ""発送済み"": ""発送済み"", ""確認中"": ""確認中""}","""発送済み"""
v2-gen-noul-14-014,noul,generated,予定時間の重なり,"""松本さんの予定: 若葉会議は9時から11時、面談は10時から13時。終了と次の開始が同時刻の場合は重複とは扱いません。""",二つの予定の時間は重なっていますか。,"{""false"": ""いいえ。質問の命題は成立しない。"", ""true"": ""はい。質問の命題が成立する。""}","""true"""
v2-gen-score-07-044,score,generated,証拠の最高到達段階,"""この調査固有の証拠段階表: 一次資料は段階1、立会記録は段階2、写真記録は段階3、監査記録は段階4、担当者報告は段階5、署名済み文書は段階6、第三者確認は段階7。草原で得られた証拠はなし。複数ある場合は最大の段階を使い、なければ0です。""",この調査の証拠段階を選んでください。,"[""証拠なしの段階0"", ""表に基づく最高証拠段階1"", ""表に基づく最高証拠段階2"", ""表に基づく最高証拠段階3"", ""表に基づく最高証拠段階4"", ""表に基づく最高証拠段階5"", ""表に基づく最高証拠段階6"", ""表に基づく最高証拠段階7""]","""0"""
v2-gen-choice-08-039,choice,generated,改訂と例外の優先,"{""通常品ラベルの改訂・古い順"": [""緑"", ""赤"", ""黒""], ""優先例外"": ""冷蔵品は黒"", ""荷物"": ""冷蔵品"", ""規則"": ""後の改訂が前を上書きする""}",この荷物に貼るラベルの色を選んでください。,"{""白"": ""白ラベル"", ""紫"": ""紫ラベル"", ""緑"": ""緑ラベル"", ""茶"": ""茶ラベル"", ""赤"": ""赤ラベル"", ""青"": ""青ラベル"", ""黄"": ""黄ラベル"", ""黒"": ""黒ラベル""}","""黒"""
v2-gen-choice-13-016,choice,generated,工程の依存順,"""案件「若葉」の工程順は内容確認→受付→報告→承認です。途中の工程を飛ばすことはできません。完了済みは内容確認、受付、報告です。""",この作業を一段進めるときに着手する工程を答えてください。残りがなければ完了です。,"{""内容確認"": ""内容確認"", ""受付"": ""受付"", ""報告"": ""報告"", ""完了"": ""全工程が完了"", ""承認"": ""承認""}","""承認"""
v2-gen-noul-01-008,noul,generated,事実と否定質問,"{""対象者"": ""松本"", ""項目"": ""受領印を押印"", ""実施済み"": false}",記録上、松本さんは受領印を押印していないと言えますか。,"{""false"": ""いいえ。質問の命題は成立しない。"", ""true"": ""はい。質問の命題が成立する。""}","""true"""
v2-gen-noul-14-008,noul,generated,予定時間の重なり,"{""対象者"": ""遠藤"", ""会議"": [8, 11], ""面談"": [8, 12], ""規則"": ""終了時刻と開始時刻が一致するだけなら重複なし""}",同時に二つの予定に出席しなければならない時間がありますか。,"{""false"": ""いいえ。質問の命題は成立しない。"", ""true"": ""はい。質問の命題が成立する。""}","""true"""
v2-gen-choice-10-040,choice,generated,不在時の代理,"""担当者: 木漏れ日は佐藤、草原は松本、夕凪は遠藤。代理者: 佐藤の代理は松本、松本の代理は遠藤、遠藤の代理は佐藤。本日の不在者は松本、佐藤。問い合わせ先の案件は草原です。代理への振替は一回だけ行い、その先の不在は判定しません。""",一回だけの代理振替を適用した後の宛先を答えてください。,"{""佐藤"": ""佐藤さん"", ""松本"": ""松本さん"", ""遠藤"": ""遠藤さん""}","""遠藤"""
v2-gen-choice-10-046,choice,generated,不在時の代理,"{""案件担当"": {""青空"": ""森"", ""春風"": ""山田"", ""朝露"": ""渡辺""}, ""代理者"": {""森"": ""山田"", ""山田"": ""渡辺"", ""渡辺"": ""森""}, ""不在者"": [""渡辺""], ""案件"": ""春風"", ""ルール"": ""担当者が不在なら指定代理に一度だけ振替。代理の在席状況は問わない""}",この案件を担当本人または指定代理に連絡します。宛先は誰ですか。,"{""山田"": ""山田さん"", ""森"": ""森さん"", ""渡辺"": ""渡辺さん""}","""山田"""
v2-gen-noul-12-031,noul,generated,記録と主張の照合,"{""施設"": ""夕凪"", ""入口ごとの現在の確定記録"": {""北口"": ""完全に閉じている"", ""南口"": ""完全に開いている"", ""東口"": ""完全に開いている"", ""西口"": ""4分の1だけ開いている"", ""裏口"": ""完全に開いている"", ""搬入口"": ""4分の1だけ開いている""}, ""判定資料"": ""現在の確定記録のみ""}",『現在の東口は4分の1だけ開いている』という主張は確定記録と一致しますか。,"{""false"": ""いいえ。質問の命題は成立しない。"", ""true"": ""はい。質問の命題が成立する。""}","""false"""
v2-gen-choice-01-037,choice,generated,問い合わせ経路,"{""分類表"": {""修理"": [""修理見積"", ""修理進捗"", ""保証修理""], ""製品"": [""破損"", ""初期不良"", ""部品交換""], ""請求"": [""二重請求"", ""領収書"", ""返金""], ""アカウント"": [""ログイン"", ""パスワード"", ""退会""]}, ""本文"": ""買った製品が最初から動きません"", ""受付主題"": ""初期不良""}",記録された主題を扱う転送先はどこですか。,"{""アカウント"": ""アカウントの窓口"", ""修理"": ""修理の窓口"", ""製品"": ""製品の窓口"", ""請求"": ""請求の窓口""}","""製品"""
v2-gen-noul-04-006,noul,generated,例外の優先,"{""許可条件"": ""事前承認済み"", ""優先禁止条件"": ""再審査中"", ""対象"": ""木村"", ""許可条件に該当"": true, ""禁止条件に該当"": false}",この人は現在、利用可能ですか。,"{""false"": ""いいえ。質問の命題は成立しない。"", ""true"": ""はい。質問の命題が成立する。""}","""true"""
v2-gen-noul-09-013,noul,generated,重複を除いた件数,"{""棚"": ""山道"", ""読み取り品名"": [""シール"", ""ノート"", ""ケース"", ""冊子"", ""ペン"", ""ケース""], ""数え方"": ""同一品名の重複を除く""}",品物の種類は3種類以上ありますか。,"{""false"": ""いいえ。質問の命題は成立しない。"", ""true"": ""はい。質問の命題が成立する。""}","""true"""
v2-gen-noul-06-049,noul,generated,更新後の状態,"""白波の状態記録: 11時には使用可能、20時には停止中、17時には点検中。時刻が新しい記録が古い記録を上書きします。""",現在の状態は「満席」ですか。,"{""false"": ""いいえ。質問の命題は成立しない。"", ""true"": ""はい。質問の命題が成立する。""}","""false"""
v2-gen-choice-13-002,choice,generated,工程の依存順,"""案件「水面」の工程順は受付→準備→承認→見積作成→報告→実施→内容確認です。途中の工程を飛ばすことはできません。完了済みは受付、準備、承認です。""",この作業を一段進めるときに着手する工程を答えてください。残りがなければ完了です。,"{""内容確認"": ""内容確認"", ""受付"": ""受付"", ""報告"": ""報告"", ""完了"": ""全工程が完了"", ""実施"": ""実施"", ""承認"": ""承認"", ""準備"": ""準備"", ""見積作成"": ""見積作成""}","""見積作成"""
v2-gen-choice-06-012,choice,generated,時間枠の包含,"{""空き時間"": [{""部屋"": ""赤"", ""開始"": 14, ""終了"": 16}, {""部屋"": ""緑"", ""開始"": 16, ""終了"": 18}], ""会議開始"": 16, ""会議終了"": 17}",会議時間の一部だけでなく全体を含む空き時間を持つ部屋を答えてください。端の一致は可です。,"{""緑"": ""緑室"", ""赤"": ""赤室""}","""緑"""
v2-gen-score-07-041,score,generated,証拠の最高到達段階,"""この調査固有の証拠段階表: 検収記録は段階1、署名済み文書は段階2、一次資料は段階3、立会記録は段階4。灯台で得られた証拠は一次資料、検収記録、署名済み文書。複数ある場合は最大の段階を使い、なければ0です。""",この調査の証拠段階を選んでください。,"[""証拠なしの段階0"", ""表に基づく最高証拠段階1"", ""表に基づく最高証拠段階2"", ""表に基づく最高証拠段階3"", ""表に基づく最高証拠段階4""]","""3"""
v2-gen-choice-12-038,choice,generated,条件付き不足書類,"{""確認優先順"": [""本人確認票"", ""同意書"", ""申込書"", ""受領票"", ""承認書"", ""見積書""], ""代理申請だけに必要"": ""本人確認票"", ""代理申請"": true, ""提出済み"": [""申込書"", ""承認書"", ""同意書"", ""本人確認票""]}",必要な不足書類を先頭から一つだけ案内します。どれですか。必要書類に不足がなければ追加不要です。,"{""受領票"": ""受領票"", ""同意書"": ""同意書"", ""承認書"": ""承認書"", ""本人確認票"": ""本人確認票"", ""申込書"": ""申込書"", ""見積書"": ""見積書"", ""追加不要"": ""必要書類はすべて提出済み""}","""受領票"""
v2-gen-choice-05-025,choice,generated,否定条件で選択,"""検品記録: クリップは封なしで濡れている、冊子は封ありで濡れている、名札は封ありで濡れている、箱は封なしで濡れている、袋は封ありで濡れていない、ノートは封ありで濡れている。""",濡れた品は除外し、封がある品を一つ選んでください。,"{""クリップ"": ""クリップ"", ""ノート"": ""ノート"", ""冊子"": ""冊子"", ""名札"": ""名札"", ""箱"": ""箱"", ""袋"": ""袋""}","""袋"""
v2-gen-score-04-015,score,generated,独立チェックの合計,"""若葉資料の点検: 管理番号ありは満たさない、署名ありは満たす、日付ありは満たす、ページ番号ありは満たす。各項目は一つずつ数えます。""",合格した項目数に対応する段階を答えてください。,"[""満たした項目が0個"", ""満たした項目が1個"", ""満たした項目が2個"", ""満たした項目が3個"", ""満たした項目が4個""]","""3"""
v2-gen-score-03-048,score,generated,順番に進む工程,"{""案件"": ""草原"", ""工程順"": [""報告""], ""完了済み"": [""報告""], ""着手中は完了に含めない"": true}",工程の完了状況を段階尺度で評価してください。,"[""完了した工程はまだない"", ""先頭から1工程が完了（最後に完了したのは報告）""]","""1"""
v2-gen-choice-14-025,choice,generated,二属性照合,"{""展示品"": [{""品名"": ""ラベル"", ""色"": ""茶"", ""素材"": ""紙""}, {""品名"": ""ペン"", ""色"": ""青"", ""素材"": ""金属""}, {""品名"": ""箱"", ""色"": ""白"", ""素材"": ""布""}, {""品名"": ""テープ"", ""色"": ""白"", ""素材"": ""樹脂""}, {""品名"": ""ノート"", ""色"": ""緑"", ""素材"": ""ガラス""}, {""品名"": ""名札"", ""色"": ""茶"", ""素材"": ""金属""}, {""品名"": ""冊子"", ""色"": ""黒"", ""素材"": ""木""}], ""指定色"": ""緑"", ""指定素材"": ""ガラス""}",二つの指定を同時に満たす展示品はどれですか。,"{""テープ"": ""テープ"", ""ノート"": ""ノート"", ""ペン"": ""ペン"", ""ラベル"": ""ラベル"", ""冊子"": ""冊子"", ""名札"": ""名札"", ""箱"": ""箱""}","""ノート"""
v2-gen-noul-10-032,noul,generated,条件付き義務,"{""規則"": ""追加申請なら上長の承認が必要。それ以外では義務なし"", ""条件に該当"": true, ""必要処置を実施"": true}",この案件は記載された義務のルールに違反していませんか。違反がなければはいです。,"{""false"": ""いいえ。質問の命題は成立しない。"", ""true"": ""はい。質問の命題が成立する。""}","""true"""
v2-gen-score-06-046,score,generated,約束時刻からの遅れ,"""木漏れ日便は5時到着の約束でした。実際の到着は同じ日の5時です。早着した場合の遅れは0時間とします。""",約束時刻と到着時刻の差から、遅延段階を選んでください。,"[""遅れが1時間未満"", ""遅れが1時間以上、2時間未満"", ""遅れが2時間以上""]","""0"""
v2-gen-choice-11-044,choice,generated,小数量の比較,"{""在庫"": [{""品名"": ""シール"", ""総在庫"": 2, ""予約分"": 2}, {""品名"": ""箱"", ""総在庫"": 16, ""予約分"": 5}, {""品名"": ""ノート"", ""総在庫"": 4, ""予約分"": 1}, {""品名"": ""冊子"", ""総在庫"": 7, ""予約分"": 5}], ""自由在庫"": ""総在庫から予約分を引く""}",今使える個数が最も少ない品を答えてください。,"{""シール"": ""シール"", ""ノート"": ""ノート"", ""冊子"": ""冊子"", ""箱"": ""箱""}","""シール"""
v2-gen-choice-13-007,choice,generated,工程の依存順,"{""案件"": ""山道"", ""工程順"": [""承認"", ""報告""], ""完了済み"": [], ""規則"": ""順に実行し未完了工程を飛ばさない""}",まだ済んでいない最初の工程は何ですか。存在しない場合は完了です。,"{""報告"": ""報告"", ""完了"": ""全工程が完了"", ""承認"": ""承認""}","""承認"""
v2-gen-score-10-028,score,generated,不足の段階,"{""申請"": ""星空"", ""必要書類"": [""添付図"", ""承認書"", ""受領票"", ""申込書"", ""同意書""], ""届いた書類"": [""添付図"", ""同意書"", ""受領票"", ""承認書""], ""余分な書類で代用できる"": false}",未提出の必要書類はいくつの段階ですか。,"[""不足が0種類"", ""不足が1種類"", ""不足が2種類"", ""不足が3種類"", ""不足が4種類"", ""不足が5種類""]","""1"""
v2-gen-noul-05-036,noul,generated,締切の境界,"""朝露の提出は17時より前だけ受け付け、17時ちょうどは無効です。林さんの提出記録は8時ちょうどです。""",時刻だけを基準に、この提出を有効と判定できますか。,"{""false"": ""いいえ。質問の命題は成立しない。"", ""true"": ""はい。質問の命題が成立する。""}","""true"""
v2-gen-score-12-027,score,generated,目標からの差,"""灯台の目標数は15個、実績は16個です。多すぎても少なすぎても、目標から何個離れたかで評価します。差が4個以上なら最終段階4にまとめます。""",示された上限を含め、実績のずれを段階に変換してください。,"[""目標との差が0個"", ""目標との差が1個"", ""目標との差が2個"", ""目標との差が3個"", ""目標との差が4個以上""]","""1"""
v2-gen-choice-02-004,choice,generated,条件と優先例外,"{""規則"": ""会員かつ3個以上なら優待。ただし予約品は常に通常"", ""会員"": true, ""購入数"": 11, ""予約品"": false}",この購入に適用する扱いを選んでください。,"{""優待"": ""優待の扱い"", ""通常"": ""通常の扱い""}","""優待"""
v2-gen-choice-02-050,choice,generated,条件と優先例外,"{""規則"": ""会員かつ7個以上なら優待。ただし予約品は常に通常"", ""会員"": true, ""購入数"": 15, ""予約品"": false}",会計時の区分を一つ決めてください。,"{""優待"": ""優待の扱い"", ""通常"": ""通常の扱い""}","""優待"""
v2-gen-choice-08-008,choice,generated,改訂と例外の優先,"{""通常品ラベルの改訂・古い順"": [""赤"", ""茶"", ""青""], ""優先例外"": ""冷蔵品は緑"", ""荷物"": ""通常品"", ""規則"": ""後の改訂が前を上書きする""}",今回適用されるラベルを一つ決めてください。,"{""白"": ""白ラベル"", ""緑"": ""緑ラベル"", ""茶"": ""茶ラベル"", ""赤"": ""赤ラベル"", ""青"": ""青ラベル""}","""青"""
v2-gen-choice-01-032,choice,generated,問い合わせ経路,"{""分類表"": {""契約"": [""契約更新"", ""プラン変更"", ""解約手続き""], ""配送"": [""届け先変更"", ""荷物の遅延"", ""追跡番号""], ""アカウント"": [""ログイン"", ""パスワード"", ""退会""], ""修理"": [""修理見積"", ""修理進捗"", ""保証修理""]}, ""本文"": ""アカウントを退会したいです"", ""受付主題"": ""退会""}",受付分類表を使って、この相談の担当を決めてください。,"{""アカウント"": ""アカウントの窓口"", ""修理"": ""修理の窓口"", ""契約"": ""契約の窓口"", ""配送"": ""配送の窓口""}","""アカウント"""
v2-gen-noul-01-043,noul,generated,事実と否定質問,"{""対象者"": ""中村"", ""項目"": ""支払いを完了"", ""実施済み"": true}",『中村さんは支払いを完了していない』はこの記録と一致しますか。,"{""false"": ""いいえ。質問の命題は成立しない。"", ""true"": ""はい。質問の命題が成立する。""}","""false"""
v2-gen-score-03-031,score,generated,順番に進む工程,"""夕凪の工程順は受付→審査→報告→実施→調査。先頭から順に進め、完了済みはなしです。着手中の工程は完了に含めません。""",完了済みの到達段階を選んでください。,"[""完了した工程はまだない"", ""先頭から1工程が完了（最後に完了したのは受付）"", ""先頭から2工程が完了（最後に完了したのは審査）"", ""先頭から3工程が完了（最後に完了したのは報告）"", ""先頭から4工程が完了（最後に完了したのは実施）"", ""先頭から5工程が完了（最後に完了したのは調査）""]","""0"""
v2-gen-score-08-029,score,generated,要件への一致数,"{""注文要件"": {""素材"": ""木"", ""形"": ""丸"", ""サイズ"": ""中"", ""印字"": ""あり"", ""配送"": ""宅配"", ""色"": ""白""}, ""提案品"": {""素材"": ""木"", ""形"": ""丸"", ""サイズ"": ""中"", ""印字"": ""片面のみ"", ""配送"": ""郵送"", ""色"": ""白""}}",注文要件と一致している属性の数を段階として選んでください。,"[""一致した要件が0項目"", ""一致した要件が1項目"", ""一致した要件が2項目"", ""一致した要件が3項目"", ""一致した要件が4項目"", ""一致した要件が5項目"", ""一致した要件が6項目""]","""4"""
v2-gen-choice-10-033,choice,generated,不在時の代理,"""担当者: 草原は林、灯台は石田、水面は森、白波は上田、青空は山田、朝露は加藤、山道は大野、春風は中村。代理者: 林の代理は石田、石田の代理は森、森の代理は上田、上田の代理は山田、山田の代理は加藤、加藤の代理は大野、大野の代理は中村、中村の代理は林。本日の不在者は林、山田、石田、森、上田。問い合わせ先の案件は水面です。代理への振替は一回だけ行い、その先の不在は判定しません。""",一回だけの代理振替を適用した後の宛先を答えてください。,"{""上田"": ""上田さん"", ""中村"": ""中村さん"", ""加藤"": ""加藤さん"", ""大野"": ""大野さん"", ""山田"": ""山田さん"", ""林"": ""林さん"", ""森"": ""森さん"", ""石田"": ""石田さん""}","""上田"""
v2-gen-noul-01-004,noul,generated,事実と否定質問,"""渡辺さんについての確定記録: 説明会を受講していません。""",記録上、渡辺さんは説明会を受講していないと言えますか。,"{""false"": ""いいえ。質問の命題は成立しない。"", ""true"": ""はい。質問の命題が成立する。""}","""true"""
v2-gen-choice-05-023,choice,generated,否定条件で選択,"""検品記録: 袋は封ありで濡れている、テープは封ありで濡れている、ノートは封なしで濡れている、ファイルは封ありで濡れていない。""",濡れた品は除外し、封がある品を一つ選んでください。,"{""テープ"": ""テープ"", ""ノート"": ""ノート"", ""ファイル"": ""ファイル"", ""袋"": ""袋""}","""ファイル"""
v2-gen-choice-15-023,choice,generated,文章内の順序参照,"""草原会議では、発表者を発表順に「上田、青木、吉田」と紹介しました。同じ人の再登場はありません。""",紹介された順番で1人目に発表する人は誰ですか。,"{""上田"": ""上田さん"", ""吉田"": ""吉田さん"", ""青木"": ""青木さん""}","""上田"""
v2-gen-choice-08-012,choice,generated,改訂と例外の優先,"""通常品の貼付ラベルについて、連絡は古い順に「青」「緑」でした。後の連絡が前の連絡を上書きします。ただし冷蔵品には連絡履歴に関係なく緑ラベルを貼ります。今回の荷物は冷蔵品です。""",例外と改訂の順序を考慮して、使用する色はどれですか。,"{""緑"": ""緑ラベル"", ""青"": ""青ラベル""}","""緑"""
v2-gen-score-05-026,score,generated,緊急条件の加点,"{""案件"": ""若葉"", ""基本優先度"": 2, ""締切までの残り時間"": 7, ""規則"": ""残り6時間以内なら1加点、それより長ければ0加点。上限2""}",条件付き加点後の優先度を選んでください。,"[""最終優先度0"", ""最終優先度1"", ""最終優先度2""]","""2"""
v2-gen-noul-09-046,noul,generated,重複を除いた件数,"{""棚"": ""山道"", ""読み取り品名"": [""付箋"", ""名札"", ""ペン"", ""名札"", ""名札""], ""数え方"": ""同一品名の重複を除く""}",品物の種類は5種類以上ありますか。,"{""false"": ""いいえ。質問の命題は成立しない。"", ""true"": ""はい。質問の命題が成立する。""}","""false"""
v2-gen-score-05-003,score,generated,緊急条件の加点,"""青空の基本優先度は4です。締切まで残り7時間以内なら1だけ加点し、それより長ければ加点しません。上限は7です。今回は締切まで12時間です。""",今回の最終優先段階を求めてください。,"[""最終優先度0"", ""最終優先度1"", ""最終優先度2"", ""最終優先度3"", ""最終優先度4"", ""最終優先度5"", ""最終優先度6"", ""最終優先度7""]","""4"""
v2-gen-score-04-019,score,generated,独立チェックの合計,"{""資料"": ""青空"", ""チェック項目"": {""部署名あり"": false}, ""各項目の重み"": 1}",合格した項目数に対応する段階を答えてください。,"[""満たした項目が0個"", ""満たした項目が1個""]","""0"""
v2-gen-choice-05-021,choice,generated,否定条件で選択,"""検品記録: 箱は封ありで濡れていない、封筒は封なしで濡れている、ペンは封なしで濡れていない、シールは封なしで濡れている、カードは封ありで濡れている、ケースは封ありで濡れている、名札は封ありで濡れていない。""",封がないもので、かつ濡れていない品を選んでください。,"{""カード"": ""カード"", ""ケース"": ""ケース"", ""シール"": ""シール"", ""ペン"": ""ペン"", ""名札"": ""名札"", ""封筒"": ""封筒"", ""箱"": ""箱""}","""ペン"""
v2-gen-choice-11-027,choice,generated,小数量の比較,"{""在庫"": [{""品名"": ""クリップ"", ""総在庫"": 16, ""予約分"": 5}, {""品名"": ""ファイル"", ""総在庫"": 5, ""予約分"": 2}], ""自由在庫"": ""総在庫から予約分を引く""}",自由在庫が最も少ない品を選んでください。,"{""クリップ"": ""クリップ"", ""ファイル"": ""ファイル""}","""ファイル"""
v2-gen-choice-13-005,choice,generated,工程の依存順,"""案件「夕凪」の工程順は内容確認→承認→報告→準備→受付です。途中の工程を飛ばすことはできません。完了済みは内容確認、承認、報告、準備、受付です。""",この作業を一段進めるときに着手する工程を答えてください。残りがなければ完了です。,"{""内容確認"": ""内容確認"", ""受付"": ""受付"", ""報告"": ""報告"", ""完了"": ""全工程が完了"", ""承認"": ""承認"", ""準備"": ""準備""}","""完了"""
v2-gen-choice-11-045,choice,generated,小数量の比較,"{""在庫"": [{""品名"": ""封筒"", ""総在庫"": 9, ""予約分"": 5}, {""品名"": ""ケース"", ""総在庫"": 13, ""予約分"": 1}, {""品名"": ""付箋"", ""総在庫"": 4, ""予約分"": 3}], ""自由在庫"": ""総在庫から予約分を引く""}",今使える個数が最も多い品を答えてください。,"{""ケース"": ""ケース"", ""付箋"": ""付箋"", ""封筒"": ""封筒""}","""ケース"""
v2-gen-score-02-016,score,generated,記述の満足段階,"{""回答者"": ""林"", ""対象"": ""木漏れ日"", ""感想原文"": ""完全ではないが、少し満足している""}",回答者が表明した満足の程度を分類してください。,"[""極めて強い不満"", ""やや満足"", ""極めて強い満足"", ""最高の満足""]","""1"""
v2-gen-score-09-032,score,generated,例外による上限,"""検査合格状況: 表示は不合格、包装は合格。合格項目一つにつき1点ですが、要再確認の印があれば上限1点に制限します。今回その印はあります。""",例外条件を反映した評価段階を答えてください。,"[""最終点0点"", ""最終点1点"", ""最終点2点""]","""1"""
v2-gen-score-03-002,score,generated,順番に進む工程,"""水面の工程順は審査→報告→準備→引継ぎ。先頭から順に進め、完了済みは審査、報告、準備、引継ぎです。着手中の工程は完了に含めません。""",この案件は完了ベースでどの段階まで進みましたか。,"[""完了した工程はまだない"", ""先頭から1工程が完了（最後に完了したのは審査）"", ""先頭から2工程が完了（最後に完了したのは報告）"", ""先頭から3工程が完了（最後に完了したのは準備）"", ""先頭から4工程が完了（最後に完了したのは引継ぎ）""]","""4"""
v2-gen-noul-08-014,noul,generated,集合と否定所属,"""水面の参加者名簿は松本、林、青木、石田、大野、上田です。この名簿は完全で、記載のない人は参加者ではありません。""",名簿に基づき、青木さんが参加者であるという判断に同意できますか。,"{""false"": ""いいえ。質問の命題は成立しない。"", ""true"": ""はい。質問の命題が成立する。""}","""true"""
v2-gen-noul-15-024,noul,generated,出来事の前後関係,"{""担当者"": ""渡辺"", ""実施順"": [""検品"", ""伝票記入"", ""荷物受取""], ""各作業の実施回数"": 1}",荷物受取は伝票記入より前に行われましたか。,"{""false"": ""いいえ。質問の命題は成立しない。"", ""true"": ""はい。質問の命題が成立する。""}","""false"""
v2-gen-score-01-015,score,generated,件数の段階境界,"""山道で確認待ちの申請を数えたところ、現在2件でした。処理済みは数に含めていません。""",現在の件数を指定の段階基準に当てはめてください。,"[""対象件数が3件未満"", ""対象件数が3件以上""]","""0"""
v2-gen-noul-04-043,noul,generated,例外の優先,"{""許可条件"": ""本人確認済み"", ""優先禁止条件"": ""未返却品あり"", ""対象"": ""吉田"", ""許可条件に該当"": false, ""禁止条件に該当"": false}",禁止例外を先に考慮すると、この利用を認められますか。,"{""false"": ""いいえ。質問の命題は成立しない。"", ""true"": ""はい。質問の命題が成立する。""}","""false"""
v2-gen-score-06-037,score,generated,約束時刻からの遅れ,"{""便"": ""青空"", ""約束時刻"": 8, ""実際の到着時刻"": 6, ""同日"": true, ""早着時の遅れ"": 0}",遅れの時間に対応する段階を答えてください。,"[""遅れが2時間未満"", ""遅れが2時間以上、4時間未満"", ""遅れが4時間以上、6時間未満"", ""遅れが6時間以上、8時間未満"", ""遅れが8時間以上、10時間未満"", ""遅れが10時間以上、12時間未満"", ""遅れが12時間以上、14時間未満"", ""遅れが14時間以上""]","""0"""
v2-gen-score-12-047,score,generated,目標からの差,"""水面の目標数は14個、実績は14個です。多すぎても少なすぎても、目標から何個離れたかで評価します。差が3個以上なら最終段階3にまとめます。""",不足・超過の向きではなく差の大きさで評価してください。,"[""目標との差が0個"", ""目標との差が1個"", ""目標との差が2個"", ""目標との差が3個以上""]","""0"""
v2-gen-score-11-036,score,generated,時刻順の評価更新,"{""案件"": ""青空"", ""評価更新"": [{""時刻"": 16, ""段階"": 1}, {""時刻"": 17, ""段階"": 4}, {""時刻"": 20, ""段階"": 5}, {""時刻"": 19, ""段階"": 1}, {""時刻"": 8, ""段階"": 1}, {""時刻"": 11, ""段階"": 3}], ""採用規則"": ""最新時刻だけを採用""}",履歴の記載順に惑わされず、最新評価を答えてください。,"[""評価段階0"", ""評価段階1"", ""評価段階2"", ""評価段階3"", ""評価段階4"", ""評価段階5"", ""評価段階6""]","""5"""
v2-gen-choice-07-008,choice,generated,複数属性の制約,"""在庫表: ファイルは緑色・紙製・在庫あり、箱は緑色・木製・在庫なし、用紙は赤色・木製・在庫あり、封筒は緑色・木製・在庫あり、袋は緑色・ガラス製・在庫あり、ケースは緑色・木製・在庫なし、ラベルは緑色・木製・在庫なし。""",緑色で木製、在庫もある品を選んでください。,"{""ケース"": ""ケース"", ""ファイル"": ""ファイル"", ""ラベル"": ""ラベル"", ""封筒"": ""封筒"", ""用紙"": ""用紙"", ""箱"": ""箱"", ""袋"": ""袋""}","""封筒"""
v2-gen-score-15-006,score,generated,軽重のある項目,"{""不備ごとの配点"": {""頁番号欠落"": 2, ""添付欠落"": 1, ""署名欠落"": 1, ""日付欠落"": 1}, ""不備あり"": {""頁番号欠落"": true, ""添付欠落"": true, ""署名欠落"": true, ""日付欠落"": false}, ""上限"": 4}",見つかった不備の点数を合計し、上限を適用してください。,"[""不備点の合計が0点"", ""不備点の合計が1点"", ""不備点の合計が2点"", ""不備点の合計が3点"", ""不備点の合計が4点以上""]","""4"""
v2-gen-choice-04-045,choice,generated,参照先の担当,"""担当: 青空は山田、山道は大野、水面は石田、春風は遠藤、草原は上田、灯台は高橋。資料の所属: ノートは灯台案件、冊子は山道案件、封筒は水面案件、名札は青空案件、クリップは春風案件、ペンは草原案件。確認する資料はクリップです。""",この資料について、所属案件を通じて連絡すべき担当者は誰ですか。,"{""上田"": ""上田さん"", ""大野"": ""大野さん"", ""山田"": ""山田さん"", ""石田"": ""石田さん"", ""遠藤"": ""遠藤さん"", ""高橋"": ""高橋さん""}","""遠藤"""
v2-gen-score-07-036,score,generated,証拠の最高到達段階,"{""調査"": ""木漏れ日"", ""この調査の証拠段階"": {""一次資料"": 1, ""写真記録"": 2, ""立会記録"": 3, ""監査記録"": 4, ""口頭メモ"": 5, ""署名済み文書"": 6}, ""得られた証拠"": [""監査記録"", ""一次資料"", ""立会記録"", ""口頭メモ"", ""写真記録""], ""集約規則"": ""得られた段階の最大。証拠なしは0""}",明示された段階表だけで証拠を評価してください。,"[""証拠なしの段階0"", ""表に基づく最高証拠段階1"", ""表に基づく最高証拠段階2"", ""表に基づく最高証拠段階3"", ""表に基づく最高証拠段階4"", ""表に基づく最高証拠段階5"", ""表に基づく最高証拠段階6""]","""5"""
v2-gen-score-09-031,score,generated,例外による上限,"""検査合格状況: 寸法は合格。合格項目一つにつき1点ですが、要再確認の印があれば上限0点に制限します。今回その印はありません。""",例外条件を反映した評価段階を答えてください。,"[""最終点0点"", ""最終点1点""]","""1"""
v2-gen-choice-14-014,choice,generated,二属性照合,"""展示品の札: ファイルは茶色・木製、名札は黒色・布製、シールは白色・ガラス製、クリップは緑色・布製。探しているのは茶色の木製です。""",色だけ・素材だけの一致では足りません。該当品を答えてください。,"{""クリップ"": ""クリップ"", ""シール"": ""シール"", ""ファイル"": ""ファイル"", ""名札"": ""名札""}","""ファイル"""
v2-gen-score-01-048,score,generated,件数の段階境界,"""星空で確認待ちの申請を数えたところ、現在21件でした。処理済みは数に含めていません。""",現在の件数を指定の段階基準に当てはめてください。,"[""対象件数が3件未満"", ""対象件数が3件以上、6件未満"", ""対象件数が6件以上、9件未満"", ""対象件数が9件以上、12件未満"", ""対象件数が12件以上、15件未満"", ""対象件数が15件以上、18件未満"", ""対象件数が18件以上""]","""6"""
v2-gen-choice-10-001,choice,generated,不在時の代理,"{""案件担当"": {""灯台"": ""森"", ""木漏れ日"": ""佐藤"", ""青空"": ""林"", ""春風"": ""加藤"", ""草原"": ""中村""}, ""代理者"": {""森"": ""佐藤"", ""佐藤"": ""林"", ""林"": ""加藤"", ""加藤"": ""中村"", ""中村"": ""森""}, ""不在者"": [""林""], ""案件"": ""灯台"", ""ルール"": ""担当者が不在なら指定代理に一度だけ振替。代理の在席状況は問わない""}",この案件を担当本人または指定代理に連絡します。宛先は誰ですか。,"{""中村"": ""中村さん"", ""佐藤"": ""佐藤さん"", ""加藤"": ""加藤さん"", ""林"": ""林さん"", ""森"": ""森さん""}","""森"""
v2-gen-noul-10-013,noul,generated,条件付き義務,"{""規則"": ""夜間受付なら担当者の署名が必要。それ以外では義務なし"", ""条件に該当"": true, ""必要処置を実施"": false}",この義務に関して、規則上問題なしと判定できますか。,"{""false"": ""いいえ。質問の命題は成立しない。"", ""true"": ""はい。質問の命題が成立する。""}","""false"""
v2-gen-noul-05-020,noul,generated,締切の境界,"""山道の提出は14時ちょうどまで受け付け、同時刻の提出も有効です。高橋さんの提出記録は9時ちょうどです。""",時刻だけを基準に、この提出を有効と判定できますか。,"{""false"": ""いいえ。質問の命題は成立しない。"", ""true"": ""はい。質問の命題が成立する。""}","""true"""
v2-gen-score-08-009,score,generated,要件への一致数,"""注文要件: 包装=箱、素材=木、形=三角、配送=宅配、印字=片面のみ、サイズ=中、色=赤。提案品: 包装=袋、素材=布、形=三角、配送=郵送、印字=なし、サイズ=中、色=白。""",提案品が満たす要件数はいくつの段階ですか。,"[""一致した要件が0項目"", ""一致した要件が1項目"", ""一致した要件が2項目"", ""一致した要件が3項目"", ""一致した要件が4項目"", ""一致した要件が5項目"", ""一致した要件が6項目"", ""一致した要件が7項目""]","""2"""
v2-gen-noul-08-036,noul,generated,集合と否定所属,"""山道の参加者名簿は森、青木、高橋、石田、林、大野です。この名簿は完全で、記載のない人は参加者ではありません。""",青木さんは参加者であると言えますか。,"{""false"": ""いいえ。質問の命題は成立しない。"", ""true"": ""はい。質問の命題が成立する。""}","""true"""
v2-gen-noul-02-013,noul,generated,全条件の充足,"{""すべて必要な条件"": [""事前登録"", ""講習受講"", ""利用説明受講"", ""所属確認""], ""対象"": ""加藤"", ""完了状況"": {""事前登録"": false, ""講習受講"": false, ""利用説明受講"": false, ""所属確認"": false}}",この人は記載された利用条件をすべて満たしていますか。,"{""false"": ""いいえ。質問の命題は成立しない。"", ""true"": ""はい。質問の命題が成立する。""}","""false"""
v2-gen-score-06-026,score,generated,約束時刻からの遅れ,"""若葉便は12時到着の約束でした。実際の到着は同じ日の18時です。早着した場合の遅れは0時間とします。""",遅れの時間に対応する段階を答えてください。,"[""遅れが2時間未満"", ""遅れが2時間以上、4時間未満"", ""遅れが4時間以上、6時間未満"", ""遅れが6時間以上""]","""3"""
v2-gen-score-11-032,score,generated,時刻順の評価更新,"""夕凪の評価更新履歴: 11時に段階1、17時に段階0、16時に段階0。評価は最新時刻の値だけを採用します。""",現在採用すべき評価段階を選んでください。,"[""評価段階0"", ""評価段階1"", ""評価段階2""]","""0"""
v2-gen-score-06-049,score,generated,約束時刻からの遅れ,"{""便"": ""春風"", ""約束時刻"": 6, ""実際の到着時刻"": 4, ""同日"": true, ""早着時の遅れ"": 0}",到着の遅れを段階基準で評価してください。,"[""遅れが1時間未満"", ""遅れが1時間以上、2時間未満"", ""遅れが2時間以上、3時間未満"", ""遅れが3時間以上、4時間未満"", ""遅れが4時間以上、5時間未満"", ""遅れが5時間以上""]","""0"""
v2-gen-noul-01-005,noul,generated,事実と否定質問,"{""対象者"": ""高橋"", ""項目"": ""検収を完了"", ""実施済み"": false}",確定情報だけから、高橋さんが検収を完了しているという判断は正しいですか。,"{""false"": ""いいえ。質問の命題は成立しない。"", ""true"": ""はい。質問の命題が成立する。""}","""false"""
v2-gen-noul-05-014,noul,generated,締切の境界,"{""受付規則"": ""12時より前だけ受け付け、12時ちょうどは無効"", ""提出者"": ""石田"", ""提出時刻"": 8}",記録された提出時刻は締切内ですか。,"{""false"": ""いいえ。質問の命題は成立しない。"", ""true"": ""はい。質問の命題が成立する。""}","""true"""
v2-gen-choice-15-032,choice,generated,文章内の順序参照,"{""会議"": ""夕凪"", ""発表順"": [""佐藤"", ""林"", ""加藤"", ""石田"", ""遠藤"", ""中村""]}",紹介された順番で1人目に発表する人は誰ですか。,"{""中村"": ""中村さん"", ""佐藤"": ""佐藤さん"", ""加藤"": ""加藤さん"", ""林"": ""林さん"", ""石田"": ""石田さん"", ""遠藤"": ""遠藤さん""}","""佐藤"""
v2-gen-score-11-004,score,generated,時刻順の評価更新,"""山道の評価更新履歴: 15時に段階2、7時に段階0、13時に段階2、21時に段階2、20時に段階0。評価は最新時刻の値だけを採用します。""",現在採用すべき評価段階を選んでください。,"[""評価段階0"", ""評価段階1"", ""評価段階2""]","""2"""
v2-gen-score-04-040,score,generated,独立チェックの合計,"{""資料"": ""青空"", ""チェック項目"": {""承認印あり"": true}, ""各項目の重み"": 1}",条件を満たした項目を一つ一点として集計してください。,"[""満たした項目が0個"", ""満たした項目が1個""]","""1"""
v2-gen-noul-03-017,noul,generated,いずれかの条件,"{""いずれか一つ以上必要"": [""当日券"", ""事前予約票"", ""引換券""], ""所持状況"": {""当日券"": false, ""事前予約票"": false, ""引換券"": false}, ""対象"": ""佐藤""}",記載された条件で受付を通れますか。,"{""false"": ""いいえ。質問の命題は成立しない。"", ""true"": ""はい。質問の命題が成立する。""}","""false"""
v2-gen-noul-05-016,noul,generated,締切の境界,"{""受付規則"": ""17時ちょうどまで受け付け、同時刻の提出も有効"", ""提出者"": ""渡辺"", ""提出時刻"": 16}",この提出は時間条件を満たしていますか。,"{""false"": ""いいえ。質問の命題は成立しない。"", ""true"": ""はい。質問の命題が成立する。""}","""true"""
v2-gen-choice-02-029,choice,generated,条件と優先例外,"{""規則"": ""会員かつ8個以上なら優待。ただし予約品は常に通常"", ""会員"": false, ""購入数"": 3, ""予約品"": false}",会計時の区分を一つ決めてください。,"{""優待"": ""優待の扱い"", ""通常"": ""通常の扱い""}","""通常"""
v2-gen-noul-09-048,noul,generated,重複を除いた件数,"{""棚"": ""木漏れ日"", ""読み取り品名"": [""ケース"", ""ペン"", ""ラベル"", ""箱"", ""ペン"", ""袋"", ""袋""], ""数え方"": ""同一品名の重複を除く""}",異なる品名だけ数えると6種類以上ですか。,"{""false"": ""いいえ。質問の命題は成立しない。"", ""true"": ""はい。質問の命題が成立する。""}","""false"""
v2-gen-score-06-008,score,generated,約束時刻からの遅れ,"""木漏れ日便は5時到着の約束でした。実際の到着は同じ日の7時です。早着した場合の遅れは0時間とします。""",到着の遅れを段階基準で評価してください。,"[""遅れが2時間未満"", ""遅れが2時間以上、4時間未満"", ""遅れが4時間以上、6時間未満"", ""遅れが6時間以上、8時間未満"", ""遅れが8時間以上、10時間未満"", ""遅れが10時間以上、12時間未満"", ""遅れが12時間以上""]","""1"""
v2-gen-choice-07-005,choice,generated,複数属性の制約,"""在庫表: ラベルは緑色・木製・在庫あり、封筒は緑色・ガラス製・在庫あり、ケースは緑色・金属製・在庫あり、シールは緑色・金属製・在庫なし、クリップは緑色・金属製・在庫なし、付箋は緑色・ガラス製・在庫あり、ファイルは緑色・金属製・在庫なし。""",必要条件は緑色、金属製、在庫ありの三つです。全部に合う品はどれですか。,"{""クリップ"": ""クリップ"", ""ケース"": ""ケース"", ""シール"": ""シール"", ""ファイル"": ""ファイル"", ""ラベル"": ""ラベル"", ""付箋"": ""付箋"", ""封筒"": ""封筒""}","""ケース"""
v2-gen-choice-04-037,choice,generated,参照先の担当,"""担当: 春風は遠藤、白波は加藤。資料の所属: クリップは春風案件、ラベルは白波案件。確認する資料はクリップです。""",確認する資料の案件を担当している人を答えてください。,"{""加藤"": ""加藤さん"", ""遠藤"": ""遠藤さん""}","""遠藤"""
v2-gen-choice-01-042,choice,generated,問い合わせ経路,"{""分類表"": {""配送"": [""届け先変更"", ""荷物の遅延"", ""追跡番号""], ""修理"": [""修理見積"", ""修理進捗"", ""保証修理""], ""製品"": [""破損"", ""初期不良"", ""部品交換""], ""契約"": [""契約更新"", ""プラン変更"", ""解約手続き""]}, ""本文"": ""配送状況を見るための追跡番号を教えてください"", ""受付主題"": ""追跡番号""}",受付分類表を使って、この相談の担当を決めてください。,"{""修理"": ""修理の窓口"", ""契約"": ""契約の窓口"", ""製品"": ""製品の窓口"", ""配送"": ""配送の窓口""}","""配送"""
v2-gen-score-02-021,score,generated,記述の満足段階,"""渡辺さんは山道の体験について「不満の程度は極めて強かった」と回答しました。追加の発言はありません。""",感想に明示された評価を尺度へ対応づけてください。,"[""極めて強い不満"", ""やや満足""]","""0"""
v2-gen-noul-07-031,noul,generated,識別文字列の完全一致,"{""商品ラベル"": ""RS7-C"", ""注文票"": ""RS7-C"", ""照合規則"": ""大文字小文字と記号も含む完全一致""}",同一コードとして扱ってよいですか。,"{""false"": ""いいえ。質問の命題は成立しない。"", ""true"": ""はい。質問の命題が成立する。""}","""true"""
v2-gen-score-11-005,score,generated,時刻順の評価更新,"""灯台の評価更新履歴: 18時に段階2、19時に段階3、10時に段階1、12時に段階3、13時に段階3、7時に段階2。評価は最新時刻の値だけを採用します。""",最後に更新された有効な段階はいくつですか。,"[""評価段階0"", ""評価段階1"", ""評価段階2"", ""評価段階3""]","""3"""
v2-gen-score-07-020,score,generated,証拠の最高到達段階,"{""調査"": ""灯台"", ""この調査の証拠段階"": {""第三者確認"": 1, ""監査記録"": 2, ""口頭メモ"": 3, ""立会記録"": 4}, ""得られた証拠"": [], ""集約規則"": ""得られた段階の最大。証拠なしは0""}",この調査の証拠段階を選んでください。,"[""証拠なしの段階0"", ""表に基づく最高証拠段階1"", ""表に基づく最高証拠段階2"", ""表に基づく最高証拠段階3"", ""表に基づく最高証拠段階4""]","""0"""
v2-gen-score-07-018,score,generated,証拠の最高到達段階,"""この調査固有の証拠段階表: 一次資料は段階1、署名済み文書は段階2。山道で得られた証拠はなし。複数ある場合は最大の段階を使い、なければ0です。""",記録済みの証拠から得られる最高段階はどれですか。,"[""証拠なしの段階0"", ""表に基づく最高証拠段階1"", ""表に基づく最高証拠段階2""]","""0"""
v2-gen-score-12-048,score,generated,目標からの差,"""星空の目標数は9個、実績は4個です。多すぎても少なすぎても、目標から何個離れたかで評価します。差が4個以上なら最終段階4にまとめます。""",示された上限を含め、実績のずれを段階に変換してください。,"[""目標との差が0個"", ""目標との差が1個"", ""目標との差が2個"", ""目標との差が3個"", ""目標との差が4個以上""]","""4"""
v2-gen-noul-07-011,noul,generated,識別文字列の完全一致,"{""商品ラベル"": ""RS5-C"", ""注文票"": ""RS5-C"", ""照合規則"": ""大文字小文字と記号も含む完全一致""}",二つの管理コードは完全一致していますか。,"{""false"": ""いいえ。質問の命題は成立しない。"", ""true"": ""はい。質問の命題が成立する。""}","""true"""
v2-gen-score-02-039,score,generated,記述の満足段階,"""高橋さんは朝露の体験について「惜しい点があり、少し不満だった」と回答しました。追加の発言はありません。""",感想に明示された評価を尺度へ対応づけてください。,"[""やや不満"", ""どちらでもない"", ""やや満足"", ""満足"", ""極めて強い満足"", ""最高の満足""]","""0"""
v2-gen-score-11-017,score,generated,時刻順の評価更新,"""夕凪の評価更新履歴: 14時に段階1、18時に段階1、21時に段階1、16時に段階1、8時に段階1、9時に段階0。評価は最新時刻の値だけを採用します。""",現在採用すべき評価段階を選んでください。,"[""評価段階0"", ""評価段階1""]","""1"""
v2-gen-score-08-048,score,generated,要件への一致数,"{""注文要件"": {""印字"": ""あり"", ""形"": ""丸"", ""サイズ"": ""中"", ""配送"": ""郵送""}, ""提案品"": {""印字"": ""なし"", ""形"": ""丸"", ""サイズ"": ""小"", ""配送"": ""宅配""}}",各属性の完全一致を一点として採点してください。,"[""一致した要件が0項目"", ""一致した要件が1項目"", ""一致した要件が2項目"", ""一致した要件が3項目"", ""一致した要件が4項目""]","""1"""
v2-gen-choice-01-020,choice,generated,問い合わせ経路,"{""分類表"": {""配送"": [""届け先変更"", ""荷物の遅延"", ""追跡番号""], ""契約"": [""契約更新"", ""プラン変更"", ""解約手続き""]}, ""本文"": ""配送状況を見るための追跡番号を教えてください"", ""受付主題"": ""追跡番号""}",分類表に従い、この問い合わせを担当する窓口を一つ選んでください。,"{""契約"": ""契約の窓口"", ""配送"": ""配送の窓口""}","""配送"""
v2-gen-score-13-011,score,generated,取消しを反映した件数,"""白波の申込み記録: 山田は未受付・取消なし、佐藤は受付済み・取消なし、青木は受付済み・取消なし。取消済みの申込みは有効件数から除きます。2件以上は最終段階2にまとめます。""",現在有効な申込みだけを数えて評価してください。,"[""有効申込みが0件"", ""有効申込みが1件"", ""有効申込みが2件以上""]","""2"""
v2-gen-noul-15-011,noul,generated,出来事の前後関係,"""加藤さんの作業日誌は実施順に棚への配置→検品→報告→荷物受取→引継ぎ→伝票記入です。記載した各作業は一回ずつ実施しました。""",日誌では報告の方が引継ぎより先ですか。,"{""false"": ""いいえ。質問の命題は成立しない。"", ""true"": ""はい。質問の命題が成立する。""}","""true"""
v2-gen-score-07-038,score,generated,証拠の最高到達段階,"""この調査固有の証拠段階表: 写真記録は段階1。木漏れ日で得られた証拠はなし。複数ある場合は最大の段階を使い、なければ0です。""",この調査の証拠段階を選んでください。,"[""証拠なしの段階0"", ""表に基づく最高証拠段階1""]","""0"""
v2-gen-choice-07-030,choice,generated,複数属性の制約,"{""在庫表"": [{""品名"": ""封筒"", ""色"": ""緑"", ""素材"": ""布"", ""在庫あり"": true}, {""品名"": ""用紙"", ""色"": ""緑"", ""素材"": ""紙"", ""在庫あり"": true}, {""品名"": ""カード"", ""色"": ""緑"", ""素材"": ""樹脂"", ""在庫あり"": true}, {""品名"": ""ペン"", ""色"": ""赤"", ""素材"": ""樹脂"", ""在庫あり"": true}, {""品名"": ""名札"", ""色"": ""緑"", ""素材"": ""樹脂"", ""在庫あり"": false}, {""品名"": ""袋"", ""色"": ""黄"", ""素材"": ""樹脂"", ""在庫あり"": true}, {""品名"": ""ラベル"", ""色"": ""青"", ""素材"": ""樹脂"", ""在庫あり"": true}]}",今注文できる樹脂製の緑色の商品を答えてください。在庫なしは選べません。,"{""カード"": ""カード"", ""ペン"": ""ペン"", ""ラベル"": ""ラベル"", ""名札"": ""名札"", ""封筒"": ""封筒"", ""用紙"": ""用紙"", ""袋"": ""袋""}","""カード"""
v2-gen-choice-02-021,choice,generated,条件と優先例外,"{""規則"": ""会員かつ12個以上なら優待。ただし予約品は常に通常"", ""会員"": false, ""購入数"": 2, ""予約品"": false}",例外も踏まえて、今回の購入区分はどれですか。,"{""優待"": ""優待の扱い"", ""通常"": ""通常の扱い""}","""通常"""
v2-gen-choice-05-016,choice,generated,否定条件で選択,"""検品記録: 封筒は封なしで濡れていない、用紙は封ありで濡れている、クリップは封ありで濡れていない。""",封がないもので、かつ濡れていない品を選んでください。,"{""クリップ"": ""クリップ"", ""封筒"": ""封筒"", ""用紙"": ""用紙""}","""封筒"""
v2-gen-noul-07-021,noul,generated,識別文字列の完全一致,"""商品ラベルの管理コードは「GH1-D」、注文票の管理コードは「GH1-D」です。照合では大文字と小文字、記号の違いも区別します。""",二つの管理コードは完全一致していますか。,"{""false"": ""いいえ。質問の命題は成立しない。"", ""true"": ""はい。質問の命題が成立する。""}","""true"""
v2-gen-choice-04-028,choice,generated,参照先の担当,"""担当: 水面は上田、春風は石田、草原は高橋、朝露は松本。資料の所属: シールは朝露案件、袋は草原案件、ノートは水面案件、ペンは春風案件。確認する資料は袋です。""",確認資料が属する案件の担当者を選んでください。,"{""上田"": ""上田さん"", ""松本"": ""松本さん"", ""石田"": ""石田さん"", ""高橋"": ""高橋さん""}","""高橋"""
v2-gen-choice-02-011,choice,generated,条件と優先例外,"""青空店では会員で購入数が9個以上なら優待扱いです。ただし予約品は購入数や会員資格にかかわらず通常扱いです。今回は1個、非会員、予約品です。""",この購入に適用する扱いを選んでください。,"{""優待"": ""優待の扱い"", ""通常"": ""通常の扱い""}","""通常"""
v2-gen-noul-08-006,noul,generated,集合と否定所属,"""木漏れ日の参加者名簿は石田、上田、渡辺、遠藤、佐藤です。この名簿は完全で、記載のない人は参加者ではありません。""",上田さんは参加者であると言えますか。,"{""false"": ""いいえ。質問の命題は成立しない。"", ""true"": ""はい。質問の命題が成立する。""}","""true"""
v2-gen-noul-04-001,noul,generated,例外の優先,"""規則: 予約済みであれば木漏れ日を利用できます。ただし申請保留中なら利用できません。松本さんは予約済みに非該当、申請保留中に非該当です。""",例外を含む規則のもとで利用は許可されますか。,"{""false"": ""いいえ。質問の命題は成立しない。"", ""true"": ""はい。質問の命題が成立する。""}","""false"""
v2-gen-score-03-020,score,generated,順番に進む工程,"{""案件"": ""山道"", ""工程順"": [""調査""], ""完了済み"": [""調査""], ""着手中は完了に含めない"": true}",完了済みの到達段階を選んでください。,"[""完了した工程はまだない"", ""先頭から1工程が完了（最後に完了したのは調査）""]","""1"""
v2-gen-noul-05-043,noul,generated,締切の境界,"""朝露の提出は15時より前だけ受け付け、15時ちょうどは無効です。加藤さんの提出記録は19時ちょうどです。""",この提出は時間条件を満たしていますか。,"{""false"": ""いいえ。質問の命題は成立しない。"", ""true"": ""はい。質問の命題が成立する。""}","""false"""
v2-gen-score-04-011,score,generated,独立チェックの合計,"""白波資料の点検: 宛先ありは満たす、ページ番号ありは満たす、部署名ありは満たさない、署名ありは満たす、添付ありは満たす、連絡先ありは満たす、日付ありは満たす。各項目は一つずつ数えます。""",合格した項目数に対応する段階を答えてください。,"[""満たした項目が0個"", ""満たした項目が1個"", ""満たした項目が2個"", ""満たした項目が3個"", ""満たした項目が4個"", ""満たした項目が5個"", ""満たした項目が6個"", ""満たした項目が7個""]","""6"""
v2-gen-choice-04-020,choice,generated,参照先の担当,"""担当: 山道は山田、朝露は渡辺、春風は高橋、白波は上田、木漏れ日は木村、若葉は石田、灯台は青木、夕凪は松本。資料の所属: 箱は若葉案件、ペンは山道案件、名札は春風案件、シールは白波案件、袋は灯台案件、ケースは木漏れ日案件、用紙は朝露案件、クリップは夕凪案件。確認する資料はクリップです。""",確認資料が属する案件の担当者を選んでください。,"{""上田"": ""上田さん"", ""山田"": ""山田さん"", ""木村"": ""木村さん"", ""松本"": ""松本さん"", ""渡辺"": ""渡辺さん"", ""石田"": ""石田さん"", ""青木"": ""青木さん"", ""高橋"": ""高橋さん""}","""松本"""
v2-gen-score-13-047,score,generated,取消しを反映した件数,"""朝露の申込み記録: 木村は未受付・取消なし、高橋は受付済み・取消済み、中村は受付済み・取消済み、青木は受付済み・取消なし、渡辺は受付済み・取消済み、加藤は受付済み・取消なし、大野は受付済み・取消なし。取消済みの申込みは有効件数から除きます。3件以上は最終段階3にまとめます。""",現在有効な申込みだけを数えて評価してください。,"[""有効申込みが0件"", ""有効申込みが1件"", ""有効申込みが2件"", ""有効申込みが3件以上""]","""3"""
v2-gen-noul-14-015,noul,generated,予定時間の重なり,"{""対象者"": ""吉田"", ""会議"": [15, 16], ""面談"": [16, 18], ""規則"": ""終了時刻と開始時刻が一致するだけなら重複なし""}",二つの予定の時間は重なっていますか。,"{""false"": ""いいえ。質問の命題は成立しない。"", ""true"": ""はい。質問の命題が成立する。""}","""false"""
v2-gen-noul-04-019,noul,generated,例外の優先,"""規則: 会員であれば草原を利用できます。ただし利用停止中なら利用できません。吉田さんは会員に非該当、利用停止中に非該当です。""",禁止例外を先に考慮すると、この利用を認められますか。,"{""false"": ""いいえ。質問の命題は成立しない。"", ""true"": ""はい。質問の命題が成立する。""}","""false"""
v2-gen-noul-13-036,noul,generated,範囲の開閉境界,"""白波の受付数は、1個より多い、かつ9個以下の場合に限り適合です。今回の数は1個です。""",指定された範囲条件を満たしていますか。,"{""false"": ""いいえ。質問の命題は成立しない。"", ""true"": ""はい。質問の命題が成立する。""}","""false"""
v2-gen-choice-10-026,choice,generated,不在時の代理,"""担当者: 夕凪は渡辺、白波は森、朝露は中村、灯台は高橋、山道は松本、春風は上田。代理者: 渡辺の代理は森、森の代理は中村、中村の代理は高橋、高橋の代理は松本、松本の代理は上田、上田の代理は渡辺。本日の不在者は森。問い合わせ先の案件は朝露です。代理への振替は一回だけ行い、その先の不在は判定しません。""",本日の規則に従う連絡相手を選んでください。,"{""上田"": ""上田さん"", ""中村"": ""中村さん"", ""松本"": ""松本さん"", ""森"": ""森さん"", ""渡辺"": ""渡辺さん"", ""高橋"": ""高橋さん""}","""中村"""
v2-gen-noul-10-033,noul,generated,条件付き義務,"""規則: 新規申請のときだけ控えの交付が必須です。それ以外の場合にはこの義務はなく、実施していても構いません。今回の案件は新規申請に該当で、控えの交付は未実施です。""",この案件は記載された義務のルールに違反していませんか。違反がなければはいです。,"{""false"": ""いいえ。質問の命題は成立しない。"", ""true"": ""はい。質問の命題が成立する。""}","""false"""
v2-gen-score-14-024,score,generated,参照表の順序尺度,"""今回の検査用の対応表: 緑印は段階0、黒印は段階1。春風の確定検査票には黒印が付いています。色に一般的な良し悪しは仮定しません。""",今回の対応表を使って検査票の段階を選んでください。,"[""表による段階0"", ""表による段階1""]","""1"""
v2-gen-noul-10-001,noul,generated,条件付き義務,"{""規則"": ""代理申請なら受付印の押印が必要。それ以外では義務なし"", ""条件に該当"": true, ""必要処置を実施"": false}",この義務に関して、規則上問題なしと判定できますか。,"{""false"": ""いいえ。質問の命題は成立しない。"", ""true"": ""はい。質問の命題が成立する。""}","""false"""
v2-gen-choice-02-046,choice,generated,条件と優先例外,"""木漏れ日店では会員で購入数が5個以上なら優待扱いです。ただし予約品は購入数や会員資格にかかわらず通常扱いです。今回は10個、会員、通常在庫品です。""",会計時の区分を一つ決めてください。,"{""優待"": ""優待の扱い"", ""通常"": ""通常の扱い""}","""優待"""
v2-gen-noul-09-045,noul,generated,重複を除いた件数,"{""棚"": ""春風"", ""読み取り品名"": [""箱"", ""ケース"", ""ラベル"", ""ファイル"", ""箱"", ""テープ"", ""クリップ""], ""数え方"": ""同一品名の重複を除く""}",異なる品名だけ数えると6種類以上ですか。,"{""false"": ""いいえ。質問の命題は成立しない。"", ""true"": ""はい。質問の命題が成立する。""}","""true"""
v2-gen-choice-15-019,choice,generated,文章内の順序参照,"{""会議"": ""草原"", ""発表順"": [""石田"", ""山田"", ""吉田"", ""高橋"", ""渡辺"", ""上田""]}",紹介された順番で4人目に発表する人は誰ですか。,"{""上田"": ""上田さん"", ""吉田"": ""吉田さん"", ""山田"": ""山田さん"", ""渡辺"": ""渡辺さん"", ""石田"": ""石田さん"", ""高橋"": ""高橋さん""}","""高橋"""
v2-gen-noul-08-013,noul,generated,集合と否定所属,"""朝露の参加者名簿は佐藤、山田、加藤、遠藤、渡辺、木村、上田です。この名簿は完全で、記載のない人は参加者ではありません。""",遠藤さんは参加者ではないと言えますか。,"{""false"": ""いいえ。質問の命題は成立しない。"", ""true"": ""はい。質問の命題が成立する。""}","""false"""
v2-gen-score-11-044,score,generated,時刻順の評価更新,"""白波の評価更新履歴: 20時に段階1、21時に段階4、9時に段階5。評価は最新時刻の値だけを採用します。""",履歴の記載順に惑わされず、最新評価を答えてください。,"[""評価段階0"", ""評価段階1"", ""評価段階2"", ""評価段階3"", ""評価段階4"", ""評価段階5"", ""評価段階6"", ""評価段階7""]","""4"""
v2-gen-choice-09-002,choice,generated,利用可能集合の差,"{""利用可能品"": [""名札"", ""クリップ"", ""ラベル"", ""ペン"", ""用紙""], ""予約済み品"": [""ラベル"", ""名札"", ""用紙"", ""クリップ""]}",今貸せるのは利用可能かつ未予約の品です。該当するものはどれですか。,"{""カード"": ""カード"", ""クリップ"": ""クリップ"", ""ペン"": ""ペン"", ""ラベル"": ""ラベル"", ""付箋"": ""付箋"", ""名札"": ""名札"", ""用紙"": ""用紙""}","""ペン"""
v2-gen-score-15-001,score,generated,軽重のある項目,"{""不備ごとの配点"": {""日付欠落"": 2, ""誤字"": 1, ""余白不備"": 1, ""頁番号欠落"": 1, ""添付欠落"": 1, ""署名欠落"": 1}, ""不備あり"": {""日付欠落"": false, ""誤字"": false, ""余白不備"": false, ""頁番号欠落"": false, ""添付欠落"": false, ""署名欠落"": false}, ""上限"": 6}",見つかった不備の点数を合計し、上限を適用してください。,"[""不備点の合計が0点"", ""不備点の合計が1点"", ""不備点の合計が2点"", ""不備点の合計が3点"", ""不備点の合計が4点"", ""不備点の合計が5点"", ""不備点の合計が6点以上""]","""0"""
v2-gen-score-14-040,score,generated,参照表の順序尺度,"{""検査対象"": ""草原"", ""今回の対応表"": {""白"": 0, ""黒"": 1, ""茶"": 2, ""黄"": 3}, ""確定票の印"": ""黒""}",一般常識ではなく示された表に従って段階を答えてください。,"[""表による段階0"", ""表による段階1"", ""表による段階2"", ""表による段階3""]","""1"""
v2-gen-score-01-006,score,generated,件数の段階境界,"{""案件"": ""木漏れ日"", ""計数対象"": ""確認待ちの申請"", ""件数"": 1, ""処理済みを除外"": true}",記録された数に対応する段階を選んでください。,"[""対象件数が2件未満"", ""対象件数が2件以上、4件未満"", ""対象件数が4件以上、6件未満"", ""対象件数が6件以上、8件未満"", ""対象件数が8件以上、10件未満"", ""対象件数が10件以上、12件未満"", ""対象件数が12件以上""]","""0"""
v2-gen-noul-03-048,noul,generated,いずれかの条件,"""夕凪の受付では事前予約票・会員証・紹介状・引換券のうち一つ以上があれば通れます。高橋さん: 事前予約票はあり、会員証はなし、紹介状はなし、引換券はなし。""",少なくとも一つの必要条件が成立していますか。,"{""false"": ""いいえ。質問の命題は成立しない。"", ""true"": ""はい。質問の命題が成立する。""}","""true"""
v2-gen-noul-14-021,noul,generated,予定時間の重なり,"""吉田さんの予定: 木漏れ日会議は12時から13時、面談は11時から12時。終了と次の開始が同時刻の場合は重複とは扱いません。""",同時に二つの予定に出席しなければならない時間がありますか。,"{""false"": ""いいえ。質問の命題は成立しない。"", ""true"": ""はい。質問の命題が成立する。""}","""false"""
v2-gen-score-06-022,score,generated,約束時刻からの遅れ,"{""便"": ""木漏れ日"", ""約束時刻"": 8, ""実際の到着時刻"": 15, ""同日"": true, ""早着時の遅れ"": 0}",約束時刻と到着時刻の差から、遅延段階を選んでください。,"[""遅れが2時間未満"", ""遅れが2時間以上、4時間未満"", ""遅れが4時間以上、6時間未満"", ""遅れが6時間以上、8時間未満"", ""遅れが8時間以上、10時間未満"", ""遅れが10時間以上、12時間未満"", ""遅れが12時間以上""]","""3"""
v2-gen-noul-06-017,noul,generated,更新後の状態,"{""対象"": ""灯台"", ""更新記録"": [{""時刻"": 21, ""状態"": ""空席あり""}, {""時刻"": 11, ""状態"": ""受付中""}, {""時刻"": 8, ""状態"": ""空席あり""}, {""時刻"": 14, ""状態"": ""使用可能""}, {""時刻"": 9, ""状態"": ""受付中""}], ""規則"": ""最新時刻の記録が有効""}",最新の有効な記録から「使用可能」と言えますか。,"{""false"": ""いいえ。質問の命題は成立しない。"", ""true"": ""はい。質問の命題が成立する。""}","""false"""
v2-gen-noul-13-008,noul,generated,範囲の開閉境界,"""青空の受付数は、3個以上、かつ11個以下の場合に限り適合です。今回の数は12個です。""",下限と上限の両方の条件に合いますか。,"{""false"": ""いいえ。質問の命題は成立しない。"", ""true"": ""はい。質問の命題が成立する。""}","""false"""
v2-gen-choice-02-033,choice,generated,条件と優先例外,"""木漏れ日店では会員で購入数が6個以上なら優待扱いです。ただし予約品は購入数や会員資格にかかわらず通常扱いです。今回は8個、非会員、通常在庫品です。""",例外も踏まえて、今回の購入区分はどれですか。,"{""優待"": ""優待の扱い"", ""通常"": ""通常の扱い""}","""通常"""
v2-gen-choice-06-031,choice,generated,時間枠の包含,"{""空き時間"": [{""部屋"": ""黄"", ""開始"": 13, ""終了"": 15}, {""部屋"": ""白"", ""開始"": 13, ""終了"": 15}, {""部屋"": ""紫"", ""開始"": 14, ""終了"": 15}, {""部屋"": ""赤"", ""開始"": 15, ""終了"": 18}, {""部屋"": ""黒"", ""開始"": 16, ""終了"": 17}, {""部屋"": ""茶"", ""開始"": 16, ""終了"": 17}], ""会議開始"": 15, ""会議終了"": 16}",会議時間の一部だけでなく全体を含む空き時間を持つ部屋を答えてください。端の一致は可です。,"{""白"": ""白室"", ""紫"": ""紫室"", ""茶"": ""茶室"", ""赤"": ""赤室"", ""黄"": ""黄室"", ""黒"": ""黒室""}","""赤"""
v2-gen-noul-07-032,noul,generated,識別文字列の完全一致,"{""商品ラベル"": ""RS7-A"", ""注文票"": ""RS7_A"", ""照合規則"": ""大文字小文字と記号も含む完全一致""}",同一コードとして扱ってよいですか。,"{""false"": ""いいえ。質問の命題は成立しない。"", ""true"": ""はい。質問の命題が成立する。""}","""false"""
v2-gen-noul-04-004,noul,generated,例外の優先,"{""許可条件"": ""予約済み"", ""優先禁止条件"": ""入場制限中"", ""対象"": ""松本"", ""許可条件に該当"": true, ""禁止条件に該当"": false}",この人は現在、利用可能ですか。,"{""false"": ""いいえ。質問の命題は成立しない。"", ""true"": ""はい。質問の命題が成立する。""}","""true"""
v2-gen-choice-10-007,choice,generated,不在時の代理,"""担当者: 水面は大野、夕凪は林、白波は佐藤、若葉は森、星空は松本、春風は加藤、草原は青木、木漏れ日は山田。代理者: 大野の代理は林、林の代理は佐藤、佐藤の代理は森、森の代理は松本、松本の代理は加藤、加藤の代理は青木、青木の代理は山田、山田の代理は大野。本日の不在者は佐藤、林、松本、森。問い合わせ先の案件は白波です。代理への振替は一回だけ行い、その先の不在は判定しません。""",この案件を担当本人または指定代理に連絡します。宛先は誰ですか。,"{""佐藤"": ""佐藤さん"", ""加藤"": ""加藤さん"", ""大野"": ""大野さん"", ""山田"": ""山田さん"", ""松本"": ""松本さん"", ""林"": ""林さん"", ""森"": ""森さん"", ""青木"": ""青木さん""}","""森"""
v2-gen-choice-05-050,choice,generated,否定条件で選択,"{""検品"": [{""品名"": ""ファイル"", ""封がある"": true, ""濡れている"": true}, {""品名"": ""付箋"", ""封がある"": true, ""濡れている"": true}, {""品名"": ""袋"", ""封がある"": false, ""濡れている"": true}, {""品名"": ""封筒"", ""封がある"": false, ""濡れている"": false}, {""品名"": ""用紙"", ""封がある"": true, ""濡れている"": true}, {""品名"": ""名札"", ""封がある"": true, ""濡れている"": false}, {""品名"": ""シール"", ""封がある"": false, ""濡れている"": false}, {""品名"": ""ペン"", ""封がある"": false, ""濡れている"": true}]}",濡れた品は除外し、封がある品を一つ選んでください。,"{""シール"": ""シール"", ""ファイル"": ""ファイル"", ""ペン"": ""ペン"", ""付箋"": ""付箋"", ""名札"": ""名札"", ""封筒"": ""封筒"", ""用紙"": ""用紙"", ""袋"": ""袋""}","""名札"""
v2-gen-noul-12-013,noul,generated,記録と主張の照合,"""青空施設の入口について、いま確認した確定記録は北口は4分の1だけ開いている、南口は半分だけ開いている、東口は4分の1だけ開いている、西口は4分の1だけ開いている、裏口は完全に開いている、搬入口は完全に開いているです。現在の判断にはこの確定記録だけを使います。""",『現在の南口は4分の1だけ開いている』という主張は確定記録と一致しますか。,"{""false"": ""いいえ。質問の命題は成立しない。"", ""true"": ""はい。質問の命題が成立する。""}","""false"""
v2-gen-choice-14-005,choice,generated,二属性照合,"{""展示品"": [{""品名"": ""シール"", ""色"": ""黄"", ""素材"": ""木""}, {""品名"": ""封筒"", ""色"": ""紫"", ""素材"": ""ガラス""}, {""品名"": ""ラベル"", ""色"": ""紫"", ""素材"": ""紙""}, {""品名"": ""箱"", ""色"": ""青"", ""素材"": ""紙""}, {""品名"": ""冊子"", ""色"": ""黄"", ""素材"": ""布""}], ""指定色"": ""黄"", ""指定素材"": ""布""}",指定された色と素材の両方が一致する品を選んでください。,"{""シール"": ""シール"", ""ラベル"": ""ラベル"", ""冊子"": ""冊子"", ""封筒"": ""封筒"", ""箱"": ""箱""}","""冊子"""
v2-gen-score-05-030,score,generated,緊急条件の加点,"""草原の基本優先度は4です。締切まで残り2時間以内なら1だけ加点し、それより長ければ加点しません。上限は6です。今回は締切まで7時間です。""",締切までの時間による条件を反映した段階を答えてください。,"[""最終優先度0"", ""最終優先度1"", ""最終優先度2"", ""最終優先度3"", ""最終優先度4"", ""最終優先度5"", ""最終優先度6""]","""4"""
v2-gen-choice-14-026,choice,generated,二属性照合,"{""展示品"": [{""品名"": ""袋"", ""色"": ""青"", ""素材"": ""布""}, {""品名"": ""クリップ"", ""色"": ""黄"", ""素材"": ""ガラス""}], ""指定色"": ""青"", ""指定素材"": ""布""}",二つの指定を同時に満たす展示品はどれですか。,"{""クリップ"": ""クリップ"", ""袋"": ""袋""}","""袋"""
v2-gen-choice-14-035,choice,generated,二属性照合,"""展示品の札: 名札は緑色・金属製、ペンは青色・木製、クリップは赤色・金属製、ラベルは白色・紙製、冊子は茶色・金属製、付箋は緑色・ガラス製、箱は紫色・樹脂製。探しているのは茶色の金属製です。""",二つの指定を同時に満たす展示品はどれですか。,"{""クリップ"": ""クリップ"", ""ペン"": ""ペン"", ""ラベル"": ""ラベル"", ""付箋"": ""付箋"", ""冊子"": ""冊子"", ""名札"": ""名札"", ""箱"": ""箱""}","""冊子"""
v2-gen-choice-13-045,choice,generated,工程の依存順,"{""案件"": ""若葉"", ""工程順"": [""準備"", ""承認"", ""内容確認"", ""見積作成"", ""報告"", ""受付"", ""実施""], ""完了済み"": [""準備"", ""承認"", ""内容確認""], ""規則"": ""順に実行し未完了工程を飛ばさない""}",まだ済んでいない最初の工程は何ですか。存在しない場合は完了です。,"{""内容確認"": ""内容確認"", ""受付"": ""受付"", ""報告"": ""報告"", ""完了"": ""全工程が完了"", ""実施"": ""実施"", ""承認"": ""承認"", ""準備"": ""準備"", ""見積作成"": ""見積作成""}","""見積作成"""
v2-gen-choice-15-012,choice,generated,文章内の順序参照,"{""会議"": ""星空"", ""発表順"": [""山田"", ""森"", ""中村"", ""渡辺""]}",紹介された順番で2人目に発表する人は誰ですか。,"{""中村"": ""中村さん"", ""山田"": ""山田さん"", ""森"": ""森さん"", ""渡辺"": ""渡辺さん""}","""森"""
v2-gen-choice-01-016,choice,generated,問い合わせ経路,"{""分類表"": {""修理"": [""修理見積"", ""修理進捗"", ""保証修理""], ""配送"": [""届け先変更"", ""荷物の遅延"", ""追跡番号""], ""請求"": [""二重請求"", ""領収書"", ""返金""], ""製品"": [""破損"", ""初期不良"", ""部品交換""], ""店舗"": [""営業時間"", ""店内設備"", ""店舗の場所""]}, ""本文"": ""同じ代金が二回引き落とされています"", ""受付主題"": ""二重請求""}",受付分類表を使って、この相談の担当を決めてください。,"{""修理"": ""修理の窓口"", ""店舗"": ""店舗の窓口"", ""製品"": ""製品の窓口"", ""請求"": ""請求の窓口"", ""配送"": ""配送の窓口""}","""請求"""
v2-gen-score-04-043,score,generated,独立チェックの合計,"{""資料"": ""春風"", ""チェック項目"": {""日付あり"": false, ""連絡先あり"": true, ""署名あり"": false, ""管理番号あり"": true}, ""各項目の重み"": 1}",満たしたチェック項目の数を段階として選んでください。,"[""満たした項目が0個"", ""満たした項目が1個"", ""満たした項目が2個"", ""満たした項目が3個"", ""満たした項目が4個""]","""2"""
v2-gen-choice-02-043,choice,generated,条件と優先例外,"""木漏れ日店では会員で購入数が6個以上なら優待扱いです。ただし予約品は購入数や会員資格にかかわらず通常扱いです。今回は5個、会員、通常在庫品です。""",例外も踏まえて、今回の購入区分はどれですか。,"{""優待"": ""優待の扱い"", ""通常"": ""通常の扱い""}","""通常"""
v2-gen-score-14-046,score,generated,参照表の順序尺度,"""今回の検査用の対応表: 黒印は段階0、白印は段階1、緑印は段階2。白波の確定検査票には緑印が付いています。色に一般的な良し悪しは仮定しません。""",検査票の印を指定尺度に変換してください。,"[""表による段階0"", ""表による段階1"", ""表による段階2""]","""2"""
v2-gen-choice-08-048,choice,generated,改訂と例外の優先,"{""通常品ラベルの改訂・古い順"": [""黄"", ""青"", ""黒""], ""優先例外"": ""冷蔵品は青"", ""荷物"": ""冷蔵品"", ""規則"": ""後の改訂が前を上書きする""}",例外と改訂の順序を考慮して、使用する色はどれですか。,"{""青"": ""青ラベル"", ""黄"": ""黄ラベル"", ""黒"": ""黒ラベル""}","""青"""
v2-gen-choice-13-038,choice,generated,工程の依存順,"""案件「星空」の工程順は準備→実施です。途中の工程を飛ばすことはできません。完了済みはなしです。""",まだ済んでいない最初の工程は何ですか。存在しない場合は完了です。,"{""完了"": ""全工程が完了"", ""実施"": ""実施"", ""準備"": ""準備""}","""準備"""
v2-gen-noul-11-044,noul,generated,参照関係の真偽,"""担当表: 山道は渡辺、朝露は上田。資料の関連先: 付箋は朝露、ラベルは山道。""",上田さんはラベルが属する案件の担当者と言えますか。,"{""false"": ""いいえ。質問の命題は成立しない。"", ""true"": ""はい。質問の命題が成立する。""}","""false"""
v2-gen-choice-09-008,choice,generated,利用可能集合の差,"""貸出台帳で利用可能と記録されている品はケース。予約済みの品はカードです。""",今貸せるのは利用可能かつ未予約の品です。該当するものはどれですか。,"{""カード"": ""カード"", ""ケース"": ""ケース"", ""シール"": ""シール""}","""ケース"""
v2-gen-score-03-014,score,generated,順番に進む工程,"""灯台の工程順は検収→報告。先頭から順に進め、完了済みは検収です。着手中の工程は完了に含めません。""",工程の完了状況を段階尺度で評価してください。,"[""完了した工程はまだない"", ""先頭から1工程が完了（最後に完了したのは検収）"", ""先頭から2工程が完了（最後に完了したのは報告）""]","""1"""
v2-gen-choice-04-019,choice,generated,参照先の担当,"""担当: 水面は山田、春風は林、白波は佐藤。資料の所属: ペンは春風案件、名札は白波案件、テープは水面案件。確認する資料はペンです。""",この資料について、所属案件を通じて連絡すべき担当者は誰ですか。,"{""佐藤"": ""佐藤さん"", ""山田"": ""山田さん"", ""林"": ""林さん""}","""林"""
v2-gen-choice-11-010,choice,generated,小数量の比較,"{""在庫"": [{""品名"": ""シール"", ""総在庫"": 6, ""予約分"": 2}, {""品名"": ""袋"", ""総在庫"": 7, ""予約分"": 1}, {""品名"": ""用紙"", ""総在庫"": 4, ""予約分"": 3}, {""品名"": ""ラベル"", ""総在庫"": 11, ""予約分"": 2}, {""品名"": ""カード"", ""総在庫"": 5, ""予約分"": 2}, {""品名"": ""名札"", ""総在庫"": 5, ""予約分"": 5}, {""品名"": ""冊子"", ""総在庫"": 14, ""予約分"": 3}], ""自由在庫"": ""総在庫から予約分を引く""}",予約分を差し引いた残りが一番多いのはどれですか。,"{""カード"": ""カード"", ""シール"": ""シール"", ""ラベル"": ""ラベル"", ""冊子"": ""冊子"", ""名札"": ""名札"", ""用紙"": ""用紙"", ""袋"": ""袋""}","""冊子"""
v2-gen-choice-11-001,choice,generated,小数量の比較,"{""在庫"": [{""品名"": ""ラベル"", ""総在庫"": 9, ""予約分"": 5}, {""品名"": ""封筒"", ""総在庫"": 5, ""予約分"": 0}, {""品名"": ""冊子"", ""総在庫"": 15, ""予約分"": 3}, {""品名"": ""ケース"", ""総在庫"": 4, ""予約分"": 3}, {""品名"": ""ファイル"", ""総在庫"": 5, ""予約分"": 2}, {""品名"": ""カード"", ""総在庫"": 7, ""予約分"": 5}, {""品名"": ""ノート"", ""総在庫"": 11, ""予約分"": 2}], ""自由在庫"": ""総在庫から予約分を引く""}",自由在庫が最も少ない品を選んでください。,"{""カード"": ""カード"", ""ケース"": ""ケース"", ""ノート"": ""ノート"", ""ファイル"": ""ファイル"", ""ラベル"": ""ラベル"", ""冊子"": ""冊子"", ""封筒"": ""封筒""}","""ケース"""
v2-gen-noul-15-041,noul,generated,出来事の前後関係,"{""担当者"": ""山田"", ""実施順"": [""電話連絡"", ""荷物受取"", ""休憩"", ""伝票記入"", ""報告""], ""各作業の実施回数"": 1}",電話連絡は報告より前に行われましたか。,"{""false"": ""いいえ。質問の命題は成立しない。"", ""true"": ""はい。質問の命題が成立する。""}","""true"""
v2-gen-choice-10-004,choice,generated,不在時の代理,"{""案件担当"": {""若葉"": ""石田"", ""白波"": ""森"", ""青空"": ""山田"", ""灯台"": ""大野""}, ""代理者"": {""石田"": ""森"", ""森"": ""山田"", ""山田"": ""大野"", ""大野"": ""石田""}, ""不在者"": [""大野"", ""石田"", ""山田""], ""案件"": ""若葉"", ""ルール"": ""担当者が不在なら指定代理に一度だけ振替。代理の在席状況は問わない""}",この案件を担当本人または指定代理に連絡します。宛先は誰ですか。,"{""大野"": ""大野さん"", ""山田"": ""山田さん"", ""森"": ""森さん"", ""石田"": ""石田さん""}","""森"""
v2-gen-choice-14-039,choice,generated,二属性照合,"""展示品の札: テープは茶色・ガラス製、封筒は茶色・木製、ファイルは白色・ガラス製、袋は赤色・金属製、ノートは白色・布製。探しているのは白色のガラス製です。""",指定された色と素材の両方が一致する品を選んでください。,"{""テープ"": ""テープ"", ""ノート"": ""ノート"", ""ファイル"": ""ファイル"", ""封筒"": ""封筒"", ""袋"": ""袋""}","""ファイル"""
v2-gen-choice-15-035,choice,generated,文章内の順序参照,"""若葉会議では、発表者を発表順に「中村、大野、高橋」と紹介しました。同じ人の再登場はありません。""",最初を1番目として、2番目の発表者を選んでください。,"{""中村"": ""中村さん"", ""大野"": ""大野さん"", ""高橋"": ""高橋さん""}","""大野"""
v2-gen-choice-04-024,choice,generated,参照先の担当,"""担当: 白波は大野、星空は高橋、草原は佐藤、水面は吉田。資料の所属: ノートは水面案件、袋は白波案件、箱は草原案件、冊子は星空案件。確認する資料は袋です。""",この資料について、所属案件を通じて連絡すべき担当者は誰ですか。,"{""佐藤"": ""佐藤さん"", ""吉田"": ""吉田さん"", ""大野"": ""大野さん"", ""高橋"": ""高橋さん""}","""大野"""
v2-gen-noul-02-039,noul,generated,全条件の充足,"{""すべて必要な条件"": [""申込書提出"", ""同意書提出"", ""事前登録"", ""講習受講""], ""対象"": ""大野"", ""完了状況"": {""申込書提出"": true, ""同意書提出"": false, ""事前登録"": false, ""講習受講"": false}}",この人は記載された利用条件をすべて満たしていますか。,"{""false"": ""いいえ。質問の命題は成立しない。"", ""true"": ""はい。質問の命題が成立する。""}","""false"""
v2-gen-noul-14-027,noul,generated,予定時間の重なり,"""石田さんの予定: 水面会議は11時から12時、面談は12時から14時。終了と次の開始が同時刻の場合は重複とは扱いません。""",二つの予定の時間は重なっていますか。,"{""false"": ""いいえ。質問の命題は成立しない。"", ""true"": ""はい。質問の命題が成立する。""}","""false"""
v2-gen-choice-14-006,choice,generated,二属性照合,"""展示品の札: 用紙は青色・樹脂製、カードは黒色・金属製、封筒は黒色・ガラス製、クリップは赤色・金属製、テープは赤色・ガラス製、シールは緑色・木製。探しているのは赤色の金属製です。""",指定された色と素材の両方が一致する品を選んでください。,"{""カード"": ""カード"", ""クリップ"": ""クリップ"", ""シール"": ""シール"", ""テープ"": ""テープ"", ""封筒"": ""封筒"", ""用紙"": ""用紙""}","""クリップ"""
v2-gen-choice-07-018,choice,generated,複数属性の制約,"""在庫表: 付箋は青色・布製・在庫あり、封筒は青色・ガラス製・在庫あり、クリップは黒色・布製・在庫あり、袋は青色・金属製・在庫あり、ファイルは青色・布製・在庫なし、ラベルは青色・布製・在庫なし。""",青色で布製、在庫もある品を選んでください。,"{""クリップ"": ""クリップ"", ""ファイル"": ""ファイル"", ""ラベル"": ""ラベル"", ""付箋"": ""付箋"", ""封筒"": ""封筒"", ""袋"": ""袋""}","""付箋"""
v2-gen-noul-12-029,noul,generated,記録と主張の照合,"{""施設"": ""夕凪"", ""入口ごとの現在の確定記録"": {""北口"": ""半分だけ開いている"", ""南口"": ""半分だけ開いている"", ""東口"": ""4分の1だけ開いている"", ""西口"": ""完全に開いている"", ""裏口"": ""半分だけ開いている"", ""搬入口"": ""4分の1だけ開いている""}, ""判定資料"": ""現在の確定記録のみ""}",『現在の裏口は完全に閉じている』という主張は確定記録と一致しますか。,"{""false"": ""いいえ。質問の命題は成立しない。"", ""true"": ""はい。質問の命題が成立する。""}","""false"""
v2-gen-score-15-021,score,generated,軽重のある項目,"{""不備ごとの配点"": {""余白不備"": 2, ""日付欠落"": 1, ""宛名不備"": 1, ""頁番号欠落"": 1, ""添付欠落"": 1}, ""不備あり"": {""余白不備"": true, ""日付欠落"": true, ""宛名不備"": true, ""頁番号欠落"": false, ""添付欠落"": true}, ""上限"": 5}",見つかった不備の点数を合計し、上限を適用してください。,"[""不備点の合計が0点"", ""不備点の合計が1点"", ""不備点の合計が2点"", ""不備点の合計が3点"", ""不備点の合計が4点"", ""不備点の合計が5点以上""]","""5"""
v2-gen-choice-06-022,choice,generated,時間枠の包含,"{""空き時間"": [{""部屋"": ""紫"", ""開始"": 8, ""終了"": 9}, {""部屋"": ""黄"", ""開始"": 7, ""終了"": 9}, {""部屋"": ""茶"", ""開始"": 8, ""終了"": 11}, {""部屋"": ""青"", ""開始"": 10, ""終了"": 11}, {""部屋"": ""黒"", ""開始"": 10, ""終了"": 12}, {""部屋"": ""赤"", ""開始"": 7, ""終了"": 9}], ""会議開始"": 9, ""会議終了"": 10}",会議の全時間を連続して確保できる部屋を選んでください。開始・終了の一致は許可します。,"{""紫"": ""紫室"", ""茶"": ""茶室"", ""赤"": ""赤室"", ""青"": ""青室"", ""黄"": ""黄室"", ""黒"": ""黒室""}","""茶"""
v2-gen-choice-13-037,choice,generated,工程の依存順,"{""案件"": ""灯台"", ""工程順"": [""見積作成"", ""報告"", ""受付""], ""完了済み"": [""見積作成"", ""報告"", ""受付""], ""規則"": ""順に実行し未完了工程を飛ばさない""}",まだ済んでいない最初の工程は何ですか。存在しない場合は完了です。,"{""受付"": ""受付"", ""報告"": ""報告"", ""完了"": ""全工程が完了"", ""見積作成"": ""見積作成""}","""完了"""
v2-gen-score-15-045,score,generated,軽重のある項目,"""この点検の配点: 頁番号欠落は2点、日付欠落は1点。見つかった不備: 頁番号欠落。該当項目の点を合計し、1点以上は段階1にまとめます。""",見つかった不備の点数を合計し、上限を適用してください。,"[""不備点の合計が0点"", ""不備点の合計が1点以上""]","""1"""
v2-gen-noul-04-035,noul,generated,例外の優先,"""規則: 会員であれば木漏れ日を利用できます。ただし会費滞納なら利用できません。中村さんは会員に非該当、会費滞納に該当です。""",この人は現在、利用可能ですか。,"{""false"": ""いいえ。質問の命題は成立しない。"", ""true"": ""はい。質問の命題が成立する。""}","""false"""
v2-gen-choice-11-004,choice,generated,小数量の比較,"{""在庫"": [{""品名"": ""ペン"", ""総在庫"": 15, ""予約分"": 5}, {""品名"": ""名札"", ""総在庫"": 8, ""予約分"": 2}, {""品名"": ""袋"", ""総在庫"": 13, ""予約分"": 4}, {""品名"": ""ラベル"", ""総在庫"": 6, ""予約分"": 4}, {""品名"": ""用紙"", ""総在庫"": 14, ""予約分"": 2}], ""自由在庫"": ""総在庫から予約分を引く""}",予約分を差し引いた残りが一番少ないのはどれですか。,"{""ペン"": ""ペン"", ""ラベル"": ""ラベル"", ""名札"": ""名札"", ""用紙"": ""用紙"", ""袋"": ""袋""}","""ラベル"""
v2-gen-score-09-026,score,generated,例外による上限,"""検査合格状況: 表示は合格、寸法は合格、外観は合格。合格項目一つにつき1点ですが、要再確認の印があれば上限0点に制限します。今回その印はあります。""",上限制限を適用した最終点を選んでください。,"[""最終点0点"", ""最終点1点"", ""最終点2点"", ""最終点3点""]","""0"""
v2-gen-choice-09-005,choice,generated,利用可能集合の差,"""貸出台帳で利用可能と記録されている品は付箋、ケース、封筒、袋、箱。予約済みの品は封筒、付箋、ケース、箱です。""",今貸せるのは利用可能かつ未予約の品です。該当するものはどれですか。,"{""ケース"": ""ケース"", ""付箋"": ""付箋"", ""封筒"": ""封筒"", ""箱"": ""箱"", ""袋"": ""袋""}","""袋"""
v2-gen-score-11-007,score,generated,時刻順の評価更新,"{""案件"": ""青空"", ""評価更新"": [{""時刻"": 8, ""段階"": 2}, {""時刻"": 19, ""段階"": 5}, {""時刻"": 16, ""段階"": 1}, {""時刻"": 18, ""段階"": 2}, {""時刻"": 13, ""段階"": 0}], ""採用規則"": ""最新時刻だけを採用""}",履歴の記載順に惑わされず、最新評価を答えてください。,"[""評価段階0"", ""評価段階1"", ""評価段階2"", ""評価段階3"", ""評価段階4"", ""評価段階5""]","""5"""
v2-gen-choice-03-014,choice,generated,最終更新,"""案件「青空」の記録です。11時の更新: 受取済み。 9時の更新: 未着手。 13時の更新: 差戻し。 14時の更新: 差戻し。""",最後の時刻の記録が有効です。現在の状態はどれですか。,"{""保留"": ""保留"", ""取消"": ""取消"", ""受取済み"": ""受取済み"", ""差戻し"": ""差戻し"", ""承認"": ""承認"", ""未着手"": ""未着手"", ""発送済み"": ""発送済み"", ""確認中"": ""確認中""}","""差戻し"""
v2-gen-noul-13-007,noul,generated,範囲の開閉境界,"""水面の受付数は、1個以上、かつ9個以下の場合に限り適合です。今回の数は8個です。""",今回の個数は適合範囲に入っていますか。,"{""false"": ""いいえ。質問の命題は成立しない。"", ""true"": ""はい。質問の命題が成立する。""}","""true"""
v2-gen-choice-12-022,choice,generated,条件付き不足書類,"""書類確認の優先順は本人確認票→見積書→委任状→申込書→承認書→同意書。本人確認票だけは代理申請の場合に限って必要で、それ以外は常に必要です。今回は代理申請。提出済みは見積書、承認書です。""",必要な不足書類を先頭から一つだけ案内します。どれですか。必要書類に不足がなければ追加不要です。,"{""同意書"": ""同意書"", ""委任状"": ""委任状"", ""承認書"": ""承認書"", ""本人確認票"": ""本人確認票"", ""申込書"": ""申込書"", ""見積書"": ""見積書"", ""追加不要"": ""必要書類はすべて提出済み""}","""本人確認票"""
v2-gen-choice-05-001,choice,generated,否定条件で選択,"{""検品"": [{""品名"": ""用紙"", ""封がある"": false, ""濡れている"": false}, {""品名"": ""付箋"", ""封がある"": true, ""濡れている"": false}, {""品名"": ""箱"", ""封がある"": false, ""濡れている"": true}, {""品名"": ""テープ"", ""封がある"": false, ""濡れている"": false}, {""品名"": ""袋"", ""封がある"": true, ""濡れている"": true}, {""品名"": ""クリップ"", ""封がある"": false, ""濡れている"": true}]}",濡れた品は除外し、封がある品を一つ選んでください。,"{""クリップ"": ""クリップ"", ""テープ"": ""テープ"", ""付箋"": ""付箋"", ""用紙"": ""用紙"", ""箱"": ""箱"", ""袋"": ""袋""}","""付箋"""
v2-gen-noul-11-015,noul,generated,参照関係の真偽,"""担当表: 朝露は渡辺、若葉は山田、木漏れ日は上田、星空は松本、春風は吉田、水面は高橋。資料の関連先: クリップは若葉、箱は春風、袋は水面、ラベルは木漏れ日、名札は星空、冊子は朝露。""",袋の関連先を担当表で引くと高橋さんになりますか。,"{""false"": ""いいえ。質問の命題は成立しない。"", ""true"": ""はい。質問の命題が成立する。""}","""true"""
v2-gen-noul-15-002,noul,generated,出来事の前後関係,"""山田さんの作業日誌は実施順に伝票記入→引継ぎ→棚への配置→報告→荷物受取→検品です。記載した各作業は一回ずつ実施しました。""",日誌では荷物受取の方が引継ぎより先ですか。,"{""false"": ""いいえ。質問の命題は成立しない。"", ""true"": ""はい。質問の命題が成立する。""}","""false"""
v2-gen-score-14-038,score,generated,参照表の順序尺度,"""今回の検査用の対応表: 青印は段階0、紫印は段階1。木漏れ日の確定検査票には紫印が付いています。色に一般的な良し悪しは仮定しません。""",検査票の印を指定尺度に変換してください。,"[""表による段階0"", ""表による段階1""]","""1"""
v2-gen-noul-05-004,noul,generated,締切の境界,"""山道の提出は18時ちょうどまで受け付け、同時刻の提出も有効です。森さんの提出記録は14時ちょうどです。""",記録された提出時刻は締切内ですか。,"{""false"": ""いいえ。質問の命題は成立しない。"", ""true"": ""はい。質問の命題が成立する。""}","""true"""
v2-gen-choice-03-044,choice,generated,最終更新,"{""案件"": ""山道"", ""更新記録"": [{""時"": 16, ""状態"": ""未着手""}, {""時"": 15, ""状態"": ""未着手""}, {""時"": 11, ""状態"": ""未着手""}]}",最後の時刻の記録が有効です。現在の状態はどれですか。,"{""未着手"": ""未着手"", ""確認中"": ""確認中""}","""未着手"""
v2-gen-noul-09-030,noul,generated,重複を除いた件数,"""星空棚で読み取った品名はラベル、ラベル、ラベル、ラベルでした。同じ品名の繰り返しは一種類として数えます。""",品物の種類は2種類以上ありますか。,"{""false"": ""いいえ。質問の命題は成立しない。"", ""true"": ""はい。質問の命題が成立する。""}","""false"""
v2-gen-choice-11-016,choice,generated,小数量の比較,"""入出庫記録: 付箋は在庫17個、そのうち予約5個、名札は在庫6個、そのうち予約0個、袋は在庫7個、そのうち予約5個、用紙は在庫5個、そのうち予約2個、ケースは在庫13個、そのうち予約5個、クリップは在庫9個、そのうち予約2個、ラベルは在庫6個、そのうち予約2個、テープは在庫16個、そのうち予約5個。予約分は自由在庫に含めません。""",自由在庫が最も多い品を選んでください。,"{""クリップ"": ""クリップ"", ""ケース"": ""ケース"", ""テープ"": ""テープ"", ""ラベル"": ""ラベル"", ""付箋"": ""付箋"", ""名札"": ""名札"", ""用紙"": ""用紙"", ""袋"": ""袋""}","""付箋"""
v2-gen-choice-04-002,choice,generated,参照先の担当,"{""案件担当"": {""水面"": ""大野"", ""山道"": ""山田""}, ""資料の所属案件"": {""袋"": ""山道"", ""ペン"": ""水面""}, ""確認資料"": ""ペン""}",この資料について、所属案件を通じて連絡すべき担当者は誰ですか。,"{""大野"": ""大野さん"", ""山田"": ""山田さん""}","""大野"""
v2-gen-score-09-039,score,generated,例外による上限,"{""検査合格"": {""動作"": true, ""表示"": true}, ""要再確認の印あり"": false, ""採点規則"": ""合格数が点数。ただし印があれば上限1点""}",上限制限を適用した最終点を選んでください。,"[""最終点0点"", ""最終点1点"", ""最終点2点""]","""2"""
v2-gen-score-15-043,score,generated,軽重のある項目,"""この点検の配点: 頁番号欠落は2点、添付欠落は1点、余白不備は1点、日付欠落は1点、署名欠落は1点、誤字は1点。見つかった不備: 頁番号欠落、添付欠落、余白不備、署名欠落、誤字。該当項目の点を合計し、6点以上は段階6にまとめます。""",項目数ではなく指定された点数で評価してください。,"[""不備点の合計が0点"", ""不備点の合計が1点"", ""不備点の合計が2点"", ""不備点の合計が3点"", ""不備点の合計が4点"", ""不備点の合計が5点"", ""不備点の合計が6点以上""]","""6"""
v2-gen-noul-15-001,noul,generated,出来事の前後関係,"{""担当者"": ""遠藤"", ""実施順"": [""報告"", ""棚への配置"", ""荷物受取"", ""引継ぎ""], ""各作業の実施回数"": 1}",日誌では荷物受取の方が引継ぎより先ですか。,"{""false"": ""いいえ。質問の命題は成立しない。"", ""true"": ""はい。質問の命題が成立する。""}","""true"""
v2-gen-score-06-024,score,generated,約束時刻からの遅れ,"""草原便は8時到着の約束でした。実際の到着は同じ日の10時です。早着した場合の遅れは0時間とします。""",遅れの時間に対応する段階を答えてください。,"[""遅れが2時間未満"", ""遅れが2時間以上""]","""1"""
v2-gen-noul-01-042,noul,generated,事実と否定質問,"{""対象者"": ""大野"", ""項目"": ""出席を表明"", ""実施済み"": true}",確定情報だけから、大野さんが出席を表明しているという判断は正しいですか。,"{""false"": ""いいえ。質問の命題は成立しない。"", ""true"": ""はい。質問の命題が成立する。""}","""true"""
v2-gen-choice-07-028,choice,generated,複数属性の制約,"""在庫表: カードは青色・ガラス製・在庫あり、箱は赤色・ガラス製・在庫あり、テープは赤色・ガラス製・在庫なし、用紙は黄色・ガラス製・在庫あり、封筒は茶色・ガラス製・在庫あり、ラベルは赤色・布製・在庫あり、ペンは赤色・ガラス製・在庫なし。""",今注文できるガラス製の赤色の商品を答えてください。在庫なしは選べません。,"{""カード"": ""カード"", ""テープ"": ""テープ"", ""ペン"": ""ペン"", ""ラベル"": ""ラベル"", ""封筒"": ""封筒"", ""用紙"": ""用紙"", ""箱"": ""箱""}","""箱"""
v2-gen-score-11-038,score,generated,時刻順の評価更新,"""夕凪の評価更新履歴: 15時に段階0、7時に段階0、14時に段階1。評価は最新時刻の値だけを採用します。""",最後に更新された有効な段階はいくつですか。,"[""評価段階0"", ""評価段階1""]","""0"""
v2-gen-noul-09-005,noul,generated,重複を除いた件数,"""灯台棚で読み取った品名はシール、ノート、ラベル、シール、封筒、箱、シール、箱、袋、ファイル、箱でした。同じ品名の繰り返しは一種類として数えます。""",品物の種類は6種類以上ありますか。,"{""false"": ""いいえ。質問の命題は成立しない。"", ""true"": ""はい。質問の命題が成立する。""}","""true"""
v2-gen-noul-11-033,noul,generated,参照関係の真偽,"{""案件担当"": {""山道"": ""渡辺"", ""朝露"": ""木村"", ""青空"": ""林"", ""白波"": ""石田""}, ""資料関連先"": {""名札"": ""青空"", ""冊子"": ""山道"", ""箱"": ""朝露"", ""付箋"": ""白波""}}",林さんは名札が属する案件の担当者と言えますか。,"{""false"": ""いいえ。質問の命題は成立しない。"", ""true"": ""はい。質問の命題が成立する。""}","""true"""
v2-gen-noul-02-015,noul,generated,全条件の充足,"""水面の利用には事前登録・所属確認がすべて必要です。山田さん: 事前登録は完了、所属確認は未完了。""",不足条件なく利用を許可できますか。,"{""false"": ""いいえ。質問の命題は成立しない。"", ""true"": ""はい。質問の命題が成立する。""}","""false"""
v2-gen-score-01-005,score,generated,件数の段階境界,"""若葉で検品で見つかった不備を数えたところ、現在0件でした。処理済みは数に含めていません。""",件数だけを評価尺度に照らして判定してください。,"[""対象件数が3件未満"", ""対象件数が3件以上、6件未満"", ""対象件数が6件以上、9件未満"", ""対象件数が9件以上、12件未満"", ""対象件数が12件以上、15件未満"", ""対象件数が15件以上""]","""0"""
v2-gen-choice-03-038,choice,generated,最終更新,"{""案件"": ""草原"", ""更新記録"": [{""時"": 10, ""状態"": ""確認中""}, {""時"": 18, ""状態"": ""承認""}, {""時"": 14, ""状態"": ""保留""}]}",最後の時刻の記録が有効です。現在の状態はどれですか。,"{""保留"": ""保留"", ""取消"": ""取消"", ""受取済み"": ""受取済み"", ""承認"": ""承認"", ""未着手"": ""未着手"", ""発送済み"": ""発送済み"", ""確認中"": ""確認中""}","""承認"""
v2-gen-choice-11-031,choice,generated,小数量の比較,"""入出庫記録: 袋は在庫13個、そのうち予約2個、箱は在庫6個、そのうち予約1個、付箋は在庫13個、そのうち予約3個。予約分は自由在庫に含めません。""",予約分を差し引いた残りが一番少ないのはどれですか。,"{""付箋"": ""付箋"", ""箱"": ""箱"", ""袋"": ""袋""}","""箱"""
v2-gen-score-06-003,score,generated,約束時刻からの遅れ,"""青空便は11時到着の約束でした。実際の到着は同じ日の11時です。早着した場合の遅れは0時間とします。""",到着の遅れを段階基準で評価してください。,"[""遅れが2時間未満"", ""遅れが2時間以上""]","""0"""
v2-gen-noul-05-024,noul,generated,締切の境界,"{""受付規則"": ""11時ちょうどまで受け付け、同時刻の提出も有効"", ""提出者"": ""中村"", ""提出時刻"": 9}",記録された提出時刻は締切内ですか。,"{""false"": ""いいえ。質問の命題は成立しない。"", ""true"": ""はい。質問の命題が成立する。""}","""true"""
v2-gen-choice-05-048,choice,generated,否定条件で選択,"{""検品"": [{""品名"": ""テープ"", ""封がある"": false, ""濡れている"": false}, {""品名"": ""冊子"", ""封がある"": true, ""濡れている"": false}]}",濡れた品は除外し、封がある品を一つ選んでください。,"{""テープ"": ""テープ"", ""冊子"": ""冊子""}","""冊子"""
v2-gen-score-12-019,score,generated,目標からの差,"""春風の目標数は9個、実績は9個です。多すぎても少なすぎても、目標から何個離れたかで評価します。差が3個以上なら最終段階3にまとめます。""",不足・超過の向きではなく差の大きさで評価してください。,"[""目標との差が0個"", ""目標との差が1個"", ""目標との差が2個"", ""目標との差が3個以上""]","""0"""
v2-gen-noul-08-041,noul,generated,集合と否定所属,"{""催し"": ""木漏れ日"", ""完全な参加者名簿"": [""青木"", ""森"", ""遠藤"", ""林""], ""補足"": ""名前のない人は参加者ではない""}",『松本さんは参加者である』という記述は正しいですか。,"{""false"": ""いいえ。質問の命題は成立しない。"", ""true"": ""はい。質問の命題が成立する。""}","""false"""
v2-gen-noul-08-002,noul,generated,集合と否定所属,"""木漏れ日の参加者名簿は高橋、松本、上田です。この名簿は完全で、記載のない人は参加者ではありません。""",『上田さんは参加者である』という記述は正しいですか。,"{""false"": ""いいえ。質問の命題は成立しない。"", ""true"": ""はい。質問の命題が成立する。""}","""true"""
v2-gen-score-02-013,score,generated,記述の満足段階,"{""回答者"": ""松本"", ""対象"": ""星空"", ""感想原文"": ""不満の程度は極めて強かった""}",感想に明示された評価を尺度へ対応づけてください。,"[""極めて強い不満"", ""不満"", ""やや不満"", ""どちらでもない"", ""やや満足"", ""満足"", ""強い満足"", ""極めて強い満足""]","""0"""
v2-gen-choice-07-011,choice,generated,複数属性の制約,"{""在庫表"": [{""品名"": ""冊子"", ""色"": ""黒"", ""素材"": ""金属"", ""在庫あり"": true}, {""品名"": ""ラベル"", ""色"": ""黒"", ""素材"": ""金属"", ""在庫あり"": false}, {""品名"": ""名札"", ""色"": ""赤"", ""素材"": ""金属"", ""在庫あり"": true}, {""品名"": ""ファイル"", ""色"": ""黄"", ""素材"": ""金属"", ""在庫あり"": true}, {""品名"": ""カード"", ""色"": ""黒"", ""素材"": ""ガラス"", ""在庫あり"": true}, {""品名"": ""ケース"", ""色"": ""黒"", ""素材"": ""金属"", ""在庫あり"": false}, {""品名"": ""封筒"", ""色"": ""黒"", ""素材"": ""金属"", ""在庫あり"": false}]}",黒色で金属製、在庫もある品を選んでください。,"{""カード"": ""カード"", ""ケース"": ""ケース"", ""ファイル"": ""ファイル"", ""ラベル"": ""ラベル"", ""冊子"": ""冊子"", ""名札"": ""名札"", ""封筒"": ""封筒""}","""冊子"""
v2-gen-choice-08-005,choice,generated,改訂と例外の優先,"""通常品の貼付ラベルについて、連絡は古い順に「緑」「青」「白」でした。後の連絡が前の連絡を上書きします。ただし冷蔵品には連絡履歴に関係なく青ラベルを貼ります。今回の荷物は冷蔵品です。""",この荷物に貼るラベルの色を選んでください。,"{""白"": ""白ラベル"", ""緑"": ""緑ラベル"", ""青"": ""青ラベル""}","""青"""
v2-gen-choice-08-020,choice,generated,改訂と例外の優先,"""通常品の貼付ラベルについて、連絡は古い順に「緑」「黒」「赤」でした。後の連絡が前の連絡を上書きします。ただし冷蔵品には連絡履歴に関係なく赤ラベルを貼ります。今回の荷物は通常品です。""",この荷物に貼るラベルの色を選んでください。,"{""白"": ""白ラベル"", ""紫"": ""紫ラベル"", ""緑"": ""緑ラベル"", ""茶"": ""茶ラベル"", ""赤"": ""赤ラベル"", ""黒"": ""黒ラベル""}","""赤"""
v2-gen-score-13-043,score,generated,取消しを反映した件数,"{""催し"": ""水面"", ""申込み"": [{""氏名"": ""石田"", ""受付済み"": true, ""取消済み"": false}, {""氏名"": ""遠藤"", ""受付済み"": true, ""取消済み"": false}, {""氏名"": ""吉田"", ""受付済み"": true, ""取消済み"": false}, {""氏名"": ""木村"", ""受付済み"": true, ""取消済み"": false}, {""氏名"": ""渡辺"", ""受付済み"": true, ""取消済み"": false}, {""氏名"": ""佐藤"", ""受付済み"": true, ""取消済み"": false}, {""氏名"": ""中村"", ""受付済み"": true, ""取消済み"": false}, {""氏名"": ""林"", ""受付済み"": true, ""取消済み"": false}], ""まとめ方"": ""6件以上は段階6""}",現在有効な申込みだけを数えて評価してください。,"[""有効申込みが0件"", ""有効申込みが1件"", ""有効申込みが2件"", ""有効申込みが3件"", ""有効申込みが4件"", ""有効申込みが5件"", ""有効申込みが6件以上""]","""6"""
v2-gen-noul-10-017,noul,generated,条件付き義務,"{""規則"": ""法人向けなら確認票の添付が必要。それ以外では義務なし"", ""条件に該当"": true, ""必要処置を実施"": false}",この記録は規則を守っていますか。,"{""false"": ""いいえ。質問の命題は成立しない。"", ""true"": ""はい。質問の命題が成立する。""}","""false"""
v2-gen-noul-05-035,noul,generated,締切の境界,"""山道の提出は13時ちょうどまで受け付け、同時刻の提出も有効です。佐藤さんの提出記録は15時ちょうどです。""",記録された提出時刻は締切内ですか。,"{""false"": ""いいえ。質問の命題は成立しない。"", ""true"": ""はい。質問の命題が成立する。""}","""false"""
v2-gen-score-14-021,score,generated,参照表の順序尺度,"""今回の検査用の対応表: 茶印は段階0、黄印は段階1、紫印は段階2、黒印は段階3、赤印は段階4、青印は段階5。夕凪の確定検査票には赤印が付いています。色に一般的な良し悪しは仮定しません。""",一般常識ではなく示された表に従って段階を答えてください。,"[""表による段階0"", ""表による段階1"", ""表による段階2"", ""表による段階3"", ""表による段階4"", ""表による段階5""]","""4"""
v2-gen-score-05-035,score,generated,緊急条件の加点,"""山道の基本優先度は2です。締切まで残り2時間以内なら1だけ加点し、それより長ければ加点しません。上限は4です。今回は締切まで1時間です。""",締切までの時間による条件を反映した段階を答えてください。,"[""最終優先度0"", ""最終優先度1"", ""最終優先度2"", ""最終優先度3"", ""最終優先度4""]","""3"""
v2-gen-score-04-038,score,generated,独立チェックの合計,"""草原資料の点検: 管理番号ありは満たす、題名ありは満たす、添付ありは満たす、連絡先ありは満たす、ページ番号ありは満たす、署名ありは満たさない。各項目は一つずつ数えます。""",条件を満たした項目を一つ一点として集計してください。,"[""満たした項目が0個"", ""満たした項目が1個"", ""満たした項目が2個"", ""満たした項目が3個"", ""満たした項目が4個"", ""満たした項目が5個"", ""満たした項目が6個""]","""5"""
v2-gen-choice-04-022,choice,generated,参照先の担当,"""担当: 夕凪は佐藤、木漏れ日は森、水面は木村。資料の所属: 付箋は水面案件、袋は木漏れ日案件、ペンは夕凪案件。確認する資料はペンです。""",この資料について、所属案件を通じて連絡すべき担当者は誰ですか。,"{""佐藤"": ""佐藤さん"", ""木村"": ""木村さん"", ""森"": ""森さん""}","""佐藤"""
v2-gen-noul-07-003,noul,generated,識別文字列の完全一致,"""商品ラベルの管理コードは「JK1-B」、注文票の管理コードは「JK1-B」です。照合では大文字と小文字、記号の違いも区別します。""",指定された照合規則で一致と判定できますか。,"{""false"": ""いいえ。質問の命題は成立しない。"", ""true"": ""はい。質問の命題が成立する。""}","""true"""
v2-gen-score-01-036,score,generated,件数の段階境界,"""灯台で確認待ちの申請を数えたところ、現在5件でした。処理済みは数に含めていません。""",現在の件数を指定の段階基準に当てはめてください。,"[""対象件数が4件未満"", ""対象件数が4件以上""]","""1"""
v2-gen-score-05-040,score,generated,緊急条件の加点,"""朝露の基本優先度は1です。締切まで残り4時間以内なら1だけ加点し、それより長ければ加点しません。上限は2です。今回は締切まで8時間です。""",今回の最終優先段階を求めてください。,"[""最終優先度0"", ""最終優先度1"", ""最終優先度2""]","""1"""
v2-gen-noul-02-008,noul,generated,全条件の充足,"""灯台の利用には利用説明受講・講習受講・会費支払いがすべて必要です。渡辺さん: 利用説明受講は完了、講習受講は完了、会費支払いは完了。""",規則に照らし、この人の利用資格は成立しますか。,"{""false"": ""いいえ。質問の命題は成立しない。"", ""true"": ""はい。質問の命題が成立する。""}","""true"""
v2-gen-score-01-018,score,generated,件数の段階境界,"""山道で確認待ちの申請を数えたところ、現在12件でした。処理済みは数に含めていません。""",件数だけを評価尺度に照らして判定してください。,"[""対象件数が5件未満"", ""対象件数が5件以上、10件未満"", ""対象件数が10件以上、15件未満"", ""対象件数が15件以上、20件未満"", ""対象件数が20件以上""]","""2"""
v2-gen-choice-14-034,choice,generated,二属性照合,"{""展示品"": [{""品名"": ""箱"", ""色"": ""青"", ""素材"": ""樹脂""}, {""品名"": ""ラベル"", ""色"": ""紫"", ""素材"": ""木""}, {""品名"": ""クリップ"", ""色"": ""黒"", ""素材"": ""樹脂""}, {""品名"": ""封筒"", ""色"": ""赤"", ""素材"": ""木""}, {""品名"": ""名札"", ""色"": ""青"", ""素材"": ""金属""}, {""品名"": ""シール"", ""色"": ""青"", ""素材"": ""紙""}], ""指定色"": ""紫"", ""指定素材"": ""木""}",二つの指定を同時に満たす展示品はどれですか。,"{""クリップ"": ""クリップ"", ""シール"": ""シール"", ""ラベル"": ""ラベル"", ""名札"": ""名札"", ""封筒"": ""封筒"", ""箱"": ""箱""}","""ラベル"""
v2-gen-noul-06-022,noul,generated,更新後の状態,"""山道の状態記録: 15時には点検中、13時には停止中、14時には満席、12時には満席、8時には受付中。時刻が新しい記録が古い記録を上書きします。""",最後の更新を適用すると、状態は「点検中」になっていますか。,"{""false"": ""いいえ。質問の命題は成立しない。"", ""true"": ""はい。質問の命題が成立する。""}","""true"""
v2-gen-score-09-016,score,generated,例外による上限,"""検査合格状況: 記録は不合格、外観は不合格、動作は不合格、包装は合格、付属品は不合格、寸法は合格、表示は不合格。合格項目一つにつき1点ですが、要再確認の印があれば上限1点に制限します。今回その印はありません。""",上限制限を適用した最終点を選んでください。,"[""最終点0点"", ""最終点1点"", ""最終点2点"", ""最終点3点"", ""最終点4点"", ""最終点5点"", ""最終点6点"", ""最終点7点""]","""2"""
v2-gen-noul-11-008,noul,generated,参照関係の真偽,"""担当表: 灯台は高橋、水面は佐藤、春風は吉田、木漏れ日は中村。資料の関連先: ケースは灯台、ペンは春風、袋は水面、付箋は木漏れ日。""",中村さんは袋が属する案件の担当者と言えますか。,"{""false"": ""いいえ。質問の命題は成立しない。"", ""true"": ""はい。質問の命題が成立する。""}","""false"""
v2-gen-choice-15-040,choice,generated,文章内の順序参照,"""青空会議では、発表者を発表順に「木村、遠藤、林、佐藤、高橋、森、渡辺」と紹介しました。同じ人の再登場はありません。""",紹介された順番で2人目に発表する人は誰ですか。,"{""佐藤"": ""佐藤さん"", ""木村"": ""木村さん"", ""林"": ""林さん"", ""森"": ""森さん"", ""渡辺"": ""渡辺さん"", ""遠藤"": ""遠藤さん"", ""高橋"": ""高橋さん""}","""遠藤"""
v2-gen-choice-07-033,choice,generated,複数属性の制約,"{""在庫表"": [{""品名"": ""封筒"", ""色"": ""赤"", ""素材"": ""布"", ""在庫あり"": true}, {""品名"": ""カード"", ""色"": ""白"", ""素材"": ""布"", ""在庫あり"": true}, {""品名"": ""シール"", ""色"": ""白"", ""素材"": ""木"", ""在庫あり"": true}]}",必要条件は白色、布製、在庫ありの三つです。全部に合う品はどれですか。,"{""カード"": ""カード"", ""シール"": ""シール"", ""封筒"": ""封筒""}","""カード"""
v2-gen-choice-07-039,choice,generated,複数属性の制約,"""在庫表: ケースは黄色・樹脂製・在庫あり、封筒は赤色・布製・在庫あり、ノートは赤色・ガラス製・在庫あり、カードは赤色・布製・在庫あり、ラベルは赤色・樹脂製・在庫あり。""",必要条件は赤色、樹脂製、在庫ありの三つです。全部に合う品はどれですか。,"{""カード"": ""カード"", ""ケース"": ""ケース"", ""ノート"": ""ノート"", ""ラベル"": ""ラベル"", ""封筒"": ""封筒""}","""ラベル"""
v2-gen-score-12-003,score,generated,目標からの差,"{""案件"": ""山道"", ""目標数"": 12, ""実績数"": 12, ""採点"": ""差の絶対値。ただし1以上は段階1""}",目標からのずれの段階を選んでください。,"[""目標との差が0個"", ""目標との差が1個以上""]","""0"""
v2-gen-choice-05-022,choice,generated,否定条件で選択,"""検品記録: テープは封なしで濡れている、クリップは封なしで濡れている、箱は封ありで濡れていない、ケースは封なしで濡れていない、ペンは封ありで濡れている、付箋は封なしで濡れている、ラベルは封なしで濡れている、袋は封なしで濡れている。""",濡れた品は除外し、封がない品を一つ選んでください。,"{""クリップ"": ""クリップ"", ""ケース"": ""ケース"", ""テープ"": ""テープ"", ""ペン"": ""ペン"", ""ラベル"": ""ラベル"", ""付箋"": ""付箋"", ""箱"": ""箱"", ""袋"": ""袋""}","""ケース"""
v2-gen-choice-15-036,choice,generated,文章内の順序参照,"{""会議"": ""朝露"", ""発表順"": [""吉田"", ""上田"", ""林"", ""遠藤"", ""中村"", ""石田""]}",紹介された順番で1人目に発表する人は誰ですか。,"{""上田"": ""上田さん"", ""中村"": ""中村さん"", ""吉田"": ""吉田さん"", ""林"": ""林さん"", ""石田"": ""石田さん"", ""遠藤"": ""遠藤さん""}","""吉田"""
v2-gen-noul-11-046,noul,generated,参照関係の真偽,"{""案件担当"": {""星空"": ""林"", ""春風"": ""加藤""}, ""資料関連先"": {""付箋"": ""星空"", ""箱"": ""春風""}}",付箋の関連先を担当表で引くと加藤さんになりますか。,"{""false"": ""いいえ。質問の命題は成立しない。"", ""true"": ""はい。質問の命題が成立する。""}","""false"""
v2-gen-score-09-037,score,generated,例外による上限,"""検査合格状況: 動作は合格、包装は合格、記録は不合格、付属品は合格、外観は合格、寸法は合格、表示は合格。合格項目一つにつき1点ですが、要再確認の印があれば上限5点に制限します。今回その印はあります。""",単純な合格数ではなく、上限ルール適用後の点数を求めてください。,"[""最終点0点"", ""最終点1点"", ""最終点2点"", ""最終点3点"", ""最終点4点"", ""最終点5点"", ""最終点6点"", ""最終点7点""]","""5"""
v2-gen-choice-05-035,choice,generated,否定条件で選択,"{""検品"": [{""品名"": ""箱"", ""封がある"": false, ""濡れている"": true}, {""品名"": ""カード"", ""封がある"": false, ""濡れている"": false}, {""品名"": ""シール"", ""封がある"": false, ""濡れている"": false}, {""品名"": ""冊子"", ""封がある"": true, ""濡れている"": true}, {""品名"": ""用紙"", ""封がある"": false, ""濡れている"": false}, {""品名"": ""付箋"", ""封がある"": true, ""濡れている"": false}, {""品名"": ""名札"", ""封がある"": false, ""濡れている"": false}, {""品名"": ""封筒"", ""封がある"": false, ""濡れている"": true}]}",濡れた品は除外し、封がある品を一つ選んでください。,"{""カード"": ""カード"", ""シール"": ""シール"", ""付箋"": ""付箋"", ""冊子"": ""冊子"", ""名札"": ""名札"", ""封筒"": ""封筒"", ""用紙"": ""用紙"", ""箱"": ""箱""}","""付箋"""
v2-gen-score-06-027,score,generated,約束時刻からの遅れ,"{""便"": ""草原"", ""約束時刻"": 10, ""実際の到着時刻"": 19, ""同日"": true, ""早着時の遅れ"": 0}",到着の遅れを段階基準で評価してください。,"[""遅れが2時間未満"", ""遅れが2時間以上、4時間未満"", ""遅れが4時間以上、6時間未満"", ""遅れが6時間以上、8時間未満"", ""遅れが8時間以上""]","""4"""
v2-gen-score-15-041,score,generated,軽重のある項目,"""この点検の配点: 誤字は2点、宛名不備は1点、署名欠落は1点、日付欠落は1点。見つかった不備: 誤字、宛名不備、日付欠落。該当項目の点を合計し、4点以上は段階4にまとめます。""",項目数ではなく指定された点数で評価してください。,"[""不備点の合計が0点"", ""不備点の合計が1点"", ""不備点の合計が2点"", ""不備点の合計が3点"", ""不備点の合計が4点以上""]","""4"""
v2-gen-choice-06-015,choice,generated,時間枠の包含,"{""空き時間"": [{""部屋"": ""赤"", ""開始"": 17, ""終了"": 18}, {""部屋"": ""紫"", ""開始"": 17, ""終了"": 18}, {""部屋"": ""白"", ""開始"": 15, ""終了"": 17}, {""部屋"": ""青"", ""開始"": 14, ""終了"": 16}, {""部屋"": ""茶"", ""開始"": 15, ""終了"": 16}, {""部屋"": ""緑"", ""開始"": 14, ""終了"": 16}, {""部屋"": ""黒"", ""開始"": 15, ""終了"": 16}, {""部屋"": ""黄"", ""開始"": 15, ""終了"": 16}], ""会議開始"": 16, ""会議終了"": 17}",会議時間の一部だけでなく全体を含む空き時間を持つ部屋を答えてください。端の一致は可です。,"{""白"": ""白室"", ""紫"": ""紫室"", ""緑"": ""緑室"", ""茶"": ""茶室"", ""赤"": ""赤室"", ""青"": ""青室"", ""黄"": ""黄室"", ""黒"": ""黒室""}","""白"""
v2-gen-choice-12-016,choice,generated,条件付き不足書類,"""書類確認の優先順は承認書→委任状→本人確認票→見積書。承認書だけは代理申請の場合に限って必要で、それ以外は常に必要です。今回は本人申請。提出済みは委任状です。""",必要な不足書類を先頭から一つだけ案内します。どれですか。必要書類に不足がなければ追加不要です。,"{""委任状"": ""委任状"", ""承認書"": ""承認書"", ""本人確認票"": ""本人確認票"", ""見積書"": ""見積書"", ""追加不要"": ""必要書類はすべて提出済み""}","""本人確認票"""
v2-gen-noul-01-001,noul,generated,事実と否定質問,"{""対象者"": ""大野"", ""項目"": ""面談日程を確定"", ""実施済み"": false}",確定情報だけから、大野さんが面談日程を確定しているという判断は正しいですか。,"{""false"": ""いいえ。質問の命題は成立しない。"", ""true"": ""はい。質問の命題が成立する。""}","""false"""
v2-gen-score-09-011,score,generated,例外による上限,"{""検査合格"": {""包装"": false, ""寸法"": true}, ""要再確認の印あり"": true, ""採点規則"": ""合格数が点数。ただし印があれば上限1点""}",上限制限を適用した最終点を選んでください。,"[""最終点0点"", ""最終点1点"", ""最終点2点""]","""1"""
v2-gen-choice-15-038,choice,generated,文章内の順序参照,"""朝露会議では、発表者を発表順に「木村、森」と紹介しました。同じ人の再登場はありません。""",発表順の先頭から1番目にいる人を答えてください。,"{""木村"": ""木村さん"", ""森"": ""森さん""}","""木村"""
v2-gen-score-04-004,score,generated,独立チェックの合計,"{""資料"": ""水面"", ""チェック項目"": {""管理番号あり"": true, ""承認印あり"": true, ""題名あり"": true, ""連絡先あり"": true, ""日付あり"": true, ""署名あり"": false, ""宛先あり"": false}, ""各項目の重み"": 1}",合格した項目数に対応する段階を答えてください。,"[""満たした項目が0個"", ""満たした項目が1個"", ""満たした項目が2個"", ""満たした項目が3個"", ""満たした項目が4個"", ""満たした項目が5個"", ""満たした項目が6個"", ""満たした項目が7個""]","""5"""
v2-gen-noul-06-026,noul,generated,更新後の状態,"""朝露の状態記録: 16時には点検中、18時には使用可能、9時には停止中。時刻が新しい記録が古い記録を上書きします。""",最後の更新を適用すると、状態は「使用可能」になっていますか。,"{""false"": ""いいえ。質問の命題は成立しない。"", ""true"": ""はい。質問の命題が成立する。""}","""true"""
v2-gen-noul-06-034,noul,generated,更新後の状態,"{""対象"": ""夕凪"", ""更新記録"": [{""時刻"": 14, ""状態"": ""受付中""}, {""時刻"": 11, ""状態"": ""停止中""}, {""時刻"": 10, ""状態"": ""受付中""}], ""規則"": ""最新時刻の記録が有効""}",最後の更新を適用すると、状態は「受付中」になっていますか。,"{""false"": ""いいえ。質問の命題は成立しない。"", ""true"": ""はい。質問の命題が成立する。""}","""true"""
v2-gen-choice-13-001,choice,generated,工程の依存順,"{""案件"": ""夕凪"", ""工程順"": [""内容確認"", ""報告"", ""承認"", ""準備""], ""完了済み"": [""内容確認"", ""報告"", ""承認"", ""準備""], ""規則"": ""順に実行し未完了工程を飛ばさない""}",まだ済んでいない最初の工程は何ですか。存在しない場合は完了です。,"{""内容確認"": ""内容確認"", ""報告"": ""報告"", ""完了"": ""全工程が完了"", ""承認"": ""承認"", ""準備"": ""準備""}","""完了"""
v2-gen-noul-06-030,noul,generated,更新後の状態,"{""対象"": ""水面"", ""更新記録"": [{""時刻"": 10, ""状態"": ""空席あり""}, {""時刻"": 15, ""状態"": ""停止中""}, {""時刻"": 14, ""状態"": ""使用可能""}], ""規則"": ""最新時刻の記録が有効""}",最新の有効な記録から「停止中」と言えますか。,"{""false"": ""いいえ。質問の命題は成立しない。"", ""true"": ""はい。質問の命題が成立する。""}","""true"""
v2-gen-choice-10-028,choice,generated,不在時の代理,"{""案件担当"": {""夕凪"": ""遠藤"", ""水面"": ""山田"", ""春風"": ""木村"", ""山道"": ""上田""}, ""代理者"": {""遠藤"": ""山田"", ""山田"": ""木村"", ""木村"": ""上田"", ""上田"": ""遠藤""}, ""不在者"": [], ""案件"": ""夕凪"", ""ルール"": ""担当者が不在なら指定代理に一度だけ振替。代理の在席状況は問わない""}",本日の規則に従う連絡相手を選んでください。,"{""上田"": ""上田さん"", ""山田"": ""山田さん"", ""木村"": ""木村さん"", ""遠藤"": ""遠藤さん""}","""遠藤"""
v2-gen-score-08-037,score,generated,要件への一致数,"""注文要件: 色=青、サイズ=大、包装=袋、形=四角、印字=片面のみ、素材=木、配送=宅配。提案品: 色=青、サイズ=大、包装=袋、形=三角、印字=片面のみ、素材=木、配送=宅配。""",各属性の完全一致を一点として採点してください。,"[""一致した要件が0項目"", ""一致した要件が1項目"", ""一致した要件が2項目"", ""一致した要件が3項目"", ""一致した要件が4項目"", ""一致した要件が5項目"", ""一致した要件が6項目"", ""一致した要件が7項目""]","""6"""
v2-gen-choice-15-024,choice,generated,文章内の順序参照,"""山道会議では、発表者を発表順に「吉田、渡辺、遠藤、青木、上田、松本、高橋、森」と紹介しました。同じ人の再登場はありません。""",最初を1番目として、2番目の発表者を選んでください。,"{""上田"": ""上田さん"", ""吉田"": ""吉田さん"", ""松本"": ""松本さん"", ""森"": ""森さん"", ""渡辺"": ""渡辺さん"", ""遠藤"": ""遠藤さん"", ""青木"": ""青木さん"", ""高橋"": ""高橋さん""}","""渡辺"""
v2-gen-noul-14-028,noul,generated,予定時間の重なり,"""石田さんの予定: 青空会議は13時から16時、面談は15時から19時。終了と次の開始が同時刻の場合は重複とは扱いません。""",同時に二つの予定に出席しなければならない時間がありますか。,"{""false"": ""いいえ。質問の命題は成立しない。"", ""true"": ""はい。質問の命題が成立する。""}","""true"""
v2-gen-choice-02-024,choice,generated,条件と優先例外,"{""規則"": ""会員かつ10個以上なら優待。ただし予約品は常に通常"", ""会員"": true, ""購入数"": 15, ""予約品"": false}",この購入に適用する扱いを選んでください。,"{""優待"": ""優待の扱い"", ""通常"": ""通常の扱い""}","""優待"""
v2-gen-score-13-004,score,generated,取消しを反映した件数,"{""催し"": ""白波"", ""申込み"": [{""氏名"": ""上田"", ""受付済み"": false, ""取消済み"": false}, {""氏名"": ""木村"", ""受付済み"": false, ""取消済み"": false}, {""氏名"": ""吉田"", ""受付済み"": true, ""取消済み"": true}, {""氏名"": ""高橋"", ""受付済み"": false, ""取消済み"": false}, {""氏名"": ""石田"", ""受付済み"": true, ""取消済み"": true}, {""氏名"": ""松本"", ""受付済み"": true, ""取消済み"": true}, {""氏名"": ""大野"", ""受付済み"": true, ""取消済み"": false}], ""まとめ方"": ""2件以上は段階2""}",受付済みから取消済みを除いた件数はいくつの段階ですか。,"[""有効申込みが0件"", ""有効申込みが1件"", ""有効申込みが2件以上""]","""1"""
v2-gen-noul-04-039,noul,generated,例外の優先,"""規則: 講習修了であれば青空を利用できます。ただし再審査中なら利用できません。木村さんは講習修了に該当、再審査中に該当です。""",禁止例外を先に考慮すると、この利用を認められますか。,"{""false"": ""いいえ。質問の命題は成立しない。"", ""true"": ""はい。質問の命題が成立する。""}","""false"""
v2-gen-choice-03-024,choice,generated,最終更新,"{""案件"": ""星空"", ""更新記録"": [{""時"": 19, ""状態"": ""確認中""}, {""時"": 16, ""状態"": ""承認""}, {""時"": 12, ""状態"": ""発送済み""}]}",時刻が最も新しい更新に基づく状態を答えてください。,"{""保留"": ""保留"", ""取消"": ""取消"", ""受取済み"": ""受取済み"", ""差戻し"": ""差戻し"", ""承認"": ""承認"", ""未着手"": ""未着手"", ""発送済み"": ""発送済み"", ""確認中"": ""確認中""}","""確認中"""
v2-gen-noul-07-037,noul,generated,識別文字列の完全一致,"{""商品ラベル"": ""EF6-A"", ""注文票"": ""EF6-A"", ""照合規則"": ""大文字小文字と記号も含む完全一致""}",二つの管理コードは完全一致していますか。,"{""false"": ""いいえ。質問の命題は成立しない。"", ""true"": ""はい。質問の命題が成立する。""}","""true"""
v2-gen-noul-03-042,noul,generated,いずれかの条件,"{""いずれか一つ以上必要"": [""招待券"", ""事前予約票"", ""当日券""], ""所持状況"": {""招待券"": true, ""事前予約票"": true, ""当日券"": true}, ""対象"": ""遠藤""}",この人は受付基準を満たしていますか。,"{""false"": ""いいえ。質問の命題は成立しない。"", ""true"": ""はい。質問の命題が成立する。""}","""true"""
v2-gen-noul-11-024,noul,generated,参照関係の真偽,"{""案件担当"": {""木漏れ日"": ""吉田"", ""白波"": ""渡辺"", ""草原"": ""上田"", ""夕凪"": ""林""}, ""資料関連先"": {""箱"": ""木漏れ日"", ""カード"": ""白波"", ""名札"": ""夕凪"", ""ノート"": ""草原""}}",名札に関連する案件の担当は渡辺さんですか。,"{""false"": ""いいえ。質問の命題は成立しない。"", ""true"": ""はい。質問の命題が成立する。""}","""false"""
v2-gen-noul-01-045,noul,generated,事実と否定質問,"{""対象者"": ""渡辺"", ""項目"": ""案内状を送付"", ""実施済み"": true}",確定情報だけから、渡辺さんが案内状を送付していないという判断は正しいですか。,"{""false"": ""いいえ。質問の命題は成立しない。"", ""true"": ""はい。質問の命題が成立する。""}","""false"""
v2-gen-choice-15-039,choice,generated,文章内の順序参照,"{""会議"": ""草原"", ""発表順"": [""林"", ""佐藤""]}",最初を1番目として、1番目の発表者を選んでください。,"{""佐藤"": ""佐藤さん"", ""林"": ""林さん""}","""林"""
v2-gen-score-03-017,score,generated,順番に進む工程,"{""案件"": ""水面"", ""工程順"": [""受付"", ""調査"", ""審査"", ""報告"", ""検収""], ""完了済み"": [""受付"", ""調査"", ""審査"", ""報告""], ""着手中は完了に含めない"": true}",この案件は完了ベースでどの段階まで進みましたか。,"[""完了した工程はまだない"", ""先頭から1工程が完了（最後に完了したのは受付）"", ""先頭から2工程が完了（最後に完了したのは調査）"", ""先頭から3工程が完了（最後に完了したのは審査）"", ""先頭から4工程が完了（最後に完了したのは報告）"", ""先頭から5工程が完了（最後に完了したのは検収）""]","""4"""
v2-gen-noul-07-013,noul,generated,識別文字列の完全一致,"""商品ラベルの管理コードは「JK6-D」、注文票の管理コードは「JK6-D」です。照合では大文字と小文字、記号の違いも区別します。""",同一コードとして扱ってよいですか。,"{""false"": ""いいえ。質問の命題は成立しない。"", ""true"": ""はい。質問の命題が成立する。""}","""true"""
v2-gen-noul-02-010,noul,generated,全条件の充足,"{""すべて必要な条件"": [""所属確認"", ""利用説明受講""], ""対象"": ""遠藤"", ""完了状況"": {""所属確認"": true, ""利用説明受講"": true}}",規則に照らし、この人の利用資格は成立しますか。,"{""false"": ""いいえ。質問の命題は成立しない。"", ""true"": ""はい。質問の命題が成立する。""}","""true"""
v2-gen-choice-14-023,choice,generated,二属性照合,"{""展示品"": [{""品名"": ""ファイル"", ""色"": ""白"", ""素材"": ""樹脂""}, {""品名"": ""テープ"", ""色"": ""赤"", ""素材"": ""樹脂""}, {""品名"": ""封筒"", ""色"": ""白"", ""素材"": ""金属""}, {""品名"": ""カード"", ""色"": ""紫"", ""素材"": ""紙""}], ""指定色"": ""白"", ""指定素材"": ""金属""}",指定された色と素材の両方が一致する品を選んでください。,"{""カード"": ""カード"", ""テープ"": ""テープ"", ""ファイル"": ""ファイル"", ""封筒"": ""封筒""}","""封筒"""
v2-gen-choice-14-001,choice,generated,二属性照合,"""展示品の札: カードは紫色・樹脂製、封筒は黄色・布製、ペンは茶色・金属製、付箋は黒色・金属製、ノートは青色・ガラス製、ラベルは白色・金属製、ファイルは赤色・ガラス製。探しているのは赤色のガラス製です。""",指定された色と素材の両方が一致する品を選んでください。,"{""カード"": ""カード"", ""ノート"": ""ノート"", ""ファイル"": ""ファイル"", ""ペン"": ""ペン"", ""ラベル"": ""ラベル"", ""付箋"": ""付箋"", ""封筒"": ""封筒""}","""ファイル"""
v2-gen-noul-04-014,noul,generated,例外の優先,"{""許可条件"": ""招待あり"", ""優先禁止条件"": ""再審査中"", ""対象"": ""渡辺"", ""許可条件に該当"": true, ""禁止条件に該当"": false}",禁止例外を先に考慮すると、この利用を認められますか。,"{""false"": ""いいえ。質問の命題は成立しない。"", ""true"": ""はい。質問の命題が成立する。""}","""true"""
v2-gen-choice-12-001,choice,generated,条件付き不足書類,"{""確認優先順"": [""申込書"", ""委任状""], ""代理申請だけに必要"": ""委任状"", ""代理申請"": true, ""提出済み"": [""委任状"", ""申込書""]}",申請区分に応じて必要書類を確認し、最優先で追加提出を求めるものを答えてください。なければ追加不要です。,"{""委任状"": ""委任状"", ""申込書"": ""申込書"", ""追加不要"": ""必要書類はすべて提出済み""}","""追加不要"""
v2-gen-choice-10-009,choice,generated,不在時の代理,"""担当者: 木漏れ日は高橋、山道は木村、白波は石田、朝露は青木。代理者: 高橋の代理は木村、木村の代理は石田、石田の代理は青木、青木の代理は高橋。本日の不在者は青木。問い合わせ先の案件は朝露です。代理への振替は一回だけ行い、その先の不在は判定しません。""",一回だけの代理振替を適用した後の宛先を答えてください。,"{""木村"": ""木村さん"", ""石田"": ""石田さん"", ""青木"": ""青木さん"", ""高橋"": ""高橋さん""}","""高橋"""
v2-gen-score-12-036,score,generated,目標からの差,"{""案件"": ""青空"", ""目標数"": 15, ""実績数"": 20, ""採点"": ""差の絶対値。ただし6以上は段階6""}",目標からのずれの段階を選んでください。,"[""目標との差が0個"", ""目標との差が1個"", ""目標との差が2個"", ""目標との差が3個"", ""目標との差が4個"", ""目標との差が5個"", ""目標との差が6個以上""]","""5"""
v2-gen-noul-06-041,noul,generated,更新後の状態,"{""対象"": ""春風"", ""更新記録"": [{""時刻"": 11, ""状態"": ""点検中""}, {""時刻"": 17, ""状態"": ""空席あり""}, {""時刻"": 21, ""状態"": ""使用可能""}, {""時刻"": 7, ""状態"": ""使用可能""}, {""時刻"": 18, ""状態"": ""受付中""}], ""規則"": ""最新時刻の記録が有効""}",最新の有効な記録から「受付中」と言えますか。,"{""false"": ""いいえ。質問の命題は成立しない。"", ""true"": ""はい。質問の命題が成立する。""}","""false"""
v2-gen-score-05-029,score,generated,緊急条件の加点,"""水面の基本優先度は1です。締切まで残り4時間以内なら1だけ加点し、それより長ければ加点しません。上限は5です。今回は締切まで2時間です。""",条件付き加点後の優先度を選んでください。,"[""最終優先度0"", ""最終優先度1"", ""最終優先度2"", ""最終優先度3"", ""最終優先度4"", ""最終優先度5""]","""2"""
v2-gen-score-14-002,score,generated,参照表の順序尺度,"""今回の検査用の対応表: 青印は段階0、白印は段階1、茶印は段階2、赤印は段階3、緑印は段階4、黒印は段階5、黄印は段階6、紫印は段階7。水面の確定検査票には赤印が付いています。色に一般的な良し悪しは仮定しません。""",検査票の印を指定尺度に変換してください。,"[""表による段階0"", ""表による段階1"", ""表による段階2"", ""表による段階3"", ""表による段階4"", ""表による段階5"", ""表による段階6"", ""表による段階7""]","""3"""
v2-gen-score-13-025,score,generated,取消しを反映した件数,"""春風の申込み記録: 木村は未受付・取消なし、松本は未受付・取消なし、石田は未受付・取消なし、中村は受付済み・取消なし、吉田は未受付・取消なし。取消済みの申込みは有効件数から除きます。2件以上は最終段階2にまとめます。""",受付済みから取消済みを除いた件数はいくつの段階ですか。,"[""有効申込みが0件"", ""有効申込みが1件"", ""有効申込みが2件以上""]","""1"""
v2-gen-choice-02-044,choice,generated,条件と優先例外,"{""規則"": ""会員かつ9個以上なら優待。ただし予約品は常に通常"", ""会員"": true, ""購入数"": 9, ""予約品"": false}",この購入に適用する扱いを選んでください。,"{""優待"": ""優待の扱い"", ""通常"": ""通常の扱い""}","""優待"""
v2-gen-score-10-017,score,generated,不足の段階,"""白波申請で必要なものは添付図。届いたものは添付図です。必要一覧にない書類は不足を埋めません。""",必要一覧と届いた一覧を照合し、不足の程度を判定してください。,"[""不足が0種類"", ""不足が1種類""]","""0"""
v2-gen-noul-01-011,noul,generated,事実と否定質問,"""大野さんについての確定記録: 予約変更を実施しています。""",『大野さんは予約変更を実施していない』はこの記録と一致しますか。,"{""false"": ""いいえ。質問の命題は成立しない。"", ""true"": ""はい。質問の命題が成立する。""}","""false"""
v2-gen-noul-11-034,noul,generated,参照関係の真偽,"{""案件担当"": {""木漏れ日"": ""吉田"", ""春風"": ""松本"", ""白波"": ""高橋""}, ""資料関連先"": {""ケース"": ""春風"", ""ノート"": ""白波"", ""シール"": ""木漏れ日""}}",ケースの関連先を担当表で引くと高橋さんになりますか。,"{""false"": ""いいえ。質問の命題は成立しない。"", ""true"": ""はい。質問の命題が成立する。""}","""false"""
v2-gen-noul-12-023,noul,generated,記録と主張の照合,"{""施設"": ""木漏れ日"", ""入口ごとの現在の確定記録"": {""北口"": ""完全に開いている"", ""南口"": ""完全に開いている"", ""東口"": ""半分だけ開いている"", ""西口"": ""完全に閉じている"", ""裏口"": ""完全に閉じている"", ""搬入口"": ""完全に閉じている""}, ""判定資料"": ""現在の確定記録のみ""}",いま東口が4分の1だけ開いているという判断は正しいですか。,"{""false"": ""いいえ。質問の命題は成立しない。"", ""true"": ""はい。質問の命題が成立する。""}","""false"""
v2-gen-noul-15-029,noul,generated,出来事の前後関係,"""林さんの作業日誌は実施順に電話連絡→引継ぎ→検品です。記載した各作業は一回ずつ実施しました。""",『引継ぎが先、検品が後』という順序は正しいですか。,"{""false"": ""いいえ。質問の命題は成立しない。"", ""true"": ""はい。質問の命題が成立する。""}","""true"""
v2-gen-score-09-036,score,generated,例外による上限,"""検査合格状況: 付属品は合格、表示は合格、動作は合格、包装は合格、記録は不合格、外観は合格。合格項目一つにつき1点ですが、要再確認の印があれば上限6点に制限します。今回その印はありません。""",上限制限を適用した最終点を選んでください。,"[""最終点0点"", ""最終点1点"", ""最終点2点"", ""最終点3点"", ""最終点4点"", ""最終点5点"", ""最終点6点""]","""5"""
v2-gen-score-01-035,score,generated,件数の段階境界,"{""案件"": ""朝露"", ""計数対象"": ""確認待ちの申請"", ""件数"": 4, ""処理済みを除外"": true}",記録された数に対応する段階を選んでください。,"[""対象件数が1件未満"", ""対象件数が1件以上、2件未満"", ""対象件数が2件以上、3件未満"", ""対象件数が3件以上、4件未満"", ""対象件数が4件以上、5件未満"", ""対象件数が5件以上、6件未満"", ""対象件数が6件以上、7件未満"", ""対象件数が7件以上""]","""4"""
v2-gen-score-08-004,score,generated,要件への一致数,"{""注文要件"": {""色"": ""赤"", ""形"": ""四角""}, ""提案品"": {""色"": ""赤"", ""形"": ""四角""}}",提案品が満たす要件数はいくつの段階ですか。,"[""一致した要件が0項目"", ""一致した要件が1項目"", ""一致した要件が2項目""]","""2"""
v2-gen-noul-01-039,noul,generated,事実と否定質問,"{""対象者"": ""佐藤"", ""項目"": ""予約変更を実施"", ""実施済み"": false}",記録上、佐藤さんは予約変更を実施していると言えますか。,"{""false"": ""いいえ。質問の命題は成立しない。"", ""true"": ""はい。質問の命題が成立する。""}","""false"""
v2-gen-choice-09-006,choice,generated,利用可能集合の差,"""貸出台帳で利用可能と記録されている品は袋、ファイル。予約済みの品はファイルです。""",今貸せるのは利用可能かつ未予約の品です。該当するものはどれですか。,"{""ファイル"": ""ファイル"", ""袋"": ""袋""}","""袋"""
v2-gen-score-07-005,score,generated,証拠の最高到達段階,"""この調査固有の証拠段階表: 第三者確認は段階1、写真記録は段階2、一次資料は段階3。若葉で得られた証拠は写真記録、第三者確認、一次資料。複数ある場合は最大の段階を使い、なければ0です。""",記録済みの証拠から得られる最高段階はどれですか。,"[""証拠なしの段階0"", ""表に基づく最高証拠段階1"", ""表に基づく最高証拠段階2"", ""表に基づく最高証拠段階3""]","""3"""
v2-gen-choice-03-020,choice,generated,最終更新,"{""案件"": ""若葉"", ""更新記録"": [{""時"": 17, ""状態"": ""発送済み""}, {""時"": 20, ""状態"": ""未着手""}, {""時"": 10, ""状態"": ""未着手""}]}",最後の時刻の記録が有効です。現在の状態はどれですか。,"{""未着手"": ""未着手"", ""発送済み"": ""発送済み""}","""未着手"""
v2-gen-choice-04-039,choice,generated,参照先の担当,"{""案件担当"": {""山道"": ""渡辺"", ""春風"": ""中村""}, ""資料の所属案件"": {""シール"": ""山道"", ""付箋"": ""春風""}, ""確認資料"": ""付箋""}",確認資料が属する案件の担当者を選んでください。,"{""中村"": ""中村さん"", ""渡辺"": ""渡辺さん""}","""中村"""
v2-gen-score-14-009,score,generated,参照表の順序尺度,"""今回の検査用の対応表: 茶印は段階0、黒印は段階1、緑印は段階2、白印は段階3、青印は段階4、黄印は段階5、紫印は段階6、赤印は段階7。山道の確定検査票には青印が付いています。色に一般的な良し悪しは仮定しません。""",今回の対応表を使って検査票の段階を選んでください。,"[""表による段階0"", ""表による段階1"", ""表による段階2"", ""表による段階3"", ""表による段階4"", ""表による段階5"", ""表による段階6"", ""表による段階7""]","""4"""
v2-gen-score-14-048,score,generated,参照表の順序尺度,"{""検査対象"": ""山道"", ""今回の対応表"": {""紫"": 0, ""黄"": 1, ""青"": 2, ""茶"": 3, ""白"": 4}, ""確定票の印"": ""茶""}",今回の対応表を使って検査票の段階を選んでください。,"[""表による段階0"", ""表による段階1"", ""表による段階2"", ""表による段階3"", ""表による段階4""]","""3"""
v2-gen-score-15-031,score,generated,軽重のある項目,"{""不備ごとの配点"": {""宛名不備"": 2, ""誤字"": 1}, ""不備あり"": {""宛名不備"": false, ""誤字"": true}, ""上限"": 1}",見つかった不備の点数を合計し、上限を適用してください。,"[""不備点の合計が0点"", ""不備点の合計が1点以上""]","""1"""
v2-gen-score-04-036,score,generated,独立チェックの合計,"""春風資料の点検: 題名ありは満たさない、添付ありは満たさない、署名ありは満たさない、管理番号ありは満たす。各項目は一つずつ数えます。""",合格した項目数に対応する段階を答えてください。,"[""満たした項目が0個"", ""満たした項目が1個"", ""満たした項目が2個"", ""満たした項目が3個"", ""満たした項目が4個""]","""1"""
v2-gen-noul-05-019,noul,generated,締切の境界,"""若葉の提出は13時より前だけ受け付け、13時ちょうどは無効です。松本さんの提出記録は20時ちょうどです。""",この提出は時間条件を満たしていますか。,"{""false"": ""いいえ。質問の命題は成立しない。"", ""true"": ""はい。質問の命題が成立する。""}","""false"""
v2-gen-score-02-035,score,generated,記述の満足段階,"{""回答者"": ""佐藤"", ""対象"": ""木漏れ日"", ""感想原文"": ""最高の一歩手前で、満足の程度は極めて強かった""}",回答者が表明した満足の程度を分類してください。,"[""極めて強い満足"", ""最高の満足""]","""0"""
v2-gen-score-14-007,score,generated,参照表の順序尺度,"""今回の検査用の対応表: 青印は段階0、黄印は段階1、赤印は段階2、紫印は段階3、白印は段階4、黒印は段階5。朝露の確定検査票には赤印が付いています。色に一般的な良し悪しは仮定しません。""",今回の対応表を使って検査票の段階を選んでください。,"[""表による段階0"", ""表による段階1"", ""表による段階2"", ""表による段階3"", ""表による段階4"", ""表による段階5""]","""2"""
v2-gen-score-01-014,score,generated,件数の段階境界,"""青空で未処理の連絡を数えたところ、現在5件でした。処理済みは数に含めていません。""",現在の件数を指定の段階基準に当てはめてください。,"[""対象件数が4件未満"", ""対象件数が4件以上、8件未満"", ""対象件数が8件以上、12件未満"", ""対象件数が12件以上、16件未満"", ""対象件数が16件以上、20件未満"", ""対象件数が20件以上、24件未満"", ""対象件数が24件以上、28件未満"", ""対象件数が28件以上""]","""1"""
v2-gen-noul-01-029,noul,generated,事実と否定質問,"""中村さんについての確定記録: 説明会を受講しています。""",『中村さんは説明会を受講していない』はこの記録と一致しますか。,"{""false"": ""いいえ。質問の命題は成立しない。"", ""true"": ""はい。質問の命題が成立する。""}","""false"""
v2-gen-score-13-029,score,generated,取消しを反映した件数,"""灯台の申込み記録: 高橋は未受付・取消なし、佐藤は受付済み・取消なし、木村は受付済み・取消なし、松本は未受付・取消なし、森は受付済み・取消なし、吉田は受付済み・取消済み、中村は受付済み・取消なし、上田は受付済み・取消済み。取消済みの申込みは有効件数から除きます。6件以上は最終段階6にまとめます。""",受付済みから取消済みを除いた件数はいくつの段階ですか。,"[""有効申込みが0件"", ""有効申込みが1件"", ""有効申込みが2件"", ""有効申込みが3件"", ""有効申込みが4件"", ""有効申込みが5件"", ""有効申込みが6件以上""]","""4"""
v2-gen-noul-14-040,noul,generated,予定時間の重なり,"""高橋さんの予定: 水面会議は13時から15時、面談は13時から14時。終了と次の開始が同時刻の場合は重複とは扱いません。""",指定された端点の扱いで予定の重複はありますか。,"{""false"": ""いいえ。質問の命題は成立しない。"", ""true"": ""はい。質問の命題が成立する。""}","""true"""
v2-gen-noul-14-002,noul,generated,予定時間の重なり,"""木村さんの予定: 青空会議は10時から13時、面談は12時から13時。終了と次の開始が同時刻の場合は重複とは扱いません。""",指定された端点の扱いで予定の重複はありますか。,"{""false"": ""いいえ。質問の命題は成立しない。"", ""true"": ""はい。質問の命題が成立する。""}","""true"""
v2-gen-noul-10-006,noul,generated,条件付き義務,"{""規則"": ""代理申請なら記録票の保存が必要。それ以外では義務なし"", ""条件に該当"": false, ""必要処置を実施"": true}",この案件は記載された義務のルールに違反していませんか。違反がなければはいです。,"{""false"": ""いいえ。質問の命題は成立しない。"", ""true"": ""はい。質問の命題が成立する。""}","""true"""
v2-gen-noul-10-022,noul,generated,条件付き義務,"{""規則"": ""代理申請なら担当者の署名が必要。それ以外では義務なし"", ""条件に該当"": false, ""必要処置を実施"": false}",この案件は記載された義務のルールに違反していませんか。違反がなければはいです。,"{""false"": ""いいえ。質問の命題は成立しない。"", ""true"": ""はい。質問の命題が成立する。""}","""true"""
v2-gen-choice-05-018,choice,generated,否定条件で選択,"{""検品"": [{""品名"": ""封筒"", ""封がある"": false, ""濡れている"": false}, {""品名"": ""冊子"", ""封がある"": false, ""濡れている"": true}, {""品名"": ""ノート"", ""封がある"": true, ""濡れている"": false}]}",濡れた品は除外し、封がある品を一つ選んでください。,"{""ノート"": ""ノート"", ""冊子"": ""冊子"", ""封筒"": ""封筒""}","""ノート"""
v2-gen-score-14-035,score,generated,参照表の順序尺度,"""今回の検査用の対応表: 紫印は段階0、青印は段階1、緑印は段階2、茶印は段階3、黄印は段階4、赤印は段階5。朝露の確定検査票には紫印が付いています。色に一般的な良し悪しは仮定しません。""",今回の対応表を使って検査票の段階を選んでください。,"[""表による段階0"", ""表による段階1"", ""表による段階2"", ""表による段階3"", ""表による段階4"", ""表による段階5""]","""0"""
v2-gen-choice-13-028,choice,generated,工程の依存順,"{""案件"": ""山道"", ""工程順"": [""内容確認"", ""受付"", ""承認"", ""準備""], ""完了済み"": [""内容確認"", ""受付"", ""承認"", ""準備""], ""規則"": ""順に実行し未完了工程を飛ばさない""}",この作業を一段進めるときに着手する工程を答えてください。残りがなければ完了です。,"{""内容確認"": ""内容確認"", ""受付"": ""受付"", ""完了"": ""全工程が完了"", ""承認"": ""承認"", ""準備"": ""準備""}","""完了"""
v2-gen-score-08-042,score,generated,要件への一致数,"""注文要件: サイズ=小、印字=なし、色=白、形=四角、素材=木。提案品: サイズ=中、印字=なし、色=赤、形=丸、素材=布。""",各属性の完全一致を一点として採点してください。,"[""一致した要件が0項目"", ""一致した要件が1項目"", ""一致した要件が2項目"", ""一致した要件が3項目"", ""一致した要件が4項目"", ""一致した要件が5項目""]","""1"""
v2-gen-noul-05-015,noul,generated,締切の境界,"{""受付規則"": ""18時より前だけ受け付け、18時ちょうどは無効"", ""提出者"": ""加藤"", ""提出時刻"": 19}",この提出は時間条件を満たしていますか。,"{""false"": ""いいえ。質問の命題は成立しない。"", ""true"": ""はい。質問の命題が成立する。""}","""false"""
v2-gen-choice-01-047,choice,generated,問い合わせ経路,"""受付分類表は次のとおりです。イベント窓口: 申込期限・会場案内・参加取消 / 製品窓口: 破損・初期不良・部品交換 / 店舗窓口: 営業時間・店内設備・店舗の場所 / 請求窓口: 二重請求・領収書・返金 / アカウント窓口: ログイン・パスワード・退会 / 契約窓口: 契約更新・プラン変更・解約手続き。問い合わせ本文:「返金の入金予定を知りたいです」。受付担当が付けた主題は「返金」です。""",受付分類表を使って、この相談の担当を決めてください。,"{""アカウント"": ""アカウントの窓口"", ""イベント"": ""イベントの窓口"", ""契約"": ""契約の窓口"", ""店舗"": ""店舗の窓口"", ""製品"": ""製品の窓口"", ""請求"": ""請求の窓口""}","""請求"""
v2-gen-choice-02-006,choice,generated,条件と優先例外,"""夕凪店では会員で購入数が7個以上なら優待扱いです。ただし予約品は購入数や会員資格にかかわらず通常扱いです。今回は11個、会員、通常在庫品です。""",この購入に適用する扱いを選んでください。,"{""優待"": ""優待の扱い"", ""通常"": ""通常の扱い""}","""優待"""
v2-gen-noul-09-019,noul,generated,重複を除いた件数,"{""棚"": ""若葉"", ""読み取り品名"": [""シール"", ""ファイル"", ""テープ"", ""ノート"", ""ペン"", ""ケース"", ""名札"", ""ラベル"", ""ファイル"", ""ペン"", ""名札""], ""数え方"": ""同一品名の重複を除く""}",品物の種類は6種類以上ありますか。,"{""false"": ""いいえ。質問の命題は成立しない。"", ""true"": ""はい。質問の命題が成立する。""}","""true"""
v2-gen-score-08-011,score,generated,要件への一致数,"{""注文要件"": {""包装"": ""箱"", ""色"": ""白""}, ""提案品"": {""包装"": ""なし"", ""色"": ""赤""}}",提案品が満たす要件数はいくつの段階ですか。,"[""一致した要件が0項目"", ""一致した要件が1項目"", ""一致した要件が2項目""]","""0"""
v2-gen-score-15-014,score,generated,軽重のある項目,"""この点検の配点: 添付欠落は2点、日付欠落は1点、余白不備は1点、頁番号欠落は1点、署名欠落は1点。見つかった不備: 添付欠落、日付欠落、余白不備。該当項目の点を合計し、5点以上は段階5にまとめます。""",見つかった不備の点数を合計し、上限を適用してください。,"[""不備点の合計が0点"", ""不備点の合計が1点"", ""不備点の合計が2点"", ""不備点の合計が3点"", ""不備点の合計が4点"", ""不備点の合計が5点以上""]","""4"""
v2-gen-noul-04-050,noul,generated,例外の優先,"""規則: 本人確認済みであれば青空を利用できます。ただし入場制限中なら利用できません。山田さんは本人確認済みに該当、入場制限中に非該当です。""",例外を含む規則のもとで利用は許可されますか。,"{""false"": ""いいえ。質問の命題は成立しない。"", ""true"": ""はい。質問の命題が成立する。""}","""true"""
v2-gen-noul-07-035,noul,generated,識別文字列の完全一致,"""商品ラベルの管理コードは「RS3-C」、注文票の管理コードは「RS3-C」です。照合では大文字と小文字、記号の違いも区別します。""",二つの管理コードは完全一致していますか。,"{""false"": ""いいえ。質問の命題は成立しない。"", ""true"": ""はい。質問の命題が成立する。""}","""true"""
v2-gen-choice-01-025,choice,generated,問い合わせ経路,"{""分類表"": {""請求"": [""二重請求"", ""領収書"", ""返金""], ""店舗"": [""営業時間"", ""店内設備"", ""店舗の場所""], ""配送"": [""届け先変更"", ""荷物の遅延"", ""追跡番号""], ""修理"": [""修理見積"", ""修理進捗"", ""保証修理""], ""契約"": [""契約更新"", ""プラン変更"", ""解約手続き""], ""製品"": [""破損"", ""初期不良"", ""部品交換""]}, ""本文"": ""保証期間内の修理を申し込みたいです"", ""受付主題"": ""保証修理""}",分類表に従い、この問い合わせを担当する窓口を一つ選んでください。,"{""修理"": ""修理の窓口"", ""契約"": ""契約の窓口"", ""店舗"": ""店舗の窓口"", ""製品"": ""製品の窓口"", ""請求"": ""請求の窓口"", ""配送"": ""配送の窓口""}","""修理"""
v2-gen-choice-01-003,choice,generated,問い合わせ経路,"""受付分類表は次のとおりです。請求窓口: 二重請求・領収書・返金 / 店舗窓口: 営業時間・店内設備・店舗の場所 / 配送窓口: 届け先変更・荷物の遅延・追跡番号 / イベント窓口: 申込期限・会場案内・参加取消 / 修理窓口: 修理見積・修理進捗・保証修理。問い合わせ本文:「イベントの会場への行き方を教えてください」。受付担当が付けた主題は「会場案内」です。""",受付分類表を使って、この相談の担当を決めてください。,"{""イベント"": ""イベントの窓口"", ""修理"": ""修理の窓口"", ""店舗"": ""店舗の窓口"", ""請求"": ""請求の窓口"", ""配送"": ""配送の窓口""}","""イベント"""
v2-gen-score-01-024,score,generated,件数の段階境界,"""草原で未回答の質問を数えたところ、現在19件でした。処理済みは数に含めていません。""",現在の件数を指定の段階基準に当てはめてください。,"[""対象件数が5件未満"", ""対象件数が5件以上、10件未満"", ""対象件数が10件以上、15件未満"", ""対象件数が15件以上""]","""3"""
v2-gen-noul-09-047,noul,generated,重複を除いた件数,"{""棚"": ""夕凪"", ""読み取り品名"": [""箱"", ""クリップ"", ""ノート"", ""ノート"", ""シール""], ""数え方"": ""同一品名の重複を除く""}",品物の種類は4種類以上ありますか。,"{""false"": ""いいえ。質問の命題は成立しない。"", ""true"": ""はい。質問の命題が成立する。""}","""true"""
v2-gen-score-12-011,score,generated,目標からの差,"{""案件"": ""夕凪"", ""目標数"": 9, ""実績数"": 8, ""採点"": ""差の絶対値。ただし2以上は段階2""}",示された上限を含め、実績のずれを段階に変換してください。,"[""目標との差が0個"", ""目標との差が1個"", ""目標との差が2個以上""]","""1"""
v2-gen-noul-03-023,noul,generated,いずれかの条件,"""星空の受付では入場証・受付確認票・会員証・紹介状のうち一つ以上があれば通れます。松本さん: 入場証はなし、受付確認票はなし、会員証はなし、紹介状はなし。""",少なくとも一つの必要条件が成立していますか。,"{""false"": ""いいえ。質問の命題は成立しない。"", ""true"": ""はい。質問の命題が成立する。""}","""false"""
v2-gen-noul-15-032,noul,generated,出来事の前後関係,"""渡辺さんの作業日誌は実施順に電話連絡→引継ぎ→荷物受取→棚への配置→検品→休憩→報告です。記載した各作業は一回ずつ実施しました。""",荷物受取は電話連絡より前に行われましたか。,"{""false"": ""いいえ。質問の命題は成立しない。"", ""true"": ""はい。質問の命題が成立する。""}","""false"""
v2-gen-score-06-030,score,generated,約束時刻からの遅れ,"""星空便は6時到着の約束でした。実際の到着は同じ日の14時です。早着した場合の遅れは0時間とします。""",約束時刻と到着時刻の差から、遅延段階を選んでください。,"[""遅れが1時間未満"", ""遅れが1時間以上、2時間未満"", ""遅れが2時間以上、3時間未満"", ""遅れが3時間以上、4時間未満"", ""遅れが4時間以上、5時間未満"", ""遅れが5時間以上、6時間未満"", ""遅れが6時間以上、7時間未満"", ""遅れが7時間以上""]","""7"""
v2-gen-score-01-013,score,generated,件数の段階境界,"{""案件"": ""若葉"", ""計数対象"": ""未処理の連絡"", ""件数"": 3, ""処理済みを除外"": true}",件数だけを評価尺度に照らして判定してください。,"[""対象件数が2件未満"", ""対象件数が2件以上、4件未満"", ""対象件数が4件以上、6件未満"", ""対象件数が6件以上、8件未満"", ""対象件数が8件以上、10件未満"", ""対象件数が10件以上、12件未満"", ""対象件数が12件以上""]","""1"""
v2-gen-score-01-050,score,generated,件数の段階境界,"""青空で未回答の質問を数えたところ、現在6件でした。処理済みは数に含めていません。""",件数だけを評価尺度に照らして判定してください。,"[""対象件数が4件未満"", ""対象件数が4件以上""]","""1"""
v2-gen-score-03-039,score,generated,順番に進む工程,"""水面の工程順は日程調整→審査→承認→引継ぎ→受付→準備。先頭から順に進め、完了済みは日程調整、審査、承認、引継ぎ、受付です。着手中の工程は完了に含めません。""",この案件は完了ベースでどの段階まで進みましたか。,"[""完了した工程はまだない"", ""先頭から1工程が完了（最後に完了したのは日程調整）"", ""先頭から2工程が完了（最後に完了したのは審査）"", ""先頭から3工程が完了（最後に完了したのは承認）"", ""先頭から4工程が完了（最後に完了したのは引継ぎ）"", ""先頭から5工程が完了（最後に完了したのは受付）"", ""先頭から6工程が完了（最後に完了したのは準備）""]","""5"""
v2-gen-score-10-004,score,generated,不足の段階,"{""申請"": ""木漏れ日"", ""必要書類"": [""承認書"", ""申込書""], ""届いた書類"": [""申込書"", ""挨拶状""], ""余分な書類で代用できる"": false}",必要書類の不足数に対応する段階を選んでください。,"[""不足が0種類"", ""不足が1種類"", ""不足が2種類""]","""1"""
v2-gen-noul-05-038,noul,generated,締切の境界,"""山道の提出は17時ちょうどまで受け付け、同時刻の提出も有効です。中村さんの提出記録は11時ちょうどです。""",記録された提出時刻は締切内ですか。,"{""false"": ""いいえ。質問の命題は成立しない。"", ""true"": ""はい。質問の命題が成立する。""}","""true"""
v2-gen-noul-10-027,noul,generated,条件付き義務,"{""規則"": ""当日申請なら依頼者への通知が必要。それ以外では義務なし"", ""条件に該当"": true, ""必要処置を実施"": false}",この義務に関して、規則上問題なしと判定できますか。,"{""false"": ""いいえ。質問の命題は成立しない。"", ""true"": ""はい。質問の命題が成立する。""}","""false"""
v2-gen-noul-14-012,noul,generated,予定時間の重なり,"""遠藤さんの予定: 夕凪会議は15時から16時、面談は15時から18時。終了と次の開始が同時刻の場合は重複とは扱いません。""",同時に二つの予定に出席しなければならない時間がありますか。,"{""false"": ""いいえ。質問の命題は成立しない。"", ""true"": ""はい。質問の命題が成立する。""}","""true"""
v2-gen-score-15-027,score,generated,軽重のある項目,"""この点検の配点: 宛名不備は2点、添付欠落は1点、頁番号欠落は1点、余白不備は1点。見つかった不備: 宛名不備。該当項目の点を合計し、4点以上は段階4にまとめます。""",項目数ではなく指定された点数で評価してください。,"[""不備点の合計が0点"", ""不備点の合計が1点"", ""不備点の合計が2点"", ""不備点の合計が3点"", ""不備点の合計が4点以上""]","""2"""
v2-gen-score-09-024,score,generated,例外による上限,"{""検査合格"": {""付属品"": false}, ""要再確認の印あり"": true, ""採点規則"": ""合格数が点数。ただし印があれば上限0点""}",例外条件を反映した評価段階を答えてください。,"[""最終点0点"", ""最終点1点""]","""0"""
v2-gen-choice-04-010,choice,generated,参照先の担当,"{""案件担当"": {""若葉"": ""石田"", ""草原"": ""遠藤"", ""青空"": ""高橋"", ""水面"": ""加藤"", ""夕凪"": ""佐藤"", ""山道"": ""大野"", ""星空"": ""森"", ""朝露"": ""木村""}, ""資料の所属案件"": {""カード"": ""草原"", ""袋"": ""青空"", ""ファイル"": ""若葉"", ""封筒"": ""水面"", ""付箋"": ""星空"", ""ラベル"": ""朝露"", ""ケース"": ""夕凪"", ""冊子"": ""山道""}, ""確認資料"": ""冊子""}",確認資料が属する案件の担当者を選んでください。,"{""佐藤"": ""佐藤さん"", ""加藤"": ""加藤さん"", ""大野"": ""大野さん"", ""木村"": ""木村さん"", ""森"": ""森さん"", ""石田"": ""石田さん"", ""遠藤"": ""遠藤さん"", ""高橋"": ""高橋さん""}","""大野"""
v2-gen-score-02-050,score,generated,記述の満足段階,"{""回答者"": ""吉田"", ""対象"": ""白波"", ""感想原文"": ""満足の程度は最高だった""}",回答者が表明した満足の程度を分類してください。,"[""やや満足"", ""強い満足"", ""最高の満足""]","""2"""
v2-gen-noul-04-046,noul,generated,例外の優先,"{""許可条件"": ""事前承認済み"", ""優先禁止条件"": ""入場制限中"", ""対象"": ""青木"", ""許可条件に該当"": true, ""禁止条件に該当"": false}",この人は現在、利用可能ですか。,"{""false"": ""いいえ。質問の命題は成立しない。"", ""true"": ""はい。質問の命題が成立する。""}","""true"""
v2-gen-choice-03-040,choice,generated,最終更新,"{""案件"": ""白波"", ""更新記録"": [{""時"": 10, ""状態"": ""取消""}, {""時"": 14, ""状態"": ""受取済み""}, {""時"": 18, ""状態"": ""受取済み""}, {""時"": 9, ""状態"": ""受取済み""}, {""時"": 8, ""状態"": ""受取済み""}]}",記載順ではなく更新時刻を比べ、最新の状態を選んでください。,"{""取消"": ""取消"", ""受取済み"": ""受取済み""}","""受取済み"""
v2-gen-score-03-008,score,generated,順番に進む工程,"""若葉の工程順は日程調整→実施→引継ぎ。先頭から順に進め、完了済みは日程調整、実施、引継ぎです。着手中の工程は完了に含めません。""",工程の完了状況を段階尺度で評価してください。,"[""完了した工程はまだない"", ""先頭から1工程が完了（最後に完了したのは日程調整）"", ""先頭から2工程が完了（最後に完了したのは実施）"", ""先頭から3工程が完了（最後に完了したのは引継ぎ）""]","""3"""
v2-gen-score-13-001,score,generated,取消しを反映した件数,"""朝露の申込み記録: 大野は未受付・取消なし、林は未受付・取消なし、松本は未受付・取消なし、加藤は未受付・取消なし、石田は未受付・取消なし、木村は未受付・取消なし、渡辺は未受付・取消なし。取消済みの申込みは有効件数から除きます。6件以上は最終段階6にまとめます。""",現在有効な申込みだけを数えて評価してください。,"[""有効申込みが0件"", ""有効申込みが1件"", ""有効申込みが2件"", ""有効申込みが3件"", ""有効申込みが4件"", ""有効申込みが5件"", ""有効申込みが6件以上""]","""0"""
v2-gen-noul-11-040,noul,generated,参照関係の真偽,"""担当表: 水面は佐藤、草原は松本、朝露は石田、木漏れ日は中村。資料の関連先: シールは朝露、封筒は木漏れ日、名札は草原、テープは水面。""",中村さんはシールが属する案件の担当者と言えますか。,"{""false"": ""いいえ。質問の命題は成立しない。"", ""true"": ""はい。質問の命題が成立する。""}","""false"""
v2-gen-noul-07-001,noul,generated,識別文字列の完全一致,"{""商品ラベル"": ""JK9-D"", ""注文票"": ""JK9-D"", ""照合規則"": ""大文字小文字と記号も含む完全一致""}",指定された照合規則で一致と判定できますか。,"{""false"": ""いいえ。質問の命題は成立しない。"", ""true"": ""はい。質問の命題が成立する。""}","""true"""
v2-gen-score-04-021,score,generated,独立チェックの合計,"""山道資料の点検: 日付ありは満たさない、承認印ありは満たさない、部署名ありは満たさない。各項目は一つずつ数えます。""",合格した項目数に対応する段階を答えてください。,"[""満たした項目が0個"", ""満たした項目が1個"", ""満たした項目が2個"", ""満たした項目が3個""]","""0"""
v2-gen-score-07-025,score,generated,証拠の最高到達段階,"""この調査固有の証拠段階表: 検収記録は段階1、計測記録は段階2。春風で得られた証拠は検収記録。複数ある場合は最大の段階を使い、なければ0です。""",記録済みの証拠から得られる最高段階はどれですか。,"[""証拠なしの段階0"", ""表に基づく最高証拠段階1"", ""表に基づく最高証拠段階2""]","""1"""
v2-gen-noul-12-017,noul,generated,記録と主張の照合,"""朝露施設の入口について、いま確認した確定記録は北口は完全に開いている、南口は4分の1だけ開いている、東口は4分の1だけ開いている、西口は半分だけ開いている、裏口は完全に閉じている、搬入口は完全に閉じているです。現在の判断にはこの確定記録だけを使います。""",『現在の北口は半分だけ開いている』という主張は確定記録と一致しますか。,"{""false"": ""いいえ。質問の命題は成立しない。"", ""true"": ""はい。質問の命題が成立する。""}","""false"""
v2-gen-choice-03-027,choice,generated,最終更新,"""案件「草原」の記録です。12時の更新: 未着手。 18時の更新: 確認中。 14時の更新: 受取済み。 15時の更新: 差戻し。 20時の更新: 未着手。""",時刻が最も新しい更新に基づく状態を答えてください。,"{""保留"": ""保留"", ""受取済み"": ""受取済み"", ""差戻し"": ""差戻し"", ""未着手"": ""未着手"", ""確認中"": ""確認中""}","""未着手"""
v2-gen-noul-15-026,noul,generated,出来事の前後関係,"{""担当者"": ""遠藤"", ""実施順"": [""引継ぎ"", ""検品"", ""荷物受取"", ""棚への配置"", ""報告""], ""各作業の実施回数"": 1}",日誌では検品の方が引継ぎより先ですか。,"{""false"": ""いいえ。質問の命題は成立しない。"", ""true"": ""はい。質問の命題が成立する。""}","""false"""
v2-gen-noul-10-046,noul,generated,条件付き義務,"""規則: 個人向けのときだけ上長の承認が必須です。それ以外の場合にはこの義務はなく、実施していても構いません。今回の案件は個人向けに非該当で、上長の承認は実施済みです。""",この記録は規則を守っていますか。,"{""false"": ""いいえ。質問の命題は成立しない。"", ""true"": ""はい。質問の命題が成立する。""}","""true"""
v2-gen-choice-10-003,choice,generated,不在時の代理,"""担当者: 白波は佐藤、若葉は石田、春風は林、草原は渡辺、夕凪は松本、灯台は上田、水面は青木、青空は吉田。代理者: 佐藤の代理は石田、石田の代理は林、林の代理は渡辺、渡辺の代理は松本、松本の代理は上田、上田の代理は青木、青木の代理は吉田、吉田の代理は佐藤。本日の不在者は吉田。問い合わせ先の案件は草原です。代理への振替は一回だけ行い、その先の不在は判定しません。""",一回だけの代理振替を適用した後の宛先を答えてください。,"{""上田"": ""上田さん"", ""佐藤"": ""佐藤さん"", ""吉田"": ""吉田さん"", ""松本"": ""松本さん"", ""林"": ""林さん"", ""渡辺"": ""渡辺さん"", ""石田"": ""石田さん"", ""青木"": ""青木さん""}","""渡辺"""
v2-gen-choice-15-028,choice,generated,文章内の順序参照,"""水面会議では、発表者を発表順に「松本、加藤、渡辺、吉田、高橋、木村、上田」と紹介しました。同じ人の再登場はありません。""",最初を1番目として、1番目の発表者を選んでください。,"{""上田"": ""上田さん"", ""加藤"": ""加藤さん"", ""吉田"": ""吉田さん"", ""木村"": ""木村さん"", ""松本"": ""松本さん"", ""渡辺"": ""渡辺さん"", ""高橋"": ""高橋さん""}","""松本"""
v2-gen-score-07-035,score,generated,証拠の最高到達段階,"""この調査固有の証拠段階表: 写真記録は段階1、担当者報告は段階2、一次資料は段階3、署名済み文書は段階4、計測記録は段階5。山道で得られた証拠は計測記録。複数ある場合は最大の段階を使い、なければ0です。""",この調査の証拠段階を選んでください。,"[""証拠なしの段階0"", ""表に基づく最高証拠段階1"", ""表に基づく最高証拠段階2"", ""表に基づく最高証拠段階3"", ""表に基づく最高証拠段階4"", ""表に基づく最高証拠段階5""]","""5"""
v2-gen-score-01-042,score,generated,件数の段階境界,"{""案件"": ""水面"", ""計数対象"": ""未回答の質問"", ""件数"": 17, ""処理済みを除外"": true}",記録された数に対応する段階を選んでください。,"[""対象件数が3件未満"", ""対象件数が3件以上、6件未満"", ""対象件数が6件以上、9件未満"", ""対象件数が9件以上、12件未満"", ""対象件数が12件以上、15件未満"", ""対象件数が15件以上、18件未満"", ""対象件数が18件以上、21件未満"", ""対象件数が21件以上""]","""5"""
v2-gen-noul-14-045,noul,generated,予定時間の重なり,"""松本さんの予定: 灯台会議は15時から19時、面談は14時から15時。終了と次の開始が同時刻の場合は重複とは扱いません。""",指定された端点の扱いで予定の重複はありますか。,"{""false"": ""いいえ。質問の命題は成立しない。"", ""true"": ""はい。質問の命題が成立する。""}","""false"""
v2-gen-choice-13-012,choice,generated,工程の依存順,"{""案件"": ""水面"", ""工程順"": [""承認"", ""報告""], ""完了済み"": [""承認""], ""規則"": ""順に実行し未完了工程を飛ばさない""}",次に行う工程を選んでください。すべて済んでいれば完了を選びます。,"{""報告"": ""報告"", ""完了"": ""全工程が完了"", ""承認"": ""承認""}","""報告"""
v2-gen-noul-11-041,noul,generated,参照関係の真偽,"""担当表: 青空は吉田、白波は佐藤。資料の関連先: ラベルは白波、ペンは青空。""",ペンに関連する案件の担当は吉田さんですか。,"{""false"": ""いいえ。質問の命題は成立しない。"", ""true"": ""はい。質問の命題が成立する。""}","""true"""
v2-gen-score-09-008,score,generated,例外による上限,"""検査合格状況: 動作は合格、寸法は不合格、表示は合格、記録は不合格、外観は合格、付属品は不合格。合格項目一つにつき1点ですが、要再確認の印があれば上限1点に制限します。今回その印はあります。""",単純な合格数ではなく、上限ルール適用後の点数を求めてください。,"[""最終点0点"", ""最終点1点"", ""最終点2点"", ""最終点3点"", ""最終点4点"", ""最終点5点"", ""最終点6点""]","""1"""
v2-gen-noul-11-010,noul,generated,参照関係の真偽,"{""案件担当"": {""草原"": ""青木"", ""水面"": ""森"", ""山道"": ""石田""}, ""資料関連先"": {""付箋"": ""山道"", ""ファイル"": ""水面"", ""袋"": ""草原""}}",ファイルの関連先を担当表で引くと石田さんになりますか。,"{""false"": ""いいえ。質問の命題は成立しない。"", ""true"": ""はい。質問の命題が成立する。""}","""false"""
v2-gen-noul-01-034,noul,generated,事実と否定質問,"{""対象者"": ""遠藤"", ""項目"": ""受領印を押印"", ""実施済み"": true}",記録上、遠藤さんは受領印を押印していると言えますか。,"{""false"": ""いいえ。質問の命題は成立しない。"", ""true"": ""はい。質問の命題が成立する。""}","""true"""
v2-gen-choice-09-035,choice,generated,利用可能集合の差,"""貸出台帳で利用可能と記録されている品はカード。予約済みの品はなしです。""",予約済みを利用可能一覧から除いたとき、残る品を答えてください。,"{""カード"": ""カード"", ""冊子"": ""冊子""}","""カード"""
v2-gen-noul-12-048,noul,generated,記録と主張の照合,"""草原施設の入口について、いま確認した確定記録は北口は完全に閉じている、南口は完全に閉じている、東口は完全に閉じている、西口は完全に閉じている、裏口は半分だけ開いている、搬入口は完全に閉じているです。現在の判断にはこの確定記録だけを使います。""",いま西口が完全に閉じているという判断は正しいですか。,"{""false"": ""いいえ。質問の命題は成立しない。"", ""true"": ""はい。質問の命題が成立する。""}","""true"""
v2-gen-choice-07-035,choice,generated,複数属性の制約,"{""在庫表"": [{""品名"": ""ファイル"", ""色"": ""青"", ""素材"": ""ガラス"", ""在庫あり"": true}, {""品名"": ""シール"", ""色"": ""茶"", ""素材"": ""ガラス"", ""在庫あり"": true}, {""品名"": ""ペン"", ""色"": ""青"", ""素材"": ""紙"", ""在庫あり"": true}, {""品名"": ""ラベル"", ""色"": ""緑"", ""素材"": ""ガラス"", ""在庫あり"": true}, {""品名"": ""クリップ"", ""色"": ""緑"", ""素材"": ""ガラス"", ""在庫あり"": true}, {""品名"": ""付箋"", ""色"": ""赤"", ""素材"": ""ガラス"", ""在庫あり"": true}, {""品名"": ""カード"", ""色"": ""緑"", ""素材"": ""ガラス"", ""在庫あり"": true}, {""品名"": ""テープ"", ""色"": ""青"", ""素材"": ""樹脂"", ""在庫あり"": true}]}",今注文できるガラス製の青色の商品を答えてください。在庫なしは選べません。,"{""カード"": ""カード"", ""クリップ"": ""クリップ"", ""シール"": ""シール"", ""テープ"": ""テープ"", ""ファイル"": ""ファイル"", ""ペン"": ""ペン"", ""ラベル"": ""ラベル"", ""付箋"": ""付箋""}","""ファイル"""
v2-gen-noul-05-050,noul,generated,締切の境界,"{""受付規則"": ""14時ちょうどまで受け付け、同時刻の提出も有効"", ""提出者"": ""大野"", ""提出時刻"": 13}",時刻だけを基準に、この提出を有効と判定できますか。,"{""false"": ""いいえ。質問の命題は成立しない。"", ""true"": ""はい。質問の命題が成立する。""}","""true"""
v2-gen-noul-12-002,noul,generated,記録と主張の照合,"{""施設"": ""星空"", ""入口ごとの現在の確定記録"": {""北口"": ""半分だけ開いている"", ""南口"": ""半分だけ開いている"", ""東口"": ""4分の1だけ開いている"", ""西口"": ""4分の1だけ開いている"", ""裏口"": ""完全に閉じている"", ""搬入口"": ""4分の1だけ開いている""}, ""判定資料"": ""現在の確定記録のみ""}",『現在の南口は半分だけ開いている』という主張は確定記録と一致しますか。,"{""false"": ""いいえ。質問の命題は成立しない。"", ""true"": ""はい。質問の命題が成立する。""}","""true"""
v2-gen-choice-10-025,choice,generated,不在時の代理,"""担当者: 夕凪は石田、朝露は森、灯台は木村、春風は加藤、草原は松本。代理者: 石田の代理は森、森の代理は木村、木村の代理は加藤、加藤の代理は松本、松本の代理は石田。本日の不在者は石田。問い合わせ先の案件は夕凪です。代理への振替は一回だけ行い、その先の不在は判定しません。""",この案件を担当本人または指定代理に連絡します。宛先は誰ですか。,"{""加藤"": ""加藤さん"", ""木村"": ""木村さん"", ""松本"": ""松本さん"", ""森"": ""森さん"", ""石田"": ""石田さん""}","""森"""
v2-gen-choice-13-042,choice,generated,工程の依存順,"""案件「夕凪」の工程順は承認→実施→見積作成→内容確認です。途中の工程を飛ばすことはできません。完了済みは承認、実施、見積作成、内容確認です。""",この作業を一段進めるときに着手する工程を答えてください。残りがなければ完了です。,"{""内容確認"": ""内容確認"", ""完了"": ""全工程が完了"", ""実施"": ""実施"", ""承認"": ""承認"", ""見積作成"": ""見積作成""}","""完了"""
v2-gen-choice-14-047,choice,generated,二属性照合,"{""展示品"": [{""品名"": ""箱"", ""色"": ""黒"", ""素材"": ""ガラス""}, {""品名"": ""ノート"", ""色"": ""黒"", ""素材"": ""紙""}, {""品名"": ""クリップ"", ""色"": ""青"", ""素材"": ""樹脂""}, {""品名"": ""ファイル"", ""色"": ""白"", ""素材"": ""樹脂""}, {""品名"": ""ラベル"", ""色"": ""紫"", ""素材"": ""紙""}, {""品名"": ""封筒"", ""色"": ""白"", ""素材"": ""金属""}, {""品名"": ""名札"", ""色"": ""紫"", ""素材"": ""布""}, {""品名"": ""カード"", ""色"": ""青"", ""素材"": ""金属""}], ""指定色"": ""白"", ""指定素材"": ""樹脂""}",指定された色と素材の両方が一致する品を選んでください。,"{""カード"": ""カード"", ""クリップ"": ""クリップ"", ""ノート"": ""ノート"", ""ファイル"": ""ファイル"", ""ラベル"": ""ラベル"", ""名札"": ""名札"", ""封筒"": ""封筒"", ""箱"": ""箱""}","""ファイル"""
v2-gen-choice-06-039,choice,generated,時間枠の包含,"""部屋の連続利用可能時間: 黄室は9時から11時まで、茶室は8時から11時まで、緑室は11時から14時まで、赤室は8時から11時まで、黒室は8時から13時まで、紫室は8時から11時まで、白室は11時から13時まで。会議は10時開始、12時終了です。""",会議時間の一部だけでなく全体を含む空き時間を持つ部屋を答えてください。端の一致は可です。,"{""白"": ""白室"", ""紫"": ""紫室"", ""緑"": ""緑室"", ""茶"": ""茶室"", ""赤"": ""赤室"", ""黄"": ""黄室"", ""黒"": ""黒室""}","""黒"""
v2-gen-choice-03-006,choice,generated,最終更新,"""案件「春風」の記録です。9時の更新: 発送済み。 11時の更新: 取消。 20時の更新: 受取済み。""",時刻が最も新しい更新に基づく状態を答えてください。,"{""取消"": ""取消"", ""受取済み"": ""受取済み"", ""差戻し"": ""差戻し"", ""承認"": ""承認"", ""未着手"": ""未着手"", ""発送済み"": ""発送済み""}","""受取済み"""
v2-gen-noul-07-039,noul,generated,識別文字列の完全一致,"""商品ラベルの管理コードは「MN8-C」、注文票の管理コードは「MN8-C」です。照合では大文字と小文字、記号の違いも区別します。""",指定された照合規則で一致と判定できますか。,"{""false"": ""いいえ。質問の命題は成立しない。"", ""true"": ""はい。質問の命題が成立する。""}","""true"""
v2-gen-score-04-028,score,generated,独立チェックの合計,"{""資料"": ""朝露"", ""チェック項目"": {""署名あり"": false, ""ページ番号あり"": true, ""宛先あり"": false}, ""各項目の重み"": 1}",条件を満たした項目を一つ一点として集計してください。,"[""満たした項目が0個"", ""満たした項目が1個"", ""満たした項目が2個"", ""満たした項目が3個""]","""1"""
v2-gen-choice-09-032,choice,generated,利用可能集合の差,"{""利用可能品"": [""名札"", ""冊子"", ""封筒"", ""テープ"", ""ノート"", ""付箋""], ""予約済み品"": [""付箋"", ""ノート"", ""封筒"", ""冊子"", ""名札""]}",利用可能品のうち、予約されていない品を選んでください。,"{""テープ"": ""テープ"", ""ノート"": ""ノート"", ""付箋"": ""付箋"", ""冊子"": ""冊子"", ""名札"": ""名札"", ""封筒"": ""封筒""}","""テープ"""
v2-gen-score-07-007,score,generated,証拠の最高到達段階,"{""調査"": ""木漏れ日"", ""この調査の証拠段階"": {""一次資料"": 1, ""口頭メモ"": 2, ""計測記録"": 3, ""立会記録"": 4, ""写真記録"": 5}, ""得られた証拠"": [""一次資料""], ""集約規則"": ""得られた段階の最大。証拠なしは0""}",この調査の証拠段階を選んでください。,"[""証拠なしの段階0"", ""表に基づく最高証拠段階1"", ""表に基づく最高証拠段階2"", ""表に基づく最高証拠段階3"", ""表に基づく最高証拠段階4"", ""表に基づく最高証拠段階5""]","""1"""
v2-gen-noul-01-007,noul,generated,事実と否定質問,"{""対象者"": ""森"", ""項目"": ""受領印を押印"", ""実施済み"": false}",確定情報だけから、森さんが受領印を押印しているという判断は正しいですか。,"{""false"": ""いいえ。質問の命題は成立しない。"", ""true"": ""はい。質問の命題が成立する。""}","""false"""
v2-gen-noul-13-042,noul,generated,範囲の開閉境界,"""灯台の受付数は、5個より多い、かつ12個以下の場合に限り適合です。今回の数は13個です。""",今回の個数は適合範囲に入っていますか。,"{""false"": ""いいえ。質問の命題は成立しない。"", ""true"": ""はい。質問の命題が成立する。""}","""false"""
v2-gen-choice-07-006,choice,generated,複数属性の制約,"""在庫表: 付箋は白色・紙製・在庫あり、カードは白色・紙製・在庫なし。""",今注文できる紙製の白色の商品を答えてください。在庫なしは選べません。,"{""カード"": ""カード"", ""付箋"": ""付箋""}","""付箋"""
v2-gen-score-07-003,score,generated,証拠の最高到達段階,"{""調査"": ""草原"", ""この調査の証拠段階"": {""第三者確認"": 1}, ""得られた証拠"": [""第三者確認""], ""集約規則"": ""得られた段階の最大。証拠なしは0""}",明示された段階表だけで証拠を評価してください。,"[""証拠なしの段階0"", ""表に基づく最高証拠段階1""]","""1"""
v2-gen-score-02-034,score,generated,記述の満足段階,"""上田さんは星空の体験について「大きな問題ではないが、やや不満がある」と回答しました。追加の発言はありません。""",回答者が表明した満足の程度を分類してください。,"[""極めて強い不満"", ""強い不満"", ""不満"", ""やや不満"", ""どちらでもない"", ""満足"", ""極めて強い満足"", ""最高の満足""]","""3"""
v2-gen-noul-01-002,noul,generated,事実と否定質問,"{""対象者"": ""遠藤"", ""項目"": ""検収を完了"", ""実施済み"": false}",『遠藤さんは検収を完了していない』はこの記録と一致しますか。,"{""false"": ""いいえ。質問の命題は成立しない。"", ""true"": ""はい。質問の命題が成立する。""}","""true"""
v2-gen-score-07-048,score,generated,証拠の最高到達段階,"""この調査固有の証拠段階表: 担当者報告は段階1、写真記録は段階2、署名済み文書は段階3、計測記録は段階4。朝露で得られた証拠は担当者報告、署名済み文書、計測記録、写真記録。複数ある場合は最大の段階を使い、なければ0です。""",この調査の証拠段階を選んでください。,"[""証拠なしの段階0"", ""表に基づく最高証拠段階1"", ""表に基づく最高証拠段階2"", ""表に基づく最高証拠段階3"", ""表に基づく最高証拠段階4""]","""4"""
v2-gen-noul-05-005,noul,generated,締切の境界,"{""受付規則"": ""17時より前だけ受け付け、17時ちょうどは無効"", ""提出者"": ""渡辺"", ""提出時刻"": 21}",この提出は時間条件を満たしていますか。,"{""false"": ""いいえ。質問の命題は成立しない。"", ""true"": ""はい。質問の命題が成立する。""}","""false"""
v2-gen-choice-15-014,choice,generated,文章内の順序参照,"{""会議"": ""若葉"", ""発表順"": [""青木"", ""上田"", ""林"", ""大野""]}",紹介された順番で1人目に発表する人は誰ですか。,"{""上田"": ""上田さん"", ""大野"": ""大野さん"", ""林"": ""林さん"", ""青木"": ""青木さん""}","""青木"""
v2-gen-noul-05-007,noul,generated,締切の境界,"{""受付規則"": ""10時より前だけ受け付け、10時ちょうどは無効"", ""提出者"": ""佐藤"", ""提出時刻"": 13}",記録された提出時刻は締切内ですか。,"{""false"": ""いいえ。質問の命題は成立しない。"", ""true"": ""はい。質問の命題が成立する。""}","""false"""
v2-gen-choice-13-014,choice,generated,工程の依存順,"""案件「星空」の工程順は受付→実施→報告→内容確認→準備です。途中の工程を飛ばすことはできません。完了済みはなしです。""",まだ済んでいない最初の工程は何ですか。存在しない場合は完了です。,"{""内容確認"": ""内容確認"", ""受付"": ""受付"", ""報告"": ""報告"", ""完了"": ""全工程が完了"", ""実施"": ""実施"", ""準備"": ""準備""}","""受付"""
v2-gen-score-10-033,score,generated,不足の段階,"""若葉申請で必要なものは同意書、添付図、受領票。届いたものは受領票、添付図、参考資料、同意書です。必要一覧にない書類は不足を埋めません。""",必要書類の不足数に対応する段階を選んでください。,"[""不足が0種類"", ""不足が1種類"", ""不足が2種類"", ""不足が3種類""]","""0"""
v2-gen-choice-05-004,choice,generated,否定条件で選択,"{""検品"": [{""品名"": ""ノート"", ""封がある"": false, ""濡れている"": true}, {""品名"": ""名札"", ""封がある"": true, ""濡れている"": true}, {""品名"": ""ファイル"", ""封がある"": true, ""濡れている"": true}, {""品名"": ""カード"", ""封がある"": false, ""濡れている"": true}, {""品名"": ""テープ"", ""封がある"": false, ""濡れている"": true}, {""品名"": ""袋"", ""封がある"": true, ""濡れている"": true}, {""品名"": ""ペン"", ""封がある"": false, ""濡れている"": true}, {""品名"": ""箱"", ""封がある"": true, ""濡れている"": false}]}",濡れた品は除外し、封がある品を一つ選んでください。,"{""カード"": ""カード"", ""テープ"": ""テープ"", ""ノート"": ""ノート"", ""ファイル"": ""ファイル"", ""ペン"": ""ペン"", ""名札"": ""名札"", ""箱"": ""箱"", ""袋"": ""袋""}","""箱"""
v2-gen-choice-09-020,choice,generated,利用可能集合の差,"""貸出台帳で利用可能と記録されている品はノート、クリップ、冊子。予約済みの品はノート、用紙、ファイル、シール、冊子です。""",予約済みを利用可能一覧から除いたとき、残る品を答えてください。,"{""クリップ"": ""クリップ"", ""シール"": ""シール"", ""ノート"": ""ノート"", ""ファイル"": ""ファイル"", ""付箋"": ""付箋"", ""冊子"": ""冊子"", ""用紙"": ""用紙""}","""クリップ"""
v2-gen-score-13-022,score,generated,取消しを反映した件数,"""若葉の申込み記録: 青木は受付済み・取消なし、森は受付済み・取消なし、中村は受付済み・取消済み、加藤は受付済み・取消済み、大野は受付済み・取消済み、吉田は受付済み・取消済み、渡辺は受付済み・取消なし。取消済みの申込みは有効件数から除きます。6件以上は最終段階6にまとめます。""",受付済みから取消済みを除いた件数はいくつの段階ですか。,"[""有効申込みが0件"", ""有効申込みが1件"", ""有効申込みが2件"", ""有効申込みが3件"", ""有効申込みが4件"", ""有効申込みが5件"", ""有効申込みが6件以上""]","""3"""
v2-gen-choice-13-036,choice,generated,工程の依存順,"{""案件"": ""山道"", ""工程順"": [""報告"", ""実施"", ""承認"", ""準備"", ""見積作成"", ""受付"", ""内容確認""], ""完了済み"": [""報告""], ""規則"": ""順に実行し未完了工程を飛ばさない""}",まだ済んでいない最初の工程は何ですか。存在しない場合は完了です。,"{""内容確認"": ""内容確認"", ""受付"": ""受付"", ""報告"": ""報告"", ""完了"": ""全工程が完了"", ""実施"": ""実施"", ""承認"": ""承認"", ""準備"": ""準備"", ""見積作成"": ""見積作成""}","""実施"""
v2-gen-score-14-037,score,generated,参照表の順序尺度,"""今回の検査用の対応表: 黒印は段階0、赤印は段階1、茶印は段階2、緑印は段階3、青印は段階4、黄印は段階5、紫印は段階6、白印は段階7。夕凪の確定検査票には黒印が付いています。色に一般的な良し悪しは仮定しません。""",今回の対応表を使って検査票の段階を選んでください。,"[""表による段階0"", ""表による段階1"", ""表による段階2"", ""表による段階3"", ""表による段階4"", ""表による段階5"", ""表による段階6"", ""表による段階7""]","""0"""
v2-gen-noul-10-035,noul,generated,条件付き義務,"{""規則"": ""夜間受付なら依頼者への通知が必要。それ以外では義務なし"", ""条件に該当"": true, ""必要処置を実施"": false}",この記録は規則を守っていますか。,"{""false"": ""いいえ。質問の命題は成立しない。"", ""true"": ""はい。質問の命題が成立する。""}","""false"""
v2-gen-score-10-008,score,generated,不足の段階,"""朝露申請で必要なものは申込書、承認書、同意書、確認票、見積書、添付図。届いたものは承認書、申込書、同意書、挨拶状、見積書、確認票です。必要一覧にない書類は不足を埋めません。""",必要書類の不足数に対応する段階を選んでください。,"[""不足が0種類"", ""不足が1種類"", ""不足が2種類"", ""不足が3種類"", ""不足が4種類"", ""不足が5種類"", ""不足が6種類""]","""1"""
v2-gen-score-15-029,score,generated,軽重のある項目,"{""不備ごとの配点"": {""頁番号欠落"": 2, ""添付欠落"": 1, ""日付欠落"": 1, ""署名欠落"": 1, ""誤字"": 1, ""余白不備"": 1}, ""不備あり"": {""頁番号欠落"": true, ""添付欠落"": true, ""日付欠落"": false, ""署名欠落"": false, ""誤字"": false, ""余白不備"": true}, ""上限"": 6}",配点の違いを反映した最終段階を選んでください。,"[""不備点の合計が0点"", ""不備点の合計が1点"", ""不備点の合計が2点"", ""不備点の合計が3点"", ""不備点の合計が4点"", ""不備点の合計が5点"", ""不備点の合計が6点以上""]","""4"""
v2-gen-choice-15-001,choice,generated,文章内の順序参照,"{""会議"": ""草原"", ""発表順"": [""森"", ""遠藤""]}",紹介された順番で2人目に発表する人は誰ですか。,"{""森"": ""森さん"", ""遠藤"": ""遠藤さん""}","""遠藤"""
v2-gen-choice-04-015,choice,generated,参照先の担当,"{""案件担当"": {""青空"": ""中村"", ""山道"": ""佐藤"", ""木漏れ日"": ""木村""}, ""資料の所属案件"": {""シール"": ""山道"", ""付箋"": ""木漏れ日"", ""ペン"": ""青空""}, ""確認資料"": ""シール""}",この資料について、所属案件を通じて連絡すべき担当者は誰ですか。,"{""中村"": ""中村さん"", ""佐藤"": ""佐藤さん"", ""木村"": ""木村さん""}","""佐藤"""
v2-gen-choice-08-015,choice,generated,改訂と例外の優先,"{""通常品ラベルの改訂・古い順"": [""赤"", ""茶"", ""青""], ""優先例外"": ""冷蔵品は青"", ""荷物"": ""通常品"", ""規則"": ""後の改訂が前を上書きする""}",今回適用されるラベルを一つ決めてください。,"{""緑"": ""緑ラベル"", ""茶"": ""茶ラベル"", ""赤"": ""赤ラベル"", ""青"": ""青ラベル"", ""黄"": ""黄ラベル"", ""黒"": ""黒ラベル""}","""青"""
v2-gen-noul-01-025,noul,generated,事実と否定質問,"""遠藤さんについての確定記録: 作業を中断していません。""",『遠藤さんは作業を中断している』はこの記録と一致しますか。,"{""false"": ""いいえ。質問の命題は成立しない。"", ""true"": ""はい。質問の命題が成立する。""}","""false"""
v2-gen-score-13-036,score,generated,取消しを反映した件数,"""草原の申込み記録: 青木は受付済み・取消なし、中村は受付済み・取消なし、林は受付済み・取消なし、遠藤は受付済み・取消なし、吉田は受付済み・取消なし、高橋は受付済み・取消済み。取消済みの申込みは有効件数から除きます。6件以上は最終段階6にまとめます。""",取消し後に残る有効申込み数を段階として選んでください。,"[""有効申込みが0件"", ""有効申込みが1件"", ""有効申込みが2件"", ""有効申込みが3件"", ""有効申込みが4件"", ""有効申込みが5件"", ""有効申込みが6件以上""]","""5"""
v2-gen-choice-06-020,choice,generated,時間枠の包含,"{""空き時間"": [{""部屋"": ""青"", ""開始"": 13, ""終了"": 17}, {""部屋"": ""茶"", ""開始"": 13, ""終了"": 17}, {""部屋"": ""緑"", ""開始"": 15, ""終了"": 19}], ""会議開始"": 15, ""会議終了"": 18}",会議時間の一部だけでなく全体を含む空き時間を持つ部屋を答えてください。端の一致は可です。,"{""緑"": ""緑室"", ""茶"": ""茶室"", ""青"": ""青室""}","""緑"""
v2-gen-noul-07-025,noul,generated,識別文字列の完全一致,"""商品ラベルの管理コードは「MN3-C」、注文票の管理コードは「MN3-C」です。照合では大文字と小文字、記号の違いも区別します。""",同一コードとして扱ってよいですか。,"{""false"": ""いいえ。質問の命題は成立しない。"", ""true"": ""はい。質問の命題が成立する。""}","""true"""
v2-gen-noul-04-040,noul,generated,例外の優先,"{""許可条件"": ""事前承認済み"", ""優先禁止条件"": ""登録凍結中"", ""対象"": ""山田"", ""許可条件に該当"": true, ""禁止条件に該当"": false}",禁止例外を先に考慮すると、この利用を認められますか。,"{""false"": ""いいえ。質問の命題は成立しない。"", ""true"": ""はい。質問の命題が成立する。""}","""true"""
v2-gen-score-12-022,score,generated,目標からの差,"{""案件"": ""水面"", ""目標数"": 12, ""実績数"": 9, ""採点"": ""差の絶対値。ただし6以上は段階6""}",示された上限を含め、実績のずれを段階に変換してください。,"[""目標との差が0個"", ""目標との差が1個"", ""目標との差が2個"", ""目標との差が3個"", ""目標との差が4個"", ""目標との差が5個"", ""目標との差が6個以上""]","""3"""
v2-gen-choice-08-049,choice,generated,改訂と例外の優先,"{""通常品ラベルの改訂・古い順"": [""紫"", ""茶"", ""青""], ""優先例外"": ""冷蔵品は赤"", ""荷物"": ""冷蔵品"", ""規則"": ""後の改訂が前を上書きする""}",例外と改訂の順序を考慮して、使用する色はどれですか。,"{""紫"": ""紫ラベル"", ""茶"": ""茶ラベル"", ""赤"": ""赤ラベル"", ""青"": ""青ラベル"", ""黒"": ""黒ラベル""}","""赤"""
v2-gen-score-03-042,score,generated,順番に進む工程,"{""案件"": ""夕凪"", ""工程順"": [""引継ぎ"", ""実施""], ""完了済み"": [""引継ぎ"", ""実施""], ""着手中は完了に含めない"": true}",この案件は完了ベースでどの段階まで進みましたか。,"[""完了した工程はまだない"", ""先頭から1工程が完了（最後に完了したのは引継ぎ）"", ""先頭から2工程が完了（最後に完了したのは実施）""]","""2"""
v2-gen-score-01-007,score,generated,件数の段階境界,"""星空で確認待ちの申請を数えたところ、現在0件でした。処理済みは数に含めていません。""",現在の件数を指定の段階基準に当てはめてください。,"[""対象件数が2件未満"", ""対象件数が2件以上、4件未満"", ""対象件数が4件以上、6件未満"", ""対象件数が6件以上、8件未満"", ""対象件数が8件以上、10件未満"", ""対象件数が10件以上、12件未満"", ""対象件数が12件以上、14件未満"", ""対象件数が14件以上""]","""0"""
v2-gen-score-06-028,score,generated,約束時刻からの遅れ,"{""便"": ""夕凪"", ""約束時刻"": 11, ""実際の到着時刻"": 17, ""同日"": true, ""早着時の遅れ"": 0}",遅れの時間に対応する段階を答えてください。,"[""遅れが2時間未満"", ""遅れが2時間以上、4時間未満"", ""遅れが4時間以上、6時間未満"", ""遅れが6時間以上、8時間未満"", ""遅れが8時間以上、10時間未満"", ""遅れが10時間以上""]","""3"""
v2-gen-noul-10-026,noul,generated,条件付き義務,"""規則: 個人向けのときだけ控えの交付が必須です。それ以外の場合にはこの義務はなく、実施していても構いません。今回の案件は個人向けに非該当で、控えの交付は実施済みです。""",この義務に関して、規則上問題なしと判定できますか。,"{""false"": ""いいえ。質問の命題は成立しない。"", ""true"": ""はい。質問の命題が成立する。""}","""true"""
v2-gen-choice-09-037,choice,generated,利用可能集合の差,"""貸出台帳で利用可能と記録されている品は名札、ノート、箱、テープ、クリップ。予約済みの品は名札、テープ、クリップ、箱です。""",今貸せるのは利用可能かつ未予約の品です。該当するものはどれですか。,"{""クリップ"": ""クリップ"", ""テープ"": ""テープ"", ""ノート"": ""ノート"", ""ラベル"": ""ラベル"", ""名札"": ""名札"", ""箱"": ""箱""}","""ノート"""
v2-gen-choice-03-026,choice,generated,最終更新,"{""案件"": ""灯台"", ""更新記録"": [{""時"": 16, ""状態"": ""差戻し""}, {""時"": 19, ""状態"": ""取消""}, {""時"": 15, ""状態"": ""差戻し""}]}",最後の時刻の記録が有効です。現在の状態はどれですか。,"{""保留"": ""保留"", ""取消"": ""取消"", ""差戻し"": ""差戻し"", ""発送済み"": ""発送済み""}","""取消"""
v2-gen-choice-15-030,choice,generated,文章内の順序参照,"{""会議"": ""星空"", ""発表順"": [""高橋"", ""松本"", ""佐藤""]}",紹介された順番で2人目に発表する人は誰ですか。,"{""佐藤"": ""佐藤さん"", ""松本"": ""松本さん"", ""高橋"": ""高橋さん""}","""松本"""
v2-gen-noul-08-035,noul,generated,集合と否定所属,"""灯台の参加者名簿は木村、渡辺、中村、上田です。この名簿は完全で、記載のない人は参加者ではありません。""",吉田さんは参加者であると言えますか。,"{""false"": ""いいえ。質問の命題は成立しない。"", ""true"": ""はい。質問の命題が成立する。""}","""false"""
v2-gen-score-13-007,score,generated,取消しを反映した件数,"""朝露の申込み記録: 加藤は受付済み・取消なし、山田は未受付・取消なし、吉田は受付済み・取消済み、高橋は未受付・取消なし、青木は未受付・取消なし、大野は未受付・取消なし。取消済みの申込みは有効件数から除きます。5件以上は最終段階5にまとめます。""",受付済みから取消済みを除いた件数はいくつの段階ですか。,"[""有効申込みが0件"", ""有効申込みが1件"", ""有効申込みが2件"", ""有効申込みが3件"", ""有効申込みが4件"", ""有効申込みが5件以上""]","""1"""
v2-gen-choice-01-050,choice,generated,問い合わせ経路,"{""分類表"": {""修理"": [""修理見積"", ""修理進捗"", ""保証修理""], ""製品"": [""破損"", ""初期不良"", ""部品交換""], ""イベント"": [""申込期限"", ""会場案内"", ""参加取消""], ""請求"": [""二重請求"", ""領収書"", ""返金""], ""契約"": [""契約更新"", ""プラン変更"", ""解約手続き""]}, ""本文"": ""今の契約を更新したいです"", ""受付主題"": ""契約更新""}",記録された主題を扱う転送先はどこですか。,"{""イベント"": ""イベントの窓口"", ""修理"": ""修理の窓口"", ""契約"": ""契約の窓口"", ""製品"": ""製品の窓口"", ""請求"": ""請求の窓口""}","""契約"""
v2-gen-score-12-044,score,generated,目標からの差,"""白波の目標数は11個、実績は8個です。多すぎても少なすぎても、目標から何個離れたかで評価します。差が7個以上なら最終段階7にまとめます。""",目標からのずれの段階を選んでください。,"[""目標との差が0個"", ""目標との差が1個"", ""目標との差が2個"", ""目標との差が3個"", ""目標との差が4個"", ""目標との差が5個"", ""目標との差が6個"", ""目標との差が7個以上""]","""3"""
v2-gen-choice-04-009,choice,generated,参照先の担当,"{""案件担当"": {""夕凪"": ""大野"", ""草原"": ""松本"", ""青空"": ""林"", ""星空"": ""山田"", ""灯台"": ""渡辺"", ""春風"": ""青木""}, ""資料の所属案件"": {""クリップ"": ""春風"", ""用紙"": ""夕凪"", ""ペン"": ""灯台"", ""ラベル"": ""星空"", ""ケース"": ""草原"", ""テープ"": ""青空""}, ""確認資料"": ""用紙""}",確認する資料の案件を担当している人を答えてください。,"{""大野"": ""大野さん"", ""山田"": ""山田さん"", ""松本"": ""松本さん"", ""林"": ""林さん"", ""渡辺"": ""渡辺さん"", ""青木"": ""青木さん""}","""大野"""
v2-gen-noul-14-029,noul,generated,予定時間の重なり,"{""対象者"": ""高橋"", ""会議"": [12, 15], ""面談"": [16, 19], ""規則"": ""終了時刻と開始時刻が一致するだけなら重複なし""}",指定された端点の扱いで予定の重複はありますか。,"{""false"": ""いいえ。質問の命題は成立しない。"", ""true"": ""はい。質問の命題が成立する。""}","""false"""
v2-gen-choice-14-036,choice,generated,二属性照合,"{""展示品"": [{""品名"": ""ケース"", ""色"": ""黄"", ""素材"": ""紙""}, {""品名"": ""用紙"", ""色"": ""茶"", ""素材"": ""樹脂""}, {""品名"": ""ラベル"", ""色"": ""白"", ""素材"": ""ガラス""}, {""品名"": ""箱"", ""色"": ""茶"", ""素材"": ""紙""}, {""品名"": ""袋"", ""色"": ""緑"", ""素材"": ""金属""}], ""指定色"": ""白"", ""指定素材"": ""ガラス""}",色だけ・素材だけの一致では足りません。該当品を答えてください。,"{""ケース"": ""ケース"", ""ラベル"": ""ラベル"", ""用紙"": ""用紙"", ""箱"": ""箱"", ""袋"": ""袋""}","""ラベル"""
v2-gen-choice-11-028,choice,generated,小数量の比較,"{""在庫"": [{""品名"": ""冊子"", ""総在庫"": 5, ""予約分"": 4}, {""品名"": ""シール"", ""総在庫"": 5, ""予約分"": 2}, {""品名"": ""袋"", ""総在庫"": 12, ""予約分"": 0}, {""品名"": ""ラベル"", ""総在庫"": 9, ""予約分"": 2}, {""品名"": ""ペン"", ""総在庫"": 12, ""予約分"": 2}], ""自由在庫"": ""総在庫から予約分を引く""}",予約分を差し引いた残りが一番多いのはどれですか。,"{""シール"": ""シール"", ""ペン"": ""ペン"", ""ラベル"": ""ラベル"", ""冊子"": ""冊子"", ""袋"": ""袋""}","""袋"""
v2-gen-noul-08-032,noul,generated,集合と否定所属,"{""催し"": ""山道"", ""完全な参加者名簿"": [""森"", ""高橋"", ""松本"", ""吉田""], ""補足"": ""名前のない人は参加者ではない""}",『高橋さんは参加者である』という記述は正しいですか。,"{""false"": ""いいえ。質問の命題は成立しない。"", ""true"": ""はい。質問の命題が成立する。""}","""true"""
v2-gen-choice-10-048,choice,generated,不在時の代理,"{""案件担当"": {""若葉"": ""松本"", ""夕凪"": ""青木"", ""朝露"": ""森"", ""星空"": ""木村"", ""水面"": ""渡辺"", ""春風"": ""大野""}, ""代理者"": {""松本"": ""青木"", ""青木"": ""森"", ""森"": ""木村"", ""木村"": ""渡辺"", ""渡辺"": ""大野"", ""大野"": ""松本""}, ""不在者"": [""木村"", ""青木"", ""森"", ""大野"", ""松本""], ""案件"": ""水面"", ""ルール"": ""担当者が不在なら指定代理に一度だけ振替。代理の在席状況は問わない""}",一回だけの代理振替を適用した後の宛先を答えてください。,"{""大野"": ""大野さん"", ""木村"": ""木村さん"", ""松本"": ""松本さん"", ""森"": ""森さん"", ""渡辺"": ""渡辺さん"", ""青木"": ""青木さん""}","""渡辺"""
v2-gen-score-01-034,score,generated,件数の段階境界,"""夕凪で確認待ちの申請を数えたところ、現在19件でした。処理済みは数に含めていません。""",現在の件数を指定の段階基準に当てはめてください。,"[""対象件数が4件未満"", ""対象件数が4件以上、8件未満"", ""対象件数が8件以上、12件未満"", ""対象件数が12件以上、16件未満"", ""対象件数が16件以上、20件未満"", ""対象件数が20件以上、24件未満"", ""対象件数が24件以上""]","""4"""
v2-gen-choice-12-021,choice,generated,条件付き不足書類,"""書類確認の優先順は本人確認票→委任状→承認書→同意書。本人確認票だけは代理申請の場合に限って必要で、それ以外は常に必要です。今回は代理申請。提出済みは本人確認票、委任状、承認書、同意書です。""",未提出の必要書類のうち優先順が最初のものを選んでください。全部そろっていれば追加不要です。,"{""同意書"": ""同意書"", ""委任状"": ""委任状"", ""承認書"": ""承認書"", ""本人確認票"": ""本人確認票"", ""追加不要"": ""必要書類はすべて提出済み""}","""追加不要"""
v2-gen-noul-10-009,noul,generated,条件付き義務,"{""規則"": ""個人向けなら確認票の添付が必要。それ以外では義務なし"", ""条件に該当"": true, ""必要処置を実施"": false}",この記録は規則を守っていますか。,"{""false"": ""いいえ。質問の命題は成立しない。"", ""true"": ""はい。質問の命題が成立する。""}","""false"""
v2-gen-score-03-043,score,generated,順番に進む工程,"{""案件"": ""白波"", ""工程順"": [""引継ぎ"", ""実施"", ""検収""], ""完了済み"": [], ""着手中は完了に含めない"": true}",工程の完了状況を段階尺度で評価してください。,"[""完了した工程はまだない"", ""先頭から1工程が完了（最後に完了したのは引継ぎ）"", ""先頭から2工程が完了（最後に完了したのは実施）"", ""先頭から3工程が完了（最後に完了したのは検収）""]","""0"""
v2-gen-noul-06-008,noul,generated,更新後の状態,"""草原の状態記録: 15時には空席あり、17時には空席あり、20時には点検中。時刻が新しい記録が古い記録を上書きします。""",最新の有効な記録から「点検中」と言えますか。,"{""false"": ""いいえ。質問の命題は成立しない。"", ""true"": ""はい。質問の命題が成立する。""}","""true"""
v2-gen-choice-01-044,choice,generated,問い合わせ経路,"{""分類表"": {""配送"": [""届け先変更"", ""荷物の遅延"", ""追跡番号""], ""イベント"": [""申込期限"", ""会場案内"", ""参加取消""], ""請求"": [""二重請求"", ""領収書"", ""返金""]}, ""本文"": ""発送前の荷物の届け先を変えたいです"", ""受付主題"": ""届け先変更""}",受付分類表を使って、この相談の担当を決めてください。,"{""イベント"": ""イベントの窓口"", ""請求"": ""請求の窓口"", ""配送"": ""配送の窓口""}","""配送"""
v2-gen-score-08-034,score,generated,要件への一致数,"""注文要件: 印字=あり、サイズ=中、色=青、形=三角。提案品: 印字=あり、サイズ=中、色=青、形=三角。""",注文要件と一致している属性の数を段階として選んでください。,"[""一致した要件が0項目"", ""一致した要件が1項目"", ""一致した要件が2項目"", ""一致した要件が3項目"", ""一致した要件が4項目""]","""4"""
v2-gen-choice-09-007,choice,generated,利用可能集合の差,"{""利用可能品"": [""袋"", ""冊子"", ""付箋"", ""名札"", ""ペン""], ""予約済み品"": [""ペン"", ""袋"", ""名札"", ""冊子"", ""ノート""]}",予約済みを利用可能一覧から除いたとき、残る品を答えてください。,"{""シール"": ""シール"", ""ノート"": ""ノート"", ""ペン"": ""ペン"", ""付箋"": ""付箋"", ""冊子"": ""冊子"", ""名札"": ""名札"", ""袋"": ""袋""}","""付箋"""
v2-gen-noul-03-002,noul,generated,いずれかの条件,"{""いずれか一つ以上必要"": [""事前予約票"", ""会員証"", ""当日券"", ""受付確認票""], ""所持状況"": {""事前予約票"": false, ""会員証"": true, ""当日券"": true, ""受付確認票"": true}, ""対象"": ""上田""}",この人は受付基準を満たしていますか。,"{""false"": ""いいえ。質問の命題は成立しない。"", ""true"": ""はい。質問の命題が成立する。""}","""true"""
v2-gen-score-15-010,score,generated,軽重のある項目,"""この点検の配点: 余白不備は2点、誤字は1点。見つかった不備: なし。該当項目の点を合計し、1点以上は段階1にまとめます。""",項目数ではなく指定された点数で評価してください。,"[""不備点の合計が0点"", ""不備点の合計が1点以上""]","""0"""
v2-gen-choice-13-044,choice,generated,工程の依存順,"{""案件"": ""朝露"", ""工程順"": [""内容確認"", ""受付"", ""準備"", ""実施"", ""見積作成"", ""承認"", ""報告""], ""完了済み"": [""内容確認"", ""受付""], ""規則"": ""順に実行し未完了工程を飛ばさない""}",まだ済んでいない最初の工程は何ですか。存在しない場合は完了です。,"{""内容確認"": ""内容確認"", ""受付"": ""受付"", ""報告"": ""報告"", ""完了"": ""全工程が完了"", ""実施"": ""実施"", ""承認"": ""承認"", ""準備"": ""準備"", ""見積作成"": ""見積作成""}","""準備"""
v2-gen-score-12-031,score,generated,目標からの差,"""木漏れ日の目標数は8個、実績は8個です。多すぎても少なすぎても、目標から何個離れたかで評価します。差が1個以上なら最終段階1にまとめます。""",不足・超過の向きではなく差の大きさで評価してください。,"[""目標との差が0個"", ""目標との差が1個以上""]","""0"""
v2-gen-noul-01-026,noul,generated,事実と否定質問,"""渡辺さんについての確定記録: 備品を補充しています。""",記録上、渡辺さんは備品を補充していると言えますか。,"{""false"": ""いいえ。質問の命題は成立しない。"", ""true"": ""はい。質問の命題が成立する。""}","""true"""
v2-gen-noul-05-009,noul,generated,締切の境界,"{""受付規則"": ""16時ちょうどまで受け付け、同時刻の提出も有効"", ""提出者"": ""山田"", ""提出時刻"": 17}",時刻だけを基準に、この提出を有効と判定できますか。,"{""false"": ""いいえ。質問の命題は成立しない。"", ""true"": ""はい。質問の命題が成立する。""}","""false"""
v2-gen-score-03-040,score,generated,順番に進む工程,"{""案件"": ""朝露"", ""工程順"": [""検収"", ""日程調整"", ""審査"", ""報告"", ""準備"", ""調査"", ""実施""], ""完了済み"": [""検収"", ""日程調整"", ""審査""], ""着手中は完了に含めない"": true}",この案件は完了ベースでどの段階まで進みましたか。,"[""完了した工程はまだない"", ""先頭から1工程が完了（最後に完了したのは検収）"", ""先頭から2工程が完了（最後に完了したのは日程調整）"", ""先頭から3工程が完了（最後に完了したのは審査）"", ""先頭から4工程が完了（最後に完了したのは報告）"", ""先頭から5工程が完了（最後に完了したのは準備）"", ""先頭から6工程が完了（最後に完了したのは調査）"", ""先頭から7工程が完了（最後に完了したのは実施）""]","""3"""
v2-gen-choice-12-002,choice,generated,条件付き不足書類,"{""確認優先順"": [""申込書"", ""同意書"", ""承認書"", ""受領票""], ""代理申請だけに必要"": ""受領票"", ""代理申請"": false, ""提出済み"": [""承認書"", ""申込書"", ""同意書""]}",申請区分に応じて必要書類を確認し、最優先で追加提出を求めるものを答えてください。なければ追加不要です。,"{""受領票"": ""受領票"", ""同意書"": ""同意書"", ""承認書"": ""承認書"", ""申込書"": ""申込書"", ""追加不要"": ""必要書類はすべて提出済み""}","""追加不要"""
v2-gen-score-13-041,score,generated,取消しを反映した件数,"{""催し"": ""夕凪"", ""申込み"": [{""氏名"": ""佐藤"", ""受付済み"": false, ""取消済み"": false}, {""氏名"": ""林"", ""受付済み"": false, ""取消済み"": false}, {""氏名"": ""渡辺"", ""受付済み"": false, ""取消済み"": false}, {""氏名"": ""森"", ""受付済み"": true, ""取消済み"": true}, {""氏名"": ""大野"", ""受付済み"": true, ""取消済み"": true}], ""まとめ方"": ""4件以上は段階4""}",取消し後に残る有効申込み数を段階として選んでください。,"[""有効申込みが0件"", ""有効申込みが1件"", ""有効申込みが2件"", ""有効申込みが3件"", ""有効申込みが4件以上""]","""0"""
v2-gen-noul-14-019,noul,generated,予定時間の重なり,"""高橋さんの予定: 朝露会議は12時から16時、面談は17時から19時。終了と次の開始が同時刻の場合は重複とは扱いません。""",同時に二つの予定に出席しなければならない時間がありますか。,"{""false"": ""いいえ。質問の命題は成立しない。"", ""true"": ""はい。質問の命題が成立する。""}","""false"""
v2-gen-noul-03-034,noul,generated,いずれかの条件,"""白波の受付では当日券・招待券のうち一つ以上があれば通れます。森さん: 当日券はなし、招待券はあり。""",少なくとも一つの必要条件が成立していますか。,"{""false"": ""いいえ。質問の命題は成立しない。"", ""true"": ""はい。質問の命題が成立する。""}","""true"""
v2-gen-noul-07-036,noul,generated,識別文字列の完全一致,"""商品ラベルの管理コードは「RS4-D」、注文票の管理コードは「rs4-d」です。照合では大文字と小文字、記号の違いも区別します。""",指定された照合規則で一致と判定できますか。,"{""false"": ""いいえ。質問の命題は成立しない。"", ""true"": ""はい。質問の命題が成立する。""}","""false"""
v2-gen-noul-15-046,noul,generated,出来事の前後関係,"""林さんの作業日誌は実施順に休憩→電話連絡→棚への配置→検品→伝票記入→荷物受取→報告→引継ぎです。記載した各作業は一回ずつ実施しました。""",検品は休憩より前に行われましたか。,"{""false"": ""いいえ。質問の命題は成立しない。"", ""true"": ""はい。質問の命題が成立する。""}","""false"""
v2-gen-noul-14-039,noul,generated,予定時間の重なり,"""山田さんの予定: 春風会議は11時から12時、面談は8時から10時。終了と次の開始が同時刻の場合は重複とは扱いません。""",同時に二つの予定に出席しなければならない時間がありますか。,"{""false"": ""いいえ。質問の命題は成立しない。"", ""true"": ""はい。質問の命題が成立する。""}","""false"""
v2-gen-choice-05-041,choice,generated,否定条件で選択,"{""検品"": [{""品名"": ""封筒"", ""封がある"": true, ""濡れている"": false}, {""品名"": ""ラベル"", ""封がある"": false, ""濡れている"": true}, {""品名"": ""冊子"", ""封がある"": false, ""濡れている"": false}, {""品名"": ""ケース"", ""封がある"": true, ""濡れている"": false}, {""品名"": ""名札"", ""封がある"": true, ""濡れている"": true}, {""品名"": ""用紙"", ""封がある"": true, ""濡れている"": false}, {""品名"": ""袋"", ""封がある"": true, ""濡れている"": false}, {""品名"": ""クリップ"", ""封がある"": true, ""濡れている"": true}]}",封がないもので、かつ濡れていない品を選んでください。,"{""クリップ"": ""クリップ"", ""ケース"": ""ケース"", ""ラベル"": ""ラベル"", ""冊子"": ""冊子"", ""名札"": ""名札"", ""封筒"": ""封筒"", ""用紙"": ""用紙"", ""袋"": ""袋""}","""冊子"""
v2-gen-noul-06-014,noul,generated,更新後の状態,"""星空の状態記録: 8時には点検中、15時には受付中、16時には使用可能。時刻が新しい記録が古い記録を上書きします。""",現在の状態は「使用可能」ですか。,"{""false"": ""いいえ。質問の命題は成立しない。"", ""true"": ""はい。質問の命題が成立する。""}","""true"""
v2-gen-score-06-010,score,generated,約束時刻からの遅れ,"""山道便は5時到着の約束でした。実際の到着は同じ日の7時です。早着した場合の遅れは0時間とします。""",遅れの時間に対応する段階を答えてください。,"[""遅れが1時間未満"", ""遅れが1時間以上""]","""1"""
v2-gen-noul-14-042,noul,generated,予定時間の重なり,"""山田さんの予定: 青空会議は8時から11時、面談は8時から11時。終了と次の開始が同時刻の場合は重複とは扱いません。""",同時に二つの予定に出席しなければならない時間がありますか。,"{""false"": ""いいえ。質問の命題は成立しない。"", ""true"": ""はい。質問の命題が成立する。""}","""true"""
v2-gen-choice-10-039,choice,generated,不在時の代理,"""担当者: 山道は佐藤、夕凪は中村、木漏れ日は遠藤、青空は高橋、水面は森、草原は上田、若葉は渡辺、春風は山田。代理者: 佐藤の代理は中村、中村の代理は遠藤、遠藤の代理は高橋、高橋の代理は森、森の代理は上田、上田の代理は渡辺、渡辺の代理は山田、山田の代理は佐藤。本日の不在者は森、遠藤、佐藤、渡辺、山田、上田、高橋。問い合わせ先の案件は山道です。代理への振替は一回だけ行い、その先の不在は判定しません。""",本日の規則に従う連絡相手を選んでください。,"{""上田"": ""上田さん"", ""中村"": ""中村さん"", ""佐藤"": ""佐藤さん"", ""山田"": ""山田さん"", ""森"": ""森さん"", ""渡辺"": ""渡辺さん"", ""遠藤"": ""遠藤さん"", ""高橋"": ""高橋さん""}","""中村"""
v2-gen-noul-13-023,noul,generated,範囲の開閉境界,"""灯台の受付数は、1個より多い、かつ7個以下の場合に限り適合です。今回の数は5個です。""",下限と上限の両方の条件に合いますか。,"{""false"": ""いいえ。質問の命題は成立しない。"", ""true"": ""はい。質問の命題が成立する。""}","""true"""
v2-gen-choice-08-006,choice,generated,改訂と例外の優先,"""通常品の貼付ラベルについて、連絡は古い順に「赤」「青」「紫」でした。後の連絡が前の連絡を上書きします。ただし冷蔵品には連絡履歴に関係なく紫ラベルを貼ります。今回の荷物は通常品です。""",例外と改訂の順序を考慮して、使用する色はどれですか。,"{""白"": ""白ラベル"", ""紫"": ""紫ラベル"", ""緑"": ""緑ラベル"", ""茶"": ""茶ラベル"", ""赤"": ""赤ラベル"", ""青"": ""青ラベル"", ""黄"": ""黄ラベル"", ""黒"": ""黒ラベル""}","""紫"""
v2-gen-score-05-046,score,generated,緊急条件の加点,"{""案件"": ""朝露"", ""基本優先度"": 1, ""締切までの残り時間"": 5, ""規則"": ""残り3時間以内なら1加点、それより長ければ0加点。上限1""}",条件付き加点後の優先度を選んでください。,"[""最終優先度0"", ""最終優先度1""]","""1"""
v2-gen-score-06-044,score,generated,約束時刻からの遅れ,"""朝露便は5時到着の約束でした。実際の到着は同じ日の7時です。早着した場合の遅れは0時間とします。""",約束時刻と到着時刻の差から、遅延段階を選んでください。,"[""遅れが2時間未満"", ""遅れが2時間以上、4時間未満"", ""遅れが4時間以上、6時間未満"", ""遅れが6時間以上、8時間未満"", ""遅れが8時間以上、10時間未満"", ""遅れが10時間以上、12時間未満"", ""遅れが12時間以上、14時間未満"", ""遅れが14時間以上""]","""1"""
v2-gen-noul-03-022,noul,generated,いずれかの条件,"""若葉の受付では入場証・紹介状・招待券のうち一つ以上があれば通れます。林さん: 入場証はなし、紹介状はあり、招待券はなし。""",少なくとも一つの必要条件が成立していますか。,"{""false"": ""いいえ。質問の命題は成立しない。"", ""true"": ""はい。質問の命題が成立する。""}","""true"""
v2-gen-noul-14-033,noul,generated,予定時間の重なり,"{""対象者"": ""石田"", ""会議"": [11, 12], ""面談"": [14, 15], ""規則"": ""終了時刻と開始時刻が一致するだけなら重複なし""}",同時に二つの予定に出席しなければならない時間がありますか。,"{""false"": ""いいえ。質問の命題は成立しない。"", ""true"": ""はい。質問の命題が成立する。""}","""false"""
v2-gen-choice-01-049,choice,generated,問い合わせ経路,"{""分類表"": {""契約"": [""契約更新"", ""プラン変更"", ""解約手続き""], ""アカウント"": [""ログイン"", ""パスワード"", ""退会""]}, ""本文"": ""アカウントを退会したいです"", ""受付主題"": ""退会""}",記録された主題を扱う転送先はどこですか。,"{""アカウント"": ""アカウントの窓口"", ""契約"": ""契約の窓口""}","""アカウント"""
v2-gen-noul-03-020,noul,generated,いずれかの条件,"""星空の受付では招待券・事前予約票・会員証・引換券のうち一つ以上があれば通れます。大野さん: 招待券はあり、事前予約票はあり、会員証はあり、引換券はなし。""",少なくとも一つの必要条件が成立していますか。,"{""false"": ""いいえ。質問の命題は成立しない。"", ""true"": ""はい。質問の命題が成立する。""}","""true"""
v2-gen-noul-04-032,noul,generated,例外の優先,"{""許可条件"": ""認定済み"", ""優先禁止条件"": ""再審査中"", ""対象"": ""高橋"", ""許可条件に該当"": true, ""禁止条件に該当"": false}",禁止例外を先に考慮すると、この利用を認められますか。,"{""false"": ""いいえ。質問の命題は成立しない。"", ""true"": ""はい。質問の命題が成立する。""}","""true"""
v2-gen-score-10-041,score,generated,不足の段階,"{""申請"": ""草原"", ""必要書類"": [""添付図"", ""見積書"", ""受領票"", ""同意書""], ""届いた書類"": [""挨拶状""], ""余分な書類で代用できる"": false}",未提出の必要書類はいくつの段階ですか。,"[""不足が0種類"", ""不足が1種類"", ""不足が2種類"", ""不足が3種類"", ""不足が4種類""]","""4"""
v2-gen-noul-13-031,noul,generated,範囲の開閉境界,"""木漏れ日の受付数は、6個以上、かつ12個以下の場合に限り適合です。今回の数は8個です。""",指定された範囲条件を満たしていますか。,"{""false"": ""いいえ。質問の命題は成立しない。"", ""true"": ""はい。質問の命題が成立する。""}","""true"""
v2-gen-choice-15-016,choice,generated,文章内の順序参照,"{""会議"": ""山道"", ""発表順"": [""加藤"", ""遠藤"", ""山田"", ""松本"", ""渡辺"", ""佐藤"", ""中村"", ""石田""]}",発表順の先頭から1番目にいる人を答えてください。,"{""中村"": ""中村さん"", ""佐藤"": ""佐藤さん"", ""加藤"": ""加藤さん"", ""山田"": ""山田さん"", ""松本"": ""松本さん"", ""渡辺"": ""渡辺さん"", ""石田"": ""石田さん"", ""遠藤"": ""遠藤さん""}","""加藤"""
v2-gen-score-11-025,score,generated,時刻順の評価更新,"""灯台の評価更新履歴: 18時に段階0、20時に段階0、19時に段階2、21時に段階2。評価は最新時刻の値だけを採用します。""",履歴の記載順に惑わされず、最新評価を答えてください。,"[""評価段階0"", ""評価段階1"", ""評価段階2""]","""2"""
v2-gen-choice-06-026,choice,generated,時間枠の包含,"{""空き時間"": [{""部屋"": ""黒"", ""開始"": 9, ""終了"": 14}, {""部屋"": ""青"", ""開始"": 11, ""終了"": 14}, {""部屋"": ""白"", ""開始"": 8, ""終了"": 11}], ""会議開始"": 10, ""会議終了"": 12}",会議の全時間を連続して確保できる部屋を選んでください。開始・終了の一致は許可します。,"{""白"": ""白室"", ""青"": ""青室"", ""黒"": ""黒室""}","""黒"""
v2-gen-score-06-036,score,generated,約束時刻からの遅れ,"""草原便は5時到着の約束でした。実際の到着は同じ日の16時です。早着した場合の遅れは0時間とします。""",遅れの時間に対応する段階を答えてください。,"[""遅れが2時間未満"", ""遅れが2時間以上、4時間未満"", ""遅れが4時間以上、6時間未満"", ""遅れが6時間以上、8時間未満"", ""遅れが8時間以上、10時間未満"", ""遅れが10時間以上、12時間未満"", ""遅れが12時間以上""]","""5"""
v2-gen-noul-11-006,noul,generated,参照関係の真偽,"""担当表: 木漏れ日は中村、夕凪は青木、山道は佐藤、若葉は林、草原は大野。資料の関連先: 箱は夕凪、封筒は若葉、用紙は木漏れ日、ファイルは草原、冊子は山道。""",用紙に関連する案件の担当は大野さんですか。,"{""false"": ""いいえ。質問の命題は成立しない。"", ""true"": ""はい。質問の命題が成立する。""}","""false"""
v2-gen-noul-05-044,noul,generated,締切の境界,"""夕凪の提出は12時より前だけ受け付け、12時ちょうどは無効です。加藤さんの提出記録は11時ちょうどです。""",この提出は時間条件を満たしていますか。,"{""false"": ""いいえ。質問の命題は成立しない。"", ""true"": ""はい。質問の命題が成立する。""}","""true"""
v2-gen-choice-11-024,choice,generated,小数量の比較,"{""在庫"": [{""品名"": ""冊子"", ""総在庫"": 5, ""予約分"": 4}, {""品名"": ""付箋"", ""総在庫"": 3, ""予約分"": 3}, {""品名"": ""箱"", ""総在庫"": 8, ""予約分"": 3}, {""品名"": ""ペン"", ""総在庫"": 2, ""予約分"": 0}, {""品名"": ""名札"", ""総在庫"": 16, ""予約分"": 4}, {""品名"": ""カード"", ""総在庫"": 8, ""予約分"": 1}, {""品名"": ""ラベル"", ""総在庫"": 11, ""予約分"": 2}], ""自由在庫"": ""総在庫から予約分を引く""}",自由在庫が最も多い品を選んでください。,"{""カード"": ""カード"", ""ペン"": ""ペン"", ""ラベル"": ""ラベル"", ""付箋"": ""付箋"", ""冊子"": ""冊子"", ""名札"": ""名札"", ""箱"": ""箱""}","""名札"""
v2-gen-score-10-036,score,generated,不足の段階,"""夕凪申請で必要なものは受領票、添付図、申込書、承認書、見積書、同意書。届いたものは申込書、参考資料です。必要一覧にない書類は不足を埋めません。""",必要書類の不足数に対応する段階を選んでください。,"[""不足が0種類"", ""不足が1種類"", ""不足が2種類"", ""不足が3種類"", ""不足が4種類"", ""不足が5種類"", ""不足が6種類""]","""5"""
v2-gen-choice-06-011,choice,generated,時間枠の包含,"{""空き時間"": [{""部屋"": ""青"", ""開始"": 10, ""終了"": 13}, {""部屋"": ""緑"", ""開始"": 12, ""終了"": 13}], ""会議開始"": 11, ""会議終了"": 12}",会議時間の一部だけでなく全体を含む空き時間を持つ部屋を答えてください。端の一致は可です。,"{""緑"": ""緑室"", ""青"": ""青室""}","""青"""
v2-gen-choice-10-011,choice,generated,不在時の代理,"""担当者: 朝露は山田、草原は中村、白波は青木、若葉は森。代理者: 山田の代理は中村、中村の代理は青木、青木の代理は森、森の代理は山田。本日の不在者は青木、中村、山田。問い合わせ先の案件は朝露です。代理への振替は一回だけ行い、その先の不在は判定しません。""",本日の規則に従う連絡相手を選んでください。,"{""中村"": ""中村さん"", ""山田"": ""山田さん"", ""森"": ""森さん"", ""青木"": ""青木さん""}","""中村"""
v2-gen-score-11-010,score,generated,時刻順の評価更新,"{""案件"": ""木漏れ日"", ""評価更新"": [{""時刻"": 15, ""段階"": 0}, {""時刻"": 10, ""段階"": 0}, {""時刻"": 14, ""段階"": 0}, {""時刻"": 21, ""段階"": 0}, {""時刻"": 7, ""段階"": 0}, {""時刻"": 11, ""段階"": 1}], ""採用規則"": ""最新時刻だけを採用""}",最後に更新された有効な段階はいくつですか。,"[""評価段階0"", ""評価段階1""]","""0"""
v2-gen-choice-12-006,choice,generated,条件付き不足書類,"{""確認優先順"": [""同意書"", ""承認書"", ""見積書"", ""受領票""], ""代理申請だけに必要"": ""見積書"", ""代理申請"": false, ""提出済み"": [""承認書""]}",必要な不足書類を先頭から一つだけ案内します。どれですか。必要書類に不足がなければ追加不要です。,"{""受領票"": ""受領票"", ""同意書"": ""同意書"", ""承認書"": ""承認書"", ""見積書"": ""見積書"", ""追加不要"": ""必要書類はすべて提出済み""}","""同意書"""
v2-gen-score-15-005,score,generated,軽重のある項目,"""この点検の配点: 余白不備は2点、署名欠落は1点、誤字は1点。見つかった不備: 余白不備、署名欠落、誤字。該当項目の点を合計し、3点以上は段階3にまとめます。""",配点の違いを反映した最終段階を選んでください。,"[""不備点の合計が0点"", ""不備点の合計が1点"", ""不備点の合計が2点"", ""不備点の合計が3点以上""]","""3"""
v2-gen-choice-06-043,choice,generated,時間枠の包含,"""部屋の連続利用可能時間: 青室は17時から20時まで、白室は14時から19時まで、赤室は17時から20時まで、黒室は17時から21時まで、茶室は17時から20時まで、黄室は17時から20時まで。会議は16時開始、19時終了です。""",会議時間の一部だけでなく全体を含む空き時間を持つ部屋を答えてください。端の一致は可です。,"{""白"": ""白室"", ""茶"": ""茶室"", ""赤"": ""赤室"", ""青"": ""青室"", ""黄"": ""黄室"", ""黒"": ""黒室""}","""白"""
v2-gen-choice-14-028,choice,generated,二属性照合,"""展示品の札: ラベルは紫色・木製、ペンは茶色・布製、ノートは緑色・紙製、名札は黄色・樹脂製、テープは黄色・ガラス製、付箋は赤色・木製、ファイルは白色・紙製。探しているのは白色の紙製です。""",指定された色と素材の両方が一致する品を選んでください。,"{""テープ"": ""テープ"", ""ノート"": ""ノート"", ""ファイル"": ""ファイル"", ""ペン"": ""ペン"", ""ラベル"": ""ラベル"", ""付箋"": ""付箋"", ""名札"": ""名札""}","""ファイル"""
v2-gen-score-10-037,score,generated,不足の段階,"{""申請"": ""白波"", ""必要書類"": [""同意書"", ""受領票"", ""申込書"", ""添付図"", ""承認書"", ""確認票"", ""見積書""], ""届いた書類"": [""添付図"", ""見積書"", ""挨拶状"", ""同意書""], ""余分な書類で代用できる"": false}",未提出の必要書類はいくつの段階ですか。,"[""不足が0種類"", ""不足が1種類"", ""不足が2種類"", ""不足が3種類"", ""不足が4種類"", ""不足が5種類"", ""不足が6種類"", ""不足が7種類""]","""4"""
v2-gen-score-09-030,score,generated,例外による上限,"""検査合格状況: 包装は不合格、記録は不合格、表示は合格、付属品は合格、外観は合格、動作は合格、寸法は合格。合格項目一つにつき1点ですが、要再確認の印があれば上限4点に制限します。今回その印はあります。""",上限制限を適用した最終点を選んでください。,"[""最終点0点"", ""最終点1点"", ""最終点2点"", ""最終点3点"", ""最終点4点"", ""最終点5点"", ""最終点6点"", ""最終点7点""]","""4"""
v2-gen-choice-15-045,choice,generated,文章内の順序参照,"""朝露会議では、発表者を発表順に「加藤、山田、吉田、木村、林、佐藤、遠藤、高橋」と紹介しました。同じ人の再登場はありません。""",紹介された順番で6人目に発表する人は誰ですか。,"{""佐藤"": ""佐藤さん"", ""加藤"": ""加藤さん"", ""吉田"": ""吉田さん"", ""山田"": ""山田さん"", ""木村"": ""木村さん"", ""林"": ""林さん"", ""遠藤"": ""遠藤さん"", ""高橋"": ""高橋さん""}","""佐藤"""
v2-gen-choice-02-025,choice,generated,条件と優先例外,"{""規則"": ""会員かつ7個以上なら優待。ただし予約品は常に通常"", ""会員"": true, ""購入数"": 4, ""予約品"": false}",この購入に適用する扱いを選んでください。,"{""優待"": ""優待の扱い"", ""通常"": ""通常の扱い""}","""通常"""
v2-gen-score-10-049,score,generated,不足の段階,"""灯台申請で必要なものは受領票、添付図、確認票、同意書、見積書。届いたものは見積書、案内状です。必要一覧にない書類は不足を埋めません。""",必要一覧と届いた一覧を照合し、不足の程度を判定してください。,"[""不足が0種類"", ""不足が1種類"", ""不足が2種類"", ""不足が3種類"", ""不足が4種類"", ""不足が5種類""]","""4"""
v2-gen-score-12-018,score,generated,目標からの差,"{""案件"": ""白波"", ""目標数"": 15, ""実績数"": 18, ""採点"": ""差の絶対値。ただし2以上は段階2""}",示された上限を含め、実績のずれを段階に変換してください。,"[""目標との差が0個"", ""目標との差が1個"", ""目標との差が2個以上""]","""2"""
v2-gen-choice-10-041,choice,generated,不在時の代理,"""担当者: 春風は遠藤、星空は上田、青空は吉田、水面は青木、若葉は木村、灯台は佐藤、朝露は加藤。代理者: 遠藤の代理は上田、上田の代理は吉田、吉田の代理は青木、青木の代理は木村、木村の代理は佐藤、佐藤の代理は加藤、加藤の代理は遠藤。本日の不在者は上田、吉田、遠藤、佐藤。問い合わせ先の案件は水面です。代理への振替は一回だけ行い、その先の不在は判定しません。""",この案件を担当本人または指定代理に連絡します。宛先は誰ですか。,"{""上田"": ""上田さん"", ""佐藤"": ""佐藤さん"", ""加藤"": ""加藤さん"", ""吉田"": ""吉田さん"", ""木村"": ""木村さん"", ""遠藤"": ""遠藤さん"", ""青木"": ""青木さん""}","""青木"""
v2-gen-noul-07-007,noul,generated,識別文字列の完全一致,"""商品ラベルの管理コードは「MN9-C」、注文票の管理コードは「MN9-C」です。照合では大文字と小文字、記号の違いも区別します。""",同一コードとして扱ってよいですか。,"{""false"": ""いいえ。質問の命題は成立しない。"", ""true"": ""はい。質問の命題が成立する。""}","""true"""
v2-gen-choice-03-031,choice,generated,最終更新,"{""案件"": ""草原"", ""更新記録"": [{""時"": 13, ""状態"": ""確認中""}, {""時"": 14, ""状態"": ""受取済み""}, {""時"": 19, ""状態"": ""未着手""}, {""時"": 17, ""状態"": ""発送済み""}, {""時"": 8, ""状態"": ""受取済み""}]}",最後の時刻の記録が有効です。現在の状態はどれですか。,"{""取消"": ""取消"", ""受取済み"": ""受取済み"", ""差戻し"": ""差戻し"", ""未着手"": ""未着手"", ""発送済み"": ""発送済み"", ""確認中"": ""確認中""}","""未着手"""
v2-gen-score-09-017,score,generated,例外による上限,"{""検査合格"": {""包装"": true}, ""要再確認の印あり"": false, ""採点規則"": ""合格数が点数。ただし印があれば上限0点""}",例外条件を反映した評価段階を答えてください。,"[""最終点0点"", ""最終点1点""]","""1"""
v2-gen-choice-03-045,choice,generated,最終更新,"{""案件"": ""白波"", ""更新記録"": [{""時"": 18, ""状態"": ""発送済み""}, {""時"": 11, ""状態"": ""保留""}, {""時"": 14, ""状態"": ""承認""}]}",記載順ではなく更新時刻を比べ、最新の状態を選んでください。,"{""保留"": ""保留"", ""取消"": ""取消"", ""受取済み"": ""受取済み"", ""承認"": ""承認"", ""発送済み"": ""発送済み"", ""確認中"": ""確認中""}","""発送済み"""
v2-gen-choice-12-048,choice,generated,条件付き不足書類,"{""確認優先順"": [""申込書"", ""本人確認票"", ""受領票"", ""委任状"", ""承認書"", ""見積書"", ""同意書""], ""代理申請だけに必要"": ""見積書"", ""代理申請"": false, ""提出済み"": [""承認書"", ""見積書"", ""受領票"", ""同意書""]}",必要な不足書類を先頭から一つだけ案内します。どれですか。必要書類に不足がなければ追加不要です。,"{""受領票"": ""受領票"", ""同意書"": ""同意書"", ""委任状"": ""委任状"", ""承認書"": ""承認書"", ""本人確認票"": ""本人確認票"", ""申込書"": ""申込書"", ""見積書"": ""見積書"", ""追加不要"": ""必要書類はすべて提出済み""}","""申込書"""
v2-gen-choice-14-019,choice,generated,二属性照合,"{""展示品"": [{""品名"": ""ノート"", ""色"": ""黒"", ""素材"": ""木""}, {""品名"": ""シール"", ""色"": ""緑"", ""素材"": ""ガラス""}, {""品名"": ""ラベル"", ""色"": ""青"", ""素材"": ""樹脂""}, {""品名"": ""袋"", ""色"": ""青"", ""素材"": ""布""}, {""品名"": ""ケース"", ""色"": ""黄"", ""素材"": ""樹脂""}, {""品名"": ""箱"", ""色"": ""黒"", ""素材"": ""ガラス""}, {""品名"": ""封筒"", ""色"": ""茶"", ""素材"": ""ガラス""}], ""指定色"": ""黄"", ""指定素材"": ""樹脂""}",二つの指定を同時に満たす展示品はどれですか。,"{""ケース"": ""ケース"", ""シール"": ""シール"", ""ノート"": ""ノート"", ""ラベル"": ""ラベル"", ""封筒"": ""封筒"", ""箱"": ""箱"", ""袋"": ""袋""}","""ケース"""
v2-gen-noul-14-011,noul,generated,予定時間の重なり,"{""対象者"": ""石田"", ""会議"": [15, 18], ""面談"": [11, 13], ""規則"": ""終了時刻と開始時刻が一致するだけなら重複なし""}",二つの予定の時間は重なっていますか。,"{""false"": ""いいえ。質問の命題は成立しない。"", ""true"": ""はい。質問の命題が成立する。""}","""false"""
v2-gen-score-09-019,score,generated,例外による上限,"{""検査合格"": {""外観"": true, ""包装"": true, ""寸法"": true}, ""要再確認の印あり"": false, ""採点規則"": ""合格数が点数。ただし印があれば上限1点""}",上限制限を適用した最終点を選んでください。,"[""最終点0点"", ""最終点1点"", ""最終点2点"", ""最終点3点""]","""3"""
v2-gen-score-09-003,score,generated,例外による上限,"""検査合格状況: 記録は合格。合格項目一つにつき1点ですが、要再確認の印があれば上限0点に制限します。今回その印はありません。""",単純な合格数ではなく、上限ルール適用後の点数を求めてください。,"[""最終点0点"", ""最終点1点""]","""1"""
v2-gen-noul-13-030,noul,generated,範囲の開閉境界,"""白波の受付数は、3個以上、かつ10個未満の場合に限り適合です。今回の数は11個です。""",指定された範囲条件を満たしていますか。,"{""false"": ""いいえ。質問の命題は成立しない。"", ""true"": ""はい。質問の命題が成立する。""}","""false"""
v2-gen-choice-05-015,choice,generated,否定条件で選択,"""検品記録: 名札は封なしで濡れていない、冊子は封なしで濡れている、付箋は封なしで濡れていない、ラベルは封ありで濡れていない。""",濡れた品は除外し、封がある品を一つ選んでください。,"{""ラベル"": ""ラベル"", ""付箋"": ""付箋"", ""冊子"": ""冊子"", ""名札"": ""名札""}","""ラベル"""
v2-gen-noul-13-020,noul,generated,範囲の開閉境界,"""草原の受付数は、8個以上、かつ16個以下の場合に限り適合です。今回の数は7個です。""",今回の個数は適合範囲に入っていますか。,"{""false"": ""いいえ。質問の命題は成立しない。"", ""true"": ""はい。質問の命題が成立する。""}","""false"""
v2-gen-noul-15-028,noul,generated,出来事の前後関係,"""石田さんの作業日誌は実施順に棚への配置→電話連絡→伝票記入→報告です。記載した各作業は一回ずつ実施しました。""",『電話連絡が先、棚への配置が後』という順序は正しいですか。,"{""false"": ""いいえ。質問の命題は成立しない。"", ""true"": ""はい。質問の命題が成立する。""}","""false"""
v2-gen-noul-03-044,noul,generated,いずれかの条件,"{""いずれか一つ以上必要"": [""紹介状"", ""引換券"", ""会員証""], ""所持状況"": {""紹介状"": true, ""引換券"": true, ""会員証"": false}, ""対象"": ""青木""}",この人は受付基準を満たしていますか。,"{""false"": ""いいえ。質問の命題は成立しない。"", ""true"": ""はい。質問の命題が成立する。""}","""true"""
v2-gen-noul-15-035,noul,generated,出来事の前後関係,"""中村さんの作業日誌は実施順に棚への配置→伝票記入→報告→荷物受取です。記載した各作業は一回ずつ実施しました。""",『棚への配置が先、荷物受取が後』という順序は正しいですか。,"{""false"": ""いいえ。質問の命題は成立しない。"", ""true"": ""はい。質問の命題が成立する。""}","""true"""
v2-gen-choice-02-001,choice,generated,条件と優先例外,"{""規則"": ""会員かつ5個以上なら優待。ただし予約品は常に通常"", ""会員"": false, ""購入数"": 15, ""予約品"": false}",会計時の区分を一つ決めてください。,"{""優待"": ""優待の扱い"", ""通常"": ""通常の扱い""}","""通常"""
v2-gen-score-06-047,score,generated,約束時刻からの遅れ,"{""便"": ""水面"", ""約束時刻"": 6, ""実際の到着時刻"": 11, ""同日"": true, ""早着時の遅れ"": 0}",到着の遅れを段階基準で評価してください。,"[""遅れが2時間未満"", ""遅れが2時間以上、4時間未満"", ""遅れが4時間以上、6時間未満"", ""遅れが6時間以上""]","""2"""
v2-gen-noul-11-004,noul,generated,参照関係の真偽,"{""案件担当"": {""山道"": ""遠藤"", ""水面"": ""上田""}, ""資料関連先"": {""ノート"": ""山道"", ""封筒"": ""水面""}}",ノートに関連する案件の担当は上田さんですか。,"{""false"": ""いいえ。質問の命題は成立しない。"", ""true"": ""はい。質問の命題が成立する。""}","""false"""
v2-gen-noul-11-005,noul,generated,参照関係の真偽,"{""案件担当"": {""星空"": ""中村"", ""青空"": ""木村"", ""白波"": ""林"", ""若葉"": ""高橋"", ""灯台"": ""渡辺""}, ""資料関連先"": {""ファイル"": ""星空"", ""袋"": ""灯台"", ""クリップ"": ""青空"", ""封筒"": ""白波"", ""ラベル"": ""若葉""}}",林さんは封筒が属する案件の担当者と言えますか。,"{""false"": ""いいえ。質問の命題は成立しない。"", ""true"": ""はい。質問の命題が成立する。""}","""true"""
v2-gen-noul-03-021,noul,generated,いずれかの条件,"{""いずれか一つ以上必要"": [""招待券"", ""入場証"", ""当日券""], ""所持状況"": {""招待券"": false, ""入場証"": false, ""当日券"": false}, ""対象"": ""吉田""}",少なくとも一つの必要条件が成立していますか。,"{""false"": ""いいえ。質問の命題は成立しない。"", ""true"": ""はい。質問の命題が成立する。""}","""false"""
v2-gen-score-12-005,score,generated,目標からの差,"{""案件"": ""灯台"", ""目標数"": 14, ""実績数"": 16, ""採点"": ""差の絶対値。ただし3以上は段階3""}",目標からのずれの段階を選んでください。,"[""目標との差が0個"", ""目標との差が1個"", ""目標との差が2個"", ""目標との差が3個以上""]","""2"""
v2-gen-score-09-013,score,generated,例外による上限,"{""検査合格"": {""記録"": true, ""寸法"": true, ""表示"": true, ""動作"": false}, ""要再確認の印あり"": false, ""採点規則"": ""合格数が点数。ただし印があれば上限3点""}",例外条件を反映した評価段階を答えてください。,"[""最終点0点"", ""最終点1点"", ""最終点2点"", ""最終点3点"", ""最終点4点""]","""3"""
v2-gen-score-13-044,score,generated,取消しを反映した件数,"""夕凪の申込み記録: 吉田は受付済み・取消なし、山田は受付済み・取消済み、木村は未受付・取消なし、大野は受付済み・取消済み、遠藤は受付済み・取消なし、中村は受付済み・取消済み、青木は受付済み・取消済み、加藤は受付済み・取消済み。取消済みの申込みは有効件数から除きます。7件以上は最終段階7にまとめます。""",取消し後に残る有効申込み数を段階として選んでください。,"[""有効申込みが0件"", ""有効申込みが1件"", ""有効申込みが2件"", ""有効申込みが3件"", ""有効申込みが4件"", ""有効申込みが5件"", ""有効申込みが6件"", ""有効申込みが7件以上""]","""2"""
v2-gen-noul-05-002,noul,generated,締切の境界,"""朝露の提出は14時より前だけ受け付け、14時ちょうどは無効です。森さんの提出記録は12時ちょうどです。""",時刻だけを基準に、この提出を有効と判定できますか。,"{""false"": ""いいえ。質問の命題は成立しない。"", ""true"": ""はい。質問の命題が成立する。""}","""true"""
v2-gen-score-08-010,score,generated,要件への一致数,"""注文要件: 印字=あり。提案品: 印字=あり。""",注文要件と一致している属性の数を段階として選んでください。,"[""一致した要件が0項目"", ""一致した要件が1項目""]","""1"""
v2-gen-score-11-018,score,generated,時刻順の評価更新,"{""案件"": ""若葉"", ""評価更新"": [{""時刻"": 16, ""段階"": 1}, {""時刻"": 9, ""段階"": 2}, {""時刻"": 7, ""段階"": 2}], ""採用規則"": ""最新時刻だけを採用""}",現在採用すべき評価段階を選んでください。,"[""評価段階0"", ""評価段階1"", ""評価段階2""]","""1"""
v2-gen-choice-12-003,choice,generated,条件付き不足書類,"{""確認優先順"": [""同意書"", ""委任状"", ""受領票"", ""申込書"", ""見積書""], ""代理申請だけに必要"": ""受領票"", ""代理申請"": false, ""提出済み"": [""同意書""]}",未提出の必要書類のうち優先順が最初のものを選んでください。全部そろっていれば追加不要です。,"{""受領票"": ""受領票"", ""同意書"": ""同意書"", ""委任状"": ""委任状"", ""申込書"": ""申込書"", ""見積書"": ""見積書"", ""追加不要"": ""必要書類はすべて提出済み""}","""委任状"""
v2-gen-noul-13-012,noul,generated,範囲の開閉境界,"{""下限条件"": ""1個以上"", ""上限条件"": ""5個未満"", ""今回の個数"": 6, ""関係"": ""両方を満たすこと""}",指定された範囲条件を満たしていますか。,"{""false"": ""いいえ。質問の命題は成立しない。"", ""true"": ""はい。質問の命題が成立する。""}","""false"""
v2-gen-choice-01-012,choice,generated,問い合わせ経路,"{""分類表"": {""配送"": [""届け先変更"", ""荷物の遅延"", ""追跡番号""], ""アカウント"": [""ログイン"", ""パスワード"", ""退会""], ""契約"": [""契約更新"", ""プラン変更"", ""解約手続き""], ""店舗"": [""営業時間"", ""店内設備"", ""店舗の場所""], ""修理"": [""修理見積"", ""修理進捗"", ""保証修理""], ""イベント"": [""申込期限"", ""会場案内"", ""参加取消""]}, ""本文"": ""サービスの解約手続きを知りたいです"", ""受付主題"": ""解約手続き""}",受付分類表を使って、この相談の担当を決めてください。,"{""アカウント"": ""アカウントの窓口"", ""イベント"": ""イベントの窓口"", ""修理"": ""修理の窓口"", ""契約"": ""契約の窓口"", ""店舗"": ""店舗の窓口"", ""配送"": ""配送の窓口""}","""契約"""
v2-gen-choice-04-021,choice,generated,参照先の担当,"""担当: 若葉は松本、春風は青木、白波は石田、星空は中村、青空は山田、山道は木村。資料の所属: 名札は星空案件、テープは春風案件、シールは若葉案件、ラベルは青空案件、ノートは白波案件、用紙は山道案件。確認する資料は用紙です。""",確認する資料の案件を担当している人を答えてください。,"{""中村"": ""中村さん"", ""山田"": ""山田さん"", ""木村"": ""木村さん"", ""松本"": ""松本さん"", ""石田"": ""石田さん"", ""青木"": ""青木さん""}","""木村"""
v2-gen-noul-05-039,noul,generated,締切の境界,"""白波の提出は12時ちょうどまで受け付け、同時刻の提出も有効です。山田さんの提出記録は16時ちょうどです。""",記録された提出時刻は締切内ですか。,"{""false"": ""いいえ。質問の命題は成立しない。"", ""true"": ""はい。質問の命題が成立する。""}","""false"""
v2-gen-choice-12-009,choice,generated,条件付き不足書類,"""書類確認の優先順は承認書→委任状→同意書→申込書→本人確認票→受領票→見積書。本人確認票だけは代理申請の場合に限って必要で、それ以外は常に必要です。今回は本人申請。提出済みは同意書、本人確認票、承認書、申込書、委任状、見積書です。""",未提出の必要書類のうち優先順が最初のものを選んでください。全部そろっていれば追加不要です。,"{""受領票"": ""受領票"", ""同意書"": ""同意書"", ""委任状"": ""委任状"", ""承認書"": ""承認書"", ""本人確認票"": ""本人確認票"", ""申込書"": ""申込書"", ""見積書"": ""見積書"", ""追加不要"": ""必要書類はすべて提出済み""}","""受領票"""
v2-gen-score-15-047,score,generated,軽重のある項目,"""この点検の配点: 日付欠落は2点、宛名不備は1点、添付欠落は1点。見つかった不備: 宛名不備。該当項目の点を合計し、3点以上は段階3にまとめます。""",配点の違いを反映した最終段階を選んでください。,"[""不備点の合計が0点"", ""不備点の合計が1点"", ""不備点の合計が2点"", ""不備点の合計が3点以上""]","""1"""
v2-gen-score-03-050,score,generated,順番に進む工程,"""水面の工程順は承認→検収→実施。先頭から順に進め、完了済みは承認です。着手中の工程は完了に含めません。""",工程の完了状況を段階尺度で評価してください。,"[""完了した工程はまだない"", ""先頭から1工程が完了（最後に完了したのは承認）"", ""先頭から2工程が完了（最後に完了したのは検収）"", ""先頭から3工程が完了（最後に完了したのは実施）""]","""1"""
v2-gen-noul-01-024,noul,generated,事実と否定質問,"{""対象者"": ""木村"", ""項目"": ""支店へ移動"", ""実施済み"": false}",確定情報だけから、木村さんが支店へ移動していないという判断は正しいですか。,"{""false"": ""いいえ。質問の命題は成立しない。"", ""true"": ""はい。質問の命題が成立する。""}","""true"""
v2-gen-score-01-011,score,generated,件数の段階境界,"""灯台で確認待ちの申請を数えたところ、現在8件でした。処理済みは数に含めていません。""",記録された数に対応する段階を選んでください。,"[""対象件数が5件未満"", ""対象件数が5件以上、10件未満"", ""対象件数が10件以上、15件未満"", ""対象件数が15件以上、20件未満"", ""対象件数が20件以上""]","""1"""
v2-gen-choice-06-036,choice,generated,時間枠の包含,"""部屋の連続利用可能時間: 紫室は12時から17時まで、白室は15時から17時まで、黒室は12時から15時まで。会議は14時開始、16時終了です。""",会議時間の一部だけでなく全体を含む空き時間を持つ部屋を答えてください。端の一致は可です。,"{""白"": ""白室"", ""紫"": ""紫室"", ""黒"": ""黒室""}","""紫"""
v2-gen-score-10-002,score,generated,不足の段階,"""灯台申請で必要なものは見積書、同意書、添付図、申込書、受領票、承認書、確認票。届いたものはなしです。必要一覧にない書類は不足を埋めません。""",未提出の必要書類はいくつの段階ですか。,"[""不足が0種類"", ""不足が1種類"", ""不足が2種類"", ""不足が3種類"", ""不足が4種類"", ""不足が5種類"", ""不足が6種類"", ""不足が7種類""]","""7"""
v2-gen-score-03-012,score,generated,順番に進む工程,"""春風の工程順は承認→引継ぎ→調査→審査→検収→日程調整→報告。先頭から順に進め、完了済みは承認、引継ぎ、調査、審査、検収、日程調整、報告です。着手中の工程は完了に含めません。""",工程の完了状況を段階尺度で評価してください。,"[""完了した工程はまだない"", ""先頭から1工程が完了（最後に完了したのは承認）"", ""先頭から2工程が完了（最後に完了したのは引継ぎ）"", ""先頭から3工程が完了（最後に完了したのは調査）"", ""先頭から4工程が完了（最後に完了したのは審査）"", ""先頭から5工程が完了（最後に完了したのは検収）"", ""先頭から6工程が完了（最後に完了したのは日程調整）"", ""先頭から7工程が完了（最後に完了したのは報告）""]","""7"""
v2-gen-choice-10-005,choice,generated,不在時の代理,"""担当者: 灯台は遠藤、白波は中村、山道は大野、春風は高橋、青空は渡辺、木漏れ日は加藤、水面は上田。代理者: 遠藤の代理は中村、中村の代理は大野、大野の代理は高橋、高橋の代理は渡辺、渡辺の代理は加藤、加藤の代理は上田、上田の代理は遠藤。本日の不在者は渡辺、大野、中村。問い合わせ先の案件は木漏れ日です。代理への振替は一回だけ行い、その先の不在は判定しません。""",この案件を担当本人または指定代理に連絡します。宛先は誰ですか。,"{""上田"": ""上田さん"", ""中村"": ""中村さん"", ""加藤"": ""加藤さん"", ""大野"": ""大野さん"", ""渡辺"": ""渡辺さん"", ""遠藤"": ""遠藤さん"", ""高橋"": ""高橋さん""}","""加藤"""
v2-gen-score-04-014,score,generated,独立チェックの合計,"{""資料"": ""朝露"", ""チェック項目"": {""ページ番号あり"": true, ""部署名あり"": true, ""宛先あり"": true}, ""各項目の重み"": 1}",満たしたチェック項目の数を段階として選んでください。,"[""満たした項目が0個"", ""満たした項目が1個"", ""満たした項目が2個"", ""満たした項目が3個""]","""3"""
v2-gen-choice-12-037,choice,generated,条件付き不足書類,"{""確認優先順"": [""見積書"", ""承認書""], ""代理申請だけに必要"": ""承認書"", ""代理申請"": true, ""提出済み"": [""見積書""]}",必要な不足書類を先頭から一つだけ案内します。どれですか。必要書類に不足がなければ追加不要です。,"{""承認書"": ""承認書"", ""見積書"": ""見積書"", ""追加不要"": ""必要書類はすべて提出済み""}","""承認書"""
v2-gen-noul-08-020,noul,generated,集合と否定所属,"{""催し"": ""水面"", ""完全な参加者名簿"": [""青木"", ""木村"", ""石田"", ""佐藤"", ""吉田"", ""高橋""], ""補足"": ""名前のない人は参加者ではない""}",名簿に基づき、上田さんが参加者ではないという判断に同意できますか。,"{""false"": ""いいえ。質問の命題は成立しない。"", ""true"": ""はい。質問の命題が成立する。""}","""true"""
v2-gen-choice-03-011,choice,generated,最終更新,"{""案件"": ""草原"", ""更新記録"": [{""時"": 11, ""状態"": ""発送済み""}, {""時"": 15, ""状態"": ""発送済み""}, {""時"": 14, ""状態"": ""発送済み""}, {""時"": 12, ""状態"": ""確認中""}, {""時"": 19, ""状態"": ""確認中""}]}",時刻が最も新しい更新に基づく状態を答えてください。,"{""発送済み"": ""発送済み"", ""確認中"": ""確認中""}","""確認中"""
v2-gen-score-13-031,score,generated,取消しを反映した件数,"""水面の申込み記録: 中村は受付済み・取消なし、木村は受付済み・取消なし、石田は受付済み・取消なし、吉田は未受付・取消なし、佐藤は受付済み・取消なし、遠藤は受付済み・取消なし。取消済みの申込みは有効件数から除きます。1件以上は最終段階1にまとめます。""",現在有効な申込みだけを数えて評価してください。,"[""有効申込みが0件"", ""有効申込みが1件以上""]","""1"""
v2-gen-score-12-034,score,generated,目標からの差,"{""案件"": ""山道"", ""目標数"": 12, ""実績数"": 10, ""採点"": ""差の絶対値。ただし4以上は段階4""}",目標からのずれの段階を選んでください。,"[""目標との差が0個"", ""目標との差が1個"", ""目標との差が2個"", ""目標との差が3個"", ""目標との差が4個以上""]","""2"""
v2-gen-score-06-002,score,generated,約束時刻からの遅れ,"{""便"": ""夕凪"", ""約束時刻"": 6, ""実際の到着時刻"": 12, ""同日"": true, ""早着時の遅れ"": 0}",到着の遅れを段階基準で評価してください。,"[""遅れが2時間未満"", ""遅れが2時間以上、4時間未満"", ""遅れが4時間以上、6時間未満"", ""遅れが6時間以上、8時間未満"", ""遅れが8時間以上、10時間未満"", ""遅れが10時間以上、12時間未満"", ""遅れが12時間以上、14時間未満"", ""遅れが14時間以上""]","""3"""
v2-gen-choice-09-016,choice,generated,利用可能集合の差,"""貸出台帳で利用可能と記録されている品は箱、袋。予約済みの品はクリップ、名札、袋、封筒、付箋です。""",利用可能品のうち、予約されていない品を選んでください。,"{""クリップ"": ""クリップ"", ""テープ"": ""テープ"", ""付箋"": ""付箋"", ""名札"": ""名札"", ""封筒"": ""封筒"", ""箱"": ""箱"", ""袋"": ""袋""}","""箱"""
v2-gen-choice-05-006,choice,generated,否定条件で選択,"""検品記録: 冊子は封なしで濡れていない、付箋は封なしで濡れている、ラベルは封ありで濡れている、シールは封ありで濡れている。""",濡れた品は除外し、封がない品を一つ選んでください。,"{""シール"": ""シール"", ""ラベル"": ""ラベル"", ""付箋"": ""付箋"", ""冊子"": ""冊子""}","""冊子"""
v2-gen-score-07-008,score,generated,証拠の最高到達段階,"{""調査"": ""灯台"", ""この調査の証拠段階"": {""一次資料"": 1, ""計測記録"": 2, ""監査記録"": 3, ""第三者確認"": 4, ""担当者報告"": 5, ""検収記録"": 6}, ""得られた証拠"": [""一次資料""], ""集約規則"": ""得られた段階の最大。証拠なしは0""}",明示された段階表だけで証拠を評価してください。,"[""証拠なしの段階0"", ""表に基づく最高証拠段階1"", ""表に基づく最高証拠段階2"", ""表に基づく最高証拠段階3"", ""表に基づく最高証拠段階4"", ""表に基づく最高証拠段階5"", ""表に基づく最高証拠段階6""]","""1"""
v2-gen-score-08-044,score,generated,要件への一致数,"{""注文要件"": {""包装"": ""なし"", ""サイズ"": ""大"", ""形"": ""四角"", ""配送"": ""宅配"", ""印字"": ""片面のみ"", ""色"": ""白"", ""素材"": ""布""}, ""提案品"": {""包装"": ""なし"", ""サイズ"": ""大"", ""形"": ""四角"", ""配送"": ""宅配"", ""印字"": ""片面のみ"", ""色"": ""白"", ""素材"": ""布""}}",注文要件と一致している属性の数を段階として選んでください。,"[""一致した要件が0項目"", ""一致した要件が1項目"", ""一致した要件が2項目"", ""一致した要件が3項目"", ""一致した要件が4項目"", ""一致した要件が5項目"", ""一致した要件が6項目"", ""一致した要件が7項目""]","""7"""
v2-gen-noul-08-022,noul,generated,集合と否定所属,"{""催し"": ""山道"", ""完全な参加者名簿"": [""大野"", ""青木""], ""補足"": ""名前のない人は参加者ではない""}",青木さんは参加者であると言えますか。,"{""false"": ""いいえ。質問の命題は成立しない。"", ""true"": ""はい。質問の命題が成立する。""}","""true"""
v2-gen-noul-11-025,noul,generated,参照関係の真偽,"""担当表: 夕凪は青木、山道は高橋、白波は林、春風は大野、青空は上田、灯台は中村。資料の関連先: ラベルは白波、ファイルは山道、箱は夕凪、用紙は春風、封筒は灯台、付箋は青空。""",用紙の関連先を担当表で引くと大野さんになりますか。,"{""false"": ""いいえ。質問の命題は成立しない。"", ""true"": ""はい。質問の命題が成立する。""}","""true"""
v2-gen-score-05-006,score,generated,緊急条件の加点,"{""案件"": ""朝露"", ""基本優先度"": 1, ""締切までの残り時間"": 13, ""規則"": ""残り6時間以内なら1加点、それより長ければ0加点。上限3""}",締切までの時間による条件を反映した段階を答えてください。,"[""最終優先度0"", ""最終優先度1"", ""最終優先度2"", ""最終優先度3""]","""1"""
v2-gen-choice-02-045,choice,generated,条件と優先例外,"{""規則"": ""会員かつ4個以上なら優待。ただし予約品は常に通常"", ""会員"": false, ""購入数"": 4, ""予約品"": false}",この購入に適用する扱いを選んでください。,"{""優待"": ""優待の扱い"", ""通常"": ""通常の扱い""}","""通常"""
v2-gen-noul-02-006,noul,generated,全条件の充足,"{""すべて必要な条件"": [""所属確認"", ""事前登録"", ""利用説明受講"", ""講習受講""], ""対象"": ""大野"", ""完了状況"": {""所属確認"": true, ""事前登録"": true, ""利用説明受講"": true, ""講習受講"": true}}",不足条件なく利用を許可できますか。,"{""false"": ""いいえ。質問の命題は成立しない。"", ""true"": ""はい。質問の命題が成立する。""}","""true"""
v2-gen-score-10-042,score,generated,不足の段階,"{""申請"": ""星空"", ""必要書類"": [""見積書"", ""申込書"", ""同意書"", ""承認書"", ""添付図""], ""届いた書類"": [""添付図"", ""挨拶状"", ""承認書""], ""余分な書類で代用できる"": false}",必要一覧と届いた一覧を照合し、不足の程度を判定してください。,"[""不足が0種類"", ""不足が1種類"", ""不足が2種類"", ""不足が3種類"", ""不足が4種類"", ""不足が5種類""]","""3"""
v2-gen-choice-06-046,choice,generated,時間枠の包含,"""部屋の連続利用可能時間: 緑室は12時から14時まで、青室は11時から15時まで、黄室は10時から12時まで、茶室は9時から12時まで、白室は12時から15時まで。会議は11時開始、13時終了です。""",会議の全時間を連続して確保できる部屋を選んでください。開始・終了の一致は許可します。,"{""白"": ""白室"", ""緑"": ""緑室"", ""茶"": ""茶室"", ""青"": ""青室"", ""黄"": ""黄室""}","""青"""
v2-gen-noul-08-027,noul,generated,集合と否定所属,"""朝露の参加者名簿は林、渡辺です。この名簿は完全で、記載のない人は参加者ではありません。""",林さんは参加者ではないと言えますか。,"{""false"": ""いいえ。質問の命題は成立しない。"", ""true"": ""はい。質問の命題が成立する。""}","""false"""
v2-gen-choice-15-041,choice,generated,文章内の順序参照,"{""会議"": ""若葉"", ""発表順"": [""松本"", ""渡辺"", ""加藤"", ""佐藤"", ""遠藤"", ""吉田"", ""上田""]}",発表順の先頭から5番目にいる人を答えてください。,"{""上田"": ""上田さん"", ""佐藤"": ""佐藤さん"", ""加藤"": ""加藤さん"", ""吉田"": ""吉田さん"", ""松本"": ""松本さん"", ""渡辺"": ""渡辺さん"", ""遠藤"": ""遠藤さん""}","""遠藤"""
v2-gen-choice-11-019,choice,generated,小数量の比較,"{""在庫"": [{""品名"": ""用紙"", ""総在庫"": 11, ""予約分"": 2}, {""品名"": ""ファイル"", ""総在庫"": 9, ""予約分"": 3}, {""品名"": ""袋"", ""総在庫"": 11, ""予約分"": 3}, {""品名"": ""ペン"", ""総在庫"": 11, ""予約分"": 0}, {""品名"": ""ケース"", ""総在庫"": 5, ""予約分"": 4}, {""品名"": ""テープ"", ""総在庫"": 7, ""予約分"": 3}], ""自由在庫"": ""総在庫から予約分を引く""}",予約分を差し引いた残りが一番少ないのはどれですか。,"{""ケース"": ""ケース"", ""テープ"": ""テープ"", ""ファイル"": ""ファイル"", ""ペン"": ""ペン"", ""用紙"": ""用紙"", ""袋"": ""袋""}","""ケース"""
v2-gen-score-06-038,score,generated,約束時刻からの遅れ,"{""便"": ""草原"", ""約束時刻"": 5, ""実際の到着時刻"": 6, ""同日"": true, ""早着時の遅れ"": 0}",到着の遅れを段階基準で評価してください。,"[""遅れが1時間未満"", ""遅れが1時間以上""]","""1"""
v2-gen-choice-05-036,choice,generated,否定条件で選択,"{""検品"": [{""品名"": ""ペン"", ""封がある"": true, ""濡れている"": true}, {""品名"": ""付箋"", ""封がある"": false, ""濡れている"": true}, {""品名"": ""テープ"", ""封がある"": false, ""濡れている"": true}, {""品名"": ""箱"", ""封がある"": true, ""濡れている"": true}, {""品名"": ""カード"", ""封がある"": false, ""濡れている"": false}, {""品名"": ""ケース"", ""封がある"": true, ""濡れている"": true}, {""品名"": ""ノート"", ""封がある"": true, ""濡れている"": false}]}",対象は『封がない』『濡れていない』の両方を満たす品です。どれですか。,"{""カード"": ""カード"", ""ケース"": ""ケース"", ""テープ"": ""テープ"", ""ノート"": ""ノート"", ""ペン"": ""ペン"", ""付箋"": ""付箋"", ""箱"": ""箱""}","""カード"""
v2-gen-choice-01-026,choice,generated,問い合わせ経路,"""受付分類表は次のとおりです。製品窓口: 破損・初期不良・部品交換 / アカウント窓口: ログイン・パスワード・退会 / 店舗窓口: 営業時間・店内設備・店舗の場所 / 修理窓口: 修理見積・修理進捗・保証修理。問い合わせ本文:「依頼中の修理がどこまで進んだか知りたいです」。受付担当が付けた主題は「修理進捗」です。""",受付分類表を使って、この相談の担当を決めてください。,"{""アカウント"": ""アカウントの窓口"", ""修理"": ""修理の窓口"", ""店舗"": ""店舗の窓口"", ""製品"": ""製品の窓口""}","""修理"""
v2-gen-noul-01-033,noul,generated,事実と否定質問,"{""対象者"": ""上田"", ""項目"": ""会場を設営"", ""実施済み"": true}",記録上、上田さんは会場を設営していないと言えますか。,"{""false"": ""いいえ。質問の命題は成立しない。"", ""true"": ""はい。質問の命題が成立する。""}","""false"""
v2-gen-score-14-044,score,generated,参照表の順序尺度,"""今回の検査用の対応表: 茶印は段階0、赤印は段階1、白印は段階2、緑印は段階3、青印は段階4、黄印は段階5、黒印は段階6、紫印は段階7。白波の確定検査票には赤印が付いています。色に一般的な良し悪しは仮定しません。""",今回の対応表を使って検査票の段階を選んでください。,"[""表による段階0"", ""表による段階1"", ""表による段階2"", ""表による段階3"", ""表による段階4"", ""表による段階5"", ""表による段階6"", ""表による段階7""]","""1"""
v2-gen-choice-06-038,choice,generated,時間枠の包含,"""部屋の連続利用可能時間: 白室は14時から17時まで、紫室は17時から20時まで、黄室は14時から17時まで、緑室は14時から17時まで、青室は16時から20時まで、茶室は14時から17時まで、黒室は17時から19時まで、赤室は15時から17時まで。会議は16時開始、18時終了です。""",会議開始から終了まで空いている部屋はどれですか。境界時刻が一致していても利用できます。,"{""白"": ""白室"", ""紫"": ""紫室"", ""緑"": ""緑室"", ""茶"": ""茶室"", ""赤"": ""赤室"", ""青"": ""青室"", ""黄"": ""黄室"", ""黒"": ""黒室""}","""青"""
v2-gen-choice-15-026,choice,generated,文章内の順序参照,"{""会議"": ""水面"", ""発表順"": [""森"", ""大野"", ""吉田"", ""上田"", ""高橋"", ""青木"", ""山田""]}",紹介された順番で7人目に発表する人は誰ですか。,"{""上田"": ""上田さん"", ""吉田"": ""吉田さん"", ""大野"": ""大野さん"", ""山田"": ""山田さん"", ""森"": ""森さん"", ""青木"": ""青木さん"", ""高橋"": ""高橋さん""}","""山田"""
v2-gen-score-02-008,score,generated,記述の満足段階,"{""回答者"": ""木村"", ""対象"": ""白波"", ""感想原文"": ""最高の一歩手前で、満足の程度は極めて強かった""}",発言の意味に最も合う満足段階を選んでください。,"[""やや不満"", ""強い満足"", ""極めて強い満足""]","""2"""
v2-gen-choice-10-020,choice,generated,不在時の代理,"{""案件担当"": {""青空"": ""森"", ""白波"": ""石田"", ""朝露"": ""木村"", ""夕凪"": ""吉田""}, ""代理者"": {""森"": ""石田"", ""石田"": ""木村"", ""木村"": ""吉田"", ""吉田"": ""森""}, ""不在者"": [""吉田"", ""森"", ""石田""], ""案件"": ""白波"", ""ルール"": ""担当者が不在なら指定代理に一度だけ振替。代理の在席状況は問わない""}",この案件を担当本人または指定代理に連絡します。宛先は誰ですか。,"{""吉田"": ""吉田さん"", ""木村"": ""木村さん"", ""森"": ""森さん"", ""石田"": ""石田さん""}","""木村"""
v2-gen-noul-05-040,noul,generated,締切の境界,"{""受付規則"": ""18時ちょうどまで受け付け、同時刻の提出も有効"", ""提出者"": ""木村"", ""提出時刻"": 18}",この提出は時間条件を満たしていますか。,"{""false"": ""いいえ。質問の命題は成立しない。"", ""true"": ""はい。質問の命題が成立する。""}","""true"""
v2-gen-choice-04-008,choice,generated,参照先の担当,"""担当: 夕凪は林、若葉は石田、星空は大野、灯台は上田、白波は森、朝露は中村。資料の所属: 封筒は白波案件、名札は星空案件、付箋は夕凪案件、袋は朝露案件、ファイルは灯台案件、箱は若葉案件。確認する資料は箱です。""",この資料について、所属案件を通じて連絡すべき担当者は誰ですか。,"{""上田"": ""上田さん"", ""中村"": ""中村さん"", ""大野"": ""大野さん"", ""林"": ""林さん"", ""森"": ""森さん"", ""石田"": ""石田さん""}","""石田"""
v2-gen-noul-06-013,noul,generated,更新後の状態,"""夕凪の状態記録: 12時には点検中、10時には空席あり、16時には空席あり、7時には空席あり、19時には点検中。時刻が新しい記録が古い記録を上書きします。""",現在の状態は「使用可能」ですか。,"{""false"": ""いいえ。質問の命題は成立しない。"", ""true"": ""はい。質問の命題が成立する。""}","""false"""
v2-gen-noul-11-032,noul,generated,参照関係の真偽,"""担当表: 夕凪は渡辺、朝露は山田、青空は松本、星空は石田、木漏れ日は森、若葉は林。資料の関連先: 用紙は星空、箱は夕凪、ケースは木漏れ日、封筒は青空、カードは若葉、ファイルは朝露。""",松本さんはケースが属する案件の担当者と言えますか。,"{""false"": ""いいえ。質問の命題は成立しない。"", ""true"": ""はい。質問の命題が成立する。""}","""false"""
v2-gen-noul-05-012,noul,generated,締切の境界,"{""受付規則"": ""15時より前だけ受け付け、15時ちょうどは無効"", ""提出者"": ""上田"", ""提出時刻"": 8}",記録された提出時刻は締切内ですか。,"{""false"": ""いいえ。質問の命題は成立しない。"", ""true"": ""はい。質問の命題が成立する。""}","""true"""
v2-gen-choice-04-042,choice,generated,参照先の担当,"""担当: 若葉は中村、春風は青木、夕凪は高橋、草原は森、木漏れ日は上田、星空は木村、灯台は大野、青空は加藤。資料の所属: 付箋は夕凪案件、ペンは春風案件、冊子は若葉案件、名札は草原案件、用紙は青空案件、ノートは星空案件、袋は木漏れ日案件、ファイルは灯台案件。確認する資料は名札です。""",確認する資料の案件を担当している人を答えてください。,"{""上田"": ""上田さん"", ""中村"": ""中村さん"", ""加藤"": ""加藤さん"", ""大野"": ""大野さん"", ""木村"": ""木村さん"", ""森"": ""森さん"", ""青木"": ""青木さん"", ""高橋"": ""高橋さん""}","""森"""
v2-gen-score-10-011,score,generated,不足の段階,"{""申請"": ""灯台"", ""必要書類"": [""確認票"", ""同意書""], ""届いた書類"": [""案内状""], ""余分な書類で代用できる"": false}",必要書類の不足数に対応する段階を選んでください。,"[""不足が0種類"", ""不足が1種類"", ""不足が2種類""]","""2"""
v2-gen-score-07-006,score,generated,証拠の最高到達段階,"""この調査固有の証拠段階表: 写真記録は段階1、署名済み文書は段階2、監査記録は段階3、第三者確認は段階4。朝露で得られた証拠は監査記録。複数ある場合は最大の段階を使い、なければ0です。""",この調査の証拠段階を選んでください。,"[""証拠なしの段階0"", ""表に基づく最高証拠段階1"", ""表に基づく最高証拠段階2"", ""表に基づく最高証拠段階3"", ""表に基づく最高証拠段階4""]","""3"""
v2-gen-noul-07-012,noul,generated,識別文字列の完全一致,"""商品ラベルの管理コードは「EF2-B」、注文票の管理コードは「ef2-b」です。照合では大文字と小文字、記号の違いも区別します。""",指定された照合規則で一致と判定できますか。,"{""false"": ""いいえ。質問の命題は成立しない。"", ""true"": ""はい。質問の命題が成立する。""}","""false"""
v2-gen-noul-14-016,noul,generated,予定時間の重なり,"{""対象者"": ""中村"", ""会議"": [14, 18], ""面談"": [14, 17], ""規則"": ""終了時刻と開始時刻が一致するだけなら重複なし""}",二つの予定の時間は重なっていますか。,"{""false"": ""いいえ。質問の命題は成立しない。"", ""true"": ""はい。質問の命題が成立する。""}","""true"""
v2-gen-choice-01-048,choice,generated,問い合わせ経路,"{""分類表"": {""修理"": [""修理見積"", ""修理進捗"", ""保証修理""], ""イベント"": [""申込期限"", ""会場案内"", ""参加取消""], ""製品"": [""破損"", ""初期不良"", ""部品交換""], ""請求"": [""二重請求"", ""領収書"", ""返金""], ""アカウント"": [""ログイン"", ""パスワード"", ""退会""], ""契約"": [""契約更新"", ""プラン変更"", ""解約手続き""]}, ""本文"": ""自分のアカウントにログインできません"", ""受付主題"": ""ログイン""}",受付分類表を使って、この相談の担当を決めてください。,"{""アカウント"": ""アカウントの窓口"", ""イベント"": ""イベントの窓口"", ""修理"": ""修理の窓口"", ""契約"": ""契約の窓口"", ""製品"": ""製品の窓口"", ""請求"": ""請求の窓口""}","""アカウント"""
v2-gen-score-09-014,score,generated,例外による上限,"""検査合格状況: 表示は合格、付属品は不合格、包装は合格、記録は合格、動作は合格。合格項目一つにつき1点ですが、要再確認の印があれば上限1点に制限します。今回その印はありません。""",上限制限を適用した最終点を選んでください。,"[""最終点0点"", ""最終点1点"", ""最終点2点"", ""最終点3点"", ""最終点4点"", ""最終点5点""]","""4"""
v2-gen-score-03-036,score,generated,順番に進む工程,"{""案件"": ""木漏れ日"", ""工程順"": [""引継ぎ"", ""審査"", ""検収""], ""完了済み"": [""引継ぎ"", ""審査"", ""検収""], ""着手中は完了に含めない"": true}",この案件は完了ベースでどの段階まで進みましたか。,"[""完了した工程はまだない"", ""先頭から1工程が完了（最後に完了したのは引継ぎ）"", ""先頭から2工程が完了（最後に完了したのは審査）"", ""先頭から3工程が完了（最後に完了したのは検収）""]","""3"""
v2-gen-choice-02-039,choice,generated,条件と優先例外,"""草原店では会員で購入数が11個以上なら優待扱いです。ただし予約品は購入数や会員資格にかかわらず通常扱いです。今回は3個、非会員、通常在庫品です。""",例外も踏まえて、今回の購入区分はどれですか。,"{""優待"": ""優待の扱い"", ""通常"": ""通常の扱い""}","""通常"""
v2-gen-score-07-046,score,generated,証拠の最高到達段階,"""この調査固有の証拠段階表: 担当者報告は段階1、立会記録は段階2。木漏れ日で得られた証拠は担当者報告。複数ある場合は最大の段階を使い、なければ0です。""",この調査の証拠段階を選んでください。,"[""証拠なしの段階0"", ""表に基づく最高証拠段階1"", ""表に基づく最高証拠段階2""]","""1"""
v2-gen-score-08-005,score,generated,要件への一致数,"{""注文要件"": {""印字"": ""片面のみ"", ""包装"": ""なし"", ""配送"": ""店頭""}, ""提案品"": {""印字"": ""なし"", ""包装"": ""なし"", ""配送"": ""店頭""}}",各属性の完全一致を一点として採点してください。,"[""一致した要件が0項目"", ""一致した要件が1項目"", ""一致した要件が2項目"", ""一致した要件が3項目""]","""2"""
v2-gen-choice-01-035,choice,generated,問い合わせ経路,"""受付分類表は次のとおりです。店舗窓口: 営業時間・店内設備・店舗の場所 / 製品窓口: 破損・初期不良・部品交換 / 請求窓口: 二重請求・領収書・返金。問い合わせ本文:「お店は何時から何時まで開いていますか」。受付担当が付けた主題は「営業時間」です。""",分類表に従い、この問い合わせを担当する窓口を一つ選んでください。,"{""店舗"": ""店舗の窓口"", ""製品"": ""製品の窓口"", ""請求"": ""請求の窓口""}","""店舗"""
v2-gen-choice-09-025,choice,generated,利用可能集合の差,"{""利用可能品"": [""冊子"", ""ケース""], ""予約済み品"": [""カード"", ""ケース""]}",予約済みを利用可能一覧から除いたとき、残る品を答えてください。,"{""カード"": ""カード"", ""ケース"": ""ケース"", ""冊子"": ""冊子"", ""封筒"": ""封筒""}","""冊子"""
v2-gen-choice-04-014,choice,generated,参照先の担当,"{""案件担当"": {""春風"": ""森"", ""星空"": ""加藤"", ""夕凪"": ""高橋"", ""若葉"": ""吉田"", ""朝露"": ""林"", ""木漏れ日"": ""遠藤"", ""白波"": ""山田""}, ""資料の所属案件"": {""袋"": ""星空"", ""クリップ"": ""若葉"", ""ファイル"": ""白波"", ""ラベル"": ""木漏れ日"", ""用紙"": ""朝露"", ""付箋"": ""夕凪"", ""ペン"": ""春風""}, ""確認資料"": ""クリップ""}",確認する資料の案件を担当している人を答えてください。,"{""加藤"": ""加藤さん"", ""吉田"": ""吉田さん"", ""山田"": ""山田さん"", ""林"": ""林さん"", ""森"": ""森さん"", ""遠藤"": ""遠藤さん"", ""高橋"": ""高橋さん""}","""吉田"""
v2-gen-score-09-005,score,generated,例外による上限,"""検査合格状況: 動作は合格、記録は合格、表示は合格。合格項目一つにつき1点ですが、要再確認の印があれば上限1点に制限します。今回その印はあります。""",単純な合格数ではなく、上限ルール適用後の点数を求めてください。,"[""最終点0点"", ""最終点1点"", ""最終点2点"", ""最終点3点""]","""1"""
v2-gen-noul-13-010,noul,generated,範囲の開閉境界,"""白波の受付数は、6個以上、かつ14個未満の場合に限り適合です。今回の数は14個です。""",今回の個数は適合範囲に入っていますか。,"{""false"": ""いいえ。質問の命題は成立しない。"", ""true"": ""はい。質問の命題が成立する。""}","""false"""
v2-gen-score-11-016,score,generated,時刻順の評価更新,"{""案件"": ""星空"", ""評価更新"": [{""時刻"": 17, ""段階"": 0}, {""時刻"": 8, ""段階"": 4}, {""時刻"": 12, ""段階"": 5}, {""時刻"": 10, ""段階"": 7}], ""採用規則"": ""最新時刻だけを採用""}",最後に更新された有効な段階はいくつですか。,"[""評価段階0"", ""評価段階1"", ""評価段階2"", ""評価段階3"", ""評価段階4"", ""評価段階5"", ""評価段階6"", ""評価段階7""]","""0"""
v2-gen-score-07-043,score,generated,証拠の最高到達段階,"""この調査固有の証拠段階表: 第三者確認は段階1、検収記録は段階2、一次資料は段階3、口頭メモは段階4、写真記録は段階5、署名済み文書は段階6。山道で得られた証拠は一次資料、署名済み文書。複数ある場合は最大の段階を使い、なければ0です。""",明示された段階表だけで証拠を評価してください。,"[""証拠なしの段階0"", ""表に基づく最高証拠段階1"", ""表に基づく最高証拠段階2"", ""表に基づく最高証拠段階3"", ""表に基づく最高証拠段階4"", ""表に基づく最高証拠段階5"", ""表に基づく最高証拠段階6""]","""6"""
v2-gen-choice-14-041,choice,generated,二属性照合,"{""展示品"": [{""品名"": ""テープ"", ""色"": ""紫"", ""素材"": ""木""}, {""品名"": ""ノート"", ""色"": ""青"", ""素材"": ""ガラス""}, {""品名"": ""用紙"", ""色"": ""赤"", ""素材"": ""ガラス""}, {""品名"": ""名札"", ""色"": ""黒"", ""素材"": ""木""}, {""品名"": ""箱"", ""色"": ""白"", ""素材"": ""樹脂""}, {""品名"": ""ケース"", ""色"": ""黒"", ""素材"": ""ガラス""}], ""指定色"": ""黒"", ""指定素材"": ""木""}",色だけ・素材だけの一致では足りません。該当品を答えてください。,"{""ケース"": ""ケース"", ""テープ"": ""テープ"", ""ノート"": ""ノート"", ""名札"": ""名札"", ""用紙"": ""用紙"", ""箱"": ""箱""}","""名札"""
v2-gen-choice-04-006,choice,generated,参照先の担当,"{""案件担当"": {""山道"": ""木村"", ""星空"": ""吉田"", ""夕凪"": ""渡辺""}, ""資料の所属案件"": {""シール"": ""夕凪"", ""ファイル"": ""山道"", ""ケース"": ""星空""}, ""確認資料"": ""シール""}",この資料について、所属案件を通じて連絡すべき担当者は誰ですか。,"{""吉田"": ""吉田さん"", ""木村"": ""木村さん"", ""渡辺"": ""渡辺さん""}","""渡辺"""
v2-gen-choice-14-012,choice,generated,二属性照合,"{""展示品"": [{""品名"": ""ケース"", ""色"": ""黄"", ""素材"": ""樹脂""}, {""品名"": ""ラベル"", ""色"": ""青"", ""素材"": ""紙""}, {""品名"": ""ファイル"", ""色"": ""黒"", ""素材"": ""樹脂""}, {""品名"": ""テープ"", ""色"": ""青"", ""素材"": ""布""}, {""品名"": ""ペン"", ""色"": ""白"", ""素材"": ""木""}, {""品名"": ""付箋"", ""色"": ""黄"", ""素材"": ""布""}, {""品名"": ""袋"", ""色"": ""白"", ""素材"": ""布""}], ""指定色"": ""黄"", ""指定素材"": ""布""}",二つの指定を同時に満たす展示品はどれですか。,"{""ケース"": ""ケース"", ""テープ"": ""テープ"", ""ファイル"": ""ファイル"", ""ペン"": ""ペン"", ""ラベル"": ""ラベル"", ""付箋"": ""付箋"", ""袋"": ""袋""}","""付箋"""
v2-gen-choice-13-026,choice,generated,工程の依存順,"{""案件"": ""草原"", ""工程順"": [""報告"", ""見積作成"", ""受付""], ""完了済み"": [], ""規則"": ""順に実行し未完了工程を飛ばさない""}",この作業を一段進めるときに着手する工程を答えてください。残りがなければ完了です。,"{""受付"": ""受付"", ""報告"": ""報告"", ""完了"": ""全工程が完了"", ""見積作成"": ""見積作成""}","""報告"""
v2-gen-choice-11-011,choice,generated,小数量の比較,"{""在庫"": [{""品名"": ""ラベル"", ""総在庫"": 9, ""予約分"": 3}, {""品名"": ""ペン"", ""総在庫"": 8, ""予約分"": 0}], ""自由在庫"": ""総在庫から予約分を引く""}",予約分を差し引いた残りが一番多いのはどれですか。,"{""ペン"": ""ペン"", ""ラベル"": ""ラベル""}","""ペン"""
v2-gen-noul-03-043,noul,generated,いずれかの条件,"""若葉の受付では引換券・会員証・招待券・事前予約票のうち一つ以上があれば通れます。山田さん: 引換券はなし、会員証はなし、招待券はなし、事前予約票はなし。""",少なくとも一つの必要条件が成立していますか。,"{""false"": ""いいえ。質問の命題は成立しない。"", ""true"": ""はい。質問の命題が成立する。""}","""false"""
v2-gen-score-05-019,score,generated,緊急条件の加点,"{""案件"": ""木漏れ日"", ""基本優先度"": 0, ""締切までの残り時間"": 1, ""規則"": ""残り2時間以内なら1加点、それより長ければ0加点。上限2""}",締切までの時間による条件を反映した段階を答えてください。,"[""最終優先度0"", ""最終優先度1"", ""最終優先度2""]","""1"""
v2-gen-noul-06-018,noul,generated,更新後の状態,"{""対象"": ""春風"", ""更新記録"": [{""時刻"": 11, ""状態"": ""使用可能""}, {""時刻"": 16, ""状態"": ""使用可能""}, {""時刻"": 10, ""状態"": ""使用可能""}, {""時刻"": 13, ""状態"": ""点検中""}, {""時刻"": 12, ""状態"": ""使用可能""}], ""規則"": ""最新時刻の記録が有効""}",最新の有効な記録から「使用可能」と言えますか。,"{""false"": ""いいえ。質問の命題は成立しない。"", ""true"": ""はい。質問の命題が成立する。""}","""true"""
v2-gen-noul-02-020,noul,generated,全条件の充足,"""星空の利用には会費支払い・事前登録・所属確認・同意書提出がすべて必要です。遠藤さん: 会費支払いは完了、事前登録は完了、所属確認は完了、同意書提出は完了。""",この人は記載された利用条件をすべて満たしていますか。,"{""false"": ""いいえ。質問の命題は成立しない。"", ""true"": ""はい。質問の命題が成立する。""}","""true"""
v2-gen-choice-06-040,choice,generated,時間枠の包含,"""部屋の連続利用可能時間: 紫室は10時から11時まで、茶室は8時から9時まで、赤室は8時から9時まで、黒室は8時から11時まで、緑室は7時から9時まで、青室は7時から9時まで。会議は9時開始、10時終了です。""",会議開始から終了まで空いている部屋はどれですか。境界時刻が一致していても利用できます。,"{""紫"": ""紫室"", ""緑"": ""緑室"", ""茶"": ""茶室"", ""赤"": ""赤室"", ""青"": ""青室"", ""黒"": ""黒室""}","""黒"""
v2-gen-noul-02-022,noul,generated,全条件の充足,"{""すべて必要な条件"": [""所属確認"", ""同意書提出""], ""対象"": ""遠藤"", ""完了状況"": {""所属確認"": true, ""同意書提出"": true}}",この人は記載された利用条件をすべて満たしていますか。,"{""false"": ""いいえ。質問の命題は成立しない。"", ""true"": ""はい。質問の命題が成立する。""}","""true"""
v2-gen-noul-07-019,noul,generated,識別文字列の完全一致,"""商品ラベルの管理コードは「AB2-B」、注文票の管理コードは「AB2-B」です。照合では大文字と小文字、記号の違いも区別します。""",指定された照合規則で一致と判定できますか。,"{""false"": ""いいえ。質問の命題は成立しない。"", ""true"": ""はい。質問の命題が成立する。""}","""true"""
v2-gen-noul-02-040,noul,generated,全条件の充足,"""若葉の利用には所属確認・会費支払い・本人確認がすべて必要です。遠藤さん: 所属確認は完了、会費支払いは完了、本人確認は完了。""",この人は記載された利用条件をすべて満たしていますか。,"{""false"": ""いいえ。質問の命題は成立しない。"", ""true"": ""はい。質問の命題が成立する。""}","""true"""
v2-gen-score-15-044,score,generated,軽重のある項目,"""この点検の配点: 添付欠落は2点、宛名不備は1点、日付欠落は1点、署名欠落は1点、余白不備は1点、頁番号欠落は1点、誤字は1点。見つかった不備: なし。該当項目の点を合計し、7点以上は段階7にまとめます。""",項目数ではなく指定された点数で評価してください。,"[""不備点の合計が0点"", ""不備点の合計が1点"", ""不備点の合計が2点"", ""不備点の合計が3点"", ""不備点の合計が4点"", ""不備点の合計が5点"", ""不備点の合計が6点"", ""不備点の合計が7点以上""]","""0"""
v2-gen-noul-12-026,noul,generated,記録と主張の照合,"""星空施設の入口について、いま確認した確定記録は北口は半分だけ開いている、南口は4分の1だけ開いている、東口は完全に閉じている、西口は完全に開いている、裏口は4分の1だけ開いている、搬入口は4分の1だけ開いているです。現在の判断にはこの確定記録だけを使います。""",いま西口が完全に開いているという判断は正しいですか。,"{""false"": ""いいえ。質問の命題は成立しない。"", ""true"": ""はい。質問の命題が成立する。""}","""true"""
v2-gen-choice-12-018,choice,generated,条件付き不足書類,"""書類確認の優先順は見積書→受領票→申込書。受領票だけは代理申請の場合に限って必要で、それ以外は常に必要です。今回は本人申請。提出済みは受領票、見積書、申込書です。""",未提出の必要書類のうち優先順が最初のものを選んでください。全部そろっていれば追加不要です。,"{""受領票"": ""受領票"", ""申込書"": ""申込書"", ""見積書"": ""見積書"", ""追加不要"": ""必要書類はすべて提出済み""}","""追加不要"""
v2-gen-noul-03-011,noul,generated,いずれかの条件,"""青空の受付では入場証・招待券・受付確認票・当日券のうち一つ以上があれば通れます。高橋さん: 入場証はなし、招待券はなし、受付確認票はなし、当日券はなし。""",少なくとも一つの必要条件が成立していますか。,"{""false"": ""いいえ。質問の命題は成立しない。"", ""true"": ""はい。質問の命題が成立する。""}","""false"""
v2-gen-noul-10-005,noul,generated,条件付き義務,"{""規則"": ""夜間受付なら上長の承認が必要。それ以外では義務なし"", ""条件に該当"": true, ""必要処置を実施"": false}",この案件は記載された義務のルールに違反していませんか。違反がなければはいです。,"{""false"": ""いいえ。質問の命題は成立しない。"", ""true"": ""はい。質問の命題が成立する。""}","""false"""
v2-gen-score-02-037,score,generated,記述の満足段階,"""松本さんは草原の体験について「到底納得できず、強い不満を感じた」と回答しました。追加の発言はありません。""",発言の意味に最も合う満足段階を選んでください。,"[""強い不満"", ""どちらでもない"", ""やや満足"", ""満足""]","""0"""
v2-gen-noul-10-030,noul,generated,条件付き義務,"{""規則"": ""法人向けなら確認票の添付が必要。それ以外では義務なし"", ""条件に該当"": false, ""必要処置を実施"": false}",この案件は記載された義務のルールに違反していませんか。違反がなければはいです。,"{""false"": ""いいえ。質問の命題は成立しない。"", ""true"": ""はい。質問の命題が成立する。""}","""true"""
v2-gen-noul-12-046,noul,generated,記録と主張の照合,"{""施設"": ""山道"", ""入口ごとの現在の確定記録"": {""北口"": ""完全に閉じている"", ""南口"": ""完全に開いている"", ""東口"": ""4分の1だけ開いている"", ""西口"": ""完全に開いている"", ""裏口"": ""完全に開いている"", ""搬入口"": ""4分の1だけ開いている""}, ""判定資料"": ""現在の確定記録のみ""}",確定情報から、東口は4分の1だけ開いていると言えますか。,"{""false"": ""いいえ。質問の命題は成立しない。"", ""true"": ""はい。質問の命題が成立する。""}","""true"""
v2-gen-choice-11-048,choice,generated,小数量の比較,"{""在庫"": [{""品名"": ""ノート"", ""総在庫"": 9, ""予約分"": 3}, {""品名"": ""封筒"", ""総在庫"": 15, ""予約分"": 4}, {""品名"": ""シール"", ""総在庫"": 10, ""予約分"": 2}], ""自由在庫"": ""総在庫から予約分を引く""}",予約分を差し引いた残りが一番少ないのはどれですか。,"{""シール"": ""シール"", ""ノート"": ""ノート"", ""封筒"": ""封筒""}","""ノート"""
v2-gen-score-08-023,score,generated,要件への一致数,"""注文要件: 色=赤、形=丸、素材=木、包装=袋、印字=片面のみ、配送=宅配、サイズ=中。提案品: 色=白、形=四角、素材=木、包装=袋、印字=片面のみ、配送=宅配、サイズ=大。""",各属性の完全一致を一点として採点してください。,"[""一致した要件が0項目"", ""一致した要件が1項目"", ""一致した要件が2項目"", ""一致した要件が3項目"", ""一致した要件が4項目"", ""一致した要件が5項目"", ""一致した要件が6項目"", ""一致した要件が7項目""]","""4"""
v2-gen-choice-04-003,choice,generated,参照先の担当,"""担当: 木漏れ日は高橋、夕凪は青木、山道は遠藤、白波は加藤、水面は吉田、星空は森、草原は山田。資料の所属: ファイルは山道案件、用紙は木漏れ日案件、ノートは水面案件、テープは白波案件、付箋は草原案件、封筒は夕凪案件、箱は星空案件。確認する資料はテープです。""",確認する資料の案件を担当している人を答えてください。,"{""加藤"": ""加藤さん"", ""吉田"": ""吉田さん"", ""山田"": ""山田さん"", ""森"": ""森さん"", ""遠藤"": ""遠藤さん"", ""青木"": ""青木さん"", ""高橋"": ""高橋さん""}","""加藤"""
v2-gen-choice-08-045,choice,generated,改訂と例外の優先,"{""通常品ラベルの改訂・古い順"": [""緑"", ""赤"", ""紫""], ""優先例外"": ""冷蔵品は黄"", ""荷物"": ""通常品"", ""規則"": ""後の改訂が前を上書きする""}",例外と改訂の順序を考慮して、使用する色はどれですか。,"{""紫"": ""紫ラベル"", ""緑"": ""緑ラベル"", ""茶"": ""茶ラベル"", ""赤"": ""赤ラベル"", ""黄"": ""黄ラベル""}","""紫"""
v2-gen-choice-01-015,choice,generated,問い合わせ経路,"{""分類表"": {""製品"": [""破損"", ""初期不良"", ""部品交換""], ""請求"": [""二重請求"", ""領収書"", ""返金""]}, ""本文"": ""同じ代金が二回引き落とされています"", ""受付主題"": ""二重請求""}",受付分類表を使って、この相談の担当を決めてください。,"{""製品"": ""製品の窓口"", ""請求"": ""請求の窓口""}","""請求"""
v2-gen-choice-04-030,choice,generated,参照先の担当,"{""案件担当"": {""草原"": ""森"", ""朝露"": ""高橋"", ""白波"": ""加藤"", ""水面"": ""渡辺"", ""灯台"": ""山田"", ""夕凪"": ""上田"", ""木漏れ日"": ""青木""}, ""資料の所属案件"": {""冊子"": ""灯台"", ""封筒"": ""夕凪"", ""ケース"": ""水面"", ""付箋"": ""白波"", ""クリップ"": ""木漏れ日"", ""ラベル"": ""草原"", ""ノート"": ""朝露""}, ""確認資料"": ""ケース""}",確認する資料の案件を担当している人を答えてください。,"{""上田"": ""上田さん"", ""加藤"": ""加藤さん"", ""山田"": ""山田さん"", ""森"": ""森さん"", ""渡辺"": ""渡辺さん"", ""青木"": ""青木さん"", ""高橋"": ""高橋さん""}","""渡辺"""
v2-gen-choice-05-005,choice,generated,否定条件で選択,"""検品記録: 封筒は封ありで濡れている、ラベルは封ありで濡れている、ノートは封なしで濡れていない、ペンは封ありで濡れている、袋は封なしで濡れている、クリップは封なしで濡れていない、カードは封ありで濡れていない。""",封があるもので、かつ濡れていない品を選んでください。,"{""カード"": ""カード"", ""クリップ"": ""クリップ"", ""ノート"": ""ノート"", ""ペン"": ""ペン"", ""ラベル"": ""ラベル"", ""封筒"": ""封筒"", ""袋"": ""袋""}","""カード"""
v2-gen-choice-02-002,choice,generated,条件と優先例外,"{""規則"": ""会員かつ5個以上なら優待。ただし予約品は常に通常"", ""会員"": true, ""購入数"": 11, ""予約品"": false}",会計時の区分を一つ決めてください。,"{""優待"": ""優待の扱い"", ""通常"": ""通常の扱い""}","""優待"""
v2-gen-score-04-012,score,generated,独立チェックの合計,"""朝露資料の点検: ページ番号ありは満たす。各項目は一つずつ数えます。""",合格した項目数に対応する段階を答えてください。,"[""満たした項目が0個"", ""満たした項目が1個""]","""1"""
v2-gen-noul-09-034,noul,generated,重複を除いた件数,"""青空棚で読み取った品名はノート、ノート、シール、シール、シール、シール、冊子でした。同じ品名の繰り返しは一種類として数えます。""",重複を除いた種類数は4以上という条件を満たしますか。,"{""false"": ""いいえ。質問の命題は成立しない。"", ""true"": ""はい。質問の命題が成立する。""}","""false"""
v2-gen-noul-07-044,noul,generated,識別文字列の完全一致,"{""商品ラベル"": ""AB9-D"", ""注文票"": ""ab9-d"", ""照合規則"": ""大文字小文字と記号も含む完全一致""}",指定された照合規則で一致と判定できますか。,"{""false"": ""いいえ。質問の命題は成立しない。"", ""true"": ""はい。質問の命題が成立する。""}","""false"""
v2-gen-noul-13-033,noul,generated,範囲の開閉境界,"""星空の受付数は、2個以上、かつ7個未満の場合に限り適合です。今回の数は5個です。""",下限と上限の両方の条件に合いますか。,"{""false"": ""いいえ。質問の命題は成立しない。"", ""true"": ""はい。質問の命題が成立する。""}","""true"""
v2-gen-choice-08-011,choice,generated,改訂と例外の優先,"""通常品の貼付ラベルについて、連絡は古い順に「青」「茶」でした。後の連絡が前の連絡を上書きします。ただし冷蔵品には連絡履歴に関係なく青ラベルを貼ります。今回の荷物は冷蔵品です。""",例外と改訂の順序を考慮して、使用する色はどれですか。,"{""茶"": ""茶ラベル"", ""青"": ""青ラベル""}","""青"""
v2-gen-choice-03-028,choice,generated,最終更新,"{""案件"": ""草原"", ""更新記録"": [{""時"": 18, ""状態"": ""承認""}, {""時"": 19, ""状態"": ""承認""}, {""時"": 17, ""状態"": ""承認""}]}",時刻が最も新しい更新に基づく状態を答えてください。,"{""保留"": ""保留"", ""取消"": ""取消"", ""承認"": ""承認"", ""発送済み"": ""発送済み""}","""承認"""
v2-gen-noul-15-047,noul,generated,出来事の前後関係,"""木村さんの作業日誌は実施順に伝票記入→報告→電話連絡→検品→休憩→引継ぎ→荷物受取→棚への配置です。記載した各作業は一回ずつ実施しました。""",『引継ぎが先、荷物受取が後』という順序は正しいですか。,"{""false"": ""いいえ。質問の命題は成立しない。"", ""true"": ""はい。質問の命題が成立する。""}","""true"""
v2-gen-noul-02-029,noul,generated,全条件の充足,"""木漏れ日の利用には講習受講・利用説明受講がすべて必要です。中村さん: 講習受講は未完了、利用説明受講は完了。""",不足条件なく利用を許可できますか。,"{""false"": ""いいえ。質問の命題は成立しない。"", ""true"": ""はい。質問の命題が成立する。""}","""false"""
v2-gen-score-12-023,score,generated,目標からの差,"""夕凪の目標数は13個、実績は13個です。多すぎても少なすぎても、目標から何個離れたかで評価します。差が7個以上なら最終段階7にまとめます。""",不足・超過の向きではなく差の大きさで評価してください。,"[""目標との差が0個"", ""目標との差が1個"", ""目標との差が2個"", ""目標との差が3個"", ""目標との差が4個"", ""目標との差が5個"", ""目標との差が6個"", ""目標との差が7個以上""]","""0"""
v2-gen-score-06-006,score,generated,約束時刻からの遅れ,"""白波便は6時到着の約束でした。実際の到着は同じ日の7時です。早着した場合の遅れは0時間とします。""",約束時刻と到着時刻の差から、遅延段階を選んでください。,"[""遅れが1時間未満"", ""遅れが1時間以上、2時間未満"", ""遅れが2時間以上、3時間未満"", ""遅れが3時間以上、4時間未満"", ""遅れが4時間以上""]","""1"""
v2-gen-score-02-023,score,generated,記述の満足段階,"""加藤さんは星空の体験について「完全ではないが、少し満足している」と回答しました。追加の発言はありません。""",発言の意味に最も合う満足段階を選んでください。,"[""極めて強い不満"", ""強い不満"", ""やや満足"", ""強い満足""]","""2"""
v2-gen-score-07-014,score,generated,証拠の最高到達段階,"""この調査固有の証拠段階表: 写真記録は段階1、一次資料は段階2、計測記録は段階3、署名済み文書は段階4、口頭メモは段階5。朝露で得られた証拠は写真記録、一次資料。複数ある場合は最大の段階を使い、なければ0です。""",記録済みの証拠から得られる最高段階はどれですか。,"[""証拠なしの段階0"", ""表に基づく最高証拠段階1"", ""表に基づく最高証拠段階2"", ""表に基づく最高証拠段階3"", ""表に基づく最高証拠段階4"", ""表に基づく最高証拠段階5""]","""2"""
v2-gen-choice-02-031,choice,generated,条件と優先例外,"{""規則"": ""会員かつ7個以上なら優待。ただし予約品は常に通常"", ""会員"": false, ""購入数"": 13, ""予約品"": true}",会計時の区分を一つ決めてください。,"{""優待"": ""優待の扱い"", ""通常"": ""通常の扱い""}","""通常"""
v2-gen-noul-07-018,noul,generated,識別文字列の完全一致,"{""商品ラベル"": ""RS3-D"", ""注文票"": ""RS3_D"", ""照合規則"": ""大文字小文字と記号も含む完全一致""}",同一コードとして扱ってよいですか。,"{""false"": ""いいえ。質問の命題は成立しない。"", ""true"": ""はい。質問の命題が成立する。""}","""false"""
v2-gen-choice-06-017,choice,generated,時間枠の包含,"""部屋の連続利用可能時間: 紫室は14時から15時まで、赤室は11時から13時まで、青室は11時から13時まで、緑室は12時から13時まで、茶室は14時から15時まで、白室は13時から16時まで。会議は13時開始、14時終了です。""",会議開始から終了まで空いている部屋はどれですか。境界時刻が一致していても利用できます。,"{""白"": ""白室"", ""紫"": ""紫室"", ""緑"": ""緑室"", ""茶"": ""茶室"", ""赤"": ""赤室"", ""青"": ""青室""}","""白"""
v2-gen-noul-04-018,noul,generated,例外の優先,"""規則: 本人確認済みであれば草原を利用できます。ただし利用停止中なら利用できません。加藤さんは本人確認済みに該当、利用停止中に非該当です。""",例外を含む規則のもとで利用は許可されますか。,"{""false"": ""いいえ。質問の命題は成立しない。"", ""true"": ""はい。質問の命題が成立する。""}","""true"""
v2-gen-choice-15-049,choice,generated,文章内の順序参照,"{""会議"": ""灯台"", ""発表順"": [""森"", ""佐藤"", ""遠藤"", ""渡辺"", ""中村"", ""木村""]}",発表順の先頭から4番目にいる人を答えてください。,"{""中村"": ""中村さん"", ""佐藤"": ""佐藤さん"", ""木村"": ""木村さん"", ""森"": ""森さん"", ""渡辺"": ""渡辺さん"", ""遠藤"": ""遠藤さん""}","""渡辺"""
v2-gen-score-13-032,score,generated,取消しを反映した件数,"""夕凪の申込み記録: 佐藤は受付済み・取消なし、渡辺は未受付・取消なし、遠藤は受付済み・取消なし、森は受付済み・取消なし、上田は受付済み・取消済み、山田は受付済み・取消なし、松本は未受付・取消なし、青木は受付済み・取消なし。取消済みの申込みは有効件数から除きます。2件以上は最終段階2にまとめます。""",受付済みから取消済みを除いた件数はいくつの段階ですか。,"[""有効申込みが0件"", ""有効申込みが1件"", ""有効申込みが2件以上""]","""2"""
v2-gen-noul-07-014,noul,generated,識別文字列の完全一致,"{""商品ラベル"": ""MN6-C"", ""注文票"": ""MN6C"", ""照合規則"": ""大文字小文字と記号も含む完全一致""}",指定された照合規則で一致と判定できますか。,"{""false"": ""いいえ。質問の命題は成立しない。"", ""true"": ""はい。質問の命題が成立する。""}","""false"""
v2-gen-noul-05-013,noul,generated,締切の境界,"""夕凪の提出は16時より前だけ受け付け、16時ちょうどは無効です。大野さんの提出記録は20時ちょうどです。""",時刻だけを基準に、この提出を有効と判定できますか。,"{""false"": ""いいえ。質問の命題は成立しない。"", ""true"": ""はい。質問の命題が成立する。""}","""false"""
v2-gen-score-05-008,score,generated,緊急条件の加点,"{""案件"": ""灯台"", ""基本優先度"": 5, ""締切までの残り時間"": 9, ""規則"": ""残り8時間以内なら1加点、それより長ければ0加点。上限5""}",条件付き加点後の優先度を選んでください。,"[""最終優先度0"", ""最終優先度1"", ""最終優先度2"", ""最終優先度3"", ""最終優先度4"", ""最終優先度5""]","""5"""
v2-gen-choice-04-031,choice,generated,参照先の担当,"""担当: 春風は遠藤、若葉は高橋、夕凪は山田、青空は石田、白波は青木、山道は森。資料の所属: カードは春風案件、箱は若葉案件、冊子は白波案件、用紙は夕凪案件、封筒は青空案件、ラベルは山道案件。確認する資料はカードです。""",この資料について、所属案件を通じて連絡すべき担当者は誰ですか。,"{""山田"": ""山田さん"", ""森"": ""森さん"", ""石田"": ""石田さん"", ""遠藤"": ""遠藤さん"", ""青木"": ""青木さん"", ""高橋"": ""高橋さん""}","""遠藤"""
v2-gen-choice-05-010,choice,generated,否定条件で選択,"""検品記録: テープは封なしで濡れている、ラベルは封ありで濡れている、カードは封なしで濡れている、クリップは封ありで濡れている、シールは封ありで濡れていない、名札は封ありで濡れていない、封筒は封なしで濡れていない、冊子は封ありで濡れていない。""",濡れた品は除外し、封がない品を一つ選んでください。,"{""カード"": ""カード"", ""クリップ"": ""クリップ"", ""シール"": ""シール"", ""テープ"": ""テープ"", ""ラベル"": ""ラベル"", ""冊子"": ""冊子"", ""名札"": ""名札"", ""封筒"": ""封筒""}","""封筒"""
v2-gen-noul-03-031,noul,generated,いずれかの条件,"{""いずれか一つ以上必要"": [""入場証"", ""当日券"", ""紹介状""], ""所持状況"": {""入場証"": false, ""当日券"": false, ""紹介状"": false}, ""対象"": ""大野""}",この人は受付基準を満たしていますか。,"{""false"": ""いいえ。質問の命題は成立しない。"", ""true"": ""はい。質問の命題が成立する。""}","""false"""
v2-gen-choice-09-033,choice,generated,利用可能集合の差,"""貸出台帳で利用可能と記録されている品はペン、用紙。予約済みの品はケース、ペン、箱です。""",今貸せるのは利用可能かつ未予約の品です。該当するものはどれですか。,"{""ケース"": ""ケース"", ""ペン"": ""ペン"", ""付箋"": ""付箋"", ""用紙"": ""用紙"", ""箱"": ""箱""}","""用紙"""
v2-gen-choice-03-019,choice,generated,最終更新,"""案件「草原」の記録です。12時の更新: 差戻し。 16時の更新: 受取済み。 10時の更新: 受取済み。""",記載順ではなく更新時刻を比べ、最新の状態を選んでください。,"{""取消"": ""取消"", ""受取済み"": ""受取済み"", ""差戻し"": ""差戻し"", ""未着手"": ""未着手"", ""確認中"": ""確認中""}","""受取済み"""
v2-gen-noul-02-037,noul,generated,全条件の充足,"""朝露の利用には申込書提出・同意書提出・本人確認がすべて必要です。上田さん: 申込書提出は完了、同意書提出は未完了、本人確認は未完了。""",不足条件なく利用を許可できますか。,"{""false"": ""いいえ。質問の命題は成立しない。"", ""true"": ""はい。質問の命題が成立する。""}","""false"""
v2-gen-score-08-007,score,generated,要件への一致数,"{""注文要件"": {""素材"": ""紙"", ""配送"": ""店頭"", ""形"": ""四角"", ""包装"": ""なし"", ""印字"": ""あり""}, ""提案品"": {""素材"": ""木"", ""配送"": ""店頭"", ""形"": ""四角"", ""包装"": ""箱"", ""印字"": ""なし""}}",提案品が満たす要件数はいくつの段階ですか。,"[""一致した要件が0項目"", ""一致した要件が1項目"", ""一致した要件が2項目"", ""一致した要件が3項目"", ""一致した要件が4項目"", ""一致した要件が5項目""]","""2"""
v2-gen-noul-10-037,noul,generated,条件付き義務,"""規則: 社外向けのときだけ確認票の添付が必須です。それ以外の場合にはこの義務はなく、実施していても構いません。今回の案件は社外向けに該当で、確認票の添付は未実施です。""",この義務に関して、規則上問題なしと判定できますか。,"{""false"": ""いいえ。質問の命題は成立しない。"", ""true"": ""はい。質問の命題が成立する。""}","""false"""
v2-gen-noul-08-019,noul,generated,集合と否定所属,"""白波の参加者名簿は上田、大野です。この名簿は完全で、記載のない人は参加者ではありません。""",大野さんは参加者ではないと言えますか。,"{""false"": ""いいえ。質問の命題は成立しない。"", ""true"": ""はい。質問の命題が成立する。""}","""false"""
v2-gen-noul-14-001,noul,generated,予定時間の重なり,"{""対象者"": ""大野"", ""会議"": [8, 9], ""面談"": [10, 13], ""規則"": ""終了時刻と開始時刻が一致するだけなら重複なし""}",指定された端点の扱いで予定の重複はありますか。,"{""false"": ""いいえ。質問の命題は成立しない。"", ""true"": ""はい。質問の命題が成立する。""}","""false"""
v2-gen-noul-01-019,noul,generated,事実と否定質問,"{""対象者"": ""渡辺"", ""項目"": ""同意書に署名"", ""実施済み"": false}",確定情報だけから、渡辺さんが同意書に署名しているという判断は正しいですか。,"{""false"": ""いいえ。質問の命題は成立しない。"", ""true"": ""はい。質問の命題が成立する。""}","""false"""
v2-gen-noul-14-017,noul,generated,予定時間の重なり,"{""対象者"": ""高橋"", ""会議"": [13, 15], ""面談"": [8, 11], ""規則"": ""終了時刻と開始時刻が一致するだけなら重複なし""}",指定された端点の扱いで予定の重複はありますか。,"{""false"": ""いいえ。質問の命題は成立しない。"", ""true"": ""はい。質問の命題が成立する。""}","""false"""
v2-gen-score-14-047,score,generated,参照表の順序尺度,"""今回の検査用の対応表: 茶印は段階0、黒印は段階1、黄印は段階2、紫印は段階3。若葉の確定検査票には黄印が付いています。色に一般的な良し悪しは仮定しません。""",一般常識ではなく示された表に従って段階を答えてください。,"[""表による段階0"", ""表による段階1"", ""表による段階2"", ""表による段階3""]","""2"""
v2-gen-noul-08-021,noul,generated,集合と否定所属,"{""催し"": ""若葉"", ""完全な参加者名簿"": [""木村"", ""山田"", ""中村"", ""松本""], ""補足"": ""名前のない人は参加者ではない""}",名簿に基づき、中村さんが参加者ではないという判断に同意できますか。,"{""false"": ""いいえ。質問の命題は成立しない。"", ""true"": ""はい。質問の命題が成立する。""}","""false"""
v2-gen-choice-05-007,choice,generated,否定条件で選択,"{""検品"": [{""品名"": ""カード"", ""封がある"": false, ""濡れている"": false}, {""品名"": ""ファイル"", ""封がある"": false, ""濡れている"": true}, {""品名"": ""付箋"", ""封がある"": true, ""濡れている"": false}, {""品名"": ""用紙"", ""封がある"": false, ""濡れている"": true}, {""品名"": ""ケース"", ""封がある"": true, ""濡れている"": false}]}",対象は『封がない』『濡れていない』の両方を満たす品です。どれですか。,"{""カード"": ""カード"", ""ケース"": ""ケース"", ""ファイル"": ""ファイル"", ""付箋"": ""付箋"", ""用紙"": ""用紙""}","""カード"""
v2-gen-score-08-012,score,generated,要件への一致数,"""注文要件: サイズ=中、形=丸、印字=なし。提案品: サイズ=中、形=丸、印字=なし。""",提案品が満たす要件数はいくつの段階ですか。,"[""一致した要件が0項目"", ""一致した要件が1項目"", ""一致した要件が2項目"", ""一致した要件が3項目""]","""3"""
v2-gen-score-10-025,score,generated,不足の段階,"""草原申請で必要なものは受領票、見積書。届いたものは見積書、案内状です。必要一覧にない書類は不足を埋めません。""",必要一覧と届いた一覧を照合し、不足の程度を判定してください。,"[""不足が0種類"", ""不足が1種類"", ""不足が2種類""]","""1"""
v2-gen-score-01-033,score,generated,件数の段階境界,"{""案件"": ""白波"", ""計数対象"": ""検品で見つかった不備"", ""件数"": 16, ""処理済みを除外"": true}",現在の件数を指定の段階基準に当てはめてください。,"[""対象件数が4件未満"", ""対象件数が4件以上、8件未満"", ""対象件数が8件以上、12件未満"", ""対象件数が12件以上、16件未満"", ""対象件数が16件以上、20件未満"", ""対象件数が20件以上""]","""4"""
v2-gen-noul-09-007,noul,generated,重複を除いた件数,"""水面棚で読み取った品名は付箋、封筒、カード、冊子、名札、封筒、ファイル、名札、カード、ノートでした。同じ品名の繰り返しは一種類として数えます。""",品物の種類は6種類以上ありますか。,"{""false"": ""いいえ。質問の命題は成立しない。"", ""true"": ""はい。質問の命題が成立する。""}","""true"""
v2-gen-noul-02-025,noul,generated,全条件の充足,"""春風の利用には事前登録・本人確認・申込書提出がすべて必要です。石田さん: 事前登録は完了、本人確認は未完了、申込書提出は未完了。""",規則に照らし、この人の利用資格は成立しますか。,"{""false"": ""いいえ。質問の命題は成立しない。"", ""true"": ""はい。質問の命題が成立する。""}","""false"""
v2-gen-choice-04-048,choice,generated,参照先の担当,"{""案件担当"": {""灯台"": ""佐藤"", ""山道"": ""加藤"", ""白波"": ""青木"", ""木漏れ日"": ""中村"", ""夕凪"": ""大野"", ""星空"": ""松本""}, ""資料の所属案件"": {""用紙"": ""山道"", ""箱"": ""星空"", ""ペン"": ""夕凪"", ""ケース"": ""灯台"", ""冊子"": ""白波"", ""カード"": ""木漏れ日""}, ""確認資料"": ""ケース""}",確認資料が属する案件の担当者を選んでください。,"{""中村"": ""中村さん"", ""佐藤"": ""佐藤さん"", ""加藤"": ""加藤さん"", ""大野"": ""大野さん"", ""松本"": ""松本さん"", ""青木"": ""青木さん""}","""佐藤"""
v2-gen-noul-09-036,noul,generated,重複を除いた件数,"""木漏れ日棚で読み取った品名は冊子、付箋、冊子、カード、付箋、付箋でした。同じ品名の繰り返しは一種類として数えます。""",重複を除いた種類数は4以上という条件を満たしますか。,"{""false"": ""いいえ。質問の命題は成立しない。"", ""true"": ""はい。質問の命題が成立する。""}","""false"""
v2-gen-choice-01-041,choice,generated,問い合わせ経路,"{""分類表"": {""アカウント"": [""ログイン"", ""パスワード"", ""退会""], ""製品"": [""破損"", ""初期不良"", ""部品交換""], ""契約"": [""契約更新"", ""プラン変更"", ""解約手続き""]}, ""本文"": ""契約中のプランを変更したいです"", ""受付主題"": ""プラン変更""}",記録された主題を扱う転送先はどこですか。,"{""アカウント"": ""アカウントの窓口"", ""契約"": ""契約の窓口"", ""製品"": ""製品の窓口""}","""契約"""
v2-gen-choice-08-037,choice,generated,改訂と例外の優先,"{""通常品ラベルの改訂・古い順"": [""赤"", ""黒"", ""茶""], ""優先例外"": ""冷蔵品は白"", ""荷物"": ""冷蔵品"", ""規則"": ""後の改訂が前を上書きする""}",この荷物に貼るラベルの色を選んでください。,"{""白"": ""白ラベル"", ""紫"": ""紫ラベル"", ""茶"": ""茶ラベル"", ""赤"": ""赤ラベル"", ""青"": ""青ラベル"", ""黄"": ""黄ラベル"", ""黒"": ""黒ラベル""}","""白"""
v2-gen-choice-10-047,choice,generated,不在時の代理,"{""案件担当"": {""春風"": ""上田"", ""灯台"": ""森"", ""木漏れ日"": ""遠藤"", ""山道"": ""石田""}, ""代理者"": {""上田"": ""森"", ""森"": ""遠藤"", ""遠藤"": ""石田"", ""石田"": ""上田""}, ""不在者"": [], ""案件"": ""山道"", ""ルール"": ""担当者が不在なら指定代理に一度だけ振替。代理の在席状況は問わない""}",一回だけの代理振替を適用した後の宛先を答えてください。,"{""上田"": ""上田さん"", ""森"": ""森さん"", ""石田"": ""石田さん"", ""遠藤"": ""遠藤さん""}","""石田"""
v2-gen-noul-08-033,noul,generated,集合と否定所属,"""白波の参加者名簿は木村、吉田、上田、石田、佐藤です。この名簿は完全で、記載のない人は参加者ではありません。""",名簿に基づき、渡辺さんが参加者であるという判断に同意できますか。,"{""false"": ""いいえ。質問の命題は成立しない。"", ""true"": ""はい。質問の命題が成立する。""}","""false"""
v2-gen-choice-08-047,choice,generated,改訂と例外の優先,"""通常品の貼付ラベルについて、連絡は古い順に「赤」「紫」でした。後の連絡が前の連絡を上書きします。ただし冷蔵品には連絡履歴に関係なく紫ラベルを貼ります。今回の荷物は通常品です。""",今回適用されるラベルを一つ決めてください。,"{""紫"": ""紫ラベル"", ""赤"": ""赤ラベル""}","""紫"""
v2-gen-choice-04-038,choice,generated,参照先の担当,"""担当: 灯台は山田、木漏れ日は木村、春風は上田、星空は渡辺、夕凪は林、朝露は石田。資料の所属: ファイルは灯台案件、テープは夕凪案件、クリップは木漏れ日案件、封筒は星空案件、ラベルは春風案件、ノートは朝露案件。確認する資料はラベルです。""",確認する資料の案件を担当している人を答えてください。,"{""上田"": ""上田さん"", ""山田"": ""山田さん"", ""木村"": ""木村さん"", ""林"": ""林さん"", ""渡辺"": ""渡辺さん"", ""石田"": ""石田さん""}","""上田"""
v2-gen-score-10-013,score,generated,不足の段階,"{""申請"": ""灯台"", ""必要書類"": [""添付図"", ""承認書"", ""受領票"", ""申込書""], ""届いた書類"": [""添付図"", ""申込書"", ""案内状"", ""受領票"", ""承認書""], ""余分な書類で代用できる"": false}",必要一覧と届いた一覧を照合し、不足の程度を判定してください。,"[""不足が0種類"", ""不足が1種類"", ""不足が2種類"", ""不足が3種類"", ""不足が4種類""]","""0"""
v2-gen-noul-04-038,noul,generated,例外の優先,"{""許可条件"": ""予約済み"", ""優先禁止条件"": ""資格取消中"", ""対象"": ""山田"", ""許可条件に該当"": true, ""禁止条件に該当"": false}",禁止例外を先に考慮すると、この利用を認められますか。,"{""false"": ""いいえ。質問の命題は成立しない。"", ""true"": ""はい。質問の命題が成立する。""}","""true"""
v2-gen-noul-15-004,noul,generated,出来事の前後関係,"{""担当者"": ""松本"", ""実施順"": [""報告"", ""荷物受取"", ""引継ぎ"", ""伝票記入"", ""休憩"", ""検品"", ""棚への配置""], ""各作業の実施回数"": 1}",荷物受取は報告より前に行われましたか。,"{""false"": ""いいえ。質問の命題は成立しない。"", ""true"": ""はい。質問の命題が成立する。""}","""false"""
v2-gen-noul-06-027,noul,generated,更新後の状態,"{""対象"": ""灯台"", ""更新記録"": [{""時刻"": 7, ""状態"": ""点検中""}, {""時刻"": 14, ""状態"": ""使用可能""}, {""時刻"": 16, ""状態"": ""使用可能""}], ""規則"": ""最新時刻の記録が有効""}",現在の状態は「点検中」ですか。,"{""false"": ""いいえ。質問の命題は成立しない。"", ""true"": ""はい。質問の命題が成立する。""}","""false"""
v2-gen-noul-11-026,noul,generated,参照関係の真偽,"""担当表: 星空は佐藤、夕凪は高橋、木漏れ日は大野、草原は山田、水面は遠藤、青空は上田。資料の関連先: カードは星空、ペンは青空、名札は水面、シールは夕凪、封筒は木漏れ日、テープは草原。""",シールに関連する案件の担当は上田さんですか。,"{""false"": ""いいえ。質問の命題は成立しない。"", ""true"": ""はい。質問の命題が成立する。""}","""false"""
v2-gen-choice-08-024,choice,generated,改訂と例外の優先,"{""通常品ラベルの改訂・古い順"": [""紫"", ""青"", ""茶""], ""優先例外"": ""冷蔵品は茶"", ""荷物"": ""冷蔵品"", ""規則"": ""後の改訂が前を上書きする""}",今回適用されるラベルを一つ決めてください。,"{""白"": ""白ラベル"", ""紫"": ""紫ラベル"", ""緑"": ""緑ラベル"", ""茶"": ""茶ラベル"", ""赤"": ""赤ラベル"", ""青"": ""青ラベル"", ""黄"": ""黄ラベル"", ""黒"": ""黒ラベル""}","""茶"""
v2-gen-score-14-008,score,generated,参照表の順序尺度,"{""検査対象"": ""白波"", ""今回の対応表"": {""黄"": 0, ""茶"": 1, ""紫"": 2, ""白"": 3, ""赤"": 4, ""青"": 5, ""黒"": 6}, ""確定票の印"": ""茶""}",今回の対応表を使って検査票の段階を選んでください。,"[""表による段階0"", ""表による段階1"", ""表による段階2"", ""表による段階3"", ""表による段階4"", ""表による段階5"", ""表による段階6""]","""1"""
v2-gen-choice-01-045,choice,generated,問い合わせ経路,"""受付分類表は次のとおりです。配送窓口: 届け先変更・荷物の遅延・追跡番号 / 修理窓口: 修理見積・修理進捗・保証修理 / 請求窓口: 二重請求・領収書・返金 / アカウント窓口: ログイン・パスワード・退会。問い合わせ本文:「自分のアカウントにログインできません」。受付担当が付けた主題は「ログイン」です。""",受付分類表を使って、この相談の担当を決めてください。,"{""アカウント"": ""アカウントの窓口"", ""修理"": ""修理の窓口"", ""請求"": ""請求の窓口"", ""配送"": ""配送の窓口""}","""アカウント"""
v2-gen-score-08-019,score,generated,要件への一致数,"""注文要件: 形=三角、素材=木、印字=なし。提案品: 形=四角、素材=布、印字=片面のみ。""",各属性の完全一致を一点として採点してください。,"[""一致した要件が0項目"", ""一致した要件が1項目"", ""一致した要件が2項目"", ""一致した要件が3項目""]","""0"""
v2-gen-score-03-035,score,generated,順番に進む工程,"{""案件"": ""春風"", ""工程順"": [""引継ぎ"", ""受付""], ""完了済み"": [""引継ぎ""], ""着手中は完了に含めない"": true}",完了済みの到達段階を選んでください。,"[""完了した工程はまだない"", ""先頭から1工程が完了（最後に完了したのは引継ぎ）"", ""先頭から2工程が完了（最後に完了したのは受付）""]","""1"""
v2-gen-noul-14-043,noul,generated,予定時間の重なり,"""中村さんの予定: 白波会議は11時から15時、面談は17時から19時。終了と次の開始が同時刻の場合は重複とは扱いません。""",指定された端点の扱いで予定の重複はありますか。,"{""false"": ""いいえ。質問の命題は成立しない。"", ""true"": ""はい。質問の命題が成立する。""}","""false"""
v2-gen-score-08-038,score,generated,要件への一致数,"""注文要件: サイズ=大。提案品: サイズ=大。""",注文要件と一致している属性の数を段階として選んでください。,"[""一致した要件が0項目"", ""一致した要件が1項目""]","""1"""
v2-gen-score-13-048,score,generated,取消しを反映した件数,"""白波の申込み記録: 遠藤は受付済み・取消済み、高橋は受付済み・取消済み、松本は受付済み・取消済み、青木は受付済み・取消なし。取消済みの申込みは有効件数から除きます。4件以上は最終段階4にまとめます。""",受付済みから取消済みを除いた件数はいくつの段階ですか。,"[""有効申込みが0件"", ""有効申込みが1件"", ""有効申込みが2件"", ""有効申込みが3件"", ""有効申込みが4件以上""]","""1"""
v2-gen-noul-11-030,noul,generated,参照関係の真偽,"""担当表: 春風は佐藤、青空は林、白波は渡辺、木漏れ日は青木、水面は大野。資料の関連先: テープは白波、封筒は青空、ファイルは木漏れ日、クリップは水面、名札は春風。""",名札の関連先を担当表で引くと渡辺さんになりますか。,"{""false"": ""いいえ。質問の命題は成立しない。"", ""true"": ""はい。質問の命題が成立する。""}","""false"""
v2-gen-choice-11-047,choice,generated,小数量の比較,"""入出庫記録: ペンは在庫16個、そのうち予約4個、カードは在庫4個、そのうち予約1個、付箋は在庫5個、そのうち予約0個、ノートは在庫0個、そのうち予約0個、ファイルは在庫7個、そのうち予約0個。予約分は自由在庫に含めません。""",自由在庫が最も多い品を選んでください。,"{""カード"": ""カード"", ""ノート"": ""ノート"", ""ファイル"": ""ファイル"", ""ペン"": ""ペン"", ""付箋"": ""付箋""}","""ペン"""
v2-gen-score-12-039,score,generated,目標からの差,"""水面の目標数は13個、実績は15個です。多すぎても少なすぎても、目標から何個離れたかで評価します。差が2個以上なら最終段階2にまとめます。""",不足・超過の向きではなく差の大きさで評価してください。,"[""目標との差が0個"", ""目標との差が1個"", ""目標との差が2個以上""]","""2"""
v2-gen-choice-15-004,choice,generated,文章内の順序参照,"""灯台会議では、発表者を発表順に「松本、佐藤、中村、高橋」と紹介しました。同じ人の再登場はありません。""",発表順の先頭から2番目にいる人を答えてください。,"{""中村"": ""中村さん"", ""佐藤"": ""佐藤さん"", ""松本"": ""松本さん"", ""高橋"": ""高橋さん""}","""佐藤"""
v2-gen-score-10-016,score,generated,不足の段階,"{""申請"": ""木漏れ日"", ""必要書類"": [""申込書"", ""承認書"", ""確認票"", ""同意書"", ""受領票"", ""見積書"", ""添付図""], ""届いた書類"": [""受領票"", ""添付図"", ""確認票"", ""見積書"", ""承認書"", ""同意書""], ""余分な書類で代用できる"": false}",未提出の必要書類はいくつの段階ですか。,"[""不足が0種類"", ""不足が1種類"", ""不足が2種類"", ""不足が3種類"", ""不足が4種類"", ""不足が5種類"", ""不足が6種類"", ""不足が7種類""]","""1"""
v2-gen-score-15-012,score,generated,軽重のある項目,"{""不備ごとの配点"": {""誤字"": 2, ""余白不備"": 1, ""宛名不備"": 1}, ""不備あり"": {""誤字"": false, ""余白不備"": false, ""宛名不備"": false}, ""上限"": 3}",見つかった不備の点数を合計し、上限を適用してください。,"[""不備点の合計が0点"", ""不備点の合計が1点"", ""不備点の合計が2点"", ""不備点の合計が3点以上""]","""0"""
v2-gen-choice-03-025,choice,generated,最終更新,"""案件「青空」の記録です。15時の更新: 確認中。 8時の更新: 未着手。 19時の更新: 取消。""",記載順ではなく更新時刻を比べ、最新の状態を選んでください。,"{""保留"": ""保留"", ""取消"": ""取消"", ""受取済み"": ""受取済み"", ""承認"": ""承認"", ""未着手"": ""未着手"", ""発送済み"": ""発送済み"", ""確認中"": ""確認中""}","""取消"""
v2-gen-choice-08-009,choice,generated,改訂と例外の優先,"{""通常品ラベルの改訂・古い順"": [""黄"", ""青"", ""紫""], ""優先例外"": ""冷蔵品は青"", ""荷物"": ""通常品"", ""規則"": ""後の改訂が前を上書きする""}",今回適用されるラベルを一つ決めてください。,"{""紫"": ""紫ラベル"", ""青"": ""青ラベル"", ""黄"": ""黄ラベル""}","""紫"""
v2-gen-choice-08-029,choice,generated,改訂と例外の優先,"{""通常品ラベルの改訂・古い順"": [""黒"", ""黄"", ""茶""], ""優先例外"": ""冷蔵品は赤"", ""荷物"": ""冷蔵品"", ""規則"": ""後の改訂が前を上書きする""}",例外と改訂の順序を考慮して、使用する色はどれですか。,"{""白"": ""白ラベル"", ""紫"": ""紫ラベル"", ""緑"": ""緑ラベル"", ""茶"": ""茶ラベル"", ""赤"": ""赤ラベル"", ""青"": ""青ラベル"", ""黄"": ""黄ラベル"", ""黒"": ""黒ラベル""}","""赤"""
v2-gen-score-05-036,score,generated,緊急条件の加点,"""灯台の基本優先度は3です。締切まで残り2時間以内なら1だけ加点し、それより長ければ加点しません。上限は5です。今回は締切まで5時間です。""",締切までの時間による条件を反映した段階を答えてください。,"[""最終優先度0"", ""最終優先度1"", ""最終優先度2"", ""最終優先度3"", ""最終優先度4"", ""最終優先度5""]","""3"""
v2-gen-score-09-023,score,generated,例外による上限,"""検査合格状況: 付属品は合格、動作は不合格、寸法は不合格、記録は合格、包装は不合格、外観は不合格、表示は合格。合格項目一つにつき1点ですが、要再確認の印があれば上限7点に制限します。今回その印はありません。""",上限制限を適用した最終点を選んでください。,"[""最終点0点"", ""最終点1点"", ""最終点2点"", ""最終点3点"", ""最終点4点"", ""最終点5点"", ""最終点6点"", ""最終点7点""]","""3"""
v2-gen-noul-09-011,noul,generated,重複を除いた件数,"""星空棚で読み取った品名は冊子、テープ、用紙、冊子、箱、封筒、封筒、名札、箱でした。同じ品名の繰り返しは一種類として数えます。""",異なる品名だけ数えると6種類以上ですか。,"{""false"": ""いいえ。質問の命題は成立しない。"", ""true"": ""はい。質問の命題が成立する。""}","""true"""
v2-gen-choice-08-014,choice,generated,改訂と例外の優先,"""通常品の貼付ラベルについて、連絡は古い順に「紫」「黄」でした。後の連絡が前の連絡を上書きします。ただし冷蔵品には連絡履歴に関係なく黄ラベルを貼ります。今回の荷物は冷蔵品です。""",例外と改訂の順序を考慮して、使用する色はどれですか。,"{""紫"": ""紫ラベル"", ""黄"": ""黄ラベル""}","""黄"""
v2-gen-choice-12-046,choice,generated,条件付き不足書類,"""書類確認の優先順は見積書→申込書→承認書→委任状。委任状だけは代理申請の場合に限って必要で、それ以外は常に必要です。今回は代理申請。提出済みは申込書、見積書です。""",必要な不足書類を先頭から一つだけ案内します。どれですか。必要書類に不足がなければ追加不要です。,"{""委任状"": ""委任状"", ""承認書"": ""承認書"", ""申込書"": ""申込書"", ""見積書"": ""見積書"", ""追加不要"": ""必要書類はすべて提出済み""}","""承認書"""
v2-gen-score-05-049,score,generated,緊急条件の加点,"{""案件"": ""山道"", ""基本優先度"": 0, ""締切までの残り時間"": 9, ""規則"": ""残り2時間以内なら1加点、それより長ければ0加点。上限4""}",条件付き加点後の優先度を選んでください。,"[""最終優先度0"", ""最終優先度1"", ""最終優先度2"", ""最終優先度3"", ""最終優先度4""]","""0"""
v2-gen-choice-15-002,choice,generated,文章内の順序参照,"{""会議"": ""水面"", ""発表順"": [""林"", ""吉田"", ""加藤""]}",発表順の先頭から1番目にいる人を答えてください。,"{""加藤"": ""加藤さん"", ""吉田"": ""吉田さん"", ""林"": ""林さん""}","""林"""
v2-gen-choice-04-033,choice,generated,参照先の担当,"{""案件担当"": {""夕凪"": ""吉田"", ""春風"": ""森"", ""白波"": ""佐藤"", ""山道"": ""林"", ""水面"": ""木村"", ""灯台"": ""石田""}, ""資料の所属案件"": {""付箋"": ""白波"", ""テープ"": ""春風"", ""ノート"": ""灯台"", ""ケース"": ""山道"", ""名札"": ""水面"", ""封筒"": ""夕凪""}, ""確認資料"": ""テープ""}",この資料について、所属案件を通じて連絡すべき担当者は誰ですか。,"{""佐藤"": ""佐藤さん"", ""吉田"": ""吉田さん"", ""木村"": ""木村さん"", ""林"": ""林さん"", ""森"": ""森さん"", ""石田"": ""石田さん""}","""森"""
v2-gen-choice-08-019,choice,generated,改訂と例外の優先,"{""通常品ラベルの改訂・古い順"": [""赤"", ""紫"", ""白""], ""優先例外"": ""冷蔵品は黒"", ""荷物"": ""通常品"", ""規則"": ""後の改訂が前を上書きする""}",今回適用されるラベルを一つ決めてください。,"{""白"": ""白ラベル"", ""紫"": ""紫ラベル"", ""緑"": ""緑ラベル"", ""赤"": ""赤ラベル"", ""黒"": ""黒ラベル""}","""白"""
v2-gen-score-14-004,score,generated,参照表の順序尺度,"""今回の検査用の対応表: 赤印は段階0、青印は段階1、茶印は段階2。青空の確定検査票には茶印が付いています。色に一般的な良し悪しは仮定しません。""",今回の対応表を使って検査票の段階を選んでください。,"[""表による段階0"", ""表による段階1"", ""表による段階2""]","""2"""
v2-gen-choice-11-015,choice,generated,小数量の比較,"""入出庫記録: 用紙は在庫5個、そのうち予約5個、ノートは在庫6個、そのうち予約2個、シールは在庫13個、そのうち予約4個、付箋は在庫1個、そのうち予約0個。予約分は自由在庫に含めません。""",今使える個数が最も多い品を答えてください。,"{""シール"": ""シール"", ""ノート"": ""ノート"", ""付箋"": ""付箋"", ""用紙"": ""用紙""}","""シール"""
v2-gen-choice-09-003,choice,generated,利用可能集合の差,"{""利用可能品"": [""箱"", ""名札"", ""シール"", ""冊子""], ""予約済み品"": [""シール"", ""冊子"", ""箱""]}",予約済みを利用可能一覧から除いたとき、残る品を答えてください。,"{""シール"": ""シール"", ""ファイル"": ""ファイル"", ""冊子"": ""冊子"", ""名札"": ""名札"", ""箱"": ""箱""}","""名札"""
v2-gen-score-04-023,score,generated,独立チェックの合計,"""春風資料の点検: 添付ありは満たさない、宛先ありは満たさない、管理番号ありは満たさない、承認印ありは満たさない、署名ありは満たさない。各項目は一つずつ数えます。""",条件を満たした項目を一つ一点として集計してください。,"[""満たした項目が0個"", ""満たした項目が1個"", ""満たした項目が2個"", ""満たした項目が3個"", ""満たした項目が4個"", ""満たした項目が5個""]","""0"""
v2-gen-noul-04-033,noul,generated,例外の優先,"{""許可条件"": ""認定済み"", ""優先禁止条件"": ""申請保留中"", ""対象"": ""渡辺"", ""許可条件に該当"": true, ""禁止条件に該当"": true}",例外を含む規則のもとで利用は許可されますか。,"{""false"": ""いいえ。質問の命題は成立しない。"", ""true"": ""はい。質問の命題が成立する。""}","""false"""
v2-gen-score-04-050,score,generated,独立チェックの合計,"""夕凪資料の点検: 承認印ありは満たす、添付ありは満たす、部署名ありは満たす、宛先ありは満たさない。各項目は一つずつ数えます。""",条件を満たした項目を一つ一点として集計してください。,"[""満たした項目が0個"", ""満たした項目が1個"", ""満たした項目が2個"", ""満たした項目が3個"", ""満たした項目が4個""]","""3"""
v2-gen-choice-14-021,choice,generated,二属性照合,"""展示品の札: 用紙は赤色・金属製、ファイルは青色・ガラス製、クリップは白色・金属製、冊子は黒色・樹脂製、名札は黒色・ガラス製、ノートは黒色・木製、付箋は茶色・樹脂製、封筒は緑色・金属製。探しているのは黒色の木製です。""",色だけ・素材だけの一致では足りません。該当品を答えてください。,"{""クリップ"": ""クリップ"", ""ノート"": ""ノート"", ""ファイル"": ""ファイル"", ""付箋"": ""付箋"", ""冊子"": ""冊子"", ""名札"": ""名札"", ""封筒"": ""封筒"", ""用紙"": ""用紙""}","""ノート"""
v2-gen-score-14-003,score,generated,参照表の順序尺度,"{""検査対象"": ""草原"", ""今回の対応表"": {""紫"": 0, ""緑"": 1}, ""確定票の印"": ""紫""}",検査票の印を指定尺度に変換してください。,"[""表による段階0"", ""表による段階1""]","""0"""
v2-gen-choice-12-043,choice,generated,条件付き不足書類,"{""確認優先順"": [""承認書"", ""本人確認票""], ""代理申請だけに必要"": ""承認書"", ""代理申請"": false, ""提出済み"": [""承認書""]}",申請区分に応じて必要書類を確認し、最優先で追加提出を求めるものを答えてください。なければ追加不要です。,"{""承認書"": ""承認書"", ""本人確認票"": ""本人確認票"", ""追加不要"": ""必要書類はすべて提出済み""}","""本人確認票"""
v2-gen-noul-06-045,noul,generated,更新後の状態,"{""対象"": ""若葉"", ""更新記録"": [{""時刻"": 13, ""状態"": ""空席あり""}, {""時刻"": 10, ""状態"": ""停止中""}, {""時刻"": 17, ""状態"": ""受付中""}], ""規則"": ""最新時刻の記録が有効""}",最新の有効な記録から「停止中」と言えますか。,"{""false"": ""いいえ。質問の命題は成立しない。"", ""true"": ""はい。質問の命題が成立する。""}","""false"""
v2-gen-noul-10-007,noul,generated,条件付き義務,"{""規則"": ""個人向けなら事前連絡が必要。それ以外では義務なし"", ""条件に該当"": true, ""必要処置を実施"": false}",この案件は記載された義務のルールに違反していませんか。違反がなければはいです。,"{""false"": ""いいえ。質問の命題は成立しない。"", ""true"": ""はい。質問の命題が成立する。""}","""false"""
v2-gen-score-02-047,score,generated,記述の満足段階,"{""回答者"": ""加藤"", ""対象"": ""灯台"", ""感想原文"": ""これ以上は考えられず、最高に満足した""}",感想に明示された評価を尺度へ対応づけてください。,"[""極めて強い不満"", ""強い不満"", ""不満"", ""満足"", ""強い満足"", ""極めて強い満足"", ""最高の満足""]","""6"""
v2-gen-choice-07-007,choice,generated,複数属性の制約,"""在庫表: クリップは茶色・金属製・在庫なし、冊子は茶色・金属製・在庫なし、カードは緑色・金属製・在庫あり、ノートは青色・金属製・在庫あり、シールは茶色・金属製・在庫あり、付箋は茶色・金属製・在庫なし、封筒は茶色・金属製・在庫なし。""",今注文できる金属製の茶色の商品を答えてください。在庫なしは選べません。,"{""カード"": ""カード"", ""クリップ"": ""クリップ"", ""シール"": ""シール"", ""ノート"": ""ノート"", ""付箋"": ""付箋"", ""冊子"": ""冊子"", ""封筒"": ""封筒""}","""シール"""
v2-gen-score-13-016,score,generated,取消しを反映した件数,"""朝露の申込み記録: 渡辺は未受付・取消なし、遠藤は受付済み・取消なし、山田は受付済み・取消済み、林は受付済み・取消なし、石田は受付済み・取消なし、青木は受付済み・取消なし、加藤は受付済み・取消なし、森は受付済み・取消なし。取消済みの申込みは有効件数から除きます。7件以上は最終段階7にまとめます。""",受付済みから取消済みを除いた件数はいくつの段階ですか。,"[""有効申込みが0件"", ""有効申込みが1件"", ""有効申込みが2件"", ""有効申込みが3件"", ""有効申込みが4件"", ""有効申込みが5件"", ""有効申込みが6件"", ""有効申込みが7件以上""]","""6"""
v2-gen-choice-11-034,choice,generated,小数量の比較,"""入出庫記録: 箱は在庫11個、そのうち予約0個、付箋は在庫1個、そのうち予約0個、カードは在庫5個、そのうち予約5個、袋は在庫8個、そのうち予約2個、ファイルは在庫14個、そのうち予約4個。予約分は自由在庫に含めません。""",予約分を差し引いた残りが一番少ないのはどれですか。,"{""カード"": ""カード"", ""ファイル"": ""ファイル"", ""付箋"": ""付箋"", ""箱"": ""箱"", ""袋"": ""袋""}","""カード"""
v2-gen-noul-15-030,noul,generated,出来事の前後関係,"{""担当者"": ""松本"", ""実施順"": [""伝票記入"", ""検品"", ""棚への配置""], ""各作業の実施回数"": 1}",検品は伝票記入より前に行われましたか。,"{""false"": ""いいえ。質問の命題は成立しない。"", ""true"": ""はい。質問の命題が成立する。""}","""false"""
v2-gen-score-14-034,score,generated,参照表の順序尺度,"""今回の検査用の対応表: 黄印は段階0、緑印は段階1、青印は段階2、赤印は段階3、黒印は段階4。白波の確定検査票には緑印が付いています。色に一般的な良し悪しは仮定しません。""",検査票の印を指定尺度に変換してください。,"[""表による段階0"", ""表による段階1"", ""表による段階2"", ""表による段階3"", ""表による段階4""]","""1"""
v2-gen-choice-12-010,choice,generated,条件付き不足書類,"{""確認優先順"": [""同意書"", ""受領票"", ""申込書"", ""委任状"", ""承認書"", ""本人確認票"", ""見積書""], ""代理申請だけに必要"": ""承認書"", ""代理申請"": false, ""提出済み"": [""本人確認票"", ""委任状"", ""受領票"", ""申込書"", ""承認書"", ""見積書""]}",申請区分に応じて必要書類を確認し、最優先で追加提出を求めるものを答えてください。なければ追加不要です。,"{""受領票"": ""受領票"", ""同意書"": ""同意書"", ""委任状"": ""委任状"", ""承認書"": ""承認書"", ""本人確認票"": ""本人確認票"", ""申込書"": ""申込書"", ""見積書"": ""見積書"", ""追加不要"": ""必要書類はすべて提出済み""}","""同意書"""
v2-gen-noul-13-044,noul,generated,範囲の開閉境界,"""草原の受付数は、6個以上、かつ10個以下の場合に限り適合です。今回の数は5個です。""",下限と上限の両方の条件に合いますか。,"{""false"": ""いいえ。質問の命題は成立しない。"", ""true"": ""はい。質問の命題が成立する。""}","""false"""
v2-gen-noul-03-005,noul,generated,いずれかの条件,"""夕凪の受付では受付確認票・招待券・引換券のうち一つ以上があれば通れます。遠藤さん: 受付確認票はなし、招待券はなし、引換券はなし。""",少なくとも一つの必要条件が成立していますか。,"{""false"": ""いいえ。質問の命題は成立しない。"", ""true"": ""はい。質問の命題が成立する。""}","""false"""
v2-gen-choice-05-011,choice,generated,否定条件で選択,"{""検品"": [{""品名"": ""名札"", ""封がある"": false, ""濡れている"": true}, {""品名"": ""カード"", ""封がある"": false, ""濡れている"": false}, {""品名"": ""ファイル"", ""封がある"": true, ""濡れている"": false}, {""品名"": ""袋"", ""封がある"": true, ""濡れている"": true}, {""品名"": ""ペン"", ""封がある"": true, ""濡れている"": true}, {""品名"": ""用紙"", ""封がある"": true, ""濡れている"": true}, {""品名"": ""封筒"", ""封がある"": false, ""濡れている"": true}]}",封があるもので、かつ濡れていない品を選んでください。,"{""カード"": ""カード"", ""ファイル"": ""ファイル"", ""ペン"": ""ペン"", ""名札"": ""名札"", ""封筒"": ""封筒"", ""用紙"": ""用紙"", ""袋"": ""袋""}","""ファイル"""
v2-gen-score-03-030,score,generated,順番に進む工程,"{""案件"": ""山道"", ""工程順"": [""審査"", ""受付"", ""調査"", ""承認""], ""完了済み"": [""審査"", ""受付"", ""調査""], ""着手中は完了に含めない"": true}",この案件は完了ベースでどの段階まで進みましたか。,"[""完了した工程はまだない"", ""先頭から1工程が完了（最後に完了したのは審査）"", ""先頭から2工程が完了（最後に完了したのは受付）"", ""先頭から3工程が完了（最後に完了したのは調査）"", ""先頭から4工程が完了（最後に完了したのは承認）""]","""3"""
v2-gen-choice-07-027,choice,generated,複数属性の制約,"""在庫表: テープは黄色・布製・在庫あり、付箋は茶色・布製・在庫あり、封筒は紫色・布製・在庫あり、ノートは黄色・布製・在庫なし、冊子は青色・布製・在庫あり。""",今注文できる布製の黄色の商品を答えてください。在庫なしは選べません。,"{""テープ"": ""テープ"", ""ノート"": ""ノート"", ""付箋"": ""付箋"", ""冊子"": ""冊子"", ""封筒"": ""封筒""}","""テープ"""
v2-gen-score-11-013,score,generated,時刻順の評価更新,"""木漏れ日の評価更新履歴: 15時に段階3、21時に段階2、20時に段階4。評価は最新時刻の値だけを採用します。""",現在採用すべき評価段階を選んでください。,"[""評価段階0"", ""評価段階1"", ""評価段階2"", ""評価段階3"", ""評価段階4""]","""2"""
v2-gen-noul-03-036,noul,generated,いずれかの条件,"{""いずれか一つ以上必要"": [""引換券"", ""入場証"", ""受付確認票"", ""招待券""], ""所持状況"": {""引換券"": true, ""入場証"": false, ""受付確認票"": true, ""招待券"": true}, ""対象"": ""大野""}",この人は受付基準を満たしていますか。,"{""false"": ""いいえ。質問の命題は成立しない。"", ""true"": ""はい。質問の命題が成立する。""}","""true"""
v2-gen-choice-10-044,choice,generated,不在時の代理,"""担当者: 青空は上田、灯台は加藤、若葉は林。代理者: 上田の代理は加藤、加藤の代理は林、林の代理は上田。本日の不在者は林、上田。問い合わせ先の案件は青空です。代理への振替は一回だけ行い、その先の不在は判定しません。""",この案件を担当本人または指定代理に連絡します。宛先は誰ですか。,"{""上田"": ""上田さん"", ""加藤"": ""加藤さん"", ""林"": ""林さん""}","""加藤"""
v2-gen-noul-13-005,noul,generated,範囲の開閉境界,"{""下限条件"": ""5個以上"", ""上限条件"": ""11個未満"", ""今回の個数"": 6, ""関係"": ""両方を満たすこと""}",下限と上限の両方の条件に合いますか。,"{""false"": ""いいえ。質問の命題は成立しない。"", ""true"": ""はい。質問の命題が成立する。""}","""true"""
v2-gen-choice-10-006,choice,generated,不在時の代理,"{""案件担当"": {""草原"": ""木村"", ""青空"": ""中村"", ""灯台"": ""青木"", ""夕凪"": ""石田"", ""木漏れ日"": ""高橋"", ""朝露"": ""松本"", ""水面"": ""山田""}, ""代理者"": {""木村"": ""中村"", ""中村"": ""青木"", ""青木"": ""石田"", ""石田"": ""高橋"", ""高橋"": ""松本"", ""松本"": ""山田"", ""山田"": ""木村""}, ""不在者"": [""中村"", ""木村""], ""案件"": ""朝露"", ""ルール"": ""担当者が不在なら指定代理に一度だけ振替。代理の在席状況は問わない""}",この案件を担当本人または指定代理に連絡します。宛先は誰ですか。,"{""中村"": ""中村さん"", ""山田"": ""山田さん"", ""木村"": ""木村さん"", ""松本"": ""松本さん"", ""石田"": ""石田さん"", ""青木"": ""青木さん"", ""高橋"": ""高橋さん""}","""松本"""
v2-gen-choice-12-012,choice,generated,条件付き不足書類,"""書類確認の優先順は申込書→本人確認票→委任状→承認書→受領票。本人確認票だけは代理申請の場合に限って必要で、それ以外は常に必要です。今回は代理申請。提出済みはなしです。""",申請区分に応じて必要書類を確認し、最優先で追加提出を求めるものを答えてください。なければ追加不要です。,"{""受領票"": ""受領票"", ""委任状"": ""委任状"", ""承認書"": ""承認書"", ""本人確認票"": ""本人確認票"", ""申込書"": ""申込書"", ""追加不要"": ""必要書類はすべて提出済み""}","""申込書"""
v2-gen-noul-05-037,noul,generated,締切の境界,"{""受付規則"": ""11時ちょうどまで受け付け、同時刻の提出も有効"", ""提出者"": ""森"", ""提出時刻"": 12}",この提出は時間条件を満たしていますか。,"{""false"": ""いいえ。質問の命題は成立しない。"", ""true"": ""はい。質問の命題が成立する。""}","""false"""
v2-gen-choice-09-047,choice,generated,利用可能集合の差,"""貸出台帳で利用可能と記録されている品はクリップ、封筒、シール、カード。予約済みの品はペン、カード、シール、封筒です。""",今貸せるのは利用可能かつ未予約の品です。該当するものはどれですか。,"{""カード"": ""カード"", ""クリップ"": ""クリップ"", ""シール"": ""シール"", ""ペン"": ""ペン"", ""名札"": ""名札"", ""封筒"": ""封筒"", ""用紙"": ""用紙""}","""クリップ"""
v2-gen-score-03-024,score,generated,順番に進む工程,"""白波の工程順は審査→引継ぎ→調査→報告→検収。先頭から順に進め、完了済みは審査、引継ぎ、調査、報告、検収です。着手中の工程は完了に含めません。""",工程の完了状況を段階尺度で評価してください。,"[""完了した工程はまだない"", ""先頭から1工程が完了（最後に完了したのは審査）"", ""先頭から2工程が完了（最後に完了したのは引継ぎ）"", ""先頭から3工程が完了（最後に完了したのは調査）"", ""先頭から4工程が完了（最後に完了したのは報告）"", ""先頭から5工程が完了（最後に完了したのは検収）""]","""5"""
v2-gen-choice-14-040,choice,generated,二属性照合,"{""展示品"": [{""品名"": ""ペン"", ""色"": ""緑"", ""素材"": ""樹脂""}, {""品名"": ""付箋"", ""色"": ""青"", ""素材"": ""紙""}, {""品名"": ""名札"", ""色"": ""黄"", ""素材"": ""樹脂""}, {""品名"": ""ファイル"", ""色"": ""緑"", ""素材"": ""紙""}, {""品名"": ""冊子"", ""色"": ""黄"", ""素材"": ""布""}, {""品名"": ""用紙"", ""色"": ""青"", ""素材"": ""金属""}, {""品名"": ""ラベル"", ""色"": ""茶"", ""素材"": ""紙""}], ""指定色"": ""黄"", ""指定素材"": ""樹脂""}",色だけ・素材だけの一致では足りません。該当品を答えてください。,"{""ファイル"": ""ファイル"", ""ペン"": ""ペン"", ""ラベル"": ""ラベル"", ""付箋"": ""付箋"", ""冊子"": ""冊子"", ""名札"": ""名札"", ""用紙"": ""用紙""}","""名札"""
v2-gen-noul-15-048,noul,generated,出来事の前後関係,"""大野さんの作業日誌は実施順に電話連絡→荷物受取→引継ぎ→検品→棚への配置→休憩です。記載した各作業は一回ずつ実施しました。""",日誌では休憩の方が電話連絡より先ですか。,"{""false"": ""いいえ。質問の命題は成立しない。"", ""true"": ""はい。質問の命題が成立する。""}","""false"""
v2-gen-choice-12-031,choice,generated,条件付き不足書類,"""書類確認の優先順は委任状→本人確認票→受領票→見積書→同意書。本人確認票だけは代理申請の場合に限って必要で、それ以外は常に必要です。今回は代理申請。提出済みはなしです。""",申請区分に応じて必要書類を確認し、最優先で追加提出を求めるものを答えてください。なければ追加不要です。,"{""受領票"": ""受領票"", ""同意書"": ""同意書"", ""委任状"": ""委任状"", ""本人確認票"": ""本人確認票"", ""見積書"": ""見積書"", ""追加不要"": ""必要書類はすべて提出済み""}","""委任状"""
v2-gen-score-04-018,score,generated,独立チェックの合計,"""夕凪資料の点検: 日付ありは満たす、部署名ありは満たす、題名ありは満たす、承認印ありは満たす、添付ありは満たす、ページ番号ありは満たす、署名ありは満たす。各項目は一つずつ数えます。""",満たしたチェック項目の数を段階として選んでください。,"[""満たした項目が0個"", ""満たした項目が1個"", ""満たした項目が2個"", ""満たした項目が3個"", ""満たした項目が4個"", ""満たした項目が5個"", ""満たした項目が6個"", ""満たした項目が7個""]","""7"""
v2-gen-noul-15-010,noul,generated,出来事の前後関係,"{""担当者"": ""遠藤"", ""実施順"": [""伝票記入"", ""棚への配置"", ""報告"", ""休憩"", ""検品""], ""各作業の実施回数"": 1}",休憩は報告より前に行われましたか。,"{""false"": ""いいえ。質問の命題は成立しない。"", ""true"": ""はい。質問の命題が成立する。""}","""false"""
v2-gen-choice-01-031,choice,generated,問い合わせ経路,"""受付分類表は次のとおりです。契約窓口: 契約更新・プラン変更・解約手続き / 修理窓口: 修理見積・修理進捗・保証修理 / 配送窓口: 届け先変更・荷物の遅延・追跡番号 / 請求窓口: 二重請求・領収書・返金 / 店舗窓口: 営業時間・店内設備・店舗の場所 / イベント窓口: 申込期限・会場案内・参加取消。問い合わせ本文:「サービスの解約手続きを知りたいです」。受付担当が付けた主題は「解約手続き」です。""",記録された主題を扱う転送先はどこですか。,"{""イベント"": ""イベントの窓口"", ""修理"": ""修理の窓口"", ""契約"": ""契約の窓口"", ""店舗"": ""店舗の窓口"", ""請求"": ""請求の窓口"", ""配送"": ""配送の窓口""}","""契約"""
v2-gen-score-07-034,score,generated,証拠の最高到達段階,"""この調査固有の証拠段階表: 検収記録は段階1、担当者報告は段階2、写真記録は段階3、一次資料は段階4。灯台で得られた証拠は担当者報告。複数ある場合は最大の段階を使い、なければ0です。""",明示された段階表だけで証拠を評価してください。,"[""証拠なしの段階0"", ""表に基づく最高証拠段階1"", ""表に基づく最高証拠段階2"", ""表に基づく最高証拠段階3"", ""表に基づく最高証拠段階4""]","""2"""
v2-gen-noul-05-010,noul,generated,締切の境界,"""朝露の提出は10時ちょうどまで受け付け、同時刻の提出も有効です。吉田さんの提出記録は10時ちょうどです。""",時刻だけを基準に、この提出を有効と判定できますか。,"{""false"": ""いいえ。質問の命題は成立しない。"", ""true"": ""はい。質問の命題が成立する。""}","""true"""
v2-gen-noul-06-031,noul,generated,更新後の状態,"{""対象"": ""白波"", ""更新記録"": [{""時刻"": 21, ""状態"": ""点検中""}, {""時刻"": 10, ""状態"": ""点検中""}, {""時刻"": 17, ""状態"": ""点検中""}, {""時刻"": 19, ""状態"": ""空席あり""}], ""規則"": ""最新時刻の記録が有効""}",現在の状態は「空席あり」ですか。,"{""false"": ""いいえ。質問の命題は成立しない。"", ""true"": ""はい。質問の命題が成立する。""}","""false"""
v2-gen-score-14-028,score,generated,参照表の順序尺度,"""今回の検査用の対応表: 青印は段階0、赤印は段階1、緑印は段階2、黒印は段階3、茶印は段階4、紫印は段階5。朝露の確定検査票には紫印が付いています。色に一般的な良し悪しは仮定しません。""",検査票の印を指定尺度に変換してください。,"[""表による段階0"", ""表による段階1"", ""表による段階2"", ""表による段階3"", ""表による段階4"", ""表による段階5""]","""5"""
v2-gen-noul-13-049,noul,generated,範囲の開閉境界,"{""下限条件"": ""2個以上"", ""上限条件"": ""10個未満"", ""今回の個数"": 4, ""関係"": ""両方を満たすこと""}",指定された範囲条件を満たしていますか。,"{""false"": ""いいえ。質問の命題は成立しない。"", ""true"": ""はい。質問の命題が成立する。""}","""true"""
v2-gen-choice-15-048,choice,generated,文章内の順序参照,"{""会議"": ""若葉"", ""発表順"": [""石田"", ""中村"", ""木村"", ""松本"", ""高橋"", ""吉田""]}",発表順の先頭から4番目にいる人を答えてください。,"{""中村"": ""中村さん"", ""吉田"": ""吉田さん"", ""木村"": ""木村さん"", ""松本"": ""松本さん"", ""石田"": ""石田さん"", ""高橋"": ""高橋さん""}","""松本"""
v2-gen-choice-01-038,choice,generated,問い合わせ経路,"{""分類表"": {""店舗"": [""営業時間"", ""店内設備"", ""店舗の場所""], ""製品"": [""破損"", ""初期不良"", ""部品交換""], ""配送"": [""届け先変更"", ""荷物の遅延"", ""追跡番号""], ""契約"": [""契約更新"", ""プラン変更"", ""解約手続き""], ""イベント"": [""申込期限"", ""会場案内"", ""参加取消""], ""請求"": [""二重請求"", ""領収書"", ""返金""]}, ""本文"": ""返金の入金予定を知りたいです"", ""受付主題"": ""返金""}",記録された主題を扱う転送先はどこですか。,"{""イベント"": ""イベントの窓口"", ""契約"": ""契約の窓口"", ""店舗"": ""店舗の窓口"", ""製品"": ""製品の窓口"", ""請求"": ""請求の窓口"", ""配送"": ""配送の窓口""}","""請求"""
v2-gen-choice-03-041,choice,generated,最終更新,"""案件「山道」の記録です。19時の更新: 取消。 20時の更新: 承認。 14時の更新: 取消。""",記載順ではなく更新時刻を比べ、最新の状態を選んでください。,"{""保留"": ""保留"", ""取消"": ""取消"", ""受取済み"": ""受取済み"", ""差戻し"": ""差戻し"", ""承認"": ""承認"", ""未着手"": ""未着手"", ""発送済み"": ""発送済み""}","""承認"""
v2-gen-choice-13-009,choice,generated,工程の依存順,"{""案件"": ""星空"", ""工程順"": [""受付"", ""報告"", ""準備""], ""完了済み"": [""受付"", ""報告""], ""規則"": ""順に実行し未完了工程を飛ばさない""}",まだ済んでいない最初の工程は何ですか。存在しない場合は完了です。,"{""受付"": ""受付"", ""報告"": ""報告"", ""完了"": ""全工程が完了"", ""準備"": ""準備""}","""準備"""
v2-gen-choice-03-029,choice,generated,最終更新,"""案件「山道」の記録です。20時の更新: 受取済み。 11時の更新: 保留。 9時の更新: 未着手。""",記載順ではなく更新時刻を比べ、最新の状態を選んでください。,"{""保留"": ""保留"", ""取消"": ""取消"", ""受取済み"": ""受取済み"", ""差戻し"": ""差戻し"", ""承認"": ""承認"", ""未着手"": ""未着手"", ""発送済み"": ""発送済み""}","""受取済み"""
v2-gen-choice-02-041,choice,generated,条件と優先例外,"""若葉店では会員で購入数が12個以上なら優待扱いです。ただし予約品は購入数や会員資格にかかわらず通常扱いです。今回は7個、会員、通常在庫品です。""",例外も踏まえて、今回の購入区分はどれですか。,"{""優待"": ""優待の扱い"", ""通常"": ""通常の扱い""}","""通常"""
v2-gen-choice-10-031,choice,generated,不在時の代理,"{""案件担当"": {""青空"": ""木村"", ""白波"": ""山田"", ""星空"": ""大野""}, ""代理者"": {""木村"": ""山田"", ""山田"": ""大野"", ""大野"": ""木村""}, ""不在者"": [""山田"", ""木村""], ""案件"": ""星空"", ""ルール"": ""担当者が不在なら指定代理に一度だけ振替。代理の在席状況は問わない""}",この案件を担当本人または指定代理に連絡します。宛先は誰ですか。,"{""大野"": ""大野さん"", ""山田"": ""山田さん"", ""木村"": ""木村さん""}","""大野"""
v2-gen-score-05-012,score,generated,緊急条件の加点,"{""案件"": ""木漏れ日"", ""基本優先度"": 0, ""締切までの残り時間"": 10, ""規則"": ""残り2時間以内なら1加点、それより長ければ0加点。上限2""}",条件付き加点後の優先度を選んでください。,"[""最終優先度0"", ""最終優先度1"", ""最終優先度2""]","""0"""
v2-gen-score-04-048,score,generated,独立チェックの合計,"""夕凪資料の点検: 宛先ありは満たさない、添付ありは満たす。各項目は一つずつ数えます。""",条件を満たした項目を一つ一点として集計してください。,"[""満たした項目が0個"", ""満たした項目が1個"", ""満たした項目が2個""]","""1"""
v2-gen-score-02-014,score,generated,記述の満足段階,"""高橋さんは春風の体験について「とても良い結果で、強い満足がある」と回答しました。追加の発言はありません。""",発言の意味に最も合う満足段階を選んでください。,"[""満足"", ""強い満足""]","""1"""
v2-gen-choice-07-010,choice,generated,複数属性の制約,"""在庫表: ペンは紫色・布製・在庫あり、冊子は紫色・紙製・在庫あり、カードは赤色・布製・在庫あり、ノートは紫色・布製・在庫なし、封筒は紫色・紙製・在庫あり、箱は紫色・ガラス製・在庫あり。""",今注文できる布製の紫色の商品を答えてください。在庫なしは選べません。,"{""カード"": ""カード"", ""ノート"": ""ノート"", ""ペン"": ""ペン"", ""冊子"": ""冊子"", ""封筒"": ""封筒"", ""箱"": ""箱""}","""ペン"""
v2-gen-noul-10-015,noul,generated,条件付き義務,"""規則: 代理申請のときだけ事前連絡が必須です。それ以外の場合にはこの義務はなく、実施していても構いません。今回の案件は代理申請に該当で、事前連絡は未実施です。""",この義務に関して、規則上問題なしと判定できますか。,"{""false"": ""いいえ。質問の命題は成立しない。"", ""true"": ""はい。質問の命題が成立する。""}","""false"""
v2-gen-noul-01-022,noul,generated,事実と否定質問,"{""対象者"": ""吉田"", ""項目"": ""鍵を返却"", ""実施済み"": false}",確定情報だけから、吉田さんが鍵を返却していないという判断は正しいですか。,"{""false"": ""いいえ。質問の命題は成立しない。"", ""true"": ""はい。質問の命題が成立する。""}","""true"""
v2-gen-choice-06-013,choice,generated,時間枠の包含,"""部屋の連続利用可能時間: 紫室は15時から18時まで、黄室は15時から18時まで、赤室は13時から15時まで、黒室は12時から15時まで、青室は15時から18時まで、白室は13時から15時まで、緑室は13時から16時まで。会議は14時開始、16時終了です。""",会議の全時間を連続して確保できる部屋を選んでください。開始・終了の一致は許可します。,"{""白"": ""白室"", ""紫"": ""紫室"", ""緑"": ""緑室"", ""赤"": ""赤室"", ""青"": ""青室"", ""黄"": ""黄室"", ""黒"": ""黒室""}","""緑"""
v2-gen-noul-05-011,noul,generated,締切の境界,"""若葉の提出は12時より前だけ受け付け、12時ちょうどは無効です。山田さんの提出記録は15時ちょうどです。""",時刻だけを基準に、この提出を有効と判定できますか。,"{""false"": ""いいえ。質問の命題は成立しない。"", ""true"": ""はい。質問の命題が成立する。""}","""false"""
v2-gen-noul-12-020,noul,generated,記録と主張の照合,"{""施設"": ""草原"", ""入口ごとの現在の確定記録"": {""北口"": ""完全に閉じている"", ""南口"": ""半分だけ開いている"", ""東口"": ""半分だけ開いている"", ""西口"": ""完全に開いている"", ""裏口"": ""4分の1だけ開いている"", ""搬入口"": ""4分の1だけ開いている""}, ""判定資料"": ""現在の確定記録のみ""}",確定情報から、南口は半分だけ開いていると言えますか。,"{""false"": ""いいえ。質問の命題は成立しない。"", ""true"": ""はい。質問の命題が成立する。""}","""true"""
v2-gen-score-04-034,score,generated,独立チェックの合計,"""青空資料の点検: 題名ありは満たす、連絡先ありは満たす。各項目は一つずつ数えます。""",合格した項目数に対応する段階を答えてください。,"[""満たした項目が0個"", ""満たした項目が1個"", ""満たした項目が2個""]","""2"""
v2-gen-choice-02-036,choice,generated,条件と優先例外,"""星空店では会員で購入数が5個以上なら優待扱いです。ただし予約品は購入数や会員資格にかかわらず通常扱いです。今回は15個、会員、通常在庫品です。""",会計時の区分を一つ決めてください。,"{""優待"": ""優待の扱い"", ""通常"": ""通常の扱い""}","""優待"""
v2-gen-noul-10-041,noul,generated,条件付き義務,"""規則: 追加申請のときだけ受付印の押印が必須です。それ以外の場合にはこの義務はなく、実施していても構いません。今回の案件は追加申請に該当で、受付印の押印は未実施です。""",この案件は記載された義務のルールに違反していませんか。違反がなければはいです。,"{""false"": ""いいえ。質問の命題は成立しない。"", ""true"": ""はい。質問の命題が成立する。""}","""false"""
v2-gen-choice-14-030,choice,generated,二属性照合,"{""展示品"": [{""品名"": ""ペン"", ""色"": ""青"", ""素材"": ""紙""}, {""品名"": ""ラベル"", ""色"": ""青"", ""素材"": ""布""}, {""品名"": ""付箋"", ""色"": ""黄"", ""素材"": ""布""}, {""品名"": ""箱"", ""色"": ""黄"", ""素材"": ""樹脂""}], ""指定色"": ""青"", ""指定素材"": ""紙""}",二つの指定を同時に満たす展示品はどれですか。,"{""ペン"": ""ペン"", ""ラベル"": ""ラベル"", ""付箋"": ""付箋"", ""箱"": ""箱""}","""ペン"""
v2-gen-noul-15-013,noul,generated,出来事の前後関係,"{""担当者"": ""加藤"", ""実施順"": [""電話連絡"", ""検品"", ""荷物受取"", ""報告""], ""各作業の実施回数"": 1}",『荷物受取が先、報告が後』という順序は正しいですか。,"{""false"": ""いいえ。質問の命題は成立しない。"", ""true"": ""はい。質問の命題が成立する。""}","""true"""
v2-gen-score-12-008,score,generated,目標からの差,"""水面の目標数は13個、実績は12個です。多すぎても少なすぎても、目標から何個離れたかで評価します。差が6個以上なら最終段階6にまとめます。""",目標からのずれの段階を選んでください。,"[""目標との差が0個"", ""目標との差が1個"", ""目標との差が2個"", ""目標との差が3個"", ""目標との差が4個"", ""目標との差が5個"", ""目標との差が6個以上""]","""1"""
v2-gen-choice-11-042,choice,generated,小数量の比較,"""入出庫記録: ケースは在庫12個、そのうち予約5個、冊子は在庫6個、そのうち予約3個、付箋は在庫9個、そのうち予約4個。予約分は自由在庫に含めません。""",自由在庫が最も少ない品を選んでください。,"{""ケース"": ""ケース"", ""付箋"": ""付箋"", ""冊子"": ""冊子""}","""冊子"""
v2-gen-choice-01-007,choice,generated,問い合わせ経路,"""受付分類表は次のとおりです。店舗窓口: 営業時間・店内設備・店舗の場所 / イベント窓口: 申込期限・会場案内・参加取消。問い合わせ本文:「イベントの参加申込みはいつまでですか」。受付担当が付けた主題は「申込期限」です。""",受付分類表を使って、この相談の担当を決めてください。,"{""イベント"": ""イベントの窓口"", ""店舗"": ""店舗の窓口""}","""イベント"""
v2-gen-score-07-029,score,generated,証拠の最高到達段階,"{""調査"": ""灯台"", ""この調査の証拠段階"": {""一次資料"": 1, ""検収記録"": 2, ""計測記録"": 3, ""監査記録"": 4, ""口頭メモ"": 5, ""署名済み文書"": 6}, ""得られた証拠"": [""監査記録""], ""集約規則"": ""得られた段階の最大。証拠なしは0""}",明示された段階表だけで証拠を評価してください。,"[""証拠なしの段階0"", ""表に基づく最高証拠段階1"", ""表に基づく最高証拠段階2"", ""表に基づく最高証拠段階3"", ""表に基づく最高証拠段階4"", ""表に基づく最高証拠段階5"", ""表に基づく最高証拠段階6""]","""4"""
v2-gen-choice-13-031,choice,generated,工程の依存順,"""案件「青空」の工程順は実施→承認→受付→内容確認です。途中の工程を飛ばすことはできません。完了済みは実施です。""",この作業を一段進めるときに着手する工程を答えてください。残りがなければ完了です。,"{""内容確認"": ""内容確認"", ""受付"": ""受付"", ""完了"": ""全工程が完了"", ""実施"": ""実施"", ""承認"": ""承認""}","""承認"""
v2-gen-noul-06-010,noul,generated,更新後の状態,"""灯台の状態記録: 8時には満席、14時には空席あり、17時には満席、9時には点検中、21時には使用可能。時刻が新しい記録が古い記録を上書きします。""",現在の状態は「使用可能」ですか。,"{""false"": ""いいえ。質問の命題は成立しない。"", ""true"": ""はい。質問の命題が成立する。""}","""true"""
v2-gen-score-11-042,score,generated,時刻順の評価更新,"""水面の評価更新履歴: 9時に段階5、13時に段階4、18時に段階4、8時に段階4。評価は最新時刻の値だけを採用します。""",履歴の記載順に惑わされず、最新評価を答えてください。,"[""評価段階0"", ""評価段階1"", ""評価段階2"", ""評価段階3"", ""評価段階4"", ""評価段階5""]","""4"""
v2-gen-noul-04-048,noul,generated,例外の優先,"""規則: 講習修了であれば若葉を利用できます。ただし入場制限中なら利用できません。高橋さんは講習修了に該当、入場制限中に非該当です。""",この人は現在、利用可能ですか。,"{""false"": ""いいえ。質問の命題は成立しない。"", ""true"": ""はい。質問の命題が成立する。""}","""true"""
v2-gen-score-02-010,score,generated,記述の満足段階,"""中村さんは春風の体験について「惜しい点があり、少し不満だった」と回答しました。追加の発言はありません。""",発言の意味に最も合う満足段階を選んでください。,"[""極めて強い不満"", ""強い不満"", ""不満"", ""やや不満"", ""強い満足""]","""3"""
v2-gen-score-15-032,score,generated,軽重のある項目,"""この点検の配点: 誤字は2点、余白不備は1点。見つかった不備: 余白不備。該当項目の点を合計し、2点以上は段階2にまとめます。""",見つかった不備の点数を合計し、上限を適用してください。,"[""不備点の合計が0点"", ""不備点の合計が1点"", ""不備点の合計が2点以上""]","""1"""
v2-gen-noul-10-025,noul,generated,条件付き義務,"{""規則"": ""夜間受付なら記録票の保存が必要。それ以外では義務なし"", ""条件に該当"": true, ""必要処置を実施"": false}",この義務に関して、規則上問題なしと判定できますか。,"{""false"": ""いいえ。質問の命題は成立しない。"", ""true"": ""はい。質問の命題が成立する。""}","""false"""
v2-gen-choice-10-019,choice,generated,不在時の代理,"{""案件担当"": {""星空"": ""林"", ""白波"": ""大野"", ""水面"": ""木村"", ""朝露"": ""石田""}, ""代理者"": {""林"": ""大野"", ""大野"": ""木村"", ""木村"": ""石田"", ""石田"": ""林""}, ""不在者"": [], ""案件"": ""白波"", ""ルール"": ""担当者が不在なら指定代理に一度だけ振替。代理の在席状況は問わない""}",一回だけの代理振替を適用した後の宛先を答えてください。,"{""大野"": ""大野さん"", ""木村"": ""木村さん"", ""林"": ""林さん"", ""石田"": ""石田さん""}","""大野"""
v2-gen-score-08-049,score,generated,要件への一致数,"""注文要件: サイズ=大、配送=宅配、色=白、包装=なし、印字=なし。提案品: サイズ=小、配送=宅配、色=青、包装=なし、印字=あり。""",各属性の完全一致を一点として採点してください。,"[""一致した要件が0項目"", ""一致した要件が1項目"", ""一致した要件が2項目"", ""一致した要件が3項目"", ""一致した要件が4項目"", ""一致した要件が5項目""]","""2"""
v2-gen-noul-04-015,noul,generated,例外の優先,"""規則: 登録済みであれば星空を利用できます。ただし利用停止中なら利用できません。加藤さんは登録済みに非該当、利用停止中に非該当です。""",例外を含む規則のもとで利用は許可されますか。,"{""false"": ""いいえ。質問の命題は成立しない。"", ""true"": ""はい。質問の命題が成立する。""}","""false"""
v2-gen-choice-01-014,choice,generated,問い合わせ経路,"{""分類表"": {""店舗"": [""営業時間"", ""店内設備"", ""店舗の場所""], ""アカウント"": [""ログイン"", ""パスワード"", ""退会""], ""製品"": [""破損"", ""初期不良"", ""部品交換""], ""配送"": [""届け先変更"", ""荷物の遅延"", ""追跡番号""], ""契約"": [""契約更新"", ""プラン変更"", ""解約手続き""]}, ""本文"": ""お店に車いす用の設備はありますか"", ""受付主題"": ""店内設備""}",受付分類表を使って、この相談の担当を決めてください。,"{""アカウント"": ""アカウントの窓口"", ""契約"": ""契約の窓口"", ""店舗"": ""店舗の窓口"", ""製品"": ""製品の窓口"", ""配送"": ""配送の窓口""}","""店舗"""
v2-gen-noul-08-042,noul,generated,集合と否定所属,"{""催し"": ""草原"", ""完全な参加者名簿"": [""渡辺"", ""高橋""], ""補足"": ""名前のない人は参加者ではない""}",『高橋さんは参加者である』という記述は正しいですか。,"{""false"": ""いいえ。質問の命題は成立しない。"", ""true"": ""はい。質問の命題が成立する。""}","""true"""
v2-gen-score-15-003,score,generated,軽重のある項目,"""この点検の配点: 宛名不備は2点、誤字は1点。見つかった不備: 宛名不備、誤字。該当項目の点を合計し、1点以上は段階1にまとめます。""",見つかった不備の点数を合計し、上限を適用してください。,"[""不備点の合計が0点"", ""不備点の合計が1点以上""]","""1"""
v2-gen-choice-02-003,choice,generated,条件と優先例外,"{""規則"": ""会員かつ7個以上なら優待。ただし予約品は常に通常"", ""会員"": false, ""購入数"": 5, ""予約品"": false}",この購入に適用する扱いを選んでください。,"{""優待"": ""優待の扱い"", ""通常"": ""通常の扱い""}","""通常"""
v2-gen-noul-15-016,noul,generated,出来事の前後関係,"""佐藤さんの作業日誌は実施順に荷物受取→棚への配置→休憩→伝票記入です。記載した各作業は一回ずつ実施しました。""",『休憩が先、棚への配置が後』という順序は正しいですか。,"{""false"": ""いいえ。質問の命題は成立しない。"", ""true"": ""はい。質問の命題が成立する。""}","""false"""
v2-gen-noul-12-033,noul,generated,記録と主張の照合,"""朝露施設の入口について、いま確認した確定記録は北口は半分だけ開いている、南口は半分だけ開いている、東口は半分だけ開いている、西口は完全に閉じている、裏口は完全に閉じている、搬入口は半分だけ開いているです。現在の判断にはこの確定記録だけを使います。""",『現在の北口は完全に閉じている』という主張は確定記録と一致しますか。,"{""false"": ""いいえ。質問の命題は成立しない。"", ""true"": ""はい。質問の命題が成立する。""}","""false"""
v2-gen-score-06-005,score,generated,約束時刻からの遅れ,"{""便"": ""山道"", ""約束時刻"": 5, ""実際の到着時刻"": 4, ""同日"": true, ""早着時の遅れ"": 0}",遅れの時間に対応する段階を答えてください。,"[""遅れが1時間未満"", ""遅れが1時間以上、2時間未満"", ""遅れが2時間以上、3時間未満"", ""遅れが3時間以上""]","""0"""
v2-gen-score-15-030,score,generated,軽重のある項目,"{""不備ごとの配点"": {""誤字"": 2, ""日付欠落"": 1, ""宛名不備"": 1, ""署名欠落"": 1, ""頁番号欠落"": 1, ""添付欠落"": 1, ""余白不備"": 1}, ""不備あり"": {""誤字"": true, ""日付欠落"": true, ""宛名不備"": true, ""署名欠落"": false, ""頁番号欠落"": true, ""添付欠落"": false, ""余白不備"": true}, ""上限"": 7}",配点の違いを反映した最終段階を選んでください。,"[""不備点の合計が0点"", ""不備点の合計が1点"", ""不備点の合計が2点"", ""不備点の合計が3点"", ""不備点の合計が4点"", ""不備点の合計が5点"", ""不備点の合計が6点"", ""不備点の合計が7点以上""]","""6"""
v2-gen-score-09-022,score,generated,例外による上限,"""検査合格状況: 動作は合格、外観は合格、表示は合格、寸法は合格、包装は不合格、記録は合格。合格項目一つにつき1点ですが、要再確認の印があれば上限3点に制限します。今回その印はあります。""",単純な合格数ではなく、上限ルール適用後の点数を求めてください。,"[""最終点0点"", ""最終点1点"", ""最終点2点"", ""最終点3点"", ""最終点4点"", ""最終点5点"", ""最終点6点""]","""3"""
v2-gen-choice-02-005,choice,generated,条件と優先例外,"{""規則"": ""会員かつ11個以上なら優待。ただし予約品は常に通常"", ""会員"": true, ""購入数"": 6, ""予約品"": false}",会計時の区分を一つ決めてください。,"{""優待"": ""優待の扱い"", ""通常"": ""通常の扱い""}","""通常"""
v2-gen-choice-11-040,choice,generated,小数量の比較,"""入出庫記録: シールは在庫4個、そのうち予約4個、クリップは在庫6個、そのうち予約5個、付箋は在庫2個、そのうち予約0個、カードは在庫11個、そのうち予約3個、テープは在庫13個、そのうち予約4個、用紙は在庫12個、そのうち予約5個、封筒は在庫14個、そのうち予約3個、箱は在庫15個、そのうち予約3個。予約分は自由在庫に含めません。""",予約分を差し引いた残りが一番多いのはどれですか。,"{""カード"": ""カード"", ""クリップ"": ""クリップ"", ""シール"": ""シール"", ""テープ"": ""テープ"", ""付箋"": ""付箋"", ""封筒"": ""封筒"", ""用紙"": ""用紙"", ""箱"": ""箱""}","""箱"""
v2-gen-choice-07-044,choice,generated,複数属性の制約,"{""在庫表"": [{""品名"": ""付箋"", ""色"": ""緑"", ""素材"": ""金属"", ""在庫あり"": true}, {""品名"": ""袋"", ""色"": ""白"", ""素材"": ""紙"", ""在庫あり"": true}, {""品名"": ""冊子"", ""色"": ""緑"", ""素材"": ""金属"", ""在庫あり"": true}, {""品名"": ""封筒"", ""色"": ""茶"", ""素材"": ""金属"", ""在庫あり"": true}, {""品名"": ""ラベル"", ""色"": ""白"", ""素材"": ""金属"", ""在庫あり"": true}]}",白色で金属製、在庫もある品を選んでください。,"{""ラベル"": ""ラベル"", ""付箋"": ""付箋"", ""冊子"": ""冊子"", ""封筒"": ""封筒"", ""袋"": ""袋""}","""ラベル"""
v2-gen-choice-04-043,choice,generated,参照先の担当,"""担当: 白波は中村、若葉は松本、水面は山田、青空は林、朝露は加藤、山道は石田。資料の所属: ケースは若葉案件、カードは白波案件、ファイルは水面案件、冊子は青空案件、封筒は朝露案件、箱は山道案件。確認する資料はケースです。""",確認資料が属する案件の担当者を選んでください。,"{""中村"": ""中村さん"", ""加藤"": ""加藤さん"", ""山田"": ""山田さん"", ""松本"": ""松本さん"", ""林"": ""林さん"", ""石田"": ""石田さん""}","""松本"""
v2-gen-choice-05-028,choice,generated,否定条件で選択,"{""検品"": [{""品名"": ""ケース"", ""封がある"": true, ""濡れている"": true}, {""品名"": ""ファイル"", ""封がある"": true, ""濡れている"": false}, {""品名"": ""ラベル"", ""封がある"": true, ""濡れている"": false}, {""品名"": ""箱"", ""封がある"": true, ""濡れている"": false}, {""品名"": ""冊子"", ""封がある"": false, ""濡れている"": false}, {""品名"": ""ペン"", ""封がある"": true, ""濡れている"": true}, {""品名"": ""袋"", ""封がある"": false, ""濡れている"": true}]}",濡れた品は除外し、封がない品を一つ選んでください。,"{""ケース"": ""ケース"", ""ファイル"": ""ファイル"", ""ペン"": ""ペン"", ""ラベル"": ""ラベル"", ""冊子"": ""冊子"", ""箱"": ""箱"", ""袋"": ""袋""}","""冊子"""
v2-gen-choice-15-008,choice,generated,文章内の順序参照,"""若葉会議では、発表者を発表順に「上田、青木、森、山田、吉田、高橋、佐藤、加藤」と紹介しました。同じ人の再登場はありません。""",発表順の先頭から3番目にいる人を答えてください。,"{""上田"": ""上田さん"", ""佐藤"": ""佐藤さん"", ""加藤"": ""加藤さん"", ""吉田"": ""吉田さん"", ""山田"": ""山田さん"", ""森"": ""森さん"", ""青木"": ""青木さん"", ""高橋"": ""高橋さん""}","""森"""
v2-gen-choice-04-001,choice,generated,参照先の担当,"""担当: 草原は木村、白波は森、若葉は上田、朝露は青木。資料の所属: テープは朝露案件、シールは白波案件、ペンは若葉案件、冊子は草原案件。確認する資料はシールです。""",この資料について、所属案件を通じて連絡すべき担当者は誰ですか。,"{""上田"": ""上田さん"", ""木村"": ""木村さん"", ""森"": ""森さん"", ""青木"": ""青木さん""}","""森"""
v2-gen-choice-07-009,choice,generated,複数属性の制約,"""在庫表: ケースは白色・布製・在庫あり、名札は茶色・布製・在庫なし、ペンは茶色・布製・在庫なし、袋は茶色・布製・在庫あり。""",茶色で布製、在庫もある品を選んでください。,"{""ケース"": ""ケース"", ""ペン"": ""ペン"", ""名札"": ""名札"", ""袋"": ""袋""}","""袋"""
v2-gen-score-15-015,score,generated,軽重のある項目,"{""不備ごとの配点"": {""署名欠落"": 2, ""日付欠落"": 1, ""誤字"": 1, ""余白不備"": 1, ""頁番号欠落"": 1, ""宛名不備"": 1}, ""不備あり"": {""署名欠落"": false, ""日付欠落"": false, ""誤字"": false, ""余白不備"": false, ""頁番号欠落"": true, ""宛名不備"": true}, ""上限"": 6}",見つかった不備の点数を合計し、上限を適用してください。,"[""不備点の合計が0点"", ""不備点の合計が1点"", ""不備点の合計が2点"", ""不備点の合計が3点"", ""不備点の合計が4点"", ""不備点の合計が5点"", ""不備点の合計が6点以上""]","""2"""
v2-gen-noul-13-017,noul,generated,範囲の開閉境界,"""朝露の受付数は、3個より多い、かつ7個未満の場合に限り適合です。今回の数は6個です。""",下限と上限の両方の条件に合いますか。,"{""false"": ""いいえ。質問の命題は成立しない。"", ""true"": ""はい。質問の命題が成立する。""}","""true"""
v2-gen-noul-12-018,noul,generated,記録と主張の照合,"{""施設"": ""朝露"", ""入口ごとの現在の確定記録"": {""北口"": ""完全に閉じている"", ""南口"": ""完全に閉じている"", ""東口"": ""4分の1だけ開いている"", ""西口"": ""半分だけ開いている"", ""裏口"": ""4分の1だけ開いている"", ""搬入口"": ""完全に開いている""}, ""判定資料"": ""現在の確定記録のみ""}",いま西口が半分だけ開いているという判断は正しいですか。,"{""false"": ""いいえ。質問の命題は成立しない。"", ""true"": ""はい。質問の命題が成立する。""}","""true"""
v2-gen-choice-10-024,choice,generated,不在時の代理,"{""案件担当"": {""白波"": ""木村"", ""夕凪"": ""大野"", ""草原"": ""吉田"", ""青空"": ""加藤""}, ""代理者"": {""木村"": ""大野"", ""大野"": ""吉田"", ""吉田"": ""加藤"", ""加藤"": ""木村""}, ""不在者"": [""大野"", ""吉田"", ""木村""], ""案件"": ""白波"", ""ルール"": ""担当者が不在なら指定代理に一度だけ振替。代理の在席状況は問わない""}",一回だけの代理振替を適用した後の宛先を答えてください。,"{""加藤"": ""加藤さん"", ""吉田"": ""吉田さん"", ""大野"": ""大野さん"", ""木村"": ""木村さん""}","""大野"""
v2-gen-score-11-020,score,generated,時刻順の評価更新,"""夕凪の評価更新履歴: 20時に段階3、13時に段階1、19時に段階3。評価は最新時刻の値だけを採用します。""",現在採用すべき評価段階を選んでください。,"[""評価段階0"", ""評価段階1"", ""評価段階2"", ""評価段階3"", ""評価段階4""]","""3"""
v2-gen-choice-13-049,choice,generated,工程の依存順,"""案件「白波」の工程順は準備→実施→報告です。途中の工程を飛ばすことはできません。完了済みは準備、実施です。""",次に行う工程を選んでください。すべて済んでいれば完了を選びます。,"{""報告"": ""報告"", ""完了"": ""全工程が完了"", ""実施"": ""実施"", ""準備"": ""準備""}","""報告"""
v2-gen-score-01-002,score,generated,件数の段階境界,"""星空で検品で見つかった不備を数えたところ、現在4件でした。処理済みは数に含めていません。""",件数だけを評価尺度に照らして判定してください。,"[""対象件数が5件未満"", ""対象件数が5件以上、10件未満"", ""対象件数が10件以上""]","""0"""
v2-gen-choice-14-017,choice,generated,二属性照合,"""展示品の札: ラベルは緑色・ガラス製、用紙は赤色・木製、ファイルは茶色・ガラス製、袋は黒色・木製、箱は赤色・樹脂製、付箋は緑色・木製、封筒は青色・金属製。探しているのは黒色の木製です。""",指定された色と素材の両方が一致する品を選んでください。,"{""ファイル"": ""ファイル"", ""ラベル"": ""ラベル"", ""付箋"": ""付箋"", ""封筒"": ""封筒"", ""用紙"": ""用紙"", ""箱"": ""箱"", ""袋"": ""袋""}","""袋"""
v2-gen-noul-01-020,noul,generated,事実と否定質問,"""高橋さんについての確定記録: 申請の取り下げを実施しています。""",『高橋さんは申請の取り下げを実施している』はこの記録と一致しますか。,"{""false"": ""いいえ。質問の命題は成立しない。"", ""true"": ""はい。質問の命題が成立する。""}","""true"""
v2-gen-noul-07-034,noul,generated,識別文字列の完全一致,"""商品ラベルの管理コードは「JK6-C」、注文票の管理コードは「JK6C」です。照合では大文字と小文字、記号の違いも区別します。""",指定された照合規則で一致と判定できますか。,"{""false"": ""いいえ。質問の命題は成立しない。"", ""true"": ""はい。質問の命題が成立する。""}","""false"""
v2-gen-score-06-020,score,generated,約束時刻からの遅れ,"""春風便は7時到着の約束でした。実際の到着は同じ日の10時です。早着した場合の遅れは0時間とします。""",到着の遅れを段階基準で評価してください。,"[""遅れが1時間未満"", ""遅れが1時間以上、2時間未満"", ""遅れが2時間以上、3時間未満"", ""遅れが3時間以上、4時間未満"", ""遅れが4時間以上""]","""3"""
v2-gen-choice-13-032,choice,generated,工程の依存順,"{""案件"": ""水面"", ""工程順"": [""見積作成"", ""準備"", ""受付"", ""承認""], ""完了済み"": [""見積作成"", ""準備""], ""規則"": ""順に実行し未完了工程を飛ばさない""}",次に行う工程を選んでください。すべて済んでいれば完了を選びます。,"{""受付"": ""受付"", ""完了"": ""全工程が完了"", ""承認"": ""承認"", ""準備"": ""準備"", ""見積作成"": ""見積作成""}","""受付"""
v2-gen-score-02-007,score,generated,記述の満足段階,"""加藤さんは灯台の体験について「到底納得できず、強い不満を感じた」と回答しました。追加の発言はありません。""",感想に明示された評価を尺度へ対応づけてください。,"[""強い不満"", ""どちらでもない""]","""0"""
v2-gen-score-10-031,score,generated,不足の段階,"{""申請"": ""星空"", ""必要書類"": [""同意書""], ""届いた書類"": [""同意書"", ""挨拶状""], ""余分な書類で代用できる"": false}",必要一覧と届いた一覧を照合し、不足の程度を判定してください。,"[""不足が0種類"", ""不足が1種類""]","""0"""
v2-gen-choice-07-013,choice,generated,複数属性の制約,"""在庫表: シールは白色・樹脂製・在庫あり、封筒は白色・布製・在庫なし、ケースは茶色・布製・在庫あり、クリップは白色・布製・在庫あり、ラベルは白色・紙製・在庫あり。""",必要条件は白色、布製、在庫ありの三つです。全部に合う品はどれですか。,"{""クリップ"": ""クリップ"", ""ケース"": ""ケース"", ""シール"": ""シール"", ""ラベル"": ""ラベル"", ""封筒"": ""封筒""}","""クリップ"""
v2-gen-noul-08-015,noul,generated,集合と否定所属,"""青空の参加者名簿は林、加藤、高橋、松本、森、吉田、渡辺です。この名簿は完全で、記載のない人は参加者ではありません。""",『遠藤さんは参加者である』という記述は正しいですか。,"{""false"": ""いいえ。質問の命題は成立しない。"", ""true"": ""はい。質問の命題が成立する。""}","""false"""
v2-gen-choice-05-031,choice,generated,否定条件で選択,"{""検品"": [{""品名"": ""ノート"", ""封がある"": true, ""濡れている"": true}, {""品名"": ""冊子"", ""封がある"": true, ""濡れている"": false}, {""品名"": ""ファイル"", ""封がある"": true, ""濡れている"": true}, {""品名"": ""ケース"", ""封がある"": false, ""濡れている"": false}, {""品名"": ""付箋"", ""封がある"": true, ""濡れている"": false}, {""品名"": ""袋"", ""封がある"": true, ""濡れている"": true}]}",封がないもので、かつ濡れていない品を選んでください。,"{""ケース"": ""ケース"", ""ノート"": ""ノート"", ""ファイル"": ""ファイル"", ""付箋"": ""付箋"", ""冊子"": ""冊子"", ""袋"": ""袋""}","""ケース"""
v2-gen-choice-09-021,choice,generated,利用可能集合の差,"{""利用可能品"": [""付箋"", ""箱"", ""名札"", ""封筒""], ""予約済み品"": [""箱"", ""封筒"", ""名札""]}",予約済みを利用可能一覧から除いたとき、残る品を答えてください。,"{""付箋"": ""付箋"", ""名札"": ""名札"", ""封筒"": ""封筒"", ""箱"": ""箱""}","""付箋"""
v2-gen-noul-02-034,noul,generated,全条件の充足,"""白波の利用には講習受講・所属確認がすべて必要です。青木さん: 講習受講は完了、所属確認は完了。""",規則に照らし、この人の利用資格は成立しますか。,"{""false"": ""いいえ。質問の命題は成立しない。"", ""true"": ""はい。質問の命題が成立する。""}","""true"""
v2-gen-choice-11-025,choice,generated,小数量の比較,"{""在庫"": [{""品名"": ""ファイル"", ""総在庫"": 13, ""予約分"": 2}, {""品名"": ""テープ"", ""総在庫"": 3, ""予約分"": 2}, {""品名"": ""付箋"", ""総在庫"": 10, ""予約分"": 1}], ""自由在庫"": ""総在庫から予約分を引く""}",今使える個数が最も少ない品を答えてください。,"{""テープ"": ""テープ"", ""ファイル"": ""ファイル"", ""付箋"": ""付箋""}","""テープ"""
v2-gen-choice-12-011,choice,generated,条件付き不足書類,"""書類確認の優先順は申込書→受領票→本人確認票→見積書→承認書。承認書だけは代理申請の場合に限って必要で、それ以外は常に必要です。今回は本人申請。提出済みは本人確認票です。""",申請区分に応じて必要書類を確認し、最優先で追加提出を求めるものを答えてください。なければ追加不要です。,"{""受領票"": ""受領票"", ""承認書"": ""承認書"", ""本人確認票"": ""本人確認票"", ""申込書"": ""申込書"", ""見積書"": ""見積書"", ""追加不要"": ""必要書類はすべて提出済み""}","""申込書"""
v2-gen-score-04-045,score,generated,独立チェックの合計,"{""資料"": ""夕凪"", ""チェック項目"": {""連絡先あり"": true, ""題名あり"": true, ""承認印あり"": true, ""添付あり"": true, ""ページ番号あり"": true, ""宛先あり"": true}, ""各項目の重み"": 1}",満たしたチェック項目の数を段階として選んでください。,"[""満たした項目が0個"", ""満たした項目が1個"", ""満たした項目が2個"", ""満たした項目が3個"", ""満たした項目が4個"", ""満たした項目が5個"", ""満たした項目が6個""]","""6"""
v2-gen-choice-14-020,choice,generated,二属性照合,"{""展示品"": [{""品名"": ""ファイル"", ""色"": ""赤"", ""素材"": ""布""}, {""品名"": ""ペン"", ""色"": ""白"", ""素材"": ""ガラス""}], ""指定色"": ""赤"", ""指定素材"": ""布""}",二つの指定を同時に満たす展示品はどれですか。,"{""ファイル"": ""ファイル"", ""ペン"": ""ペン""}","""ファイル"""
v2-gen-score-11-030,score,generated,時刻順の評価更新,"""夕凪の評価更新履歴: 14時に段階3、7時に段階2、15時に段階5、16時に段階2、10時に段階3。評価は最新時刻の値だけを採用します。""",履歴の記載順に惑わされず、最新評価を答えてください。,"[""評価段階0"", ""評価段階1"", ""評価段階2"", ""評価段階3"", ""評価段階4"", ""評価段階5"", ""評価段階6"", ""評価段階7""]","""2"""
v2-gen-noul-08-003,noul,generated,集合と否定所属,"""若葉の参加者名簿は吉田、山田、中村、上田、高橋、木村です。この名簿は完全で、記載のない人は参加者ではありません。""",『佐藤さんは参加者である』という記述は正しいですか。,"{""false"": ""いいえ。質問の命題は成立しない。"", ""true"": ""はい。質問の命題が成立する。""}","""false"""
v2-gen-score-09-047,score,generated,例外による上限,"{""検査合格"": {""動作"": true, ""表示"": true, ""付属品"": true}, ""要再確認の印あり"": false, ""採点規則"": ""合格数が点数。ただし印があれば上限1点""}",上限制限を適用した最終点を選んでください。,"[""最終点0点"", ""最終点1点"", ""最終点2点"", ""最終点3点""]","""3"""
v2-gen-choice-07-037,choice,generated,複数属性の制約,"{""在庫表"": [{""品名"": ""ノート"", ""色"": ""白"", ""素材"": ""布"", ""在庫あり"": true}, {""品名"": ""冊子"", ""色"": ""緑"", ""素材"": ""金属"", ""在庫あり"": true}, {""品名"": ""ケース"", ""色"": ""白"", ""素材"": ""布"", ""在庫あり"": true}, {""品名"": ""ラベル"", ""色"": ""緑"", ""素材"": ""布"", ""在庫あり"": false}, {""品名"": ""用紙"", ""色"": ""緑"", ""素材"": ""布"", ""在庫あり"": true}, {""品名"": ""ペン"", ""色"": ""緑"", ""素材"": ""布"", ""在庫あり"": false}]}",緑色で布製、在庫もある品を選んでください。,"{""ケース"": ""ケース"", ""ノート"": ""ノート"", ""ペン"": ""ペン"", ""ラベル"": ""ラベル"", ""冊子"": ""冊子"", ""用紙"": ""用紙""}","""用紙"""
v2-gen-score-07-011,score,generated,証拠の最高到達段階,"""この調査固有の証拠段階表: 担当者報告は段階1、口頭メモは段階2。山道で得られた証拠は口頭メモ。複数ある場合は最大の段階を使い、なければ0です。""",明示された段階表だけで証拠を評価してください。,"[""証拠なしの段階0"", ""表に基づく最高証拠段階1"", ""表に基づく最高証拠段階2""]","""2"""
v2-gen-noul-03-040,noul,generated,いずれかの条件,"""青空の受付では事前予約票・入場証のうち一つ以上があれば通れます。石田さん: 事前予約票はなし、入場証はあり。""",記載された条件で受付を通れますか。,"{""false"": ""いいえ。質問の命題は成立しない。"", ""true"": ""はい。質問の命題が成立する。""}","""true"""
v2-gen-choice-08-040,choice,generated,改訂と例外の優先,"{""通常品ラベルの改訂・古い順"": [""緑"", ""茶"", ""青""], ""優先例外"": ""冷蔵品は緑"", ""荷物"": ""冷蔵品"", ""規則"": ""後の改訂が前を上書きする""}",例外と改訂の順序を考慮して、使用する色はどれですか。,"{""白"": ""白ラベル"", ""緑"": ""緑ラベル"", ""茶"": ""茶ラベル"", ""青"": ""青ラベル"", ""黄"": ""黄ラベル"", ""黒"": ""黒ラベル""}","""緑"""
v2-gen-noul-10-011,noul,generated,条件付き義務,"{""規則"": ""追加申請なら確認票の添付が必要。それ以外では義務なし"", ""条件に該当"": true, ""必要処置を実施"": false}",この案件は記載された義務のルールに違反していませんか。違反がなければはいです。,"{""false"": ""いいえ。質問の命題は成立しない。"", ""true"": ""はい。質問の命題が成立する。""}","""false"""
v2-gen-choice-14-003,choice,generated,二属性照合,"""展示品の札: ノートは茶色・金属製、クリップは赤色・樹脂製、ファイルは黄色・金属製、封筒は白色・紙製、袋は白色・樹脂製、シールは黄色・ガラス製、ペンは紫色・ガラス製。探しているのは黄色の金属製です。""",指定された色と素材の両方が一致する品を選んでください。,"{""クリップ"": ""クリップ"", ""シール"": ""シール"", ""ノート"": ""ノート"", ""ファイル"": ""ファイル"", ""ペン"": ""ペン"", ""封筒"": ""封筒"", ""袋"": ""袋""}","""ファイル"""
v2-gen-noul-12-044,noul,generated,記録と主張の照合,"{""施設"": ""水面"", ""入口ごとの現在の確定記録"": {""北口"": ""完全に開いている"", ""南口"": ""完全に開いている"", ""東口"": ""半分だけ開いている"", ""西口"": ""完全に閉じている"", ""裏口"": ""完全に閉じている"", ""搬入口"": ""半分だけ開いている""}, ""判定資料"": ""現在の確定記録のみ""}",いま搬入口が半分だけ開いているという判断は正しいですか。,"{""false"": ""いいえ。質問の命題は成立しない。"", ""true"": ""はい。質問の命題が成立する。""}","""true"""
v2-gen-choice-03-018,choice,generated,最終更新,"""案件「若葉」の記録です。18時の更新: 承認。 12時の更新: 取消。 17時の更新: 取消。 13時の更新: 承認。 20時の更新: 承認。""",時刻が最も新しい更新に基づく状態を答えてください。,"{""取消"": ""取消"", ""受取済み"": ""受取済み"", ""承認"": ""承認"", ""未着手"": ""未着手"", ""発送済み"": ""発送済み"", ""確認中"": ""確認中""}","""承認"""
v2-gen-score-06-004,score,generated,約束時刻からの遅れ,"""山道便は12時到着の約束でした。実際の到着は同じ日の13時です。早着した場合の遅れは0時間とします。""",約束時刻と到着時刻の差から、遅延段階を選んでください。,"[""遅れが2時間未満"", ""遅れが2時間以上、4時間未満"", ""遅れが4時間以上""]","""0"""
v2-gen-score-01-031,score,generated,件数の段階境界,"""夕凪で未処理の連絡を数えたところ、現在0件でした。処理済みは数に含めていません。""",現在の件数を指定の段階基準に当てはめてください。,"[""対象件数が2件未満"", ""対象件数が2件以上、4件未満"", ""対象件数が4件以上、6件未満"", ""対象件数が6件以上""]","""0"""
v2-gen-score-13-033,score,generated,取消しを反映した件数,"{""催し"": ""白波"", ""申込み"": [{""氏名"": ""大野"", ""受付済み"": true, ""取消済み"": true}, {""氏名"": ""吉田"", ""受付済み"": true, ""取消済み"": true}, {""氏名"": ""中村"", ""受付済み"": true, ""取消済み"": true}, {""氏名"": ""森"", ""受付済み"": true, ""取消済み"": true}, {""氏名"": ""高橋"", ""受付済み"": true, ""取消済み"": false}, {""氏名"": ""木村"", ""受付済み"": false, ""取消済み"": false}, {""氏名"": ""佐藤"", ""受付済み"": true, ""取消済み"": true}], ""まとめ方"": ""3件以上は段階3""}",現在有効な申込みだけを数えて評価してください。,"[""有効申込みが0件"", ""有効申込みが1件"", ""有効申込みが2件"", ""有効申込みが3件以上""]","""1"""
v2-gen-noul-03-008,noul,generated,いずれかの条件,"""若葉の受付では会員証・招待券のうち一つ以上があれば通れます。林さん: 会員証はあり、招待券はあり。""",記載された条件で受付を通れますか。,"{""false"": ""いいえ。質問の命題は成立しない。"", ""true"": ""はい。質問の命題が成立する。""}","""true"""
v2-gen-noul-03-049,noul,generated,いずれかの条件,"{""いずれか一つ以上必要"": [""受付確認票"", ""入場証"", ""招待券"", ""事前予約票""], ""所持状況"": {""受付確認票"": false, ""入場証"": false, ""招待券"": false, ""事前予約票"": false}, ""対象"": ""加藤""}",この人は受付基準を満たしていますか。,"{""false"": ""いいえ。質問の命題は成立しない。"", ""true"": ""はい。質問の命題が成立する。""}","""false"""
v2-gen-noul-02-038,noul,generated,全条件の充足,"{""すべて必要な条件"": [""申込書提出"", ""所属確認""], ""対象"": ""上田"", ""完了状況"": {""申込書提出"": true, ""所属確認"": true}}",この人は記載された利用条件をすべて満たしていますか。,"{""false"": ""いいえ。質問の命題は成立しない。"", ""true"": ""はい。質問の命題が成立する。""}","""true"""
v2-gen-choice-05-013,choice,generated,否定条件で選択,"""検品記録: 付箋は封ありで濡れていない、クリップは封なしで濡れている。""",対象は『封がある』『濡れていない』の両方を満たす品です。どれですか。,"{""クリップ"": ""クリップ"", ""付箋"": ""付箋""}","""付箋"""
v2-gen-noul-07-030,noul,generated,識別文字列の完全一致,"""商品ラベルの管理コードは「PQ2-C」、注文票の管理コードは「PQ2_C」です。照合では大文字と小文字、記号の違いも区別します。""",二つの管理コードは完全一致していますか。,"{""false"": ""いいえ。質問の命題は成立しない。"", ""true"": ""はい。質問の命題が成立する。""}","""false"""
v2-gen-score-02-046,score,generated,記述の満足段階,"""青木さんは灯台の体験について「到底納得できず、強い不満を感じた」と回答しました。追加の発言はありません。""",回答者が表明した満足の程度を分類してください。,"[""極めて強い不満"", ""強い不満"", ""不満"", ""やや満足"", ""極めて強い満足"", ""最高の満足""]","""1"""
v2-gen-noul-05-047,noul,generated,締切の境界,"""朝露の提出は15時より前だけ受け付け、15時ちょうどは無効です。遠藤さんの提出記録は20時ちょうどです。""",この提出は時間条件を満たしていますか。,"{""false"": ""いいえ。質問の命題は成立しない。"", ""true"": ""はい。質問の命題が成立する。""}","""false"""
v2-gen-choice-14-002,choice,generated,二属性照合,"{""展示品"": [{""品名"": ""シール"", ""色"": ""青"", ""素材"": ""ガラス""}, {""品名"": ""名札"", ""色"": ""茶"", ""素材"": ""木""}, {""品名"": ""袋"", ""色"": ""黄"", ""素材"": ""樹脂""}, {""品名"": ""箱"", ""色"": ""白"", ""素材"": ""ガラス""}, {""品名"": ""ノート"", ""色"": ""緑"", ""素材"": ""布""}, {""品名"": ""ペン"", ""色"": ""黒"", ""素材"": ""紙""}], ""指定色"": ""青"", ""指定素材"": ""ガラス""}",色だけ・素材だけの一致では足りません。該当品を答えてください。,"{""シール"": ""シール"", ""ノート"": ""ノート"", ""ペン"": ""ペン"", ""名札"": ""名札"", ""箱"": ""箱"", ""袋"": ""袋""}","""シール"""
v2-gen-choice-09-030,choice,generated,利用可能集合の差,"""貸出台帳で利用可能と記録されている品はノート、袋、封筒。予約済みの品は封筒、袋です。""",利用可能品のうち、予約されていない品を選んでください。,"{""ノート"": ""ノート"", ""封筒"": ""封筒"", ""袋"": ""袋""}","""ノート"""
v2-gen-score-13-006,score,generated,取消しを反映した件数,"{""催し"": ""白波"", ""申込み"": [{""氏名"": ""遠藤"", ""受付済み"": false, ""取消済み"": false}, {""氏名"": ""佐藤"", ""受付済み"": false, ""取消済み"": false}, {""氏名"": ""木村"", ""受付済み"": false, ""取消済み"": false}, {""氏名"": ""林"", ""受付済み"": false, ""取消済み"": false}, {""氏名"": ""吉田"", ""受付済み"": false, ""取消済み"": false}, {""氏名"": ""加藤"", ""受付済み"": false, ""取消済み"": false}, {""氏名"": ""森"", ""受付済み"": false, ""取消済み"": false}, {""氏名"": ""石田"", ""受付済み"": false, ""取消済み"": false}], ""まとめ方"": ""4件以上は段階4""}",現在有効な申込みだけを数えて評価してください。,"[""有効申込みが0件"", ""有効申込みが1件"", ""有効申込みが2件"", ""有効申込みが3件"", ""有効申込みが4件以上""]","""0"""
v2-gen-noul-02-018,noul,generated,全条件の充足,"{""すべて必要な条件"": [""会費支払い"", ""所属確認"", ""本人確認"", ""同意書提出""], ""対象"": ""山田"", ""完了状況"": {""会費支払い"": true, ""所属確認"": true, ""本人確認"": true, ""同意書提出"": true}}",この人は記載された利用条件をすべて満たしていますか。,"{""false"": ""いいえ。質問の命題は成立しない。"", ""true"": ""はい。質問の命題が成立する。""}","""true"""
v2-gen-noul-01-036,noul,generated,事実と否定質問,"{""対象者"": ""松本"", ""項目"": ""案内状を送付"", ""実施済み"": true}",記録上、松本さんは案内状を送付していると言えますか。,"{""false"": ""いいえ。質問の命題は成立しない。"", ""true"": ""はい。質問の命題が成立する。""}","""true"""
v2-gen-noul-10-044,noul,generated,条件付き義務,"{""規則"": ""社外向けなら控えの交付が必要。それ以外では義務なし"", ""条件に該当"": false, ""必要処置を実施"": true}",この義務に関して、規則上問題なしと判定できますか。,"{""false"": ""いいえ。質問の命題は成立しない。"", ""true"": ""はい。質問の命題が成立する。""}","""true"""
v2-gen-score-03-013,score,generated,順番に進む工程,"""若葉の工程順は実施。先頭から順に進め、完了済みはなしです。着手中の工程は完了に含めません。""",工程の完了状況を段階尺度で評価してください。,"[""完了した工程はまだない"", ""先頭から1工程が完了（最後に完了したのは実施）""]","""0"""
v2-gen-noul-15-017,noul,generated,出来事の前後関係,"""上田さんの作業日誌は実施順に検品→棚への配置→報告→伝票記入です。記載した各作業は一回ずつ実施しました。""",報告は伝票記入より前に行われましたか。,"{""false"": ""いいえ。質問の命題は成立しない。"", ""true"": ""はい。質問の命題が成立する。""}","""true"""
v2-gen-noul-09-006,noul,generated,重複を除いた件数,"""木漏れ日棚で読み取った品名は名札、名札、ケース、テープでした。同じ品名の繰り返しは一種類として数えます。""",重複を除いた種類数は5以上という条件を満たしますか。,"{""false"": ""いいえ。質問の命題は成立しない。"", ""true"": ""はい。質問の命題が成立する。""}","""false"""
v2-gen-noul-15-019,noul,generated,出来事の前後関係,"{""担当者"": ""遠藤"", ""実施順"": [""荷物受取"", ""棚への配置"", ""引継ぎ"", ""検品"", ""報告"", ""伝票記入"", ""休憩""], ""各作業の実施回数"": 1}",日誌では棚への配置の方が検品より先ですか。,"{""false"": ""いいえ。質問の命題は成立しない。"", ""true"": ""はい。質問の命題が成立する。""}","""true"""
v2-gen-noul-07-002,noul,generated,識別文字列の完全一致,"{""商品ラベル"": ""PQ2-B"", ""注文票"": ""PQ2_B"", ""照合規則"": ""大文字小文字と記号も含む完全一致""}",同一コードとして扱ってよいですか。,"{""false"": ""いいえ。質問の命題は成立しない。"", ""true"": ""はい。質問の命題が成立する。""}","""false"""
v2-gen-noul-03-012,noul,generated,いずれかの条件,"""木漏れ日の受付では入場証・事前予約票・会員証のうち一つ以上があれば通れます。高橋さん: 入場証はあり、事前予約票はなし、会員証はあり。""",少なくとも一つの必要条件が成立していますか。,"{""false"": ""いいえ。質問の命題は成立しない。"", ""true"": ""はい。質問の命題が成立する。""}","""true"""
v2-gen-noul-03-050,noul,generated,いずれかの条件,"{""いずれか一つ以上必要"": [""紹介状"", ""入場証""], ""所持状況"": {""紹介状"": false, ""入場証"": true}, ""対象"": ""青木""}",この人は受付基準を満たしていますか。,"{""false"": ""いいえ。質問の命題は成立しない。"", ""true"": ""はい。質問の命題が成立する。""}","""true"""
v2-gen-choice-13-003,choice,generated,工程の依存順,"{""案件"": ""青空"", ""工程順"": [""見積作成"", ""報告"", ""受付"", ""承認"", ""実施"", ""準備"", ""内容確認""], ""完了済み"": [""見積作成"", ""報告"", ""受付"", ""承認"", ""実施"", ""準備""], ""規則"": ""順に実行し未完了工程を飛ばさない""}",この作業を一段進めるときに着手する工程を答えてください。残りがなければ完了です。,"{""内容確認"": ""内容確認"", ""受付"": ""受付"", ""報告"": ""報告"", ""完了"": ""全工程が完了"", ""実施"": ""実施"", ""承認"": ""承認"", ""準備"": ""準備"", ""見積作成"": ""見積作成""}","""内容確認"""
v2-gen-choice-13-008,choice,generated,工程の依存順,"{""案件"": ""朝露"", ""工程順"": [""実施"", ""報告"", ""承認"", ""見積作成"", ""内容確認""], ""完了済み"": [""実施"", ""報告"", ""承認""], ""規則"": ""順に実行し未完了工程を飛ばさない""}",この作業を一段進めるときに着手する工程を答えてください。残りがなければ完了です。,"{""内容確認"": ""内容確認"", ""報告"": ""報告"", ""完了"": ""全工程が完了"", ""実施"": ""実施"", ""承認"": ""承認"", ""見積作成"": ""見積作成""}","""見積作成"""
v2-gen-score-14-017,score,generated,参照表の順序尺度,"""今回の検査用の対応表: 緑印は段階0、赤印は段階1。春風の確定検査票には緑印が付いています。色に一般的な良し悪しは仮定しません。""",一般常識ではなく示された表に従って段階を答えてください。,"[""表による段階0"", ""表による段階1""]","""0"""
v2-gen-choice-07-036,choice,generated,複数属性の制約,"""在庫表: テープは紫色・紙製・在庫あり、ノートは紫色・樹脂製・在庫あり、付箋は紫色・樹脂製・在庫なし。""",紫色で樹脂製、在庫もある品を選んでください。,"{""テープ"": ""テープ"", ""ノート"": ""ノート"", ""付箋"": ""付箋""}","""ノート"""
v2-gen-score-11-006,score,generated,時刻順の評価更新,"{""案件"": ""春風"", ""評価更新"": [{""時刻"": 16, ""段階"": 2}, {""時刻"": 7, ""段階"": 4}, {""時刻"": 21, ""段階"": 1}, {""時刻"": 15, ""段階"": 1}, {""時刻"": 14, ""段階"": 0}, {""時刻"": 8, ""段階"": 0}], ""採用規則"": ""最新時刻だけを採用""}",最後に更新された有効な段階はいくつですか。,"[""評価段階0"", ""評価段階1"", ""評価段階2"", ""評価段階3"", ""評価段階4""]","""1"""
v2-gen-choice-09-009,choice,generated,利用可能集合の差,"""貸出台帳で利用可能と記録されている品は冊子。予約済みの品はシール、袋です。""",今貸せるのは利用可能かつ未予約の品です。該当するものはどれですか。,"{""シール"": ""シール"", ""付箋"": ""付箋"", ""冊子"": ""冊子"", ""袋"": ""袋""}","""冊子"""
v2-gen-choice-08-028,choice,generated,改訂と例外の優先,"""通常品の貼付ラベルについて、連絡は古い順に「緑」「茶」「黒」でした。後の連絡が前の連絡を上書きします。ただし冷蔵品には連絡履歴に関係なく赤ラベルを貼ります。今回の荷物は通常品です。""",この荷物に貼るラベルの色を選んでください。,"{""白"": ""白ラベル"", ""紫"": ""紫ラベル"", ""緑"": ""緑ラベル"", ""茶"": ""茶ラベル"", ""赤"": ""赤ラベル"", ""黄"": ""黄ラベル"", ""黒"": ""黒ラベル""}","""黒"""
v2-gen-choice-01-046,choice,generated,問い合わせ経路,"{""分類表"": {""イベント"": [""申込期限"", ""会場案内"", ""参加取消""], ""修理"": [""修理見積"", ""修理進捗"", ""保証修理""], ""配送"": [""届け先変更"", ""荷物の遅延"", ""追跡番号""]}, ""本文"": ""イベントの参加申込みはいつまでですか"", ""受付主題"": ""申込期限""}",分類表に従い、この問い合わせを担当する窓口を一つ選んでください。,"{""イベント"": ""イベントの窓口"", ""修理"": ""修理の窓口"", ""配送"": ""配送の窓口""}","""イベント"""
v2-gen-noul-07-042,noul,generated,識別文字列の完全一致,"""商品ラベルの管理コードは「GH9-A」、注文票の管理コードは「gh9-a」です。照合では大文字と小文字、記号の違いも区別します。""",同一コードとして扱ってよいですか。,"{""false"": ""いいえ。質問の命題は成立しない。"", ""true"": ""はい。質問の命題が成立する。""}","""false"""
v2-gen-choice-02-015,choice,generated,条件と優先例外,"""草原店では会員で購入数が3個以上なら優待扱いです。ただし予約品は購入数や会員資格にかかわらず通常扱いです。今回は12個、会員、予約品です。""",この購入に適用する扱いを選んでください。,"{""優待"": ""優待の扱い"", ""通常"": ""通常の扱い""}","""通常"""
v2-gen-choice-12-040,choice,generated,条件付き不足書類,"""書類確認の優先順は申込書→承認書→同意書。同意書だけは代理申請の場合に限って必要で、それ以外は常に必要です。今回は代理申請。提出済みは申込書、同意書、承認書です。""",必要な不足書類を先頭から一つだけ案内します。どれですか。必要書類に不足がなければ追加不要です。,"{""同意書"": ""同意書"", ""承認書"": ""承認書"", ""申込書"": ""申込書"", ""追加不要"": ""必要書類はすべて提出済み""}","""追加不要"""
v2-gen-score-12-021,score,generated,目標からの差,"{""案件"": ""朝露"", ""目標数"": 13, ""実績数"": 11, ""採点"": ""差の絶対値。ただし5以上は段階5""}",不足・超過の向きではなく差の大きさで評価してください。,"[""目標との差が0個"", ""目標との差が1個"", ""目標との差が2個"", ""目標との差が3個"", ""目標との差が4個"", ""目標との差が5個以上""]","""2"""
v2-gen-score-10-038,score,generated,不足の段階,"""木漏れ日申請で必要なものは受領票。届いたものはなしです。必要一覧にない書類は不足を埋めません。""",必要一覧と届いた一覧を照合し、不足の程度を判定してください。,"[""不足が0種類"", ""不足が1種類""]","""1"""
v2-gen-noul-04-016,noul,generated,例外の優先,"""規則: 招待ありであれば山道を利用できます。ただし資格取消中なら利用できません。石田さんは招待ありに該当、資格取消中に非該当です。""",例外を含む規則のもとで利用は許可されますか。,"{""false"": ""いいえ。質問の命題は成立しない。"", ""true"": ""はい。質問の命題が成立する。""}","""true"""
v2-gen-score-09-007,score,generated,例外による上限,"{""検査合格"": {""寸法"": true, ""付属品"": true, ""包装"": true, ""外観"": true, ""表示"": true}, ""要再確認の印あり"": true, ""採点規則"": ""合格数が点数。ただし印があれば上限3点""}",単純な合格数ではなく、上限ルール適用後の点数を求めてください。,"[""最終点0点"", ""最終点1点"", ""最終点2点"", ""最終点3点"", ""最終点4点"", ""最終点5点""]","""3"""
v2-gen-noul-05-021,noul,generated,締切の境界,"""山道の提出は10時ちょうどまで受け付け、同時刻の提出も有効です。加藤さんの提出記録は18時ちょうどです。""",記録された提出時刻は締切内ですか。,"{""false"": ""いいえ。質問の命題は成立しない。"", ""true"": ""はい。質問の命題が成立する。""}","""false"""
v2-gen-choice-15-015,choice,generated,文章内の順序参照,"""水面会議では、発表者を発表順に「林、青木、大野、木村、中村、高橋、遠藤、渡辺」と紹介しました。同じ人の再登場はありません。""",紹介された順番で3人目に発表する人は誰ですか。,"{""中村"": ""中村さん"", ""大野"": ""大野さん"", ""木村"": ""木村さん"", ""林"": ""林さん"", ""渡辺"": ""渡辺さん"", ""遠藤"": ""遠藤さん"", ""青木"": ""青木さん"", ""高橋"": ""高橋さん""}","""大野"""
v2-gen-score-14-010,score,generated,参照表の順序尺度,"""今回の検査用の対応表: 青印は段階0、黒印は段階1。水面の確定検査票には黒印が付いています。色に一般的な良し悪しは仮定しません。""",検査票の印を指定尺度に変換してください。,"[""表による段階0"", ""表による段階1""]","""1"""
v2-gen-choice-06-041,choice,generated,時間枠の包含,"""部屋の連続利用可能時間: 黒室は12時から15時まで、茶室は13時から15時まで、黄室は13時から15時まで、青室は12時から15時まで、紫室は12時から15時まで、緑室は15時から18時まで、白室は13時から16時まで。会議は14時開始、16時終了です。""",会議の全時間を連続して確保できる部屋を選んでください。開始・終了の一致は許可します。,"{""白"": ""白室"", ""紫"": ""紫室"", ""緑"": ""緑室"", ""茶"": ""茶室"", ""青"": ""青室"", ""黄"": ""黄室"", ""黒"": ""黒室""}","""白"""
v2-gen-score-04-031,score,generated,独立チェックの合計,"{""資料"": ""山道"", ""チェック項目"": {""署名あり"": true, ""承認印あり"": true, ""管理番号あり"": true, ""ページ番号あり"": false, ""宛先あり"": true, ""連絡先あり"": false}, ""各項目の重み"": 1}",合格した項目数に対応する段階を答えてください。,"[""満たした項目が0個"", ""満たした項目が1個"", ""満たした項目が2個"", ""満たした項目が3個"", ""満たした項目が4個"", ""満たした項目が5個"", ""満たした項目が6個""]","""4"""
v2-gen-choice-05-038,choice,generated,否定条件で選択,"{""検品"": [{""品名"": ""ノート"", ""封がある"": true, ""濡れている"": true}, {""品名"": ""シール"", ""封がある"": true, ""濡れている"": false}, {""品名"": ""クリップ"", ""封がある"": false, ""濡れている"": true}, {""品名"": ""付箋"", ""封がある"": false, ""濡れている"": true}, {""品名"": ""箱"", ""封がある"": false, ""濡れている"": true}, {""品名"": ""名札"", ""封がある"": true, ""濡れている"": true}]}",濡れた品は除外し、封がある品を一つ選んでください。,"{""クリップ"": ""クリップ"", ""シール"": ""シール"", ""ノート"": ""ノート"", ""付箋"": ""付箋"", ""名札"": ""名札"", ""箱"": ""箱""}","""シール"""
v2-gen-noul-09-023,noul,generated,重複を除いた件数,"""朝露棚で読み取った品名はノート、テープ、クリップ、ノート、ペン、付箋、付箋、用紙、シール、ラベル、シールでした。同じ品名の繰り返しは一種類として数えます。""",異なる品名だけ数えると4種類以上ですか。,"{""false"": ""いいえ。質問の命題は成立しない。"", ""true"": ""はい。質問の命題が成立する。""}","""true"""
v2-gen-noul-04-020,noul,generated,例外の優先,"""規則: 予約済みであれば白波を利用できます。ただし利用停止中なら利用できません。林さんは予約済みに該当、利用停止中に非該当です。""",例外を含む規則のもとで利用は許可されますか。,"{""false"": ""いいえ。質問の命題は成立しない。"", ""true"": ""はい。質問の命題が成立する。""}","""true"""
v2-gen-score-12-010,score,generated,目標からの差,"{""案件"": ""青空"", ""目標数"": 13, ""実績数"": 14, ""採点"": ""差の絶対値。ただし1以上は段階1""}",不足・超過の向きではなく差の大きさで評価してください。,"[""目標との差が0個"", ""目標との差が1個以上""]","""1"""
v2-gen-choice-10-012,choice,generated,不在時の代理,"{""案件担当"": {""白波"": ""上田"", ""夕凪"": ""遠藤"", ""青空"": ""松本""}, ""代理者"": {""上田"": ""遠藤"", ""遠藤"": ""松本"", ""松本"": ""上田""}, ""不在者"": [""上田"", ""松本""], ""案件"": ""白波"", ""ルール"": ""担当者が不在なら指定代理に一度だけ振替。代理の在席状況は問わない""}",本日の規則に従う連絡相手を選んでください。,"{""上田"": ""上田さん"", ""松本"": ""松本さん"", ""遠藤"": ""遠藤さん""}","""遠藤"""
v2-gen-noul-05-008,noul,generated,締切の境界,"""若葉の提出は18時ちょうどまで受け付け、同時刻の提出も有効です。石田さんの提出記録は15時ちょうどです。""",記録された提出時刻は締切内ですか。,"{""false"": ""いいえ。質問の命題は成立しない。"", ""true"": ""はい。質問の命題が成立する。""}","""true"""
v2-gen-choice-14-024,choice,generated,二属性照合,"""展示品の札: 箱は黒色・木製、ペンは青色・ガラス製、テープは青色・金属製、カードは緑色・紙製、ラベルは緑色・木製。探しているのは黒色の木製です。""",二つの指定を同時に満たす展示品はどれですか。,"{""カード"": ""カード"", ""テープ"": ""テープ"", ""ペン"": ""ペン"", ""ラベル"": ""ラベル"", ""箱"": ""箱""}","""箱"""
v2-gen-choice-08-032,choice,generated,改訂と例外の優先,"{""通常品ラベルの改訂・古い順"": [""赤"", ""茶"", ""白""], ""優先例外"": ""冷蔵品は青"", ""荷物"": ""冷蔵品"", ""規則"": ""後の改訂が前を上書きする""}",今回適用されるラベルを一つ決めてください。,"{""白"": ""白ラベル"", ""紫"": ""紫ラベル"", ""緑"": ""緑ラベル"", ""茶"": ""茶ラベル"", ""赤"": ""赤ラベル"", ""青"": ""青ラベル"", ""黄"": ""黄ラベル"", ""黒"": ""黒ラベル""}","""青"""
v2-gen-noul-14-004,noul,generated,予定時間の重なり,"{""対象者"": ""森"", ""会議"": [9, 11], ""面談"": [10, 12], ""規則"": ""終了時刻と開始時刻が一致するだけなら重複なし""}",同時に二つの予定に出席しなければならない時間がありますか。,"{""false"": ""いいえ。質問の命題は成立しない。"", ""true"": ""はい。質問の命題が成立する。""}","""true"""
v2-gen-choice-12-042,choice,generated,条件付き不足書類,"{""確認優先順"": [""委任状"", ""受領票"", ""同意書"", ""本人確認票"", ""見積書"", ""承認書""], ""代理申請だけに必要"": ""見積書"", ""代理申請"": false, ""提出済み"": [""承認書"", ""受領票"", ""本人確認票"", ""見積書""]}",未提出の必要書類のうち優先順が最初のものを選んでください。全部そろっていれば追加不要です。,"{""受領票"": ""受領票"", ""同意書"": ""同意書"", ""委任状"": ""委任状"", ""承認書"": ""承認書"", ""本人確認票"": ""本人確認票"", ""見積書"": ""見積書"", ""追加不要"": ""必要書類はすべて提出済み""}","""委任状"""
v2-gen-score-08-027,score,generated,要件への一致数,"{""注文要件"": {""配送"": ""宅配"", ""包装"": ""袋"", ""色"": ""青"", ""素材"": ""布""}, ""提案品"": {""配送"": ""宅配"", ""包装"": ""袋"", ""色"": ""青"", ""素材"": ""木""}}",注文要件と一致している属性の数を段階として選んでください。,"[""一致した要件が0項目"", ""一致した要件が1項目"", ""一致した要件が2項目"", ""一致した要件が3項目"", ""一致した要件が4項目""]","""3"""
v2-gen-score-03-026,score,generated,順番に進む工程,"""夕凪の工程順は日程調整→準備→承認→審査→報告→検収→受付。先頭から順に進め、完了済みは日程調整です。着手中の工程は完了に含めません。""",完了済みの到達段階を選んでください。,"[""完了した工程はまだない"", ""先頭から1工程が完了（最後に完了したのは日程調整）"", ""先頭から2工程が完了（最後に完了したのは準備）"", ""先頭から3工程が完了（最後に完了したのは承認）"", ""先頭から4工程が完了（最後に完了したのは審査）"", ""先頭から5工程が完了（最後に完了したのは報告）"", ""先頭から6工程が完了（最後に完了したのは検収）"", ""先頭から7工程が完了（最後に完了したのは受付）""]","""1"""
v2-gen-score-10-030,score,generated,不足の段階,"""星空申請で必要なものは承認書、見積書、受領票、添付図、申込書、同意書、確認票。届いたものは申込書、確認票、添付図、受領票です。必要一覧にない書類は不足を埋めません。""",必要一覧と届いた一覧を照合し、不足の程度を判定してください。,"[""不足が0種類"", ""不足が1種類"", ""不足が2種類"", ""不足が3種類"", ""不足が4種類"", ""不足が5種類"", ""不足が6種類"", ""不足が7種類""]","""3"""
v2-gen-choice-01-034,choice,generated,問い合わせ経路,"""受付分類表は次のとおりです。アカウント窓口: ログイン・パスワード・退会 / 製品窓口: 破損・初期不良・部品交換 / 修理窓口: 修理見積・修理進捗・保証修理 / 契約窓口: 契約更新・プラン変更・解約手続き / イベント窓口: 申込期限・会場案内・参加取消 / 配送窓口: 届け先変更・荷物の遅延・追跡番号。問い合わせ本文:「サービスの解約手続きを知りたいです」。受付担当が付けた主題は「解約手続き」です。""",記録された主題を扱う転送先はどこですか。,"{""アカウント"": ""アカウントの窓口"", ""イベント"": ""イベントの窓口"", ""修理"": ""修理の窓口"", ""契約"": ""契約の窓口"", ""製品"": ""製品の窓口"", ""配送"": ""配送の窓口""}","""契約"""
v2-gen-noul-14-047,noul,generated,予定時間の重なり,"""木村さんの予定: 朝露会議は15時から16時、面談は10時から13時。終了と次の開始が同時刻の場合は重複とは扱いません。""",二つの予定の時間は重なっていますか。,"{""false"": ""いいえ。質問の命題は成立しない。"", ""true"": ""はい。質問の命題が成立する。""}","""false"""
v2-gen-score-11-043,score,generated,時刻順の評価更新,"""夕凪の評価更新履歴: 7時に段階1、10時に段階1、13時に段階6、11時に段階0。評価は最新時刻の値だけを採用します。""",現在採用すべき評価段階を選んでください。,"[""評価段階0"", ""評価段階1"", ""評価段階2"", ""評価段階3"", ""評価段階4"", ""評価段階5"", ""評価段階6""]","""6"""
v2-gen-choice-10-042,choice,generated,不在時の代理,"{""案件担当"": {""水面"": ""佐藤"", ""星空"": ""加藤"", ""木漏れ日"": ""石田""}, ""代理者"": {""佐藤"": ""加藤"", ""加藤"": ""石田"", ""石田"": ""佐藤""}, ""不在者"": [""加藤"", ""石田""], ""案件"": ""木漏れ日"", ""ルール"": ""担当者が不在なら指定代理に一度だけ振替。代理の在席状況は問わない""}",一回だけの代理振替を適用した後の宛先を答えてください。,"{""佐藤"": ""佐藤さん"", ""加藤"": ""加藤さん"", ""石田"": ""石田さん""}","""佐藤"""
v2-gen-choice-06-005,choice,generated,時間枠の包含,"""部屋の連続利用可能時間: 黒室は16時から18時まで、黄室は16時から19時まで、緑室は16時から19時まで、青室は13時から19時まで、茶室は16時から18時まで。会議は15時開始、17時終了です。""",会議開始から終了まで空いている部屋はどれですか。境界時刻が一致していても利用できます。,"{""緑"": ""緑室"", ""茶"": ""茶室"", ""青"": ""青室"", ""黄"": ""黄室"", ""黒"": ""黒室""}","""青"""
v2-gen-score-03-038,score,generated,順番に進む工程,"{""案件"": ""山道"", ""工程順"": [""報告"", ""実施"", ""準備"", ""調査"", ""日程調整""], ""完了済み"": [""報告""], ""着手中は完了に含めない"": true}",完了済みの到達段階を選んでください。,"[""完了した工程はまだない"", ""先頭から1工程が完了（最後に完了したのは報告）"", ""先頭から2工程が完了（最後に完了したのは実施）"", ""先頭から3工程が完了（最後に完了したのは準備）"", ""先頭から4工程が完了（最後に完了したのは調査）"", ""先頭から5工程が完了（最後に完了したのは日程調整）""]","""1"""
v2-gen-choice-01-001,choice,generated,問い合わせ経路,"{""分類表"": {""イベント"": [""申込期限"", ""会場案内"", ""参加取消""], ""製品"": [""破損"", ""初期不良"", ""部品交換""], ""配送"": [""届け先変更"", ""荷物の遅延"", ""追跡番号""], ""アカウント"": [""ログイン"", ""パスワード"", ""退会""], ""契約"": [""契約更新"", ""プラン変更"", ""解約手続き""], ""修理"": [""修理見積"", ""修理進捗"", ""保証修理""]}, ""本文"": ""自分のアカウントにログインできません"", ""受付主題"": ""ログイン""}",分類表に従い、この問い合わせを担当する窓口を一つ選んでください。,"{""アカウント"": ""アカウントの窓口"", ""イベント"": ""イベントの窓口"", ""修理"": ""修理の窓口"", ""契約"": ""契約の窓口"", ""製品"": ""製品の窓口"", ""配送"": ""配送の窓口""}","""アカウント"""
v2-gen-score-08-006,score,generated,要件への一致数,"{""注文要件"": {""印字"": ""片面のみ"", ""素材"": ""木"", ""包装"": ""なし"", ""配送"": ""郵送""}, ""提案品"": {""印字"": ""あり"", ""素材"": ""紙"", ""包装"": ""箱"", ""配送"": ""宅配""}}",提案品が満たす要件数はいくつの段階ですか。,"[""一致した要件が0項目"", ""一致した要件が1項目"", ""一致した要件が2項目"", ""一致した要件が3項目"", ""一致した要件が4項目""]","""0"""
v2-gen-noul-12-028,noul,generated,記録と主張の照合,"{""施設"": ""春風"", ""入口ごとの現在の確定記録"": {""北口"": ""半分だけ開いている"", ""南口"": ""4分の1だけ開いている"", ""東口"": ""完全に閉じている"", ""西口"": ""完全に開いている"", ""裏口"": ""4分の1だけ開いている"", ""搬入口"": ""4分の1だけ開いている""}, ""判定資料"": ""現在の確定記録のみ""}",『現在の東口は完全に閉じている』という主張は確定記録と一致しますか。,"{""false"": ""いいえ。質問の命題は成立しない。"", ""true"": ""はい。質問の命題が成立する。""}","""true"""
v2-gen-noul-06-011,noul,generated,更新後の状態,"""青空の状態記録: 13時には停止中、18時には受付中、16時には停止中、11時には受付中。時刻が新しい記録が古い記録を上書きします。""",最新の有効な記録から「満席」と言えますか。,"{""false"": ""いいえ。質問の命題は成立しない。"", ""true"": ""はい。質問の命題が成立する。""}","""false"""
v2-gen-score-13-021,score,generated,取消しを反映した件数,"""星空の申込み記録: 加藤は受付済み・取消済み、山田は受付済み・取消済み、石田は受付済み・取消なし、青木は受付済み・取消なし、上田は受付済み・取消なし。取消済みの申込みは有効件数から除きます。5件以上は最終段階5にまとめます。""",受付済みから取消済みを除いた件数はいくつの段階ですか。,"[""有効申込みが0件"", ""有効申込みが1件"", ""有効申込みが2件"", ""有効申込みが3件"", ""有効申込みが4件"", ""有効申込みが5件以上""]","""3"""
v2-gen-score-07-040,score,generated,証拠の最高到達段階,"{""調査"": ""灯台"", ""この調査の証拠段階"": {""計測記録"": 1, ""写真記録"": 2, ""署名済み文書"": 3}, ""得られた証拠"": [], ""集約規則"": ""得られた段階の最大。証拠なしは0""}",この調査の証拠段階を選んでください。,"[""証拠なしの段階0"", ""表に基づく最高証拠段階1"", ""表に基づく最高証拠段階2"", ""表に基づく最高証拠段階3""]","""0"""
v2-gen-score-02-036,score,generated,記述の満足段階,"{""回答者"": ""大野"", ""対象"": ""灯台"", ""感想原文"": ""極めて強い不満を感じ、到底受け入れられない""}",発言の意味に最も合う満足段階を選んでください。,"[""極めて強い不満"", ""強い不満"", ""強い満足""]","""0"""
v2-gen-choice-08-021,choice,generated,改訂と例外の優先,"""通常品の貼付ラベルについて、連絡は古い順に「紫」「青」「黒」でした。後の連絡が前の連絡を上書きします。ただし冷蔵品には連絡履歴に関係なく黒ラベルを貼ります。今回の荷物は通常品です。""",今回適用されるラベルを一つ決めてください。,"{""紫"": ""紫ラベル"", ""青"": ""青ラベル"", ""黒"": ""黒ラベル""}","""黒"""
v2-gen-score-02-038,score,generated,記述の満足段階,"{""回答者"": ""林"", ""対象"": ""青空"", ""感想原文"": ""惜しい点があり、少し不満だった""}",感想に明示された評価を尺度へ対応づけてください。,"[""極めて強い不満"", ""強い不満"", ""やや不満"", ""満足"", ""最高の満足""]","""2"""
v2-gen-score-11-011,score,generated,時刻順の評価更新,"""灯台の評価更新履歴: 20時に段階0、13時に段階1、7時に段階2、17時に段階2。評価は最新時刻の値だけを採用します。""",現在採用すべき評価段階を選んでください。,"[""評価段階0"", ""評価段階1"", ""評価段階2""]","""0"""
v2-gen-choice-01-024,choice,generated,問い合わせ経路,"{""分類表"": {""アカウント"": [""ログイン"", ""パスワード"", ""退会""], ""契約"": [""契約更新"", ""プラン変更"", ""解約手続き""], ""修理"": [""修理見積"", ""修理進捗"", ""保証修理""], ""製品"": [""破損"", ""初期不良"", ""部品交換""], ""配送"": [""届け先変更"", ""荷物の遅延"", ""追跡番号""], ""請求"": [""二重請求"", ""領収書"", ""返金""]}, ""本文"": ""配送状況を見るための追跡番号を教えてください"", ""受付主題"": ""追跡番号""}",記録された主題を扱う転送先はどこですか。,"{""アカウント"": ""アカウントの窓口"", ""修理"": ""修理の窓口"", ""契約"": ""契約の窓口"", ""製品"": ""製品の窓口"", ""請求"": ""請求の窓口"", ""配送"": ""配送の窓口""}","""配送"""
v2-gen-choice-11-002,choice,generated,小数量の比較,"{""在庫"": [{""品名"": ""クリップ"", ""総在庫"": 6, ""予約分"": 1}, {""品名"": ""名札"", ""総在庫"": 12, ""予約分"": 5}, {""品名"": ""用紙"", ""総在庫"": 6, ""予約分"": 5}], ""自由在庫"": ""総在庫から予約分を引く""}",今使える個数が最も多い品を答えてください。,"{""クリップ"": ""クリップ"", ""名札"": ""名札"", ""用紙"": ""用紙""}","""名札"""
v2-gen-score-01-020,score,generated,件数の段階境界,"{""案件"": ""水面"", ""計数対象"": ""検品で見つかった不備"", ""件数"": 8, ""処理済みを除外"": true}",記録された数に対応する段階を選んでください。,"[""対象件数が3件未満"", ""対象件数が3件以上、6件未満"", ""対象件数が6件以上、9件未満"", ""対象件数が9件以上、12件未満"", ""対象件数が12件以上、15件未満"", ""対象件数が15件以上、18件未満"", ""対象件数が18件以上""]","""2"""
v2-gen-choice-15-047,choice,generated,文章内の順序参照,"{""会議"": ""木漏れ日"", ""発表順"": [""森"", ""石田""]}",発表順の先頭から2番目にいる人を答えてください。,"{""森"": ""森さん"", ""石田"": ""石田さん""}","""石田"""
v2-gen-choice-14-032,choice,generated,二属性照合,"{""展示品"": [{""品名"": ""ノート"", ""色"": ""青"", ""素材"": ""布""}, {""品名"": ""袋"", ""色"": ""緑"", ""素材"": ""布""}, {""品名"": ""封筒"", ""色"": ""青"", ""素材"": ""紙""}, {""品名"": ""ケース"", ""色"": ""白"", ""素材"": ""木""}, {""品名"": ""冊子"", ""色"": ""青"", ""素材"": ""樹脂""}], ""指定色"": ""白"", ""指定素材"": ""木""}",指定された色と素材の両方が一致する品を選んでください。,"{""ケース"": ""ケース"", ""ノート"": ""ノート"", ""冊子"": ""冊子"", ""封筒"": ""封筒"", ""袋"": ""袋""}","""ケース"""
v2-gen-score-09-034,score,generated,例外による上限,"""検査合格状況: 寸法は不合格、付属品は不合格、包装は合格、動作は不合格。合格項目一つにつき1点ですが、要再確認の印があれば上限3点に制限します。今回その印はありません。""",上限制限を適用した最終点を選んでください。,"[""最終点0点"", ""最終点1点"", ""最終点2点"", ""最終点3点"", ""最終点4点""]","""1"""
v2-gen-choice-02-022,choice,generated,条件と優先例外,"""青空店では会員で購入数が3個以上なら優待扱いです。ただし予約品は購入数や会員資格にかかわらず通常扱いです。今回は14個、会員、通常在庫品です。""",会計時の区分を一つ決めてください。,"{""優待"": ""優待の扱い"", ""通常"": ""通常の扱い""}","""優待"""
v2-gen-score-08-047,score,generated,要件への一致数,"""注文要件: 形=三角、包装=袋、サイズ=小。提案品: 形=四角、包装=箱、サイズ=中。""",提案品が満たす要件数はいくつの段階ですか。,"[""一致した要件が0項目"", ""一致した要件が1項目"", ""一致した要件が2項目"", ""一致した要件が3項目""]","""0"""
v2-gen-choice-12-039,choice,generated,条件付き不足書類,"""書類確認の優先順は見積書→委任状→同意書→受領票→本人確認票→承認書→申込書。委任状だけは代理申請の場合に限って必要で、それ以外は常に必要です。今回は本人申請。提出済みは同意書、本人確認票、見積書、受領票です。""",未提出の必要書類のうち優先順が最初のものを選んでください。全部そろっていれば追加不要です。,"{""受領票"": ""受領票"", ""同意書"": ""同意書"", ""委任状"": ""委任状"", ""承認書"": ""承認書"", ""本人確認票"": ""本人確認票"", ""申込書"": ""申込書"", ""見積書"": ""見積書"", ""追加不要"": ""必要書類はすべて提出済み""}","""承認書"""
v2-gen-choice-07-015,choice,generated,複数属性の制約,"""在庫表: ペンは黒色・紙製・在庫あり、ラベルは茶色・紙製・在庫なし、袋は青色・紙製・在庫あり、カードは赤色・紙製・在庫あり、付箋は茶色・紙製・在庫なし、ノートは茶色・紙製・在庫あり、封筒は緑色・紙製・在庫あり、シールは茶色・紙製・在庫なし。""",今注文できる紙製の茶色の商品を答えてください。在庫なしは選べません。,"{""カード"": ""カード"", ""シール"": ""シール"", ""ノート"": ""ノート"", ""ペン"": ""ペン"", ""ラベル"": ""ラベル"", ""付箋"": ""付箋"", ""封筒"": ""封筒"", ""袋"": ""袋""}","""ノート"""
v2-gen-choice-03-050,choice,generated,最終更新,"""案件「灯台」の記録です。9時の更新: 保留。 20時の更新: 承認。 10時の更新: 保留。""",時刻が最も新しい更新に基づく状態を答えてください。,"{""保留"": ""保留"", ""承認"": ""承認"", ""未着手"": ""未着手""}","""承認"""
v2-gen-noul-04-009,noul,generated,例外の優先,"{""許可条件"": ""招待あり"", ""優先禁止条件"": ""利用停止中"", ""対象"": ""遠藤"", ""許可条件に該当"": true, ""禁止条件に該当"": true}",この人は現在、利用可能ですか。,"{""false"": ""いいえ。質問の命題は成立しない。"", ""true"": ""はい。質問の命題が成立する。""}","""false"""
v2-gen-score-15-024,score,generated,軽重のある項目,"""この点検の配点: 宛名不備は2点、添付欠落は1点。見つかった不備: なし。該当項目の点を合計し、1点以上は段階1にまとめます。""",項目数ではなく指定された点数で評価してください。,"[""不備点の合計が0点"", ""不備点の合計が1点以上""]","""0"""
v2-gen-choice-04-025,choice,generated,参照先の担当,"""担当: 青空は高橋、白波は加藤、星空は渡辺、山道は木村、春風は森、夕凪は山田、若葉は佐藤、木漏れ日は大野。資料の所属: シールは夕凪案件、カードは青空案件、クリップは若葉案件、ノートは白波案件、用紙は星空案件、箱は山道案件、封筒は春風案件、付箋は木漏れ日案件。確認する資料は箱です。""",確認資料が属する案件の担当者を選んでください。,"{""佐藤"": ""佐藤さん"", ""加藤"": ""加藤さん"", ""大野"": ""大野さん"", ""山田"": ""山田さん"", ""木村"": ""木村さん"", ""森"": ""森さん"", ""渡辺"": ""渡辺さん"", ""高橋"": ""高橋さん""}","""木村"""
v2-gen-noul-03-041,noul,generated,いずれかの条件,"{""いずれか一つ以上必要"": [""紹介状"", ""事前予約票"", ""入場証""], ""所持状況"": {""紹介状"": false, ""事前予約票"": false, ""入場証"": false}, ""対象"": ""木村""}",少なくとも一つの必要条件が成立していますか。,"{""false"": ""いいえ。質問の命題は成立しない。"", ""true"": ""はい。質問の命題が成立する。""}","""false"""
v2-gen-noul-14-022,noul,generated,予定時間の重なり,"""加藤さんの予定: 若葉会議は14時から15時、面談は14時から17時。終了と次の開始が同時刻の場合は重複とは扱いません。""",二つの予定の時間は重なっていますか。,"{""false"": ""いいえ。質問の命題は成立しない。"", ""true"": ""はい。質問の命題が成立する。""}","""true"""
v2-gen-noul-06-040,noul,generated,更新後の状態,"{""対象"": ""山道"", ""更新記録"": [{""時刻"": 17, ""状態"": ""停止中""}, {""時刻"": 19, ""状態"": ""空席あり""}, {""時刻"": 20, ""状態"": ""停止中""}, {""時刻"": 18, ""状態"": ""停止中""}, {""時刻"": 21, ""状態"": ""空席あり""}], ""規則"": ""最新時刻の記録が有効""}",最新の有効な記録から「空席あり」と言えますか。,"{""false"": ""いいえ。質問の命題は成立しない。"", ""true"": ""はい。質問の命題が成立する。""}","""true"""
v2-gen-score-05-007,score,generated,緊急条件の加点,"""春風の基本優先度は4です。締切まで残り7時間以内なら1だけ加点し、それより長ければ加点しません。上限は4です。今回は締切まで14時間です。""",条件付き加点後の優先度を選んでください。,"[""最終優先度0"", ""最終優先度1"", ""最終優先度2"", ""最終優先度3"", ""最終優先度4""]","""4"""
v2-gen-score-05-004,score,generated,緊急条件の加点,"""星空の基本優先度は1です。締切まで残り2時間以内なら1だけ加点し、それより長ければ加点しません。上限は1です。今回は締切まで5時間です。""",条件付き加点後の優先度を選んでください。,"[""最終優先度0"", ""最終優先度1""]","""1"""
v2-gen-score-09-045,score,generated,例外による上限,"{""検査合格"": {""寸法"": true}, ""要再確認の印あり"": false, ""採点規則"": ""合格数が点数。ただし印があれば上限1点""}",上限制限を適用した最終点を選んでください。,"[""最終点0点"", ""最終点1点""]","""1"""
v2-gen-choice-15-033,choice,generated,文章内の順序参照,"""水面会議では、発表者を発表順に「大野、森、高橋、山田、木村、渡辺、林、青木」と紹介しました。同じ人の再登場はありません。""",最初を1番目として、8番目の発表者を選んでください。,"{""大野"": ""大野さん"", ""山田"": ""山田さん"", ""木村"": ""木村さん"", ""林"": ""林さん"", ""森"": ""森さん"", ""渡辺"": ""渡辺さん"", ""青木"": ""青木さん"", ""高橋"": ""高橋さん""}","""青木"""
v2-gen-score-03-011,score,generated,順番に進む工程,"""夕凪の工程順は調査→準備→引継ぎ→報告→審査→検収。先頭から順に進め、完了済みは調査です。着手中の工程は完了に含めません。""",この案件は完了ベースでどの段階まで進みましたか。,"[""完了した工程はまだない"", ""先頭から1工程が完了（最後に完了したのは調査）"", ""先頭から2工程が完了（最後に完了したのは準備）"", ""先頭から3工程が完了（最後に完了したのは引継ぎ）"", ""先頭から4工程が完了（最後に完了したのは報告）"", ""先頭から5工程が完了（最後に完了したのは審査）"", ""先頭から6工程が完了（最後に完了したのは検収）""]","""1"""
v2-gen-noul-11-018,noul,generated,参照関係の真偽,"{""案件担当"": {""白波"": ""松本"", ""春風"": ""大野"", ""水面"": ""石田"", ""朝露"": ""高橋"", ""木漏れ日"": ""山田"", ""夕凪"": ""木村""}, ""資料関連先"": {""名札"": ""白波"", ""カード"": ""朝露"", ""付箋"": ""水面"", ""ノート"": ""木漏れ日"", ""ファイル"": ""春風"", ""封筒"": ""夕凪""}}",ファイルに関連する案件の担当は石田さんですか。,"{""false"": ""いいえ。質問の命題は成立しない。"", ""true"": ""はい。質問の命題が成立する。""}","""false"""
v2-gen-score-13-018,score,generated,取消しを反映した件数,"""夕凪の申込み記録: 松本は未受付・取消なし、高橋は未受付・取消なし、林は未受付・取消なし、渡辺は未受付・取消なし、森は未受付・取消なし。取消済みの申込みは有効件数から除きます。2件以上は最終段階2にまとめます。""",現在有効な申込みだけを数えて評価してください。,"[""有効申込みが0件"", ""有効申込みが1件"", ""有効申込みが2件以上""]","""0"""
v2-gen-noul-09-012,noul,generated,重複を除いた件数,"{""棚"": ""朝露"", ""読み取り品名"": [""袋"", ""用紙"", ""封筒"", ""用紙"", ""封筒"", ""箱"", ""封筒"", ""箱""], ""数え方"": ""同一品名の重複を除く""}",異なる品名だけ数えると5種類以上ですか。,"{""false"": ""いいえ。質問の命題は成立しない。"", ""true"": ""はい。質問の命題が成立する。""}","""false"""
v2-gen-score-08-024,score,generated,要件への一致数,"""注文要件: 形=丸。提案品: 形=丸。""",注文要件と一致している属性の数を段階として選んでください。,"[""一致した要件が0項目"", ""一致した要件が1項目""]","""1"""
v2-gen-score-07-030,score,generated,証拠の最高到達段階,"""この調査固有の証拠段階表: 検収記録は段階1、一次資料は段階2、第三者確認は段階3、監査記録は段階4、立会記録は段階5、担当者報告は段階6、署名済み文書は段階7。夕凪で得られた証拠は監査記録、担当者報告、一次資料、第三者確認。複数ある場合は最大の段階を使い、なければ0です。""",この調査の証拠段階を選んでください。,"[""証拠なしの段階0"", ""表に基づく最高証拠段階1"", ""表に基づく最高証拠段階2"", ""表に基づく最高証拠段階3"", ""表に基づく最高証拠段階4"", ""表に基づく最高証拠段階5"", ""表に基づく最高証拠段階6"", ""表に基づく最高証拠段階7""]","""6"""
v2-gen-choice-10-027,choice,generated,不在時の代理,"""担当者: 星空は中村、灯台は青木、木漏れ日は石田、夕凪は大野、白波は高橋、草原は吉田、若葉は山田、山道は遠藤。代理者: 中村の代理は青木、青木の代理は石田、石田の代理は大野、大野の代理は高橋、高橋の代理は吉田、吉田の代理は山田、山田の代理は遠藤、遠藤の代理は中村。本日の不在者は山田。問い合わせ先の案件は白波です。代理への振替は一回だけ行い、その先の不在は判定しません。""",この案件を担当本人または指定代理に連絡します。宛先は誰ですか。,"{""中村"": ""中村さん"", ""吉田"": ""吉田さん"", ""大野"": ""大野さん"", ""山田"": ""山田さん"", ""石田"": ""石田さん"", ""遠藤"": ""遠藤さん"", ""青木"": ""青木さん"", ""高橋"": ""高橋さん""}","""高橋"""
v2-gen-score-09-043,score,generated,例外による上限,"""検査合格状況: 記録は合格、寸法は合格、付属品は合格、外観は合格、表示は合格、包装は合格。合格項目一つにつき1点ですが、要再確認の印があれば上限1点に制限します。今回その印はありません。""",上限制限を適用した最終点を選んでください。,"[""最終点0点"", ""最終点1点"", ""最終点2点"", ""最終点3点"", ""最終点4点"", ""最終点5点"", ""最終点6点""]","""6"""
v2-gen-choice-10-043,choice,generated,不在時の代理,"{""案件担当"": {""木漏れ日"": ""渡辺"", ""朝露"": ""上田"", ""青空"": ""加藤"", ""白波"": ""石田"", ""灯台"": ""大野"", ""春風"": ""林"", ""星空"": ""佐藤""}, ""代理者"": {""渡辺"": ""上田"", ""上田"": ""加藤"", ""加藤"": ""石田"", ""石田"": ""大野"", ""大野"": ""林"", ""林"": ""佐藤"", ""佐藤"": ""渡辺""}, ""不在者"": [""林""], ""案件"": ""朝露"", ""ルール"": ""担当者が不在なら指定代理に一度だけ振替。代理の在席状況は問わない""}",一回だけの代理振替を適用した後の宛先を答えてください。,"{""上田"": ""上田さん"", ""佐藤"": ""佐藤さん"", ""加藤"": ""加藤さん"", ""大野"": ""大野さん"", ""林"": ""林さん"", ""渡辺"": ""渡辺さん"", ""石田"": ""石田さん""}","""上田"""
v2-gen-noul-15-006,noul,generated,出来事の前後関係,"{""担当者"": ""石田"", ""実施順"": [""検品"", ""引継ぎ"", ""荷物受取"", ""報告"", ""電話連絡"", ""伝票記入""], ""各作業の実施回数"": 1}",電話連絡は荷物受取より前に行われましたか。,"{""false"": ""いいえ。質問の命題は成立しない。"", ""true"": ""はい。質問の命題が成立する。""}","""false"""
v2-gen-noul-09-004,noul,generated,重複を除いた件数,"{""棚"": ""水面"", ""読み取り品名"": [""シール"", ""シール""], ""数え方"": ""同一品名の重複を除く""}",品物の種類は2種類以上ありますか。,"{""false"": ""いいえ。質問の命題は成立しない。"", ""true"": ""はい。質問の命題が成立する。""}","""false"""
v2-gen-score-01-019,score,generated,件数の段階境界,"""水面で検品で見つかった不備を数えたところ、現在2件でした。処理済みは数に含めていません。""",記録された数に対応する段階を選んでください。,"[""対象件数が1件未満"", ""対象件数が1件以上、2件未満"", ""対象件数が2件以上、3件未満"", ""対象件数が3件以上、4件未満"", ""対象件数が4件以上、5件未満"", ""対象件数が5件以上""]","""2"""
v2-gen-choice-15-025,choice,generated,文章内の順序参照,"{""会議"": ""草原"", ""発表順"": [""中村"", ""森""]}",発表順の先頭から1番目にいる人を答えてください。,"{""中村"": ""中村さん"", ""森"": ""森さん""}","""中村"""
v2-gen-choice-07-012,choice,generated,複数属性の制約,"{""在庫表"": [{""品名"": ""ノート"", ""色"": ""茶"", ""素材"": ""ガラス"", ""在庫あり"": true}, {""品名"": ""ケース"", ""色"": ""緑"", ""素材"": ""樹脂"", ""在庫あり"": true}, {""品名"": ""封筒"", ""色"": ""茶"", ""素材"": ""布"", ""在庫あり"": true}, {""品名"": ""箱"", ""色"": ""茶"", ""素材"": ""樹脂"", ""在庫あり"": true}, {""品名"": ""名札"", ""色"": ""茶"", ""素材"": ""ガラス"", ""在庫あり"": true}]}",茶色で樹脂製、在庫もある品を選んでください。,"{""ケース"": ""ケース"", ""ノート"": ""ノート"", ""名札"": ""名札"", ""封筒"": ""封筒"", ""箱"": ""箱""}","""箱"""
v2-gen-score-03-032,score,generated,順番に進む工程,"{""案件"": ""水面"", ""工程順"": [""検収"", ""日程調整"", ""承認"", ""報告"", ""実施"", ""調査""], ""完了済み"": [""検収"", ""日程調整"", ""承認"", ""報告""], ""着手中は完了に含めない"": true}",工程の完了状況を段階尺度で評価してください。,"[""完了した工程はまだない"", ""先頭から1工程が完了（最後に完了したのは検収）"", ""先頭から2工程が完了（最後に完了したのは日程調整）"", ""先頭から3工程が完了（最後に完了したのは承認）"", ""先頭から4工程が完了（最後に完了したのは報告）"", ""先頭から5工程が完了（最後に完了したのは実施）"", ""先頭から6工程が完了（最後に完了したのは調査）""]","""4"""
v2-gen-choice-12-017,choice,generated,条件付き不足書類,"""書類確認の優先順は委任状→見積書→本人確認票→承認書。委任状だけは代理申請の場合に限って必要で、それ以外は常に必要です。今回は本人申請。提出済みは本人確認票、委任状、承認書です。""",申請区分に応じて必要書類を確認し、最優先で追加提出を求めるものを答えてください。なければ追加不要です。,"{""委任状"": ""委任状"", ""承認書"": ""承認書"", ""本人確認票"": ""本人確認票"", ""見積書"": ""見積書"", ""追加不要"": ""必要書類はすべて提出済み""}","""見積書"""
v2-gen-score-01-039,score,generated,件数の段階境界,"""木漏れ日で確認待ちの申請を数えたところ、現在4件でした。処理済みは数に含めていません。""",件数だけを評価尺度に照らして判定してください。,"[""対象件数が5件未満"", ""対象件数が5件以上、10件未満"", ""対象件数が10件以上、15件未満"", ""対象件数が15件以上、20件未満"", ""対象件数が20件以上""]","""0"""
v2-gen-choice-07-024,choice,generated,複数属性の制約,"""在庫表: ノートは青色・金属製・在庫あり、名札は白色・金属製・在庫あり、クリップは青色・金属製・在庫なし、冊子は紫色・金属製・在庫あり、カードは青色・木製・在庫あり。""",今注文できる金属製の青色の商品を答えてください。在庫なしは選べません。,"{""カード"": ""カード"", ""クリップ"": ""クリップ"", ""ノート"": ""ノート"", ""冊子"": ""冊子"", ""名札"": ""名札""}","""ノート"""
v2-gen-noul-15-021,noul,generated,出来事の前後関係,"{""担当者"": ""木村"", ""実施順"": [""伝票記入"", ""引継ぎ"", ""電話連絡"", ""休憩"", ""検品"", ""棚への配置""], ""各作業の実施回数"": 1}",日誌では引継ぎの方が休憩より先ですか。,"{""false"": ""いいえ。質問の命題は成立しない。"", ""true"": ""はい。質問の命題が成立する。""}","""true"""
v2-gen-score-04-027,score,generated,独立チェックの合計,"{""資料"": ""木漏れ日"", ""チェック項目"": {""承認印あり"": false, ""ページ番号あり"": true}, ""各項目の重み"": 1}",合格した項目数に対応する段階を答えてください。,"[""満たした項目が0個"", ""満たした項目が1個"", ""満たした項目が2個""]","""1"""
v2-gen-score-04-047,score,generated,独立チェックの合計,"{""資料"": ""木漏れ日"", ""チェック項目"": {""承認印あり"": false}, ""各項目の重み"": 1}",満たしたチェック項目の数を段階として選んでください。,"[""満たした項目が0個"", ""満たした項目が1個""]","""0"""
v2-gen-noul-02-004,noul,generated,全条件の充足,"""草原の利用には利用説明受講・講習受講がすべて必要です。中村さん: 利用説明受講は完了、講習受講は完了。""",この人は記載された利用条件をすべて満たしていますか。,"{""false"": ""いいえ。質問の命題は成立しない。"", ""true"": ""はい。質問の命題が成立する。""}","""true"""
v2-gen-choice-14-049,choice,generated,二属性照合,"""展示品の札: ケースは赤色・樹脂製、シールは紫色・布製。探しているのは赤色の樹脂製です。""",色だけ・素材だけの一致では足りません。該当品を答えてください。,"{""ケース"": ""ケース"", ""シール"": ""シール""}","""ケース"""
v2-gen-score-05-013,score,generated,緊急条件の加点,"""若葉の基本優先度は1です。締切まで残り5時間以内なら1だけ加点し、それより長ければ加点しません。上限は3です。今回は締切まで4時間です。""",今回の最終優先段階を求めてください。,"[""最終優先度0"", ""最終優先度1"", ""最終優先度2"", ""最終優先度3""]","""2"""
v2-gen-choice-01-036,choice,generated,問い合わせ経路,"""受付分類表は次のとおりです。イベント窓口: 申込期限・会場案内・参加取消 / 配送窓口: 届け先変更・荷物の遅延・追跡番号 / 請求窓口: 二重請求・領収書・返金 / 修理窓口: 修理見積・修理進捗・保証修理 / 店舗窓口: 営業時間・店内設備・店舗の場所。問い合わせ本文:「申込み済みイベントへの参加を取り消したいです」。受付担当が付けた主題は「参加取消」です。""",分類表に従い、この問い合わせを担当する窓口を一つ選んでください。,"{""イベント"": ""イベントの窓口"", ""修理"": ""修理の窓口"", ""店舗"": ""店舗の窓口"", ""請求"": ""請求の窓口"", ""配送"": ""配送の窓口""}","""イベント"""
v2-gen-score-05-020,score,generated,緊急条件の加点,"{""案件"": ""若葉"", ""基本優先度"": 2, ""締切までの残り時間"": 3, ""規則"": ""残り6時間以内なら1加点、それより長ければ0加点。上限3""}",締切までの時間による条件を反映した段階を答えてください。,"[""最終優先度0"", ""最終優先度1"", ""最終優先度2"", ""最終優先度3""]","""3"""
v2-gen-choice-01-039,choice,generated,問い合わせ経路,"""受付分類表は次のとおりです。イベント窓口: 申込期限・会場案内・参加取消 / 製品窓口: 破損・初期不良・部品交換。問い合わせ本文:「イベントの参加申込みはいつまでですか」。受付担当が付けた主題は「申込期限」です。""",記録された主題を扱う転送先はどこですか。,"{""イベント"": ""イベントの窓口"", ""製品"": ""製品の窓口""}","""イベント"""
v2-gen-choice-06-033,choice,generated,時間枠の包含,"""部屋の連続利用可能時間: 白室は12時から16時まで、茶室は10時から13時まで、紫室は12時から16時まで、赤室は10時から15時まで、青室は12時から16時まで、緑室は10時から13時まで、黄室は12時から15時まで。会議は11時開始、14時終了です。""",会議時間の一部だけでなく全体を含む空き時間を持つ部屋を答えてください。端の一致は可です。,"{""白"": ""白室"", ""紫"": ""紫室"", ""緑"": ""緑室"", ""茶"": ""茶室"", ""赤"": ""赤室"", ""青"": ""青室"", ""黄"": ""黄室""}","""赤"""
v2-gen-score-09-049,score,generated,例外による上限,"""検査合格状況: 外観は合格、寸法は合格、記録は合格、表示は不合格、動作は不合格。合格項目一つにつき1点ですが、要再確認の印があれば上限3点に制限します。今回その印はありません。""",上限制限を適用した最終点を選んでください。,"[""最終点0点"", ""最終点1点"", ""最終点2点"", ""最終点3点"", ""最終点4点"", ""最終点5点""]","""3"""
v2-gen-choice-03-002,choice,generated,最終更新,"{""案件"": ""星空"", ""更新記録"": [{""時"": 19, ""状態"": ""未着手""}, {""時"": 8, ""状態"": ""差戻し""}, {""時"": 18, ""状態"": ""受取済み""}, {""時"": 11, ""状態"": ""差戻し""}]}",時刻が最も新しい更新に基づく状態を答えてください。,"{""取消"": ""取消"", ""受取済み"": ""受取済み"", ""差戻し"": ""差戻し"", ""未着手"": ""未着手"", ""発送済み"": ""発送済み""}","""未着手"""
v2-gen-score-01-017,score,generated,件数の段階境界,"""草原で検品で見つかった不備を数えたところ、現在7件でした。処理済みは数に含めていません。""",件数だけを評価尺度に照らして判定してください。,"[""対象件数が3件未満"", ""対象件数が3件以上、6件未満"", ""対象件数が6件以上、9件未満"", ""対象件数が9件以上""]","""2"""
v2-gen-noul-01-010,noul,generated,事実と否定質問,"""高橋さんについての確定記録: 点検を実施しています。""",『高橋さんは点検を実施している』はこの記録と一致しますか。,"{""false"": ""いいえ。質問の命題は成立しない。"", ""true"": ""はい。質問の命題が成立する。""}","""true"""
v2-gen-choice-11-033,choice,generated,小数量の比較,"{""在庫"": [{""品名"": ""封筒"", ""総在庫"": 6, ""予約分"": 5}, {""品名"": ""クリップ"", ""総在庫"": 10, ""予約分"": 3}], ""自由在庫"": ""総在庫から予約分を引く""}",自由在庫が最も多い品を選んでください。,"{""クリップ"": ""クリップ"", ""封筒"": ""封筒""}","""クリップ"""
v2-gen-noul-03-032,noul,generated,いずれかの条件,"{""いずれか一つ以上必要"": [""入場証"", ""受付確認票"", ""当日券""], ""所持状況"": {""入場証"": true, ""受付確認票"": false, ""当日券"": false}, ""対象"": ""渡辺""}",記載された条件で受付を通れますか。,"{""false"": ""いいえ。質問の命題は成立しない。"", ""true"": ""はい。質問の命題が成立する。""}","""true"""
v2-gen-score-13-020,score,generated,取消しを反映した件数,"{""催し"": ""星空"", ""申込み"": [{""氏名"": ""渡辺"", ""受付済み"": false, ""取消済み"": false}, {""氏名"": ""上田"", ""受付済み"": true, ""取消済み"": true}, {""氏名"": ""青木"", ""受付済み"": true, ""取消済み"": true}, {""氏名"": ""中村"", ""受付済み"": true, ""取消済み"": false}, {""氏名"": ""吉田"", ""受付済み"": true, ""取消済み"": true}, {""氏名"": ""森"", ""受付済み"": true, ""取消済み"": false}], ""まとめ方"": ""4件以上は段階4""}",現在有効な申込みだけを数えて評価してください。,"[""有効申込みが0件"", ""有効申込みが1件"", ""有効申込みが2件"", ""有効申込みが3件"", ""有効申込みが4件以上""]","""2"""
v2-gen-score-07-019,score,generated,証拠の最高到達段階,"""この調査固有の証拠段階表: 一次資料は段階1、写真記録は段階2、口頭メモは段階3。朝露で得られた証拠は一次資料。複数ある場合は最大の段階を使い、なければ0です。""",明示された段階表だけで証拠を評価してください。,"[""証拠なしの段階0"", ""表に基づく最高証拠段階1"", ""表に基づく最高証拠段階2"", ""表に基づく最高証拠段階3""]","""1"""
v2-gen-score-10-007,score,generated,不足の段階,"{""申請"": ""春風"", ""必要書類"": [""受領票"", ""同意書"", ""申込書"", ""見積書"", ""承認書""], ""届いた書類"": [""承認書""], ""余分な書類で代用できる"": false}",未提出の必要書類はいくつの段階ですか。,"[""不足が0種類"", ""不足が1種類"", ""不足が2種類"", ""不足が3種類"", ""不足が4種類"", ""不足が5種類""]","""4"""
v2-gen-choice-06-045,choice,generated,時間枠の包含,"""部屋の連続利用可能時間: 紫室は10時から13時まで、茶室は11時から13時まで、青室は12時から15時まで、黒室は10時から13時まで。会議は12時開始、14時終了です。""",会議時間の一部だけでなく全体を含む空き時間を持つ部屋を答えてください。端の一致は可です。,"{""紫"": ""紫室"", ""茶"": ""茶室"", ""青"": ""青室"", ""黒"": ""黒室""}","""青"""
v2-gen-score-08-013,score,generated,要件への一致数,"{""注文要件"": {""サイズ"": ""大"", ""素材"": ""木"", ""印字"": ""なし"", ""配送"": ""宅配""}, ""提案品"": {""サイズ"": ""中"", ""素材"": ""紙"", ""印字"": ""片面のみ"", ""配送"": ""宅配""}}",各属性の完全一致を一点として採点してください。,"[""一致した要件が0項目"", ""一致した要件が1項目"", ""一致した要件が2項目"", ""一致した要件が3項目"", ""一致した要件が4項目""]","""1"""
v2-gen-score-11-009,score,generated,時刻順の評価更新,"{""案件"": ""水面"", ""評価更新"": [{""時刻"": 15, ""段階"": 6}, {""時刻"": 16, ""段階"": 7}, {""時刻"": 11, ""段階"": 1}], ""採用規則"": ""最新時刻だけを採用""}",最後に更新された有効な段階はいくつですか。,"[""評価段階0"", ""評価段階1"", ""評価段階2"", ""評価段階3"", ""評価段階4"", ""評価段階5"", ""評価段階6"", ""評価段階7""]","""7"""
v2-gen-choice-05-033,choice,generated,否定条件で選択,"""検品記録: カードは封ありで濡れていない、クリップは封ありで濡れている。""",封があるもので、かつ濡れていない品を選んでください。,"{""カード"": ""カード"", ""クリップ"": ""クリップ""}","""カード"""
v2-gen-score-13-027,score,generated,取消しを反映した件数,"{""催し"": ""白波"", ""申込み"": [{""氏名"": ""石田"", ""受付済み"": true, ""取消済み"": false}, {""氏名"": ""渡辺"", ""受付済み"": false, ""取消済み"": false}, {""氏名"": ""中村"", ""受付済み"": true, ""取消済み"": false}, {""氏名"": ""大野"", ""受付済み"": false, ""取消済み"": false}, {""氏名"": ""遠藤"", ""受付済み"": true, ""取消済み"": false}, {""氏名"": ""木村"", ""受付済み"": false, ""取消済み"": false}], ""まとめ方"": ""4件以上は段階4""}",現在有効な申込みだけを数えて評価してください。,"[""有効申込みが0件"", ""有効申込みが1件"", ""有効申込みが2件"", ""有効申込みが3件"", ""有効申込みが4件以上""]","""3"""
v2-gen-score-06-039,score,generated,約束時刻からの遅れ,"{""便"": ""春風"", ""約束時刻"": 6, ""実際の到着時刻"": 10, ""同日"": true, ""早着時の遅れ"": 0}",遅れの時間に対応する段階を答えてください。,"[""遅れが2時間未満"", ""遅れが2時間以上、4時間未満"", ""遅れが4時間以上""]","""2"""
v2-gen-noul-12-034,noul,generated,記録と主張の照合,"""草原施設の入口について、いま確認した確定記録は北口は完全に開いている、南口は4分の1だけ開いている、東口は半分だけ開いている、西口は完全に開いている、裏口は4分の1だけ開いている、搬入口は完全に開いているです。現在の判断にはこの確定記録だけを使います。""",確定情報から、東口は半分だけ開いていると言えますか。,"{""false"": ""いいえ。質問の命題は成立しない。"", ""true"": ""はい。質問の命題が成立する。""}","""true"""
v2-gen-score-12-029,score,generated,目標からの差,"""星空の目標数は10個、実績は14個です。多すぎても少なすぎても、目標から何個離れたかで評価します。差が6個以上なら最終段階6にまとめます。""",不足・超過の向きではなく差の大きさで評価してください。,"[""目標との差が0個"", ""目標との差が1個"", ""目標との差が2個"", ""目標との差が3個"", ""目標との差が4個"", ""目標との差が5個"", ""目標との差が6個以上""]","""4"""
v2-gen-noul-09-040,noul,generated,重複を除いた件数,"{""棚"": ""星空"", ""読み取り品名"": [""用紙"", ""用紙"", ""用紙"", ""用紙"", ""用紙""], ""数え方"": ""同一品名の重複を除く""}",品物の種類は4種類以上ありますか。,"{""false"": ""いいえ。質問の命題は成立しない。"", ""true"": ""はい。質問の命題が成立する。""}","""false"""
v2-gen-choice-14-018,choice,generated,二属性照合,"""展示品の札: カードは赤色・樹脂製、ラベルは茶色・布製、付箋は紫色・ガラス製。探しているのは紫色のガラス製です。""",色だけ・素材だけの一致では足りません。該当品を答えてください。,"{""カード"": ""カード"", ""ラベル"": ""ラベル"", ""付箋"": ""付箋""}","""付箋"""
v2-gen-choice-15-005,choice,generated,文章内の順序参照,"""草原会議では、発表者を発表順に「青木、渡辺、林、上田、山田、佐藤、加藤」と紹介しました。同じ人の再登場はありません。""",発表順の先頭から4番目にいる人を答えてください。,"{""上田"": ""上田さん"", ""佐藤"": ""佐藤さん"", ""加藤"": ""加藤さん"", ""山田"": ""山田さん"", ""林"": ""林さん"", ""渡辺"": ""渡辺さん"", ""青木"": ""青木さん""}","""上田"""
v2-gen-noul-12-038,noul,generated,記録と主張の照合,"""草原施設の入口について、いま確認した確定記録は北口は半分だけ開いている、南口は完全に開いている、東口は完全に開いている、西口は半分だけ開いている、裏口は完全に閉じている、搬入口は4分の1だけ開いているです。現在の判断にはこの確定記録だけを使います。""",いま西口が半分だけ開いているという判断は正しいですか。,"{""false"": ""いいえ。質問の命題は成立しない。"", ""true"": ""はい。質問の命題が成立する。""}","""true"""
v2-gen-choice-14-008,choice,generated,二属性照合,"{""展示品"": [{""品名"": ""シール"", ""色"": ""茶"", ""素材"": ""紙""}, {""品名"": ""名札"", ""色"": ""白"", ""素材"": ""樹脂""}, {""品名"": ""付箋"", ""色"": ""黒"", ""素材"": ""紙""}, {""品名"": ""封筒"", ""色"": ""茶"", ""素材"": ""布""}], ""指定色"": ""黒"", ""指定素材"": ""紙""}",二つの指定を同時に満たす展示品はどれですか。,"{""シール"": ""シール"", ""付箋"": ""付箋"", ""名札"": ""名札"", ""封筒"": ""封筒""}","""付箋"""
v2-gen-noul-07-028,noul,generated,識別文字列の完全一致,"{""商品ラベル"": ""EF7-A"", ""注文票"": ""ef7-a"", ""照合規則"": ""大文字小文字と記号も含む完全一致""}",同一コードとして扱ってよいですか。,"{""false"": ""いいえ。質問の命題は成立しない。"", ""true"": ""はい。質問の命題が成立する。""}","""false"""
v2-gen-choice-09-011,choice,generated,利用可能集合の差,"""貸出台帳で利用可能と記録されている品はテープ。予約済みの品はなしです。""",利用可能品のうち、予約されていない品を選んでください。,"{""テープ"": ""テープ"", ""封筒"": ""封筒""}","""テープ"""
v2-gen-choice-13-013,choice,generated,工程の依存順,"""案件「白波」の工程順は実施→報告です。途中の工程を飛ばすことはできません。完了済みは実施、報告です。""",まだ済んでいない最初の工程は何ですか。存在しない場合は完了です。,"{""報告"": ""報告"", ""完了"": ""全工程が完了"", ""実施"": ""実施""}","""完了"""
v2-gen-score-09-040,score,generated,例外による上限,"""検査合格状況: 動作は合格、包装は合格、付属品は不合格。合格項目一つにつき1点ですが、要再確認の印があれば上限3点に制限します。今回その印はありません。""",上限制限を適用した最終点を選んでください。,"[""最終点0点"", ""最終点1点"", ""最終点2点"", ""最終点3点""]","""2"""
v2-gen-noul-04-013,noul,generated,例外の優先,"""規則: 本人確認済みであれば朝露を利用できます。ただし未返却品ありなら利用できません。加藤さんは本人確認済みに該当、未返却品ありに該当です。""",例外を含む規則のもとで利用は許可されますか。,"{""false"": ""いいえ。質問の命題は成立しない。"", ""true"": ""はい。質問の命題が成立する。""}","""false"""
v2-gen-choice-12-044,choice,generated,条件付き不足書類,"{""確認優先順"": [""見積書"", ""受領票"", ""承認書""], ""代理申請だけに必要"": ""見積書"", ""代理申請"": false, ""提出済み"": [""見積書"", ""承認書""]}",必要な不足書類を先頭から一つだけ案内します。どれですか。必要書類に不足がなければ追加不要です。,"{""受領票"": ""受領票"", ""承認書"": ""承認書"", ""見積書"": ""見積書"", ""追加不要"": ""必要書類はすべて提出済み""}","""受領票"""
v2-gen-score-02-012,score,generated,記述の満足段階,"""中村さんは夕凪の体験について「惜しい点があり、少し不満だった」と回答しました。追加の発言はありません。""",発言の意味に最も合う満足段階を選んでください。,"[""強い不満"", ""やや不満"", ""やや満足"", ""満足"", ""強い満足"", ""極めて強い満足"", ""最高の満足""]","""1"""
v2-gen-noul-09-041,noul,generated,重複を除いた件数,"{""棚"": ""星空"", ""読み取り品名"": [""ラベル"", ""ノート"", ""クリップ"", ""クリップ"", ""箱"", ""冊子""], ""数え方"": ""同一品名の重複を除く""}",重複を除いた種類数は3以上という条件を満たしますか。,"{""false"": ""いいえ。質問の命題は成立しない。"", ""true"": ""はい。質問の命題が成立する。""}","""true"""
v2-gen-score-04-003,score,generated,独立チェックの合計,"""青空資料の点検: 管理番号ありは満たさない、署名ありは満たさない、部署名ありは満たさない、ページ番号ありは満たさない、承認印ありは満たさない、宛先ありは満たさない。各項目は一つずつ数えます。""",満たしたチェック項目の数を段階として選んでください。,"[""満たした項目が0個"", ""満たした項目が1個"", ""満たした項目が2個"", ""満たした項目が3個"", ""満たした項目が4個"", ""満たした項目が5個"", ""満たした項目が6個""]","""0"""
v2-gen-choice-07-016,choice,generated,複数属性の制約,"{""在庫表"": [{""品名"": ""名札"", ""色"": ""青"", ""素材"": ""樹脂"", ""在庫あり"": false}, {""品名"": ""ファイル"", ""色"": ""青"", ""素材"": ""樹脂"", ""在庫あり"": true}, {""品名"": ""用紙"", ""色"": ""茶"", ""素材"": ""樹脂"", ""在庫あり"": true}, {""品名"": ""封筒"", ""色"": ""青"", ""素材"": ""樹脂"", ""在庫あり"": false}]}",青色で樹脂製、在庫もある品を選んでください。,"{""ファイル"": ""ファイル"", ""名札"": ""名札"", ""封筒"": ""封筒"", ""用紙"": ""用紙""}","""ファイル"""
v2-gen-choice-11-007,choice,generated,小数量の比較,"""入出庫記録: 袋は在庫12個、そのうち予約1個、クリップは在庫7個、そのうち予約4個、ケースは在庫9個、そのうち予約1個。予約分は自由在庫に含めません。""",自由在庫が最も多い品を選んでください。,"{""クリップ"": ""クリップ"", ""ケース"": ""ケース"", ""袋"": ""袋""}","""袋"""
v2-gen-noul-04-023,noul,generated,例外の優先,"{""許可条件"": ""招待あり"", ""優先禁止条件"": ""会費滞納"", ""対象"": ""高橋"", ""許可条件に該当"": false, ""禁止条件に該当"": false}",禁止例外を先に考慮すると、この利用を認められますか。,"{""false"": ""いいえ。質問の命題は成立しない。"", ""true"": ""はい。質問の命題が成立する。""}","""false"""
v2-gen-score-15-037,score,generated,軽重のある項目,"{""不備ごとの配点"": {""誤字"": 2, ""宛名不備"": 1, ""日付欠落"": 1, ""署名欠落"": 1, ""余白不備"": 1, ""頁番号欠落"": 1, ""添付欠落"": 1}, ""不備あり"": {""誤字"": true, ""宛名不備"": false, ""日付欠落"": true, ""署名欠落"": true, ""余白不備"": true, ""頁番号欠落"": true, ""添付欠落"": true}, ""上限"": 7}",配点の違いを反映した最終段階を選んでください。,"[""不備点の合計が0点"", ""不備点の合計が1点"", ""不備点の合計が2点"", ""不備点の合計が3点"", ""不備点の合計が4点"", ""不備点の合計が5点"", ""不備点の合計が6点"", ""不備点の合計が7点以上""]","""7"""
v2-gen-score-14-022,score,generated,参照表の順序尺度,"""今回の検査用の対応表: 紫印は段階0、緑印は段階1、黒印は段階2、青印は段階3、白印は段階4、黄印は段階5、茶印は段階6。木漏れ日の確定検査票には青印が付いています。色に一般的な良し悪しは仮定しません。""",検査票の印を指定尺度に変換してください。,"[""表による段階0"", ""表による段階1"", ""表による段階2"", ""表による段階3"", ""表による段階4"", ""表による段階5"", ""表による段階6""]","""3"""
v2-gen-score-05-002,score,generated,緊急条件の加点,"{""案件"": ""星空"", ""基本優先度"": 0, ""締切までの残り時間"": 5, ""規則"": ""残り3時間以内なら1加点、それより長ければ0加点。上限6""}",今回の最終優先段階を求めてください。,"[""最終優先度0"", ""最終優先度1"", ""最終優先度2"", ""最終優先度3"", ""最終優先度4"", ""最終優先度5"", ""最終優先度6""]","""0"""
v2-gen-choice-03-022,choice,generated,最終更新,"""案件「青空」の記録です。8時の更新: 取消。 11時の更新: 確認中。 18時の更新: 未着手。 10時の更新: 確認中。 17時の更新: 受取済み。""",記載順ではなく更新時刻を比べ、最新の状態を選んでください。,"{""保留"": ""保留"", ""取消"": ""取消"", ""受取済み"": ""受取済み"", ""差戻し"": ""差戻し"", ""承認"": ""承認"", ""未着手"": ""未着手"", ""発送済み"": ""発送済み"", ""確認中"": ""確認中""}","""未着手"""
v2-gen-score-14-045,score,generated,参照表の順序尺度,"""今回の検査用の対応表: 黄印は段階0、緑印は段階1。草原の確定検査票には黄印が付いています。色に一般的な良し悪しは仮定しません。""",検査票の印を指定尺度に変換してください。,"[""表による段階0"", ""表による段階1""]","""0"""
v2-gen-score-01-025,score,generated,件数の段階境界,"""朝露で確認待ちの申請を数えたところ、現在14件でした。処理済みは数に含めていません。""",記録された数に対応する段階を選んでください。,"[""対象件数が4件未満"", ""対象件数が4件以上、8件未満"", ""対象件数が8件以上、12件未満"", ""対象件数が12件以上、16件未満"", ""対象件数が16件以上""]","""3"""
v2-gen-score-13-015,score,generated,取消しを反映した件数,"{""催し"": ""草原"", ""申込み"": [{""氏名"": ""渡辺"", ""受付済み"": true, ""取消済み"": true}, {""氏名"": ""上田"", ""受付済み"": true, ""取消済み"": true}, {""氏名"": ""青木"", ""受付済み"": true, ""取消済み"": true}, {""氏名"": ""林"", ""受付済み"": true, ""取消済み"": false}, {""氏名"": ""松本"", ""受付済み"": true, ""取消済み"": true}, {""氏名"": ""加藤"", ""受付済み"": true, ""取消済み"": false}], ""まとめ方"": ""6件以上は段階6""}",受付済みから取消済みを除いた件数はいくつの段階ですか。,"[""有効申込みが0件"", ""有効申込みが1件"", ""有効申込みが2件"", ""有効申込みが3件"", ""有効申込みが4件"", ""有効申込みが5件"", ""有効申込みが6件以上""]","""2"""
v2-gen-score-08-041,score,generated,要件への一致数,"{""注文要件"": {""印字"": ""あり"", ""色"": ""白"", ""サイズ"": ""中"", ""配送"": ""郵送""}, ""提案品"": {""印字"": ""片面のみ"", ""色"": ""青"", ""サイズ"": ""大"", ""配送"": ""店頭""}}",注文要件と一致している属性の数を段階として選んでください。,"[""一致した要件が0項目"", ""一致した要件が1項目"", ""一致した要件が2項目"", ""一致した要件が3項目"", ""一致した要件が4項目""]","""0"""
v2-gen-choice-13-024,choice,generated,工程の依存順,"{""案件"": ""春風"", ""工程順"": [""承認"", ""報告"", ""準備"", ""内容確認"", ""見積作成"", ""受付""], ""完了済み"": [""承認"", ""報告"", ""準備"", ""内容確認"", ""見積作成"", ""受付""], ""規則"": ""順に実行し未完了工程を飛ばさない""}",まだ済んでいない最初の工程は何ですか。存在しない場合は完了です。,"{""内容確認"": ""内容確認"", ""受付"": ""受付"", ""報告"": ""報告"", ""完了"": ""全工程が完了"", ""承認"": ""承認"", ""準備"": ""準備"", ""見積作成"": ""見積作成""}","""完了"""
v2-gen-choice-09-001,choice,generated,利用可能集合の差,"""貸出台帳で利用可能と記録されている品は袋、ケース、付箋、用紙、ノート、ペン。予約済みの品はケース、付箋、袋、用紙、ノートです。""",予約済みを利用可能一覧から除いたとき、残る品を答えてください。,"{""ケース"": ""ケース"", ""ノート"": ""ノート"", ""ペン"": ""ペン"", ""付箋"": ""付箋"", ""用紙"": ""用紙"", ""袋"": ""袋""}","""ペン"""
v2-gen-noul-02-019,noul,generated,全条件の充足,"""夕凪の利用には同意書提出・申込書提出・本人確認・所属確認がすべて必要です。渡辺さん: 同意書提出は未完了、申込書提出は完了、本人確認は未完了、所属確認は完了。""",この人は記載された利用条件をすべて満たしていますか。,"{""false"": ""いいえ。質問の命題は成立しない。"", ""true"": ""はい。質問の命題が成立する。""}","""false"""
v2-gen-score-10-048,score,generated,不足の段階,"""山道申請で必要なものは承認書、確認票、見積書、同意書。届いたものは承認書、見積書、確認票、挨拶状、同意書です。必要一覧にない書類は不足を埋めません。""",未提出の必要書類はいくつの段階ですか。,"[""不足が0種類"", ""不足が1種類"", ""不足が2種類"", ""不足が3種類"", ""不足が4種類""]","""0"""
v2-gen-noul-03-016,noul,generated,いずれかの条件,"""木漏れ日の受付では招待券・事前予約票のうち一つ以上があれば通れます。加藤さん: 招待券はなし、事前予約票はあり。""",少なくとも一つの必要条件が成立していますか。,"{""false"": ""いいえ。質問の命題は成立しない。"", ""true"": ""はい。質問の命題が成立する。""}","""true"""
v2-gen-choice-12-033,choice,generated,条件付き不足書類,"""書類確認の優先順は見積書→同意書→申込書→本人確認票→受領票→承認書。受領票だけは代理申請の場合に限って必要で、それ以外は常に必要です。今回は本人申請。提出済みは本人確認票、承認書、申込書です。""",未提出の必要書類のうち優先順が最初のものを選んでください。全部そろっていれば追加不要です。,"{""受領票"": ""受領票"", ""同意書"": ""同意書"", ""承認書"": ""承認書"", ""本人確認票"": ""本人確認票"", ""申込書"": ""申込書"", ""見積書"": ""見積書"", ""追加不要"": ""必要書類はすべて提出済み""}","""見積書"""
v2-gen-score-03-027,score,generated,順番に進む工程,"{""案件"": ""水面"", ""工程順"": [""引継ぎ""], ""完了済み"": [], ""着手中は完了に含めない"": true}",完了済みの到達段階を選んでください。,"[""完了した工程はまだない"", ""先頭から1工程が完了（最後に完了したのは引継ぎ）""]","""0"""
v2-gen-score-02-017,score,generated,記述の満足段階,"""渡辺さんは朝露の体験について「これ以上は考えられず、最高に満足した」と回答しました。追加の発言はありません。""",発言の意味に最も合う満足段階を選んでください。,"[""不満"", ""やや満足"", ""満足"", ""極めて強い満足"", ""最高の満足""]","""4"""
v2-gen-score-12-006,score,generated,目標からの差,"""木漏れ日の目標数は15個、実績は12個です。多すぎても少なすぎても、目標から何個離れたかで評価します。差が4個以上なら最終段階4にまとめます。""",目標からのずれの段階を選んでください。,"[""目標との差が0個"", ""目標との差が1個"", ""目標との差が2個"", ""目標との差が3個"", ""目標との差が4個以上""]","""3"""
v2-gen-choice-12-045,choice,generated,条件付き不足書類,"{""確認優先順"": [""委任状"", ""受領票"", ""見積書""], ""代理申請だけに必要"": ""見積書"", ""代理申請"": true, ""提出済み"": [""受領票""]}",未提出の必要書類のうち優先順が最初のものを選んでください。全部そろっていれば追加不要です。,"{""受領票"": ""受領票"", ""委任状"": ""委任状"", ""見積書"": ""見積書"", ""追加不要"": ""必要書類はすべて提出済み""}","""委任状"""
v2-gen-score-14-015,score,generated,参照表の順序尺度,"""今回の検査用の対応表: 黄印は段階0、青印は段階1、白印は段階2、黒印は段階3、紫印は段階4、赤印は段階5、茶印は段階6。夕凪の確定検査票には白印が付いています。色に一般的な良し悪しは仮定しません。""",今回の対応表を使って検査票の段階を選んでください。,"[""表による段階0"", ""表による段階1"", ""表による段階2"", ""表による段階3"", ""表による段階4"", ""表による段階5"", ""表による段階6""]","""2"""
v2-gen-choice-01-005,choice,generated,問い合わせ経路,"""受付分類表は次のとおりです。アカウント窓口: ログイン・パスワード・退会 / 製品窓口: 破損・初期不良・部品交換 / 配送窓口: 届け先変更・荷物の遅延・追跡番号 / 修理窓口: 修理見積・修理進捗・保証修理。問い合わせ本文:「依頼中の修理がどこまで進んだか知りたいです」。受付担当が付けた主題は「修理進捗」です。""",分類表に従い、この問い合わせを担当する窓口を一つ選んでください。,"{""アカウント"": ""アカウントの窓口"", ""修理"": ""修理の窓口"", ""製品"": ""製品の窓口"", ""配送"": ""配送の窓口""}","""修理"""
v2-gen-noul-09-032,noul,generated,重複を除いた件数,"""夕凪棚で読み取った品名は箱、箱でした。同じ品名の繰り返しは一種類として数えます。""",重複を除いた種類数は2以上という条件を満たしますか。,"{""false"": ""いいえ。質問の命題は成立しない。"", ""true"": ""はい。質問の命題が成立する。""}","""false"""
v2-gen-noul-02-014,noul,generated,全条件の充足,"{""すべて必要な条件"": [""申込書提出"", ""同意書提出""], ""対象"": ""松本"", ""完了状況"": {""申込書提出"": true, ""同意書提出"": true}}",この人は記載された利用条件をすべて満たしていますか。,"{""false"": ""いいえ。質問の命題は成立しない。"", ""true"": ""はい。質問の命題が成立する。""}","""true"""
v2-gen-score-11-019,score,generated,時刻順の評価更新,"""朝露の評価更新履歴: 13時に段階1、17時に段階1、8時に段階3、21時に段階1。評価は最新時刻の値だけを採用します。""",現在採用すべき評価段階を選んでください。,"[""評価段階0"", ""評価段階1"", ""評価段階2"", ""評価段階3""]","""1"""
v2-gen-choice-06-003,choice,generated,時間枠の包含,"{""空き時間"": [{""部屋"": ""紫"", ""開始"": 14, ""終了"": 18}, {""部屋"": ""黄"", ""開始"": 12, ""終了"": 15}, {""部屋"": ""青"", ""開始"": 12, ""終了"": 16}, {""部屋"": ""黒"", ""開始"": 11, ""終了"": 15}, {""部屋"": ""茶"", ""開始"": 11, ""終了"": 15}, {""部屋"": ""緑"", ""開始"": 12, ""終了"": 15}, {""部屋"": ""赤"", ""開始"": 11, ""終了"": 15}, {""部屋"": ""白"", ""開始"": 14, ""終了"": 18}], ""会議開始"": 13, ""会議終了"": 16}",会議の全時間を連続して確保できる部屋を選んでください。開始・終了の一致は許可します。,"{""白"": ""白室"", ""紫"": ""紫室"", ""緑"": ""緑室"", ""茶"": ""茶室"", ""赤"": ""赤室"", ""青"": ""青室"", ""黄"": ""黄室"", ""黒"": ""黒室""}","""青"""
v2-gen-score-06-031,score,generated,約束時刻からの遅れ,"{""便"": ""木漏れ日"", ""約束時刻"": 12, ""実際の到着時刻"": 12, ""同日"": true, ""早着時の遅れ"": 0}",遅れの時間に対応する段階を答えてください。,"[""遅れが2時間未満"", ""遅れが2時間以上""]","""0"""
v2-gen-choice-01-040,choice,generated,問い合わせ経路,"""受付分類表は次のとおりです。請求窓口: 二重請求・領収書・返金 / 契約窓口: 契約更新・プラン変更・解約手続き。問い合わせ本文:「同じ代金が二回引き落とされています」。受付担当が付けた主題は「二重請求」です。""",受付分類表を使って、この相談の担当を決めてください。,"{""契約"": ""契約の窓口"", ""請求"": ""請求の窓口""}","""請求"""
v2-gen-noul-12-012,noul,generated,記録と主張の照合,"""若葉施設の入口について、いま確認した確定記録は北口は完全に開いている、南口は完全に閉じている、東口は完全に閉じている、西口は完全に開いている、裏口は半分だけ開いている、搬入口は完全に閉じているです。現在の判断にはこの確定記録だけを使います。""",いま南口が完全に閉じているという判断は正しいですか。,"{""false"": ""いいえ。質問の命題は成立しない。"", ""true"": ""はい。質問の命題が成立する。""}","""true"""
v2-gen-noul-09-024,noul,generated,重複を除いた件数,"{""棚"": ""星空"", ""読み取り品名"": [""テープ"", ""テープ"", ""テープ"", ""テープ"", ""ラベル"", ""ケース""], ""数え方"": ""同一品名の重複を除く""}",品物の種類は6種類以上ありますか。,"{""false"": ""いいえ。質問の命題は成立しない。"", ""true"": ""はい。質問の命題が成立する。""}","""false"""
v2-gen-choice-11-021,choice,generated,小数量の比較,"""入出庫記録: ラベルは在庫7個、そのうち予約3個、名札は在庫8個、そのうち予約2個、ペンは在庫3個、そのうち予約0個。予約分は自由在庫に含めません。""",予約分を差し引いた残りが一番多いのはどれですか。,"{""ペン"": ""ペン"", ""ラベル"": ""ラベル"", ""名札"": ""名札""}","""名札"""
v2-gen-noul-10-018,noul,generated,条件付き義務,"{""規則"": ""法人向けなら控えの交付が必要。それ以外では義務なし"", ""条件に該当"": true, ""必要処置を実施"": true}",この案件は記載された義務のルールに違反していませんか。違反がなければはいです。,"{""false"": ""いいえ。質問の命題は成立しない。"", ""true"": ""はい。質問の命題が成立する。""}","""true"""
v2-gen-noul-01-040,noul,generated,事実と否定質問,"{""対象者"": ""加藤"", ""項目"": ""機器を充電"", ""実施済み"": true}",確定情報だけから、加藤さんが機器を充電しているという判断は正しいですか。,"{""false"": ""いいえ。質問の命題は成立しない。"", ""true"": ""はい。質問の命題が成立する。""}","""true"""
v2-gen-score-13-019,score,generated,取消しを反映した件数,"{""催し"": ""木漏れ日"", ""申込み"": [{""氏名"": ""加藤"", ""受付済み"": true, ""取消済み"": false}, {""氏名"": ""青木"", ""受付済み"": true, ""取消済み"": false}, {""氏名"": ""石田"", ""受付済み"": true, ""取消済み"": false}, {""氏名"": ""吉田"", ""受付済み"": true, ""取消済み"": true}, {""氏名"": ""松本"", ""受付済み"": false, ""取消済み"": false}, {""氏名"": ""遠藤"", ""受付済み"": true, ""取消済み"": true}, {""氏名"": ""森"", ""受付済み"": true, ""取消済み"": false}, {""氏名"": ""大野"", ""受付済み"": true, ""取消済み"": false}], ""まとめ方"": ""3件以上は段階3""}",取消し後に残る有効申込み数を段階として選んでください。,"[""有効申込みが0件"", ""有効申込みが1件"", ""有効申込みが2件"", ""有効申込みが3件以上""]","""3"""
v2-gen-score-15-048,score,generated,軽重のある項目,"{""不備ごとの配点"": {""署名欠落"": 2, ""誤字"": 1, ""余白不備"": 1, ""宛名不備"": 1}, ""不備あり"": {""署名欠落"": false, ""誤字"": false, ""余白不備"": false, ""宛名不備"": false}, ""上限"": 4}",配点の違いを反映した最終段階を選んでください。,"[""不備点の合計が0点"", ""不備点の合計が1点"", ""不備点の合計が2点"", ""不備点の合計が3点"", ""不備点の合計が4点以上""]","""0"""
v2-gen-noul-04-022,noul,generated,例外の優先,"{""許可条件"": ""事前承認済み"", ""優先禁止条件"": ""未返却品あり"", ""対象"": ""大野"", ""許可条件に該当"": true, ""禁止条件に該当"": false}",例外を含む規則のもとで利用は許可されますか。,"{""false"": ""いいえ。質問の命題は成立しない。"", ""true"": ""はい。質問の命題が成立する。""}","""true"""
v2-gen-choice-13-033,choice,generated,工程の依存順,"{""案件"": ""山道"", ""工程順"": [""報告"", ""承認""], ""完了済み"": [""報告"", ""承認""], ""規則"": ""順に実行し未完了工程を飛ばさない""}",まだ済んでいない最初の工程は何ですか。存在しない場合は完了です。,"{""報告"": ""報告"", ""完了"": ""全工程が完了"", ""承認"": ""承認""}","""完了"""
v2-gen-score-05-009,score,generated,緊急条件の加点,"{""案件"": ""灯台"", ""基本優先度"": 0, ""締切までの残り時間"": 2, ""規則"": ""残り3時間以内なら1加点、それより長ければ0加点。上限6""}",締切までの時間による条件を反映した段階を答えてください。,"[""最終優先度0"", ""最終優先度1"", ""最終優先度2"", ""最終優先度3"", ""最終優先度4"", ""最終優先度5"", ""最終優先度6""]","""1"""
v2-gen-score-09-004,score,generated,例外による上限,"{""検査合格"": {""付属品"": false, ""包装"": false}, ""要再確認の印あり"": false, ""採点規則"": ""合格数が点数。ただし印があれば上限0点""}",単純な合格数ではなく、上限ルール適用後の点数を求めてください。,"[""最終点0点"", ""最終点1点"", ""最終点2点""]","""0"""
v2-gen-score-13-024,score,generated,取消しを反映した件数,"{""催し"": ""朝露"", ""申込み"": [{""氏名"": ""遠藤"", ""受付済み"": true, ""取消済み"": true}, {""氏名"": ""吉田"", ""受付済み"": false, ""取消済み"": false}, {""氏名"": ""林"", ""受付済み"": true, ""取消済み"": true}], ""まとめ方"": ""1件以上は段階1""}",取消し後に残る有効申込み数を段階として選んでください。,"[""有効申込みが0件"", ""有効申込みが1件以上""]","""0"""
v2-gen-score-07-004,score,generated,証拠の最高到達段階,"""この調査固有の証拠段階表: 写真記録は段階1、立会記録は段階2。青空で得られた証拠は写真記録。複数ある場合は最大の段階を使い、なければ0です。""",この調査の証拠段階を選んでください。,"[""証拠なしの段階0"", ""表に基づく最高証拠段階1"", ""表に基づく最高証拠段階2""]","""1"""
v2-gen-noul-04-002,noul,generated,例外の優先,"""規則: 会員であれば星空を利用できます。ただし会費滞納なら利用できません。林さんは会員に該当、会費滞納に非該当です。""",この人は現在、利用可能ですか。,"{""false"": ""いいえ。質問の命題は成立しない。"", ""true"": ""はい。質問の命題が成立する。""}","""true"""
v2-gen-choice-06-049,choice,generated,時間枠の包含,"{""空き時間"": [{""部屋"": ""赤"", ""開始"": 9, ""終了"": 16}, {""部屋"": ""紫"", ""開始"": 9, ""終了"": 13}], ""会議開始"": 11, ""会議終了"": 14}",会議時間の一部だけでなく全体を含む空き時間を持つ部屋を答えてください。端の一致は可です。,"{""紫"": ""紫室"", ""赤"": ""赤室""}","""赤"""
v2-gen-noul-08-043,noul,generated,集合と否定所属,"""木漏れ日の参加者名簿は林、中村です。この名簿は完全で、記載のない人は参加者ではありません。""",名簿に基づき、林さんが参加者ではないという判断に同意できますか。,"{""false"": ""いいえ。質問の命題は成立しない。"", ""true"": ""はい。質問の命題が成立する。""}","""false"""
v2-gen-choice-05-027,choice,generated,否定条件で選択,"{""検品"": [{""品名"": ""ラベル"", ""封がある"": true, ""濡れている"": true}, {""品名"": ""封筒"", ""封がある"": true, ""濡れている"": false}]}",濡れた品は除外し、封がある品を一つ選んでください。,"{""ラベル"": ""ラベル"", ""封筒"": ""封筒""}","""封筒"""
